order_date,order_id,customer_email,quantity,unit_price
2023-10-16,ORD-500001,fake.customer001@example.com,3,7.25
2023-10-16,ORD-500001,fake.customer001@example.com,6,19.9
2023-10-16,ORD-500001,fake.customer001@example.com,12,4.99
2023-11-20,ORD-500002,fake.customer001@example.com,6,7.25
2023-11-21,ORD-500003,fake.customer001@example.com,3,4.99
2024-02-16,ORD-500004,fake.customer001@example.com,12,7.25
2024-02-20,ORD-500005,fake.customer001@example.com,10,7.25
2024-02-20,ORD-500005,fake.customer001@example.com,11,12.0
2024-02-26,ORD-500006,fake.customer001@example.com,7,19.9
2024-02-26,ORD-500006,fake.customer001@example.com,10,7.25
2024-02-26,ORD-500006,fake.customer001@example.com,10,12.0
2024-03-20,ORD-500007,fake.customer001@example.com,5,3.5
2024-03-20,ORD-500007,fake.customer001@example.com,6,4.99
2024-04-04,ORD-500008,fake.customer001@example.com,6,3.5
2024-05-17,ORD-500009,fake.customer001@example.com,11,3.5
2024-05-17,ORD-500009,fake.customer001@example.com,4,12.0
2024-06-12,ORD-500010,fake.customer001@example.com,7,3.5
2024-06-14,ORD-500011,fake.customer001@example.com,10,19.9
2024-06-14,ORD-500011,fake.customer001@example.com,4,4.99
2024-06-14,ORD-500011,fake.customer001@example.com,11,12.0
2024-07-25,ORD-500012,fake.customer001@example.com,4,7.25
2024-08-23,ORD-500013,fake.customer001@example.com,12,4.99
2024-08-23,ORD-500013,fake.customer001@example.com,1,19.9
2024-09-12,ORD-500014,fake.customer001@example.com,2,12.0
2024-09-12,ORD-500014,fake.customer001@example.com,7,7.25
2024-09-13,ORD-500015,fake.customer001@example.com,6,4.99
2024-09-13,ORD-500015,fake.customer001@example.com,6,19.9
2024-10-11,ORD-500016,fake.customer001@example.com,11,3.5
2024-10-11,ORD-500016,fake.customer001@example.com,8,7.25
2024-10-11,ORD-500016,fake.customer001@example.com,3,12.0
2024-10-26,ORD-500017,fake.customer001@example.com,7,3.5
2024-10-26,ORD-500017,fake.customer001@example.com,11,4.99
2024-10-26,ORD-500017,fake.customer001@example.com,4,19.9
2024-11-18,ORD-500018,fake.customer001@example.com,11,3.5
2024-12-26,ORD-500019,fake.customer001@example.com,1,4.99
2024-12-26,ORD-500019,fake.customer001@example.com,2,3.5
2024-09-12,ORD-500020,fake.customer002@example.com,4,7.25
2024-09-12,ORD-500020,fake.customer002@example.com,7,19.9
2024-10-04,ORD-500021,fake.customer002@example.com,2,4.99
2024-10-01,ORD-500022,fake.customer003@example.com,8,3.5
2024-10-01,ORD-500022,fake.customer003@example.com,1,12.0
2024-10-01,ORD-500022,fake.customer003@example.com,8,7.25
2023-01-11,ORD-500023,fake.customer004@example.com,9,4.99
2023-01-11,ORD-500023,fake.customer004@example.com,12,7.25
2023-01-11,ORD-500023,fake.customer004@example.com,5,19.9
2023-02-25,ORD-500024,fake.customer004@example.com,12,7.25
2023-02-25,ORD-500024,fake.customer004@example.com,7,4.99
2023-05-04,ORD-500025,fake.customer004@example.com,5,7.25
2023-07-05,ORD-500026,fake.customer004@example.com,7,12.0
2023-07-05,ORD-500026,fake.customer004@example.com,8,4.99
2023-07-05,ORD-500026,fake.customer004@example.com,8,7.25
2024-01-02,ORD-500027,fake.customer004@example.com,5,12.0
2024-07-10,ORD-500028,fake.customer004@example.com,3,12.0
2024-07-10,ORD-500028,fake.customer004@example.com,7,3.5
2024-07-10,ORD-500028,fake.customer004@example.com,1,19.9
2023-02-10,ORD-500029,fake.customer005@example.com,4,3.5
2023-02-10,ORD-500029,fake.customer005@example.com,1,4.99
2023-02-21,ORD-500030,fake.customer005@example.com,12,3.5
2023-02-21,ORD-500030,fake.customer005@example.com,2,4.99
2023-04-16,ORD-500031,fake.customer005@example.com,4,12.0
2023-04-16,ORD-500031,fake.customer005@example.com,10,3.5
2023-04-16,ORD-500031,fake.customer005@example.com,1,7.25
2023-04-25,ORD-500032,fake.customer005@example.com,10,4.99
2023-05-18,ORD-500033,fake.customer005@example.com,9,3.5
2023-05-18,ORD-500033,fake.customer005@example.com,3,12.0
2023-05-18,ORD-500033,fake.customer005@example.com,9,7.25
2023-06-08,ORD-500034,fake.customer005@example.com,1,19.9
2023-06-08,ORD-500034,fake.customer005@example.com,8,12.0
2023-06-08,ORD-500034,fake.customer005@example.com,10,7.25
2023-09-02,ORD-500035,fake.customer005@example.com,10,12.0
2023-09-13,ORD-500036,fake.customer005@example.com,2,4.99
2023-09-13,ORD-500036,fake.customer005@example.com,9,19.9
2023-10-18,ORD-500037,fake.customer005@example.com,7,4.99
2023-11-04,ORD-500038,fake.customer005@example.com,9,12.0
2023-11-30,ORD-500039,fake.customer005@example.com,9,19.9
2023-12-26,ORD-500040,fake.customer005@example.com,4,7.25
2023-12-26,ORD-500040,fake.customer005@example.com,4,19.9
2023-12-26,ORD-500040,fake.customer005@example.com,10,4.99
2024-01-24,ORD-500041,fake.customer005@example.com,12,4.99
2024-01-24,ORD-500041,fake.customer005@example.com,4,12.0
2024-02-13,ORD-500042,fake.customer005@example.com,2,3.5
2024-03-20,ORD-500043,fake.customer005@example.com,8,12.0
2024-03-20,ORD-500043,fake.customer005@example.com,11,19.9
2024-04-05,ORD-500044,fake.customer005@example.com,10,4.99
2024-04-08,ORD-500045,fake.customer005@example.com,4,4.99
2024-04-08,ORD-500045,fake.customer005@example.com,8,19.9
2024-05-30,ORD-500046,fake.customer005@example.com,1,4.99
2024-05-30,ORD-500046,fake.customer005@example.com,7,19.9
2024-06-07,ORD-500047,fake.customer005@example.com,12,7.25
2024-06-07,ORD-500047,fake.customer005@example.com,2,4.99
2024-06-26,ORD-500048,fake.customer005@example.com,3,7.25
2024-06-26,ORD-500048,fake.customer005@example.com,3,12.0
2024-07-03,ORD-500049,fake.customer005@example.com,12,3.5
2024-07-03,ORD-500049,fake.customer005@example.com,12,12.0
2024-10-08,ORD-500050,fake.customer005@example.com,5,7.25
2023-08-08,ORD-500051,fake.customer006@example.com,1,3.5
2023-08-17,ORD-500052,fake.customer006@example.com,2,12.0
2023-08-17,ORD-500052,fake.customer006@example.com,1,3.5
2023-10-03,ORD-500053,fake.customer006@example.com,12,19.9
2023-10-03,ORD-500053,fake.customer006@example.com,6,4.99
2023-10-22,ORD-500054,fake.customer006@example.com,1,4.99
2023-10-22,ORD-500054,fake.customer006@example.com,3,19.9
2023-10-22,ORD-500054,fake.customer006@example.com,2,3.5
2023-10-26,ORD-500055,fake.customer006@example.com,2,12.0
2023-11-23,ORD-500056,fake.customer006@example.com,6,4.99
2023-11-23,ORD-500056,fake.customer006@example.com,4,7.25
2023-12-13,ORD-500057,fake.customer006@example.com,10,3.5
2023-12-14,ORD-500058,fake.customer006@example.com,1,4.99
2023-12-14,ORD-500058,fake.customer006@example.com,11,7.25
2024-01-07,ORD-500059,fake.customer006@example.com,12,4.99
2024-01-07,ORD-500059,fake.customer006@example.com,11,7.25
2024-01-07,ORD-500059,fake.customer006@example.com,8,3.5
2024-02-18,ORD-500060,fake.customer006@example.com,7,12.0
2024-03-15,ORD-500061,fake.customer006@example.com,7,19.9
2024-03-15,ORD-500061,fake.customer006@example.com,10,7.25
2024-03-24,ORD-500062,fake.customer006@example.com,1,4.99
2024-04-24,ORD-500063,fake.customer006@example.com,12,7.25
2024-05-15,ORD-500064,fake.customer006@example.com,3,19.9
2024-05-15,ORD-500064,fake.customer006@example.com,7,4.99
2024-06-06,ORD-500065,fake.customer006@example.com,5,3.5
2024-06-06,ORD-500065,fake.customer006@example.com,2,19.9
2024-06-06,ORD-500065,fake.customer006@example.com,4,12.0
2024-07-30,ORD-500066,fake.customer006@example.com,4,19.9
2024-07-30,ORD-500066,fake.customer006@example.com,3,4.99
2024-08-15,ORD-500067,fake.customer006@example.com,6,19.9
2024-08-15,ORD-500067,fake.customer006@example.com,9,12.0
2024-08-27,ORD-500068,fake.customer006@example.com,2,12.0
2024-09-21,ORD-500069,fake.customer006@example.com,11,3.5
2024-10-10,ORD-500070,fake.customer006@example.com,1,7.25
2024-10-10,ORD-500070,fake.customer006@example.com,7,19.9
2024-10-10,ORD-500070,fake.customer006@example.com,10,12.0
2024-10-13,ORD-500071,fake.customer006@example.com,9,12.0
2024-10-13,ORD-500071,fake.customer006@example.com,9,3.5
2024-10-13,ORD-500071,fake.customer006@example.com,4,4.99
2024-10-30,ORD-500072,fake.customer006@example.com,5,12.0
2024-04-01,ORD-500073,fake.customer007@example.com,11,3.5
2024-04-01,ORD-500073,fake.customer007@example.com,5,4.99
2024-04-17,ORD-500074,fake.customer007@example.com,3,3.5
2024-05-15,ORD-500075,fake.customer007@example.com,8,12.0
2024-07-25,ORD-500076,fake.customer007@example.com,11,19.9
2024-07-25,ORD-500076,fake.customer007@example.com,8,12.0
2024-07-25,ORD-500076,fake.customer007@example.com,8,3.5
2024-09-04,ORD-500077,fake.customer007@example.com,3,3.5
2024-09-04,ORD-500077,fake.customer007@example.com,7,19.9
2024-09-04,ORD-500077,fake.customer007@example.com,2,7.25
2024-09-20,ORD-500078,fake.customer007@example.com,7,3.5
2024-09-20,ORD-500078,fake.customer007@example.com,1,7.25
2024-10-24,ORD-500079,fake.customer007@example.com,7,4.99
2024-10-24,ORD-500079,fake.customer007@example.com,11,12.0
2024-11-02,ORD-500080,fake.customer007@example.com,11,19.9
2024-11-21,ORD-500081,fake.customer007@example.com,1,7.25
2024-12-01,ORD-500082,fake.customer007@example.com,8,19.9
2024-12-01,ORD-500082,fake.customer007@example.com,1,12.0
2023-02-28,ORD-500083,fake.customer008@example.com,8,19.9
2023-04-24,ORD-500084,fake.customer008@example.com,1,19.9
2023-04-24,ORD-500084,fake.customer008@example.com,8,12.0
2023-05-29,ORD-500085,fake.customer008@example.com,12,3.5
2023-05-29,ORD-500085,fake.customer008@example.com,12,7.25
2023-05-29,ORD-500085,fake.customer008@example.com,11,19.9
2023-07-15,ORD-500086,fake.customer008@example.com,11,7.25
2023-07-15,ORD-500086,fake.customer008@example.com,9,19.9
2023-07-15,ORD-500086,fake.customer008@example.com,3,3.5
2023-01-11,ORD-500087,fake.customer009@example.com,2,3.5
2023-01-11,ORD-500087,fake.customer009@example.com,1,12.0
2023-01-11,ORD-500087,fake.customer009@example.com,12,19.9
2023-03-08,ORD-500088,fake.customer009@example.com,4,12.0
2023-03-31,ORD-500089,fake.customer009@example.com,9,12.0
2023-05-06,ORD-500090,fake.customer009@example.com,10,7.25
2023-05-06,ORD-500090,fake.customer009@example.com,9,19.9
2023-10-26,ORD-500091,fake.customer009@example.com,9,4.99
2023-11-07,ORD-500092,fake.customer009@example.com,5,19.9
2023-11-07,ORD-500092,fake.customer009@example.com,7,4.99
2023-12-11,ORD-500093,fake.customer009@example.com,11,12.0
2024-01-18,ORD-500094,fake.customer009@example.com,6,7.25
2024-01-18,ORD-500094,fake.customer009@example.com,2,12.0
2024-01-18,ORD-500094,fake.customer009@example.com,7,4.99
2024-02-11,ORD-500095,fake.customer009@example.com,6,3.5
2024-02-11,ORD-500095,fake.customer009@example.com,6,4.99
2024-02-11,ORD-500095,fake.customer009@example.com,6,19.9
2024-03-15,ORD-500096,fake.customer009@example.com,7,3.5
2024-03-15,ORD-500096,fake.customer009@example.com,7,19.9
2024-05-04,ORD-500097,fake.customer009@example.com,7,19.9
2024-05-04,ORD-500097,fake.customer009@example.com,7,4.99
2024-07-29,ORD-500098,fake.customer009@example.com,3,3.5
2024-08-06,ORD-500099,fake.customer009@example.com,3,3.5
2024-08-21,ORD-500100,fake.customer009@example.com,11,4.99
2024-08-21,ORD-500100,fake.customer009@example.com,4,12.0
2024-08-21,ORD-500100,fake.customer009@example.com,2,19.9
2024-08-23,ORD-500101,fake.customer009@example.com,8,12.0
2024-09-01,ORD-500102,fake.customer009@example.com,8,19.9
2024-09-01,ORD-500102,fake.customer009@example.com,1,7.25
2024-09-01,ORD-500102,fake.customer009@example.com,11,3.5
2024-09-22,ORD-500103,fake.customer009@example.com,3,3.5
2024-10-26,ORD-500104,fake.customer009@example.com,1,12.0
2024-10-26,ORD-500104,fake.customer009@example.com,6,7.25
2024-10-26,ORD-500104,fake.customer009@example.com,3,19.9
2024-11-23,ORD-500105,fake.customer009@example.com,3,12.0
2024-11-26,ORD-500106,fake.customer009@example.com,1,4.99
2024-11-27,ORD-500107,fake.customer009@example.com,4,12.0
2024-11-27,ORD-500107,fake.customer009@example.com,12,7.25
2024-11-27,ORD-500107,fake.customer009@example.com,11,3.5
2024-06-11,ORD-500108,fake.customer010@example.com,5,19.9
2024-06-11,ORD-500108,fake.customer010@example.com,7,4.99
2024-07-07,ORD-500109,fake.customer010@example.com,5,3.5
2024-07-07,ORD-500109,fake.customer010@example.com,11,4.99
2024-08-01,ORD-500110,fake.customer010@example.com,12,19.9
2024-08-01,ORD-500110,fake.customer010@example.com,2,3.5
2024-10-21,ORD-500111,fake.customer010@example.com,2,19.9
2024-11-17,ORD-500112,fake.customer010@example.com,4,12.0
2023-07-22,ORD-500113,fake.customer011@example.com,4,19.9
2023-07-22,ORD-500113,fake.customer011@example.com,3,4.99
2023-10-18,ORD-500114,fake.customer011@example.com,7,3.5
2023-12-04,ORD-500115,fake.customer011@example.com,1,3.5
2023-12-04,ORD-500115,fake.customer011@example.com,4,7.25
2024-02-08,ORD-500116,fake.customer011@example.com,1,7.25
2024-02-08,ORD-500116,fake.customer011@example.com,11,4.99
2024-02-08,ORD-500116,fake.customer011@example.com,10,3.5
2024-02-15,ORD-500117,fake.customer011@example.com,6,3.5
2024-02-15,ORD-500117,fake.customer011@example.com,3,7.25
2024-02-15,ORD-500117,fake.customer011@example.com,3,12.0
2024-02-27,ORD-500118,fake.customer011@example.com,12,7.25
2024-02-27,ORD-500118,fake.customer011@example.com,2,19.9
2024-02-27,ORD-500118,fake.customer011@example.com,12,4.99
2024-03-01,ORD-500119,fake.customer011@example.com,1,4.99
2024-03-05,ORD-500120,fake.customer011@example.com,8,4.99
2024-03-05,ORD-500120,fake.customer011@example.com,12,7.25
2024-04-03,ORD-500121,fake.customer011@example.com,11,12.0
2024-04-03,ORD-500121,fake.customer011@example.com,4,3.5
2024-04-09,ORD-500122,fake.customer011@example.com,1,12.0
2024-04-09,ORD-500122,fake.customer011@example.com,12,3.5
2024-04-09,ORD-500122,fake.customer011@example.com,7,4.99
2024-04-26,ORD-500123,fake.customer011@example.com,8,3.5
2024-04-26,ORD-500123,fake.customer011@example.com,4,4.99
2024-04-26,ORD-500123,fake.customer011@example.com,12,7.25
2024-05-29,ORD-500124,fake.customer011@example.com,9,4.99
2023-07-01,ORD-500125,fake.customer012@example.com,12,19.9
2023-07-01,ORD-500125,fake.customer012@example.com,12,7.25
2023-07-01,ORD-500125,fake.customer012@example.com,5,3.5
2024-06-09,ORD-500126,fake.customer013@example.com,7,4.99
2023-01-06,ORD-500127,fake.customer014@example.com,2,4.99
2023-01-14,ORD-500128,fake.customer014@example.com,11,7.25
2023-01-14,ORD-500128,fake.customer014@example.com,10,12.0
2023-01-14,ORD-500128,fake.customer014@example.com,4,4.99
2023-03-02,ORD-500129,fake.customer014@example.com,11,12.0
2023-03-19,ORD-500130,fake.customer014@example.com,4,4.99
2023-03-19,ORD-500130,fake.customer014@example.com,11,12.0
2023-03-19,ORD-500130,fake.customer014@example.com,1,19.9
2023-03-20,ORD-500131,fake.customer014@example.com,7,12.0
2023-03-27,ORD-500132,fake.customer014@example.com,2,12.0
2023-03-27,ORD-500132,fake.customer014@example.com,2,19.9
2023-04-08,ORD-500133,fake.customer014@example.com,9,12.0
2023-04-13,ORD-500134,fake.customer014@example.com,11,19.9
2023-04-13,ORD-500134,fake.customer014@example.com,1,3.5
2023-04-13,ORD-500134,fake.customer014@example.com,7,4.99
2023-05-21,ORD-500135,fake.customer014@example.com,11,3.5
2023-05-21,ORD-500135,fake.customer014@example.com,5,7.25
2023-05-21,ORD-500135,fake.customer014@example.com,2,19.9
2023-06-06,ORD-500136,fake.customer014@example.com,10,7.25
2023-06-06,ORD-500136,fake.customer014@example.com,7,4.99
2023-06-06,ORD-500136,fake.customer014@example.com,10,19.9
2023-06-09,ORD-500137,fake.customer014@example.com,7,3.5
2023-06-09,ORD-500137,fake.customer014@example.com,9,7.25
2023-06-10,ORD-500138,fake.customer014@example.com,1,3.5
2023-06-16,ORD-500139,fake.customer014@example.com,7,4.99
2023-06-16,ORD-500139,fake.customer014@example.com,1,3.5
2023-07-08,ORD-500140,fake.customer014@example.com,2,19.9
2023-07-08,ORD-500140,fake.customer014@example.com,1,7.25
2023-07-08,ORD-500140,fake.customer014@example.com,4,4.99
2023-07-20,ORD-500141,fake.customer014@example.com,1,4.99
2023-07-20,ORD-500141,fake.customer014@example.com,11,7.25
2023-07-22,ORD-500142,fake.customer014@example.com,2,19.9
2023-08-29,ORD-500143,fake.customer014@example.com,4,3.5
2023-08-30,ORD-500144,fake.customer014@example.com,9,4.99
2023-08-30,ORD-500144,fake.customer014@example.com,10,12.0
2023-08-30,ORD-500144,fake.customer014@example.com,2,3.5
2023-09-10,ORD-500145,fake.customer014@example.com,12,7.25
2023-09-10,ORD-500145,fake.customer014@example.com,10,19.9
2023-09-22,ORD-500146,fake.customer014@example.com,10,7.25
2023-10-30,ORD-500147,fake.customer014@example.com,3,12.0
2023-11-04,ORD-500148,fake.customer014@example.com,12,4.99
2023-11-18,ORD-500149,fake.customer014@example.com,4,4.99
2023-11-18,ORD-500149,fake.customer014@example.com,2,12.0
2023-11-18,ORD-500149,fake.customer014@example.com,8,7.25
2023-11-23,ORD-500150,fake.customer014@example.com,5,7.25
2023-11-23,ORD-500150,fake.customer014@example.com,5,12.0
2023-11-23,ORD-500150,fake.customer014@example.com,1,3.5
2023-12-04,ORD-500151,fake.customer014@example.com,4,12.0
2023-12-04,ORD-500151,fake.customer014@example.com,7,19.9
2023-12-04,ORD-500151,fake.customer014@example.com,2,7.25
2023-12-05,ORD-500152,fake.customer014@example.com,1,4.99
2023-12-19,ORD-500153,fake.customer014@example.com,9,7.25
2023-12-20,ORD-500154,fake.customer014@example.com,8,4.99
2023-12-20,ORD-500154,fake.customer014@example.com,3,3.5
2023-12-28,ORD-500155,fake.customer014@example.com,5,12.0
2023-12-28,ORD-500155,fake.customer014@example.com,12,7.25
2023-12-31,ORD-500156,fake.customer014@example.com,9,7.25
2023-12-31,ORD-500156,fake.customer014@example.com,6,12.0
2023-12-31,ORD-500156,fake.customer014@example.com,10,4.99
2024-01-24,ORD-500157,fake.customer014@example.com,5,3.5
2024-01-24,ORD-500157,fake.customer014@example.com,10,12.0
2024-01-27,ORD-500158,fake.customer014@example.com,5,3.5
2024-01-27,ORD-500158,fake.customer014@example.com,5,19.9
2024-02-01,ORD-500159,fake.customer014@example.com,8,12.0
2024-02-13,ORD-500160,fake.customer014@example.com,9,4.99
2024-02-13,ORD-500160,fake.customer014@example.com,9,7.25
2024-02-13,ORD-500160,fake.customer014@example.com,4,12.0
2024-02-24,ORD-500161,fake.customer014@example.com,5,12.0
2024-02-24,ORD-500161,fake.customer014@example.com,10,19.9
2024-02-24,ORD-500161,fake.customer014@example.com,9,3.5
2024-03-07,ORD-500162,fake.customer014@example.com,3,19.9
2024-03-11,ORD-500163,fake.customer014@example.com,2,3.5
2024-03-11,ORD-500163,fake.customer014@example.com,1,19.9
2024-03-31,ORD-500164,fake.customer014@example.com,2,19.9
2024-03-31,ORD-500164,fake.customer014@example.com,10,7.25
2024-03-31,ORD-500164,fake.customer014@example.com,4,4.99
2024-04-22,ORD-500165,fake.customer014@example.com,5,4.99
2024-04-30,ORD-500166,fake.customer014@example.com,2,12.0
2024-04-30,ORD-500166,fake.customer014@example.com,12,7.25
2024-04-30,ORD-500166,fake.customer014@example.com,10,3.5
2024-05-11,ORD-500167,fake.customer014@example.com,11,7.25
2024-06-15,ORD-500168,fake.customer014@example.com,9,19.9
2024-06-15,ORD-500168,fake.customer014@example.com,12,3.5
2024-06-15,ORD-500168,fake.customer014@example.com,1,7.25
2024-06-29,ORD-500169,fake.customer014@example.com,5,12.0
2024-06-29,ORD-500169,fake.customer014@example.com,3,3.5
2024-07-08,ORD-500170,fake.customer014@example.com,10,3.5
2024-07-08,ORD-500170,fake.customer014@example.com,1,19.9
2024-07-08,ORD-500170,fake.customer014@example.com,10,7.25
2024-07-14,ORD-500171,fake.customer014@example.com,12,12.0
2024-07-28,ORD-500172,fake.customer014@example.com,11,4.99
2024-08-10,ORD-500173,fake.customer014@example.com,7,4.99
2024-09-13,ORD-500174,fake.customer014@example.com,4,4.99
2024-09-13,ORD-500174,fake.customer014@example.com,5,12.0
2024-09-13,ORD-500174,fake.customer014@example.com,7,3.5
2024-09-16,ORD-500175,fake.customer014@example.com,12,4.99
2024-09-20,ORD-500176,fake.customer014@example.com,7,12.0
2024-09-20,ORD-500176,fake.customer014@example.com,5,19.9
2024-09-20,ORD-500176,fake.customer014@example.com,10,7.25
2024-09-26,ORD-500177,fake.customer014@example.com,3,19.9
2024-09-27,ORD-500178,fake.customer014@example.com,1,4.99
2024-09-27,ORD-500178,fake.customer014@example.com,11,19.9
2024-11-08,ORD-500179,fake.customer014@example.com,1,19.9
2024-11-08,ORD-500179,fake.customer014@example.com,7,3.5
2024-11-08,ORD-500179,fake.customer014@example.com,9,12.0
2024-12-04,ORD-500180,fake.customer014@example.com,1,7.25
2024-12-04,ORD-500180,fake.customer014@example.com,2,4.99
2024-08-23,ORD-500181,fake.customer015@example.com,8,12.0
2024-09-03,ORD-500182,fake.customer015@example.com,6,7.25
2024-10-19,ORD-500183,fake.customer015@example.com,12,19.9
2024-11-26,ORD-500184,fake.customer015@example.com,3,19.9
2024-11-26,ORD-500184,fake.customer015@example.com,11,7.25
2024-11-26,ORD-500184,fake.customer015@example.com,6,12.0
2024-10-05,ORD-500185,fake.customer016@example.com,3,4.99
2024-10-05,ORD-500185,fake.customer016@example.com,8,19.9
2024-10-05,ORD-500185,fake.customer016@example.com,1,3.5
2023-10-25,ORD-500186,fake.customer017@example.com,2,12.0
2023-11-13,ORD-500187,fake.customer017@example.com,2,19.9
2023-11-13,ORD-500187,fake.customer017@example.com,9,12.0
2023-11-28,ORD-500188,fake.customer017@example.com,6,4.99
2023-11-28,ORD-500188,fake.customer017@example.com,1,7.25
2023-12-03,ORD-500189,fake.customer017@example.com,4,3.5
2023-12-10,ORD-500190,fake.customer017@example.com,5,3.5
2023-12-10,ORD-500190,fake.customer017@example.com,11,4.99
2023-12-10,ORD-500190,fake.customer017@example.com,7,7.25
2023-12-16,ORD-500191,fake.customer017@example.com,4,3.5
2023-12-16,ORD-500191,fake.customer017@example.com,8,7.25
2023-12-16,ORD-500191,fake.customer017@example.com,10,12.0
2024-01-24,ORD-500192,fake.customer017@example.com,6,4.99
2024-01-24,ORD-500192,fake.customer017@example.com,9,7.25
2024-01-24,ORD-500192,fake.customer017@example.com,6,12.0
2024-02-27,ORD-500193,fake.customer017@example.com,5,12.0
2024-03-10,ORD-500194,fake.customer017@example.com,12,3.5
2024-03-10,ORD-500194,fake.customer017@example.com,8,19.9
2024-04-10,ORD-500195,fake.customer017@example.com,10,7.25
2024-04-10,ORD-500195,fake.customer017@example.com,7,3.5
2024-04-10,ORD-500195,fake.customer017@example.com,12,4.99
2024-04-14,ORD-500196,fake.customer017@example.com,11,4.99
2024-04-14,ORD-500196,fake.customer017@example.com,2,7.25
2024-04-14,ORD-500196,fake.customer017@example.com,2,3.5
2024-04-28,ORD-500197,fake.customer017@example.com,3,4.99
2024-04-28,ORD-500197,fake.customer017@example.com,10,19.9
2024-04-28,ORD-500197,fake.customer017@example.com,6,7.25
2024-05-11,ORD-500198,fake.customer017@example.com,1,12.0
2024-05-11,ORD-500198,fake.customer017@example.com,3,7.25
2024-05-19,ORD-500199,fake.customer017@example.com,5,12.0
2024-05-19,ORD-500199,fake.customer017@example.com,8,19.9
2024-05-19,ORD-500199,fake.customer017@example.com,8,3.5
2024-05-24,ORD-500200,fake.customer017@example.com,7,7.25
2024-05-24,ORD-500200,fake.customer017@example.com,11,19.9
2024-06-15,ORD-500201,fake.customer017@example.com,3,19.9
2024-07-05,ORD-500202,fake.customer017@example.com,7,3.5
2024-07-12,ORD-500203,fake.customer017@example.com,9,4.99
2024-07-12,ORD-500203,fake.customer017@example.com,5,7.25
2024-07-12,ORD-500203,fake.customer017@example.com,10,19.9
2024-07-15,ORD-500204,fake.customer017@example.com,11,19.9
2024-07-20,ORD-500205,fake.customer017@example.com,2,4.99
2024-07-20,ORD-500205,fake.customer017@example.com,5,7.25
2024-08-11,ORD-500206,fake.customer017@example.com,7,4.99
2024-08-11,ORD-500206,fake.customer017@example.com,5,12.0
2024-08-26,ORD-500207,fake.customer017@example.com,9,7.25
2024-08-30,ORD-500208,fake.customer017@example.com,6,7.25
2024-01-18,ORD-500209,fake.customer018@example.com,11,4.99
2024-02-09,ORD-500210,fake.customer018@example.com,3,3.5
2024-02-09,ORD-500210,fake.customer018@example.com,4,7.25
2024-02-12,ORD-500211,fake.customer018@example.com,10,12.0
2024-02-12,ORD-500211,fake.customer018@example.com,8,4.99
2024-02-12,ORD-500211,fake.customer018@example.com,1,7.25
2024-03-10,ORD-500212,fake.customer018@example.com,7,4.99
2024-03-10,ORD-500212,fake.customer018@example.com,2,19.9
2024-03-10,ORD-500212,fake.customer018@example.com,4,3.5
2023-11-17,ORD-500213,fake.customer019@example.com,1,19.9
2023-11-17,ORD-500213,fake.customer019@example.com,10,4.99
2023-11-17,ORD-500213,fake.customer019@example.com,2,12.0
2023-12-11,ORD-500214,fake.customer019@example.com,5,19.9
2023-12-11,ORD-500214,fake.customer019@example.com,7,12.0
2023-12-19,ORD-500215,fake.customer019@example.com,11,3.5
2023-12-19,ORD-500215,fake.customer019@example.com,11,7.25
2023-12-19,ORD-500215,fake.customer019@example.com,7,19.9
2024-01-19,ORD-500216,fake.customer019@example.com,10,19.9
2024-01-19,ORD-500216,fake.customer019@example.com,12,7.25
2024-01-19,ORD-500216,fake.customer019@example.com,10,4.99
2024-03-02,ORD-500217,fake.customer019@example.com,1,4.99
2024-04-02,ORD-500218,fake.customer019@example.com,10,4.99
2024-04-02,ORD-500218,fake.customer019@example.com,1,7.25
2024-06-03,ORD-500219,fake.customer019@example.com,3,7.25
2024-06-03,ORD-500219,fake.customer019@example.com,9,4.99
2024-06-03,ORD-500219,fake.customer019@example.com,4,12.0
2024-06-07,ORD-500220,fake.customer019@example.com,11,3.5
2024-06-12,ORD-500221,fake.customer019@example.com,6,4.99
2024-06-12,ORD-500221,fake.customer019@example.com,7,19.9
2024-08-16,ORD-500222,fake.customer019@example.com,11,4.99
2024-08-17,ORD-500223,fake.customer019@example.com,7,12.0
2024-08-17,ORD-500223,fake.customer019@example.com,11,19.9
2024-08-23,ORD-500224,fake.customer019@example.com,9,7.25
2024-09-30,ORD-500225,fake.customer019@example.com,1,3.5
2024-10-24,ORD-500226,fake.customer019@example.com,6,19.9
2024-10-24,ORD-500226,fake.customer019@example.com,11,7.25
2024-10-28,ORD-500227,fake.customer019@example.com,4,12.0
2024-10-31,ORD-500228,fake.customer019@example.com,1,3.5
2024-11-07,ORD-500229,fake.customer019@example.com,8,12.0
2024-11-07,ORD-500229,fake.customer019@example.com,9,4.99
2024-11-16,ORD-500230,fake.customer019@example.com,2,12.0
2024-09-19,ORD-500231,fake.customer020@example.com,6,7.25
2024-09-19,ORD-500231,fake.customer020@example.com,11,19.9
2024-09-25,ORD-500232,fake.customer020@example.com,6,4.99
2024-10-09,ORD-500233,fake.customer020@example.com,5,3.5
2024-10-29,ORD-500234,fake.customer020@example.com,7,12.0
2024-11-10,ORD-500235,fake.customer020@example.com,1,3.5
2024-11-10,ORD-500235,fake.customer020@example.com,5,4.99
2024-11-17,ORD-500236,fake.customer020@example.com,4,7.25
2024-11-17,ORD-500236,fake.customer020@example.com,11,4.99
2024-11-17,ORD-500236,fake.customer020@example.com,4,19.9
2024-12-16,ORD-500237,fake.customer020@example.com,5,3.5
2024-12-16,ORD-500237,fake.customer020@example.com,1,4.99
2024-12-17,ORD-500238,fake.customer020@example.com,12,19.9
2024-12-17,ORD-500238,fake.customer020@example.com,4,3.5
2024-12-17,ORD-500238,fake.customer020@example.com,8,12.0
2024-12-30,ORD-500239,fake.customer020@example.com,9,7.25
2023-05-15,ORD-500240,fake.customer021@example.com,5,4.99
2023-05-15,ORD-500240,fake.customer021@example.com,7,7.25
2023-05-15,ORD-500240,fake.customer021@example.com,12,19.9
2023-05-21,ORD-500241,fake.customer021@example.com,10,12.0
2023-05-30,ORD-500242,fake.customer021@example.com,8,12.0
2023-05-30,ORD-500242,fake.customer021@example.com,1,7.25
2023-06-28,ORD-500243,fake.customer021@example.com,4,7.25
2023-06-28,ORD-500243,fake.customer021@example.com,4,12.0
2023-06-28,ORD-500243,fake.customer021@example.com,1,3.5
2023-07-06,ORD-500244,fake.customer021@example.com,9,12.0
2023-07-06,ORD-500244,fake.customer021@example.com,8,7.25
2023-07-06,ORD-500244,fake.customer021@example.com,11,4.99
2023-07-21,ORD-500245,fake.customer021@example.com,2,3.5
2023-07-21,ORD-500245,fake.customer021@example.com,10,4.99
2023-07-21,ORD-500245,fake.customer021@example.com,8,19.9
2023-07-28,ORD-500246,fake.customer021@example.com,8,12.0
2023-07-29,ORD-500247,fake.customer021@example.com,7,7.25
2023-07-29,ORD-500247,fake.customer021@example.com,10,12.0
2023-07-29,ORD-500247,fake.customer021@example.com,12,19.9
2023-08-03,ORD-500248,fake.customer021@example.com,6,3.5
2023-08-05,ORD-500249,fake.customer021@example.com,4,7.25
2023-08-12,ORD-500250,fake.customer021@example.com,9,12.0
2023-08-12,ORD-500250,fake.customer021@example.com,9,4.99
2023-08-12,ORD-500250,fake.customer021@example.com,6,7.25
2023-08-14,ORD-500251,fake.customer021@example.com,2,19.9
2023-08-29,ORD-500252,fake.customer021@example.com,7,3.5
2023-08-29,ORD-500252,fake.customer021@example.com,4,19.9
2023-09-13,ORD-500253,fake.customer021@example.com,4,19.9
2023-09-13,ORD-500253,fake.customer021@example.com,12,7.25
2023-09-13,ORD-500253,fake.customer021@example.com,11,3.5
2023-09-21,ORD-500254,fake.customer021@example.com,1,4.99
2023-09-22,ORD-500255,fake.customer021@example.com,3,3.5
2023-09-22,ORD-500255,fake.customer021@example.com,8,7.25
2023-09-22,ORD-500255,fake.customer021@example.com,8,19.9
2023-10-19,ORD-500256,fake.customer021@example.com,5,19.9
2023-10-19,ORD-500256,fake.customer021@example.com,11,4.99
2023-10-19,ORD-500256,fake.customer021@example.com,4,3.5
2023-11-08,ORD-500257,fake.customer021@example.com,8,4.99
2023-11-08,ORD-500257,fake.customer021@example.com,8,12.0
2023-11-08,ORD-500257,fake.customer021@example.com,7,19.9
2023-11-16,ORD-500258,fake.customer021@example.com,12,19.9
2024-01-26,ORD-500259,fake.customer022@example.com,11,7.25
2024-01-26,ORD-500259,fake.customer022@example.com,7,12.0
2024-02-07,ORD-500260,fake.customer022@example.com,8,12.0
2024-02-07,ORD-500260,fake.customer022@example.com,3,4.99
2024-02-07,ORD-500260,fake.customer022@example.com,9,3.5
2024-02-24,ORD-500261,fake.customer022@example.com,7,12.0
2024-02-24,ORD-500261,fake.customer022@example.com,4,7.25
2024-02-24,ORD-500261,fake.customer022@example.com,4,4.99
2024-03-23,ORD-500262,fake.customer022@example.com,10,4.99
2024-03-23,ORD-500262,fake.customer022@example.com,3,12.0
2024-04-14,ORD-500263,fake.customer022@example.com,10,4.99
2024-04-25,ORD-500264,fake.customer022@example.com,2,3.5
2024-04-25,ORD-500264,fake.customer022@example.com,3,7.25
2024-04-25,ORD-500264,fake.customer022@example.com,2,19.9
2024-04-29,ORD-500265,fake.customer022@example.com,11,7.25
2024-04-29,ORD-500265,fake.customer022@example.com,5,4.99
2024-04-29,ORD-500265,fake.customer022@example.com,12,12.0
2024-05-01,ORD-500266,fake.customer022@example.com,9,12.0
2024-05-01,ORD-500266,fake.customer022@example.com,3,19.9
2024-05-01,ORD-500266,fake.customer022@example.com,10,7.25
2024-05-26,ORD-500267,fake.customer022@example.com,5,19.9
2024-06-24,ORD-500268,fake.customer022@example.com,4,12.0
2024-07-16,ORD-500269,fake.customer022@example.com,7,7.25
2024-08-26,ORD-500270,fake.customer022@example.com,6,3.5
2024-10-04,ORD-500271,fake.customer022@example.com,2,7.25
2024-10-04,ORD-500271,fake.customer022@example.com,12,12.0
2024-10-30,ORD-500272,fake.customer022@example.com,11,3.5
2024-10-30,ORD-500272,fake.customer022@example.com,12,19.9
2024-10-30,ORD-500272,fake.customer022@example.com,12,12.0
2024-11-21,ORD-500273,fake.customer022@example.com,8,3.5
2024-12-26,ORD-500274,fake.customer022@example.com,8,4.99
2024-12-26,ORD-500274,fake.customer022@example.com,11,19.9
2024-12-26,ORD-500274,fake.customer022@example.com,9,3.5
2023-01-11,ORD-500275,fake.customer023@example.com,8,12.0
2023-01-11,ORD-500275,fake.customer023@example.com,10,3.5
2023-01-21,ORD-500276,fake.customer023@example.com,4,7.25
2023-01-26,ORD-500277,fake.customer023@example.com,1,7.25
2023-03-10,ORD-500278,fake.customer023@example.com,11,7.25
2023-04-27,ORD-500279,fake.customer023@example.com,4,7.25
2023-04-27,ORD-500279,fake.customer023@example.com,2,3.5
2023-04-27,ORD-500279,fake.customer023@example.com,7,12.0
2023-05-08,ORD-500280,fake.customer023@example.com,11,7.25
2023-05-08,ORD-500280,fake.customer023@example.com,1,4.99
2023-05-17,ORD-500281,fake.customer023@example.com,8,4.99
2023-05-17,ORD-500281,fake.customer023@example.com,12,7.25
2023-05-30,ORD-500282,fake.customer023@example.com,11,3.5
2023-05-30,ORD-500282,fake.customer023@example.com,7,7.25
2023-06-01,ORD-500283,fake.customer023@example.com,7,7.25
2023-06-01,ORD-500283,fake.customer023@example.com,12,19.9
2023-06-01,ORD-500283,fake.customer023@example.com,1,4.99
2023-06-30,ORD-500284,fake.customer023@example.com,1,7.25
2023-06-30,ORD-500284,fake.customer023@example.com,6,19.9
2023-06-30,ORD-500284,fake.customer023@example.com,1,4.99
2023-07-06,ORD-500285,fake.customer023@example.com,10,3.5
2023-07-06,ORD-500285,fake.customer023@example.com,3,4.99
2023-07-31,ORD-500286,fake.customer023@example.com,10,7.25
2023-07-31,ORD-500286,fake.customer023@example.com,1,3.5
2023-08-11,ORD-500287,fake.customer023@example.com,2,4.99
2023-08-11,ORD-500287,fake.customer023@example.com,7,19.9
2023-09-08,ORD-500288,fake.customer023@example.com,12,19.9
2023-09-08,ORD-500288,fake.customer023@example.com,10,4.99
2023-09-17,ORD-500289,fake.customer023@example.com,1,4.99
2023-09-29,ORD-500290,fake.customer023@example.com,11,12.0
2023-10-20,ORD-500291,fake.customer023@example.com,10,4.99
2023-10-20,ORD-500291,fake.customer023@example.com,4,7.25
2023-10-22,ORD-500292,fake.customer023@example.com,3,3.5
2023-11-12,ORD-500293,fake.customer023@example.com,11,19.9
2023-11-15,ORD-500294,fake.customer023@example.com,7,4.99
2023-11-15,ORD-500294,fake.customer023@example.com,2,7.25
2023-11-26,ORD-500295,fake.customer023@example.com,3,4.99
2023-11-26,ORD-500295,fake.customer023@example.com,5,7.25
2023-11-26,ORD-500295,fake.customer023@example.com,4,3.5
2023-12-21,ORD-500296,fake.customer023@example.com,11,7.25
2023-12-21,ORD-500296,fake.customer023@example.com,11,4.99
2023-12-21,ORD-500296,fake.customer023@example.com,12,19.9
2024-01-06,ORD-500297,fake.customer023@example.com,7,12.0
2024-01-06,ORD-500297,fake.customer023@example.com,2,4.99
2024-01-06,ORD-500297,fake.customer023@example.com,3,7.25
2024-01-19,ORD-500298,fake.customer023@example.com,2,4.99
2024-01-19,ORD-500298,fake.customer023@example.com,8,12.0
2024-01-31,ORD-500299,fake.customer023@example.com,6,7.25
2024-01-31,ORD-500299,fake.customer023@example.com,5,3.5
2024-01-31,ORD-500299,fake.customer023@example.com,2,12.0
2024-02-15,ORD-500300,fake.customer023@example.com,8,4.99
2024-02-15,ORD-500300,fake.customer023@example.com,4,12.0
2024-02-15,ORD-500300,fake.customer023@example.com,9,3.5
2024-03-05,ORD-500301,fake.customer023@example.com,6,12.0
2024-03-09,ORD-500302,fake.customer023@example.com,3,3.5
2024-03-09,ORD-500302,fake.customer023@example.com,12,7.25
2024-04-10,ORD-500303,fake.customer023@example.com,2,3.5
2024-04-10,ORD-500303,fake.customer023@example.com,1,19.9
2024-05-04,ORD-500304,fake.customer023@example.com,1,4.99
2023-10-28,ORD-500305,fake.customer024@example.com,9,19.9
2023-10-28,ORD-500305,fake.customer024@example.com,4,3.5
2023-10-28,ORD-500305,fake.customer024@example.com,5,7.25
2024-05-04,ORD-500306,fake.customer025@example.com,7,12.0
2024-05-25,ORD-500307,fake.customer025@example.com,10,7.25
2023-08-25,ORD-500308,fake.customer026@example.com,5,7.25
2023-08-25,ORD-500308,fake.customer026@example.com,8,19.9
2023-08-25,ORD-500308,fake.customer026@example.com,4,3.5
2023-09-10,ORD-500309,fake.customer026@example.com,11,4.99
2023-09-10,ORD-500309,fake.customer026@example.com,8,3.5
2023-12-29,ORD-500310,fake.customer026@example.com,10,7.25
2023-12-29,ORD-500310,fake.customer026@example.com,3,4.99
2024-01-19,ORD-500311,fake.customer026@example.com,10,7.25
2024-02-01,ORD-500312,fake.customer026@example.com,11,19.9
2024-02-01,ORD-500312,fake.customer026@example.com,9,7.25
2024-02-01,ORD-500312,fake.customer026@example.com,7,4.99
2024-04-04,ORD-500313,fake.customer026@example.com,12,4.99
2024-04-24,ORD-500314,fake.customer026@example.com,5,3.5
2024-05-04,ORD-500315,fake.customer026@example.com,1,12.0
2024-07-14,ORD-500316,fake.customer026@example.com,9,7.25
2024-07-14,ORD-500316,fake.customer026@example.com,12,3.5
2024-07-14,ORD-500316,fake.customer026@example.com,2,19.9
2024-07-22,ORD-500317,fake.customer026@example.com,2,4.99
2024-07-22,ORD-500317,fake.customer026@example.com,12,12.0
2024-07-31,ORD-500318,fake.customer026@example.com,11,3.5
2024-07-31,ORD-500318,fake.customer026@example.com,10,12.0
2024-07-31,ORD-500318,fake.customer026@example.com,8,7.25
2024-08-08,ORD-500319,fake.customer026@example.com,6,12.0
2024-08-10,ORD-500320,fake.customer026@example.com,6,12.0
2024-08-10,ORD-500320,fake.customer026@example.com,10,4.99
2024-08-10,ORD-500320,fake.customer026@example.com,6,3.5
2024-08-13,ORD-500321,fake.customer026@example.com,12,4.99
2023-11-02,ORD-500322,fake.customer027@example.com,1,4.99
2023-11-02,ORD-500322,fake.customer027@example.com,12,7.25
2023-11-02,ORD-500322,fake.customer027@example.com,11,19.9
2023-11-08,ORD-500323,fake.customer027@example.com,9,7.25
2023-12-26,ORD-500324,fake.customer027@example.com,8,3.5
2023-12-26,ORD-500324,fake.customer027@example.com,9,12.0
2023-12-26,ORD-500324,fake.customer027@example.com,6,19.9
2024-01-06,ORD-500325,fake.customer027@example.com,6,12.0
2024-01-06,ORD-500325,fake.customer027@example.com,2,4.99
2024-01-06,ORD-500325,fake.customer027@example.com,5,3.5
2024-01-09,ORD-500326,fake.customer027@example.com,5,3.5
2024-01-09,ORD-500326,fake.customer027@example.com,1,7.25
2024-01-19,ORD-500327,fake.customer027@example.com,11,12.0
2024-01-19,ORD-500327,fake.customer027@example.com,4,3.5
2024-01-19,ORD-500327,fake.customer027@example.com,6,4.99
2024-03-17,ORD-500328,fake.customer027@example.com,10,19.9
2024-03-17,ORD-500328,fake.customer027@example.com,7,3.5
2024-03-17,ORD-500328,fake.customer027@example.com,2,4.99
2024-04-03,ORD-500329,fake.customer027@example.com,10,3.5
2024-04-03,ORD-500329,fake.customer027@example.com,10,19.9
2024-04-04,ORD-500330,fake.customer027@example.com,8,3.5
2024-07-02,ORD-500331,fake.customer027@example.com,5,12.0
2024-07-02,ORD-500331,fake.customer027@example.com,2,19.9
2024-08-27,ORD-500332,fake.customer027@example.com,1,7.25
2024-10-01,ORD-500333,fake.customer027@example.com,9,4.99
2024-10-01,ORD-500333,fake.customer027@example.com,1,19.9
2024-10-02,ORD-500334,fake.customer027@example.com,5,12.0
2024-10-02,ORD-500334,fake.customer027@example.com,4,4.99
2024-10-22,ORD-500335,fake.customer027@example.com,11,4.99
2024-10-22,ORD-500335,fake.customer027@example.com,7,12.0
2024-10-22,ORD-500335,fake.customer027@example.com,12,19.9
2023-03-28,ORD-500336,fake.customer028@example.com,5,7.25
2023-02-27,ORD-500337,fake.customer029@example.com,10,19.9
2023-03-02,ORD-500338,fake.customer029@example.com,4,4.99
2023-03-02,ORD-500338,fake.customer029@example.com,5,7.25
2023-03-02,ORD-500338,fake.customer029@example.com,2,19.9
2023-03-17,ORD-500339,fake.customer029@example.com,11,19.9
2023-03-17,ORD-500339,fake.customer029@example.com,5,7.25
2023-03-17,ORD-500339,fake.customer029@example.com,10,4.99
2023-03-19,ORD-500340,fake.customer029@example.com,2,7.25
2023-03-19,ORD-500340,fake.customer029@example.com,3,3.5
2023-04-06,ORD-500341,fake.customer029@example.com,11,19.9
2023-04-06,ORD-500341,fake.customer029@example.com,2,3.5
2023-05-22,ORD-500342,fake.customer029@example.com,6,7.25
2023-05-22,ORD-500342,fake.customer029@example.com,7,4.99
2023-05-22,ORD-500342,fake.customer029@example.com,12,12.0
2023-08-11,ORD-500343,fake.customer029@example.com,4,3.5
2023-11-17,ORD-500344,fake.customer029@example.com,2,19.9
2024-01-22,ORD-500345,fake.customer029@example.com,9,7.25
2024-01-22,ORD-500345,fake.customer029@example.com,11,12.0
2024-01-22,ORD-500345,fake.customer029@example.com,3,3.5
2024-05-08,ORD-500346,fake.customer029@example.com,6,7.25
2024-05-08,ORD-500346,fake.customer029@example.com,5,19.9
2024-08-23,ORD-500347,fake.customer029@example.com,1,12.0
2024-08-23,ORD-500347,fake.customer029@example.com,4,19.9
2024-09-27,ORD-500348,fake.customer029@example.com,10,3.5
2024-10-12,ORD-500349,fake.customer029@example.com,2,4.99
2024-10-12,ORD-500349,fake.customer029@example.com,9,19.9
2024-10-12,ORD-500349,fake.customer029@example.com,12,3.5
2024-03-21,ORD-500350,fake.customer030@example.com,2,3.5
2024-03-21,ORD-500350,fake.customer030@example.com,9,7.25
2024-05-01,ORD-500351,fake.customer030@example.com,6,4.99
2024-09-18,ORD-500352,fake.customer030@example.com,6,3.5
2024-09-18,ORD-500352,fake.customer030@example.com,6,12.0
2024-11-06,ORD-500353,fake.customer030@example.com,3,12.0
2023-03-27,ORD-500354,fake.customer031@example.com,8,19.9
2023-04-11,ORD-500355,fake.customer031@example.com,6,19.9
2023-04-11,ORD-500355,fake.customer031@example.com,8,7.25
2023-04-11,ORD-500355,fake.customer031@example.com,10,3.5
2023-07-20,ORD-500356,fake.customer031@example.com,7,19.9
2023-07-20,ORD-500356,fake.customer031@example.com,4,7.25
2023-07-20,ORD-500356,fake.customer031@example.com,10,3.5
2023-09-08,ORD-500357,fake.customer031@example.com,2,3.5
2023-09-08,ORD-500357,fake.customer031@example.com,6,19.9
2023-09-08,ORD-500357,fake.customer031@example.com,11,7.25
2024-04-06,ORD-500358,fake.customer031@example.com,10,12.0
2024-04-06,ORD-500358,fake.customer031@example.com,4,4.99
2024-04-06,ORD-500358,fake.customer031@example.com,10,19.9
2024-05-31,ORD-500359,fake.customer031@example.com,11,12.0
2024-05-31,ORD-500359,fake.customer031@example.com,8,19.9
2024-05-31,ORD-500359,fake.customer031@example.com,3,4.99
2024-06-10,ORD-500360,fake.customer031@example.com,2,12.0
2024-06-10,ORD-500360,fake.customer031@example.com,1,19.9
2024-04-18,ORD-500361,fake.customer032@example.com,2,7.25
2024-04-18,ORD-500361,fake.customer032@example.com,12,12.0
2024-05-01,ORD-500362,fake.customer032@example.com,10,7.25
2024-05-10,ORD-500363,fake.customer032@example.com,8,19.9
2024-05-10,ORD-500363,fake.customer032@example.com,2,7.25
2024-05-10,ORD-500363,fake.customer032@example.com,4,3.5
2024-05-19,ORD-500364,fake.customer032@example.com,10,4.99
2024-05-19,ORD-500364,fake.customer032@example.com,3,7.25
2024-05-19,ORD-500364,fake.customer032@example.com,10,12.0
2024-06-15,ORD-500365,fake.customer032@example.com,1,19.9
2023-07-04,ORD-500366,fake.customer033@example.com,9,3.5
2023-07-04,ORD-500366,fake.customer033@example.com,6,12.0
2023-07-15,ORD-500367,fake.customer033@example.com,6,19.9
2023-07-15,ORD-500367,fake.customer033@example.com,6,3.5
2023-07-15,ORD-500367,fake.customer033@example.com,10,7.25
2024-07-05,ORD-500368,fake.customer034@example.com,9,3.5
2024-07-05,ORD-500368,fake.customer034@example.com,10,12.0
2024-07-05,ORD-500368,fake.customer034@example.com,8,4.99
2024-07-20,ORD-500369,fake.customer034@example.com,6,12.0
2024-07-21,ORD-500370,fake.customer034@example.com,10,4.99
2024-07-23,ORD-500371,fake.customer034@example.com,1,7.25
2024-11-24,ORD-500372,fake.customer035@example.com,10,12.0
2024-11-24,ORD-500372,fake.customer035@example.com,2,3.5
2024-11-24,ORD-500372,fake.customer035@example.com,4,19.9
2023-12-11,ORD-500373,fake.customer036@example.com,5,3.5
2024-03-03,ORD-500374,fake.customer036@example.com,9,3.5
2024-03-03,ORD-500374,fake.customer036@example.com,3,12.0
2024-03-23,ORD-500375,fake.customer036@example.com,11,3.5
2024-03-23,ORD-500375,fake.customer036@example.com,6,7.25
2024-03-23,ORD-500375,fake.customer036@example.com,8,4.99
2024-04-26,ORD-500376,fake.customer036@example.com,2,7.25
2024-04-26,ORD-500376,fake.customer036@example.com,1,12.0
2024-05-06,ORD-500377,fake.customer036@example.com,8,19.9
2024-05-06,ORD-500377,fake.customer036@example.com,3,3.5
2024-05-06,ORD-500377,fake.customer036@example.com,3,7.25
2024-05-13,ORD-500378,fake.customer036@example.com,3,7.25
2024-08-21,ORD-500379,fake.customer036@example.com,5,3.5
2024-08-21,ORD-500379,fake.customer036@example.com,10,19.9
2024-10-08,ORD-500380,fake.customer036@example.com,9,4.99
2024-10-08,ORD-500380,fake.customer036@example.com,10,3.5
2024-11-23,ORD-500381,fake.customer036@example.com,2,4.99
2024-11-23,ORD-500381,fake.customer036@example.com,2,3.5
2023-05-27,ORD-500382,fake.customer037@example.com,2,7.25
2023-05-30,ORD-500383,fake.customer037@example.com,11,4.99
2023-05-30,ORD-500383,fake.customer037@example.com,10,3.5
2023-05-30,ORD-500383,fake.customer037@example.com,12,19.9
2023-06-10,ORD-500384,fake.customer037@example.com,12,19.9
2023-06-10,ORD-500384,fake.customer037@example.com,11,12.0
2023-06-10,ORD-500384,fake.customer037@example.com,2,7.25
2023-07-02,ORD-500385,fake.customer037@example.com,9,4.99
2023-09-12,ORD-500386,fake.customer037@example.com,10,3.5
2023-09-12,ORD-500386,fake.customer037@example.com,4,7.25
2023-10-31,ORD-500387,fake.customer037@example.com,4,4.99
2023-12-21,ORD-500388,fake.customer037@example.com,4,12.0
2023-12-21,ORD-500388,fake.customer037@example.com,6,3.5
2023-12-25,ORD-500389,fake.customer037@example.com,8,4.99
2023-12-27,ORD-500390,fake.customer037@example.com,11,19.9
2023-12-27,ORD-500390,fake.customer037@example.com,4,3.5
2024-01-25,ORD-500391,fake.customer037@example.com,6,19.9
2024-01-25,ORD-500391,fake.customer037@example.com,12,4.99
2024-03-27,ORD-500392,fake.customer037@example.com,12,3.5
2024-03-27,ORD-500392,fake.customer037@example.com,11,7.25
2024-03-27,ORD-500392,fake.customer037@example.com,4,4.99
2024-04-07,ORD-500393,fake.customer037@example.com,7,7.25
2024-04-07,ORD-500393,fake.customer037@example.com,3,4.99
2024-04-22,ORD-500394,fake.customer037@example.com,12,12.0
2024-04-22,ORD-500394,fake.customer037@example.com,5,7.25
2024-06-05,ORD-500395,fake.customer037@example.com,7,12.0
2024-06-05,ORD-500395,fake.customer037@example.com,8,7.25
2024-06-05,ORD-500395,fake.customer037@example.com,12,4.99
2024-09-03,ORD-500396,fake.customer037@example.com,8,7.25
2024-09-03,ORD-500396,fake.customer037@example.com,3,12.0
2024-09-09,ORD-500397,fake.customer037@example.com,7,4.99
2024-09-09,ORD-500397,fake.customer037@example.com,5,19.9
2024-09-09,ORD-500397,fake.customer037@example.com,9,3.5
2023-11-01,ORD-500398,fake.customer038@example.com,4,4.99
2023-12-06,ORD-500399,fake.customer038@example.com,3,3.5
2023-12-06,ORD-500399,fake.customer038@example.com,3,12.0
2024-02-15,ORD-500400,fake.customer038@example.com,8,7.25
2024-02-15,ORD-500400,fake.customer038@example.com,10,19.9
2024-02-15,ORD-500400,fake.customer038@example.com,4,12.0
2024-03-25,ORD-500401,fake.customer038@example.com,1,7.25
2024-06-04,ORD-500402,fake.customer038@example.com,1,3.5
2023-02-26,ORD-500403,fake.customer039@example.com,10,12.0
2023-02-26,ORD-500403,fake.customer039@example.com,12,19.9
2023-02-26,ORD-500403,fake.customer039@example.com,9,4.99
2023-06-29,ORD-500404,fake.customer039@example.com,3,3.5
2023-06-29,ORD-500404,fake.customer039@example.com,2,12.0
2023-11-21,ORD-500405,fake.customer039@example.com,8,12.0
2023-11-21,ORD-500405,fake.customer039@example.com,9,4.99
2023-12-24,ORD-500406,fake.customer039@example.com,3,19.9
2024-01-13,ORD-500407,fake.customer039@example.com,4,19.9
2024-01-13,ORD-500407,fake.customer039@example.com,6,12.0
2024-02-06,ORD-500408,fake.customer039@example.com,2,4.99
2024-02-06,ORD-500408,fake.customer039@example.com,5,3.5
2024-05-28,ORD-500409,fake.customer039@example.com,9,12.0
2024-06-23,ORD-500410,fake.customer039@example.com,8,19.9
2024-06-24,ORD-500411,fake.customer039@example.com,6,3.5
2024-06-29,ORD-500412,fake.customer039@example.com,9,12.0
2024-06-29,ORD-500412,fake.customer039@example.com,7,3.5
2024-06-29,ORD-500412,fake.customer039@example.com,3,7.25
2024-07-02,ORD-500413,fake.customer039@example.com,9,3.5
2024-07-02,ORD-500413,fake.customer039@example.com,8,7.25
2024-07-02,ORD-500413,fake.customer039@example.com,2,12.0
2024-08-15,ORD-500414,fake.customer039@example.com,5,4.99
2024-11-12,ORD-500415,fake.customer039@example.com,6,3.5
2024-12-03,ORD-500416,fake.customer039@example.com,6,12.0
2024-12-03,ORD-500416,fake.customer039@example.com,3,7.25
2024-12-03,ORD-500416,fake.customer039@example.com,8,19.9
2024-08-15,ORD-500417,fake.customer040@example.com,12,7.25
2024-05-06,ORD-500418,fake.customer041@example.com,8,4.99
2024-05-06,ORD-500418,fake.customer041@example.com,1,12.0
2024-11-12,ORD-500419,fake.customer041@example.com,12,3.5
2023-07-11,ORD-500420,fake.customer042@example.com,11,7.25
2024-11-20,ORD-500421,fake.customer043@example.com,9,19.9
2024-11-20,ORD-500421,fake.customer043@example.com,8,3.5
2024-11-20,ORD-500421,fake.customer043@example.com,6,12.0
2024-12-04,ORD-500422,fake.customer043@example.com,4,12.0
2024-12-04,ORD-500422,fake.customer043@example.com,6,3.5
2023-06-18,ORD-500423,fake.customer044@example.com,11,19.9
2023-06-26,ORD-500424,fake.customer044@example.com,12,4.99
2023-06-26,ORD-500424,fake.customer044@example.com,5,7.25
2023-11-12,ORD-500425,fake.customer044@example.com,11,12.0
2023-11-12,ORD-500425,fake.customer044@example.com,2,3.5
2023-11-12,ORD-500425,fake.customer044@example.com,11,7.25
2023-12-08,ORD-500426,fake.customer044@example.com,12,4.99
2023-12-08,ORD-500426,fake.customer044@example.com,2,12.0
2024-04-14,ORD-500427,fake.customer044@example.com,4,7.25
2024-04-14,ORD-500427,fake.customer044@example.com,6,3.5
2024-04-14,ORD-500427,fake.customer044@example.com,9,19.9
2024-06-26,ORD-500428,fake.customer044@example.com,11,3.5
2024-06-26,ORD-500428,fake.customer044@example.com,3,19.9
2024-06-26,ORD-500428,fake.customer044@example.com,10,7.25
2024-07-21,ORD-500429,fake.customer044@example.com,5,19.9
2024-07-21,ORD-500429,fake.customer044@example.com,2,7.25
2024-07-21,ORD-500429,fake.customer044@example.com,8,4.99
2024-10-27,ORD-500430,fake.customer044@example.com,7,3.5
2024-10-27,ORD-500430,fake.customer044@example.com,11,7.25
2024-10-27,ORD-500430,fake.customer044@example.com,2,19.9
2024-11-09,ORD-500431,fake.customer044@example.com,8,3.5
2024-11-09,ORD-500431,fake.customer044@example.com,4,4.99
2024-08-19,ORD-500432,fake.customer045@example.com,2,4.99
2024-09-10,ORD-500433,fake.customer045@example.com,6,4.99
2024-09-10,ORD-500433,fake.customer045@example.com,11,12.0
2024-10-26,ORD-500434,fake.customer045@example.com,4,19.9
2024-11-19,ORD-500435,fake.customer045@example.com,6,19.9
2024-11-27,ORD-500436,fake.customer045@example.com,5,19.9
2024-11-27,ORD-500436,fake.customer045@example.com,3,7.25
2024-11-27,ORD-500436,fake.customer045@example.com,11,4.99
2024-11-29,ORD-500437,fake.customer045@example.com,4,19.9
2024-11-29,ORD-500437,fake.customer045@example.com,12,12.0
2024-12-06,ORD-500438,fake.customer045@example.com,9,4.99
2024-09-09,ORD-500439,fake.customer046@example.com,8,3.5
2024-09-09,ORD-500439,fake.customer046@example.com,4,7.25
2024-01-08,ORD-500440,fake.customer047@example.com,3,12.0
2024-01-08,ORD-500440,fake.customer047@example.com,8,19.9
2024-01-11,ORD-500441,fake.customer047@example.com,4,12.0
2024-01-11,ORD-500441,fake.customer047@example.com,4,4.99
2024-01-11,ORD-500441,fake.customer047@example.com,10,19.9
2024-02-12,ORD-500442,fake.customer047@example.com,2,12.0
2024-02-12,ORD-500442,fake.customer047@example.com,9,19.9
2024-02-15,ORD-500443,fake.customer047@example.com,3,7.25
2024-07-31,ORD-500444,fake.customer047@example.com,6,12.0
2024-08-17,ORD-500445,fake.customer047@example.com,4,19.9
2024-08-17,ORD-500445,fake.customer047@example.com,11,4.99
2024-10-04,ORD-500446,fake.customer047@example.com,3,3.5
2024-10-04,ORD-500446,fake.customer047@example.com,3,4.99
2024-10-04,ORD-500446,fake.customer047@example.com,11,19.9
2024-10-28,ORD-500447,fake.customer047@example.com,4,3.5
2024-10-28,ORD-500447,fake.customer047@example.com,4,12.0
2024-10-28,ORD-500447,fake.customer047@example.com,1,4.99
2024-12-01,ORD-500448,fake.customer047@example.com,7,4.99
2024-12-01,ORD-500448,fake.customer047@example.com,11,7.25
2024-12-01,ORD-500448,fake.customer047@example.com,7,19.9
2024-03-16,ORD-500449,fake.customer048@example.com,10,19.9
2024-03-18,ORD-500450,fake.customer048@example.com,5,19.9
2024-03-18,ORD-500450,fake.customer048@example.com,9,4.99
2024-03-22,ORD-500451,fake.customer048@example.com,10,7.25
2024-03-30,ORD-500452,fake.customer048@example.com,5,3.5
2024-03-31,ORD-500453,fake.customer048@example.com,1,4.99
2024-04-02,ORD-500454,fake.customer048@example.com,2,7.25
2024-04-02,ORD-500454,fake.customer048@example.com,1,4.99
2024-04-03,ORD-500455,fake.customer048@example.com,6,19.9
2024-04-03,ORD-500455,fake.customer048@example.com,4,3.5
2024-04-09,ORD-500456,fake.customer048@example.com,5,19.9
2024-04-09,ORD-500456,fake.customer048@example.com,11,3.5
2024-04-12,ORD-500457,fake.customer048@example.com,10,3.5
2024-04-12,ORD-500457,fake.customer048@example.com,4,7.25
2024-04-24,ORD-500458,fake.customer048@example.com,11,7.25
2024-04-24,ORD-500458,fake.customer048@example.com,5,3.5
2024-05-18,ORD-500459,fake.customer048@example.com,1,19.9
2024-05-18,ORD-500459,fake.customer048@example.com,2,7.25
2024-05-18,ORD-500459,fake.customer048@example.com,5,12.0
2024-05-25,ORD-500460,fake.customer048@example.com,1,3.5
2024-05-25,ORD-500460,fake.customer048@example.com,2,19.9
2024-06-04,ORD-500461,fake.customer048@example.com,3,12.0
2024-06-04,ORD-500461,fake.customer048@example.com,5,3.5
2024-06-04,ORD-500461,fake.customer048@example.com,8,19.9
2024-06-05,ORD-500462,fake.customer048@example.com,3,3.5
2024-06-05,ORD-500462,fake.customer048@example.com,8,7.25
2024-06-05,ORD-500462,fake.customer048@example.com,12,4.99
2024-06-14,ORD-500463,fake.customer048@example.com,2,7.25
2024-06-14,ORD-500463,fake.customer048@example.com,7,3.5
2024-06-14,ORD-500463,fake.customer048@example.com,9,19.9
2024-06-17,ORD-500464,fake.customer048@example.com,9,19.9
2024-06-17,ORD-500464,fake.customer048@example.com,5,3.5
2024-06-25,ORD-500465,fake.customer048@example.com,2,12.0
2024-06-25,ORD-500465,fake.customer048@example.com,9,7.25
2024-06-25,ORD-500465,fake.customer048@example.com,10,19.9
2024-07-07,ORD-500466,fake.customer048@example.com,4,7.25
2024-09-17,ORD-500467,fake.customer048@example.com,6,4.99
2024-09-08,ORD-500468,fake.customer049@example.com,3,7.25
2024-09-08,ORD-500468,fake.customer049@example.com,8,12.0
2024-09-08,ORD-500468,fake.customer049@example.com,1,3.5
2024-10-10,ORD-500469,fake.customer049@example.com,3,19.9
2024-10-10,ORD-500469,fake.customer049@example.com,7,12.0
2024-11-17,ORD-500470,fake.customer049@example.com,4,19.9
2024-12-12,ORD-500471,fake.customer049@example.com,5,4.99
2024-12-29,ORD-500472,fake.customer049@example.com,12,19.9
2024-12-29,ORD-500472,fake.customer049@example.com,8,12.0
2024-12-29,ORD-500472,fake.customer049@example.com,10,7.25
2023-04-09,ORD-500473,fake.customer050@example.com,10,7.25
2023-04-12,ORD-500474,fake.customer050@example.com,4,12.0
2023-04-12,ORD-500474,fake.customer050@example.com,6,19.9
2023-05-05,ORD-500475,fake.customer050@example.com,3,12.0
2023-05-05,ORD-500475,fake.customer050@example.com,4,7.25
2023-05-11,ORD-500476,fake.customer050@example.com,2,19.9
2023-05-11,ORD-500476,fake.customer050@example.com,12,3.5
2023-05-11,ORD-500476,fake.customer050@example.com,10,7.25
2023-05-28,ORD-500477,fake.customer050@example.com,8,19.9
2023-05-28,ORD-500477,fake.customer050@example.com,4,7.25
2023-06-09,ORD-500478,fake.customer050@example.com,11,12.0
2023-06-09,ORD-500478,fake.customer050@example.com,3,4.99
2023-06-09,ORD-500478,fake.customer050@example.com,5,7.25
2023-07-05,ORD-500479,fake.customer050@example.com,4,19.9
2023-07-05,ORD-500479,fake.customer050@example.com,3,12.0
2023-07-07,ORD-500480,fake.customer050@example.com,9,7.25
2023-07-07,ORD-500480,fake.customer050@example.com,11,12.0
2023-08-11,ORD-500481,fake.customer050@example.com,8,19.9
2023-08-11,ORD-500481,fake.customer050@example.com,11,4.99
2023-08-11,ORD-500481,fake.customer050@example.com,8,3.5
2023-08-19,ORD-500482,fake.customer050@example.com,11,4.99
2023-08-19,ORD-500482,fake.customer050@example.com,4,19.9
2023-08-19,ORD-500482,fake.customer050@example.com,3,12.0
2023-08-27,ORD-500483,fake.customer050@example.com,6,19.9
2023-09-09,ORD-500484,fake.customer050@example.com,7,19.9
2023-09-09,ORD-500484,fake.customer050@example.com,3,4.99
2023-10-05,ORD-500485,fake.customer050@example.com,9,3.5
2023-10-05,ORD-500485,fake.customer050@example.com,11,19.9
2023-10-05,ORD-500485,fake.customer050@example.com,12,4.99
2023-11-13,ORD-500486,fake.customer050@example.com,4,12.0
2023-11-20,ORD-500487,fake.customer050@example.com,8,7.25
2023-11-28,ORD-500488,fake.customer050@example.com,3,7.25
2023-11-28,ORD-500488,fake.customer050@example.com,6,4.99
2023-11-28,ORD-500488,fake.customer050@example.com,3,3.5
2023-12-01,ORD-500489,fake.customer050@example.com,2,7.25
2023-12-11,ORD-500490,fake.customer050@example.com,3,12.0
2023-12-11,ORD-500490,fake.customer050@example.com,2,3.5
2023-12-11,ORD-500490,fake.customer050@example.com,3,19.9
2023-12-13,ORD-500491,fake.customer050@example.com,10,7.25
2023-12-13,ORD-500491,fake.customer050@example.com,5,12.0
2023-12-18,ORD-500492,fake.customer050@example.com,10,19.9
2023-12-18,ORD-500492,fake.customer050@example.com,2,12.0
2023-12-21,ORD-500493,fake.customer050@example.com,4,19.9
2023-12-21,ORD-500493,fake.customer050@example.com,12,12.0
2023-12-21,ORD-500493,fake.customer050@example.com,4,7.25
2023-12-29,ORD-500494,fake.customer050@example.com,9,4.99
2024-01-09,ORD-500495,fake.customer050@example.com,12,12.0
2024-01-09,ORD-500495,fake.customer050@example.com,6,4.99
2024-01-09,ORD-500495,fake.customer050@example.com,8,3.5
2024-01-21,ORD-500496,fake.customer050@example.com,2,19.9
2024-01-21,ORD-500496,fake.customer050@example.com,1,3.5
2024-01-21,ORD-500496,fake.customer050@example.com,12,12.0
2024-02-07,ORD-500497,fake.customer050@example.com,10,4.99
2024-02-07,ORD-500497,fake.customer050@example.com,8,7.25
2024-03-08,ORD-500498,fake.customer050@example.com,10,3.5
2024-03-14,ORD-500499,fake.customer050@example.com,4,3.5
2024-03-30,ORD-500500,fake.customer050@example.com,1,4.99
2024-03-30,ORD-500500,fake.customer050@example.com,1,3.5
2024-03-30,ORD-500500,fake.customer050@example.com,11,19.9
2024-04-05,ORD-500501,fake.customer050@example.com,3,4.99
2024-04-05,ORD-500501,fake.customer050@example.com,8,19.9
2024-04-05,ORD-500501,fake.customer050@example.com,5,7.25
2024-04-11,ORD-500502,fake.customer050@example.com,8,4.99
2024-04-11,ORD-500502,fake.customer050@example.com,12,7.25
2024-05-10,ORD-500503,fake.customer050@example.com,2,19.9
2024-05-10,ORD-500503,fake.customer050@example.com,2,4.99
2024-05-10,ORD-500503,fake.customer050@example.com,2,12.0
2024-05-18,ORD-500504,fake.customer050@example.com,3,7.25
2024-05-18,ORD-500504,fake.customer050@example.com,6,19.9
2024-05-19,ORD-500505,fake.customer050@example.com,11,19.9
2024-05-19,ORD-500505,fake.customer050@example.com,5,3.5
2024-05-24,ORD-500506,fake.customer050@example.com,12,12.0
2024-05-24,ORD-500506,fake.customer050@example.com,2,4.99
2024-06-09,ORD-500507,fake.customer050@example.com,8,3.5
2024-06-09,ORD-500507,fake.customer050@example.com,8,4.99
2024-06-16,ORD-500508,fake.customer050@example.com,1,12.0
2024-06-16,ORD-500508,fake.customer050@example.com,5,7.25
2024-06-29,ORD-500509,fake.customer050@example.com,4,12.0
2024-06-29,ORD-500509,fake.customer050@example.com,7,19.9
2024-07-02,ORD-500510,fake.customer050@example.com,2,7.25
2024-07-13,ORD-500511,fake.customer050@example.com,1,4.99
2024-07-13,ORD-500511,fake.customer050@example.com,5,7.25
2024-07-13,ORD-500511,fake.customer050@example.com,3,3.5
2024-08-30,ORD-500512,fake.customer050@example.com,9,3.5
2024-09-06,ORD-500513,fake.customer050@example.com,12,7.25
2024-09-06,ORD-500513,fake.customer050@example.com,9,3.5
2024-09-06,ORD-500513,fake.customer050@example.com,12,4.99
2024-09-10,ORD-500514,fake.customer050@example.com,6,3.5
2024-09-10,ORD-500514,fake.customer050@example.com,1,7.25
2024-09-10,ORD-500514,fake.customer050@example.com,12,12.0
2024-09-24,ORD-500515,fake.customer050@example.com,11,7.25
2024-09-24,ORD-500515,fake.customer050@example.com,6,3.5
2024-09-24,ORD-500515,fake.customer050@example.com,11,19.9
2024-10-04,ORD-500516,fake.customer050@example.com,6,12.0
2024-11-29,ORD-500517,fake.customer050@example.com,5,12.0
2024-12-25,ORD-500518,fake.customer050@example.com,10,12.0
2023-06-06,ORD-500519,fake.customer051@example.com,9,19.9
2023-06-13,ORD-500520,fake.customer051@example.com,12,4.99
2023-06-14,ORD-500521,fake.customer051@example.com,7,19.9
2023-06-29,ORD-500522,fake.customer051@example.com,9,7.25
2023-06-29,ORD-500522,fake.customer051@example.com,6,19.9
2023-06-29,ORD-500522,fake.customer051@example.com,6,12.0
2023-07-18,ORD-500523,fake.customer051@example.com,6,7.25
2023-07-18,ORD-500523,fake.customer051@example.com,3,19.9
2023-07-18,ORD-500523,fake.customer051@example.com,7,12.0
2023-07-22,ORD-500524,fake.customer051@example.com,2,3.5
2023-07-22,ORD-500524,fake.customer051@example.com,3,19.9
2023-08-31,ORD-500525,fake.customer051@example.com,2,12.0
2023-08-31,ORD-500525,fake.customer051@example.com,7,7.25
2023-09-10,ORD-500526,fake.customer051@example.com,11,3.5
2023-09-10,ORD-500526,fake.customer051@example.com,9,12.0
2023-09-10,ORD-500526,fake.customer051@example.com,3,7.25
2023-09-28,ORD-500527,fake.customer051@example.com,8,19.9
2023-09-28,ORD-500527,fake.customer051@example.com,7,3.5
2023-09-28,ORD-500527,fake.customer051@example.com,5,7.25
2023-11-12,ORD-500528,fake.customer051@example.com,3,7.25
2023-11-12,ORD-500528,fake.customer051@example.com,10,3.5
2023-11-28,ORD-500529,fake.customer051@example.com,6,3.5
2023-12-30,ORD-500530,fake.customer051@example.com,5,7.25
2023-12-30,ORD-500530,fake.customer051@example.com,9,19.9
2024-02-11,ORD-500531,fake.customer051@example.com,3,19.9
2024-02-11,ORD-500531,fake.customer051@example.com,10,3.5
2024-03-01,ORD-500532,fake.customer051@example.com,9,19.9
2024-03-01,ORD-500532,fake.customer051@example.com,1,4.99
2024-03-08,ORD-500533,fake.customer051@example.com,11,19.9
2024-03-08,ORD-500533,fake.customer051@example.com,3,12.0
2024-03-09,ORD-500534,fake.customer051@example.com,1,4.99
2024-03-29,ORD-500535,fake.customer051@example.com,10,19.9
2024-05-03,ORD-500536,fake.customer051@example.com,5,4.99
2024-06-06,ORD-500537,fake.customer051@example.com,12,3.5
2023-11-24,ORD-500538,fake.customer052@example.com,7,19.9
2023-11-24,ORD-500538,fake.customer052@example.com,4,4.99
2023-11-24,ORD-500538,fake.customer052@example.com,10,7.25
2024-02-09,ORD-500539,fake.customer052@example.com,8,4.99
2024-02-09,ORD-500539,fake.customer052@example.com,6,12.0
2024-05-06,ORD-500540,fake.customer052@example.com,11,7.25
2024-06-07,ORD-500541,fake.customer052@example.com,4,3.5
2024-06-07,ORD-500541,fake.customer052@example.com,1,12.0
2024-06-16,ORD-500542,fake.customer052@example.com,2,4.99
2024-06-16,ORD-500542,fake.customer052@example.com,10,3.5
2024-06-16,ORD-500542,fake.customer052@example.com,5,12.0
2024-08-19,ORD-500543,fake.customer052@example.com,9,7.25
2024-08-19,ORD-500543,fake.customer052@example.com,2,4.99
2024-08-19,ORD-500543,fake.customer052@example.com,12,19.9
2024-10-24,ORD-500544,fake.customer052@example.com,8,3.5
2024-10-24,ORD-500544,fake.customer052@example.com,3,4.99
2024-12-03,ORD-500545,fake.customer052@example.com,1,3.5
2024-12-03,ORD-500545,fake.customer052@example.com,8,7.25
2024-12-03,ORD-500545,fake.customer052@example.com,11,4.99
2024-12-29,ORD-500546,fake.customer052@example.com,8,12.0
2024-12-29,ORD-500546,fake.customer052@example.com,12,3.5
2024-04-11,ORD-500547,fake.customer053@example.com,9,3.5
2024-04-11,ORD-500547,fake.customer053@example.com,1,12.0
2024-04-16,ORD-500548,fake.customer053@example.com,6,3.5
2024-04-16,ORD-500548,fake.customer053@example.com,6,19.9
2024-04-16,ORD-500548,fake.customer053@example.com,7,7.25
2024-05-01,ORD-500549,fake.customer053@example.com,3,19.9
2024-05-01,ORD-500549,fake.customer053@example.com,6,4.99
2024-05-01,ORD-500549,fake.customer053@example.com,12,7.25
2024-05-08,ORD-500550,fake.customer053@example.com,12,19.9
2024-05-08,ORD-500550,fake.customer053@example.com,12,4.99
2024-05-08,ORD-500550,fake.customer053@example.com,4,12.0
2024-05-18,ORD-500551,fake.customer053@example.com,8,7.25
2024-07-17,ORD-500552,fake.customer053@example.com,5,12.0
2024-07-17,ORD-500552,fake.customer053@example.com,9,3.5
2024-07-20,ORD-500553,fake.customer053@example.com,2,3.5
2024-07-20,ORD-500553,fake.customer053@example.com,12,12.0
2024-07-20,ORD-500553,fake.customer053@example.com,5,4.99
2024-08-14,ORD-500554,fake.customer053@example.com,2,12.0
2024-08-14,ORD-500554,fake.customer053@example.com,5,19.9
2024-08-25,ORD-500555,fake.customer053@example.com,10,4.99
2024-08-25,ORD-500555,fake.customer053@example.com,6,12.0
2024-10-26,ORD-500556,fake.customer053@example.com,3,12.0
2024-10-26,ORD-500556,fake.customer053@example.com,5,3.5
2024-10-26,ORD-500556,fake.customer053@example.com,1,4.99
2024-10-30,ORD-500557,fake.customer053@example.com,11,19.9
2024-12-15,ORD-500558,fake.customer053@example.com,2,19.9
2024-07-08,ORD-500559,fake.customer054@example.com,4,4.99
2024-08-26,ORD-500560,fake.customer055@example.com,12,19.9
2023-12-15,ORD-500561,fake.customer056@example.com,9,4.99
2023-04-24,ORD-500562,fake.customer057@example.com,6,3.5
2023-04-24,ORD-500562,fake.customer057@example.com,8,19.9
2023-04-24,ORD-500562,fake.customer057@example.com,9,7.25
2023-04-29,ORD-500563,fake.customer057@example.com,11,19.9
2023-04-29,ORD-500563,fake.customer057@example.com,11,7.25
2023-05-17,ORD-500564,fake.customer057@example.com,4,7.25
2023-05-17,ORD-500564,fake.customer057@example.com,9,4.99
2023-05-17,ORD-500564,fake.customer057@example.com,1,19.9
2023-06-07,ORD-500565,fake.customer057@example.com,1,4.99
2023-06-07,ORD-500565,fake.customer057@example.com,11,3.5
2023-06-09,ORD-500566,fake.customer057@example.com,11,4.99
2023-06-09,ORD-500566,fake.customer057@example.com,6,3.5
2023-07-10,ORD-500567,fake.customer057@example.com,9,19.9
2023-07-10,ORD-500567,fake.customer057@example.com,11,4.99
2023-07-14,ORD-500568,fake.customer057@example.com,7,12.0
2023-07-14,ORD-500568,fake.customer057@example.com,5,3.5
2023-07-14,ORD-500568,fake.customer057@example.com,1,7.25
2023-07-25,ORD-500569,fake.customer057@example.com,11,7.25
2023-07-25,ORD-500569,fake.customer057@example.com,9,3.5
2023-07-30,ORD-500570,fake.customer057@example.com,10,3.5
2023-07-30,ORD-500570,fake.customer057@example.com,9,12.0
2023-07-31,ORD-500571,fake.customer057@example.com,3,4.99
2023-08-07,ORD-500572,fake.customer057@example.com,1,12.0
2023-08-08,ORD-500573,fake.customer057@example.com,7,12.0
2023-08-08,ORD-500573,fake.customer057@example.com,1,4.99
2023-08-08,ORD-500573,fake.customer057@example.com,10,7.25
2023-08-14,ORD-500574,fake.customer057@example.com,1,3.5
2023-08-14,ORD-500574,fake.customer057@example.com,11,19.9
2023-08-19,ORD-500575,fake.customer057@example.com,1,4.99
2023-08-19,ORD-500575,fake.customer057@example.com,12,12.0
2023-08-19,ORD-500575,fake.customer057@example.com,12,7.25
2023-09-06,ORD-500576,fake.customer057@example.com,3,7.25
2023-09-15,ORD-500577,fake.customer057@example.com,11,4.99
2023-09-15,ORD-500577,fake.customer057@example.com,10,19.9
2023-09-18,ORD-500578,fake.customer057@example.com,10,12.0
2023-09-18,ORD-500578,fake.customer057@example.com,5,19.9
2023-09-18,ORD-500578,fake.customer057@example.com,4,3.5
2023-09-22,ORD-500579,fake.customer057@example.com,5,4.99
2023-09-22,ORD-500579,fake.customer057@example.com,1,12.0
2023-10-05,ORD-500580,fake.customer057@example.com,1,7.25
2023-10-07,ORD-500581,fake.customer057@example.com,1,7.25
2023-10-07,ORD-500581,fake.customer057@example.com,6,4.99
2023-10-07,ORD-500581,fake.customer057@example.com,3,19.9
2023-10-11,ORD-500582,fake.customer057@example.com,8,19.9
2023-10-11,ORD-500582,fake.customer057@example.com,9,7.25
2023-10-12,ORD-500583,fake.customer057@example.com,9,3.5
2023-10-12,ORD-500583,fake.customer057@example.com,7,12.0
2023-10-12,ORD-500583,fake.customer057@example.com,10,7.25
2023-10-21,ORD-500584,fake.customer057@example.com,4,12.0
2023-10-21,ORD-500584,fake.customer057@example.com,5,7.25
2023-10-21,ORD-500584,fake.customer057@example.com,9,19.9
2023-11-02,ORD-500585,fake.customer057@example.com,8,3.5
2023-11-02,ORD-500585,fake.customer057@example.com,11,12.0
2023-11-03,ORD-500586,fake.customer057@example.com,12,7.25
2023-11-03,ORD-500586,fake.customer057@example.com,2,3.5
2023-11-03,ORD-500586,fake.customer057@example.com,11,4.99
2023-11-10,ORD-500587,fake.customer057@example.com,6,19.9
2023-11-10,ORD-500587,fake.customer057@example.com,2,12.0
2024-01-15,ORD-500588,fake.customer057@example.com,8,12.0
2024-01-15,ORD-500588,fake.customer057@example.com,1,19.9
2024-01-17,ORD-500589,fake.customer057@example.com,9,7.25
2024-01-17,ORD-500589,fake.customer057@example.com,8,4.99
2024-02-26,ORD-500590,fake.customer057@example.com,7,19.9
2024-02-26,ORD-500590,fake.customer057@example.com,12,3.5
2024-03-11,ORD-500591,fake.customer057@example.com,11,12.0
2024-03-11,ORD-500591,fake.customer057@example.com,1,3.5
2024-03-11,ORD-500591,fake.customer057@example.com,11,4.99
2024-03-13,ORD-500592,fake.customer057@example.com,2,7.25
2024-03-13,ORD-500592,fake.customer057@example.com,12,19.9
2024-03-19,ORD-500593,fake.customer057@example.com,8,7.25
2024-04-07,ORD-500594,fake.customer057@example.com,8,12.0
2024-04-10,ORD-500595,fake.customer057@example.com,9,4.99
2024-04-10,ORD-500595,fake.customer057@example.com,12,7.25
2024-04-10,ORD-500595,fake.customer057@example.com,2,12.0
2024-04-13,ORD-500596,fake.customer057@example.com,9,3.5
2024-04-13,ORD-500596,fake.customer057@example.com,4,4.99
2024-04-13,ORD-500596,fake.customer057@example.com,10,19.9
2024-04-18,ORD-500597,fake.customer057@example.com,7,19.9
2024-04-18,ORD-500597,fake.customer057@example.com,10,12.0
2024-04-22,ORD-500598,fake.customer057@example.com,9,4.99
2024-04-22,ORD-500598,fake.customer057@example.com,10,3.5
2024-04-22,ORD-500598,fake.customer057@example.com,5,19.9
2024-04-26,ORD-500599,fake.customer057@example.com,5,12.0
2024-04-26,ORD-500599,fake.customer057@example.com,10,3.5
2024-04-26,ORD-500599,fake.customer057@example.com,2,4.99
2024-05-29,ORD-500600,fake.customer057@example.com,3,19.9
2024-05-29,ORD-500600,fake.customer057@example.com,3,12.0
2024-05-29,ORD-500600,fake.customer057@example.com,11,7.25
2024-06-17,ORD-500601,fake.customer057@example.com,12,7.25
2024-06-17,ORD-500601,fake.customer057@example.com,8,12.0
2024-06-21,ORD-500602,fake.customer057@example.com,2,3.5
2024-06-21,ORD-500602,fake.customer057@example.com,7,7.25
2024-06-21,ORD-500602,fake.customer057@example.com,2,19.9
2024-07-04,ORD-500603,fake.customer057@example.com,2,3.5
2024-07-04,ORD-500603,fake.customer057@example.com,3,4.99
2024-07-04,ORD-500603,fake.customer057@example.com,1,12.0
2024-07-19,ORD-500604,fake.customer057@example.com,6,12.0
2024-07-19,ORD-500604,fake.customer057@example.com,11,3.5
2024-07-24,ORD-500605,fake.customer057@example.com,4,19.9
2024-07-24,ORD-500605,fake.customer057@example.com,4,7.25
2024-09-22,ORD-500606,fake.customer057@example.com,1,12.0
2024-09-28,ORD-500607,fake.customer057@example.com,6,3.5
2024-09-28,ORD-500607,fake.customer057@example.com,6,12.0
2024-10-03,ORD-500608,fake.customer057@example.com,1,3.5
2024-10-03,ORD-500608,fake.customer057@example.com,10,4.99
2024-10-10,ORD-500609,fake.customer057@example.com,4,3.5
2024-03-10,ORD-500610,fake.customer058@example.com,11,4.99
2024-03-25,ORD-500611,fake.customer058@example.com,5,3.5
2024-03-25,ORD-500611,fake.customer058@example.com,10,7.25
2024-03-25,ORD-500611,fake.customer058@example.com,2,19.9
2024-03-28,ORD-500612,fake.customer058@example.com,5,12.0
2024-04-07,ORD-500613,fake.customer058@example.com,2,12.0
2024-04-07,ORD-500613,fake.customer058@example.com,1,7.25
2024-04-21,ORD-500614,fake.customer058@example.com,4,4.99
2024-07-08,ORD-500615,fake.customer058@example.com,3,12.0
2024-07-08,ORD-500615,fake.customer058@example.com,7,4.99
2024-07-08,ORD-500615,fake.customer058@example.com,2,3.5
2024-11-13,ORD-500616,fake.customer058@example.com,1,19.9
2024-12-28,ORD-500617,fake.customer058@example.com,7,3.5
2024-10-19,ORD-500618,fake.customer059@example.com,9,7.25
2024-10-19,ORD-500618,fake.customer059@example.com,5,3.5
2024-10-19,ORD-500618,fake.customer059@example.com,11,12.0
2024-10-23,ORD-500619,fake.customer059@example.com,5,7.25
2024-10-23,ORD-500619,fake.customer059@example.com,5,12.0
2024-10-23,ORD-500619,fake.customer059@example.com,10,19.9
2024-11-07,ORD-500620,fake.customer059@example.com,7,12.0
2024-11-19,ORD-500621,fake.customer059@example.com,1,4.99
2024-11-19,ORD-500621,fake.customer059@example.com,1,3.5
2024-11-30,ORD-500622,fake.customer059@example.com,4,7.25
2024-12-06,ORD-500623,fake.customer059@example.com,5,4.99
2024-12-06,ORD-500623,fake.customer059@example.com,12,19.9
2024-12-06,ORD-500623,fake.customer059@example.com,7,7.25
2024-12-27,ORD-500624,fake.customer059@example.com,9,12.0
2024-12-27,ORD-500624,fake.customer059@example.com,8,4.99
2024-12-27,ORD-500624,fake.customer059@example.com,8,19.9
2024-12-30,ORD-500625,fake.customer059@example.com,12,4.99
2024-12-31,ORD-500626,fake.customer059@example.com,11,12.0
2024-05-10,ORD-500627,fake.customer060@example.com,9,19.9
2024-05-10,ORD-500627,fake.customer060@example.com,4,3.5
2024-08-10,ORD-500628,fake.customer060@example.com,7,7.25
2024-08-10,ORD-500628,fake.customer060@example.com,12,4.99
2024-08-16,ORD-500629,fake.customer060@example.com,1,4.99
2024-08-16,ORD-500629,fake.customer060@example.com,7,19.9
2024-08-16,ORD-500629,fake.customer060@example.com,3,12.0
2024-08-26,ORD-500630,fake.customer060@example.com,4,19.9
2024-09-14,ORD-500631,fake.customer060@example.com,10,12.0
2024-09-14,ORD-500631,fake.customer060@example.com,6,7.25
2023-07-14,ORD-500632,fake.customer061@example.com,7,4.99
2023-07-14,ORD-500632,fake.customer061@example.com,8,19.9
2023-07-14,ORD-500632,fake.customer061@example.com,8,7.25
2024-08-12,ORD-500633,fake.customer062@example.com,3,12.0
2024-08-12,ORD-500633,fake.customer062@example.com,8,19.9
2024-08-12,ORD-500633,fake.customer062@example.com,5,4.99
2024-08-25,ORD-500634,fake.customer062@example.com,5,4.99
2024-08-31,ORD-500635,fake.customer062@example.com,8,3.5
2023-01-24,ORD-500636,fake.customer063@example.com,9,4.99
2023-01-24,ORD-500636,fake.customer063@example.com,1,12.0
2023-01-24,ORD-500636,fake.customer063@example.com,8,3.5
2023-03-18,ORD-500637,fake.customer063@example.com,11,12.0
2023-03-18,ORD-500637,fake.customer063@example.com,9,19.9
2023-05-27,ORD-500638,fake.customer063@example.com,11,4.99
2023-07-15,ORD-500639,fake.customer063@example.com,2,12.0
2023-07-15,ORD-500639,fake.customer063@example.com,12,19.9
2023-08-20,ORD-500640,fake.customer063@example.com,2,4.99
2023-08-24,ORD-500641,fake.customer063@example.com,11,4.99
2023-08-29,ORD-500642,fake.customer063@example.com,1,12.0
2023-08-29,ORD-500642,fake.customer063@example.com,1,4.99
2023-08-29,ORD-500642,fake.customer063@example.com,11,19.9
2024-01-15,ORD-500643,fake.customer063@example.com,3,19.9
2024-04-06,ORD-500644,fake.customer063@example.com,9,3.5
2024-04-06,ORD-500644,fake.customer063@example.com,10,12.0
2024-04-10,ORD-500645,fake.customer063@example.com,11,3.5
2024-04-10,ORD-500645,fake.customer063@example.com,3,4.99
2024-04-10,ORD-500645,fake.customer063@example.com,6,12.0
2024-06-12,ORD-500646,fake.customer063@example.com,10,12.0
2024-07-07,ORD-500647,fake.customer063@example.com,1,3.5
2024-07-16,ORD-500648,fake.customer063@example.com,12,4.99
2024-08-02,ORD-500649,fake.customer063@example.com,9,7.25
2024-08-15,ORD-500650,fake.customer064@example.com,3,3.5
2024-08-15,ORD-500650,fake.customer064@example.com,2,4.99
2023-12-29,ORD-500651,fake.customer065@example.com,4,7.25
2023-12-29,ORD-500651,fake.customer065@example.com,8,12.0
2024-01-26,ORD-500652,fake.customer065@example.com,6,3.5
2024-01-26,ORD-500652,fake.customer065@example.com,7,19.9
2024-01-26,ORD-500652,fake.customer065@example.com,8,12.0
2024-01-27,ORD-500653,fake.customer065@example.com,5,19.9
2024-01-27,ORD-500653,fake.customer065@example.com,11,7.25
2024-01-29,ORD-500654,fake.customer065@example.com,4,4.99
2024-01-29,ORD-500654,fake.customer065@example.com,12,12.0
2024-02-18,ORD-500655,fake.customer065@example.com,7,4.99
2024-02-18,ORD-500655,fake.customer065@example.com,7,12.0
2024-02-18,ORD-500655,fake.customer065@example.com,1,3.5
2024-02-28,ORD-500656,fake.customer065@example.com,12,7.25
2024-02-28,ORD-500656,fake.customer065@example.com,8,4.99
2024-02-28,ORD-500656,fake.customer065@example.com,12,3.5
2024-03-19,ORD-500657,fake.customer065@example.com,1,19.9
2024-03-19,ORD-500657,fake.customer065@example.com,7,3.5
2024-03-19,ORD-500657,fake.customer065@example.com,8,12.0
2024-04-04,ORD-500658,fake.customer065@example.com,8,3.5
2024-05-24,ORD-500659,fake.customer065@example.com,7,19.9
2024-05-24,ORD-500659,fake.customer065@example.com,4,3.5
2024-05-28,ORD-500660,fake.customer065@example.com,9,19.9
2024-06-10,ORD-500661,fake.customer065@example.com,9,3.5
2024-06-10,ORD-500661,fake.customer065@example.com,4,12.0
2024-06-21,ORD-500662,fake.customer065@example.com,2,3.5
2024-06-21,ORD-500662,fake.customer065@example.com,8,12.0
2023-07-07,ORD-500663,fake.customer066@example.com,3,3.5
2023-07-07,ORD-500663,fake.customer066@example.com,12,19.9
2023-07-22,ORD-500664,fake.customer066@example.com,4,12.0
2023-07-22,ORD-500664,fake.customer066@example.com,1,3.5
2023-07-22,ORD-500664,fake.customer066@example.com,12,19.9
2023-08-09,ORD-500665,fake.customer066@example.com,4,7.25
2023-08-09,ORD-500665,fake.customer066@example.com,10,19.9
2023-03-10,ORD-500666,fake.customer067@example.com,3,3.5
2023-03-10,ORD-500666,fake.customer067@example.com,8,19.9
2023-03-23,ORD-500667,fake.customer067@example.com,7,19.9
2023-03-23,ORD-500667,fake.customer067@example.com,1,3.5
2023-03-23,ORD-500667,fake.customer067@example.com,9,7.25
2023-04-06,ORD-500668,fake.customer067@example.com,11,19.9
2023-04-10,ORD-500669,fake.customer067@example.com,9,7.25
2023-04-10,ORD-500669,fake.customer067@example.com,5,3.5
2023-04-28,ORD-500670,fake.customer067@example.com,11,7.25
2023-05-12,ORD-500671,fake.customer067@example.com,1,19.9
2023-05-12,ORD-500671,fake.customer067@example.com,2,3.5
2023-05-12,ORD-500671,fake.customer067@example.com,11,12.0
2023-05-14,ORD-500672,fake.customer067@example.com,1,7.25
2023-05-14,ORD-500672,fake.customer067@example.com,7,12.0
2023-05-15,ORD-500673,fake.customer067@example.com,2,4.99
2023-05-15,ORD-500673,fake.customer067@example.com,3,3.5
2023-05-15,ORD-500673,fake.customer067@example.com,2,7.25
2023-05-19,ORD-500674,fake.customer067@example.com,6,3.5
2023-05-19,ORD-500674,fake.customer067@example.com,10,4.99
2023-05-19,ORD-500674,fake.customer067@example.com,1,19.9
2023-05-27,ORD-500675,fake.customer067@example.com,11,3.5
2023-05-27,ORD-500675,fake.customer067@example.com,11,12.0
2023-05-27,ORD-500675,fake.customer067@example.com,3,4.99
2023-05-29,ORD-500676,fake.customer067@example.com,10,12.0
2023-05-29,ORD-500676,fake.customer067@example.com,6,3.5
2023-05-29,ORD-500676,fake.customer067@example.com,7,7.25
2023-05-31,ORD-500677,fake.customer067@example.com,6,19.9
2023-05-31,ORD-500677,fake.customer067@example.com,1,7.25
2023-06-13,ORD-500678,fake.customer067@example.com,12,12.0
2023-06-13,ORD-500678,fake.customer067@example.com,12,19.9
2023-06-13,ORD-500678,fake.customer067@example.com,11,7.25
2023-06-15,ORD-500679,fake.customer067@example.com,9,7.25
2023-08-03,ORD-500680,fake.customer067@example.com,10,19.9
2023-08-16,ORD-500681,fake.customer067@example.com,11,7.25
2023-08-19,ORD-500682,fake.customer067@example.com,1,7.25
2023-08-19,ORD-500682,fake.customer067@example.com,8,12.0
2023-08-19,ORD-500682,fake.customer067@example.com,5,19.9
2023-10-20,ORD-500683,fake.customer067@example.com,5,3.5
2023-10-20,ORD-500683,fake.customer067@example.com,9,12.0
2023-11-03,ORD-500684,fake.customer067@example.com,1,12.0
2023-12-09,ORD-500685,fake.customer067@example.com,8,19.9
2023-12-09,ORD-500685,fake.customer067@example.com,12,7.25
2023-12-09,ORD-500685,fake.customer067@example.com,7,4.99
2023-12-21,ORD-500686,fake.customer067@example.com,7,7.25
2023-12-31,ORD-500687,fake.customer067@example.com,5,3.5
2023-12-31,ORD-500687,fake.customer067@example.com,5,12.0
2023-12-31,ORD-500687,fake.customer067@example.com,1,4.99
2024-02-16,ORD-500688,fake.customer067@example.com,11,7.25
2024-02-16,ORD-500688,fake.customer067@example.com,7,4.99
2024-02-16,ORD-500688,fake.customer067@example.com,9,3.5
2024-03-08,ORD-500689,fake.customer067@example.com,1,3.5
2024-03-08,ORD-500689,fake.customer067@example.com,1,7.25
2024-03-08,ORD-500689,fake.customer067@example.com,4,4.99
2024-03-23,ORD-500690,fake.customer067@example.com,12,3.5
2024-04-01,ORD-500691,fake.customer067@example.com,9,12.0
2024-04-01,ORD-500691,fake.customer067@example.com,2,7.25
2024-04-14,ORD-500692,fake.customer067@example.com,5,7.25
2024-05-03,ORD-500693,fake.customer067@example.com,1,7.25
2024-05-03,ORD-500693,fake.customer067@example.com,11,4.99
2024-05-03,ORD-500693,fake.customer067@example.com,8,3.5
2024-05-20,ORD-500694,fake.customer067@example.com,3,19.9
2024-05-20,ORD-500694,fake.customer067@example.com,2,3.5
2024-05-20,ORD-500694,fake.customer067@example.com,7,12.0
2024-05-30,ORD-500695,fake.customer067@example.com,12,4.99
2024-05-30,ORD-500695,fake.customer067@example.com,11,12.0
2024-05-30,ORD-500695,fake.customer067@example.com,2,19.9
2024-06-04,ORD-500696,fake.customer067@example.com,10,19.9
2024-06-04,ORD-500696,fake.customer067@example.com,6,4.99
2024-06-08,ORD-500697,fake.customer067@example.com,7,4.99
2024-06-08,ORD-500697,fake.customer067@example.com,5,19.9
2024-06-08,ORD-500697,fake.customer067@example.com,2,7.25
2024-06-14,ORD-500698,fake.customer067@example.com,5,7.25
2024-06-14,ORD-500698,fake.customer067@example.com,9,4.99
2024-06-14,ORD-500698,fake.customer067@example.com,4,3.5
2024-06-19,ORD-500699,fake.customer067@example.com,9,4.99
2024-06-19,ORD-500699,fake.customer067@example.com,6,7.25
2024-06-19,ORD-500699,fake.customer067@example.com,11,12.0
2024-06-20,ORD-500700,fake.customer067@example.com,1,3.5
2024-06-20,ORD-500700,fake.customer067@example.com,1,4.99
2024-07-04,ORD-500701,fake.customer067@example.com,10,4.99
2024-07-04,ORD-500701,fake.customer067@example.com,7,19.9
2024-07-25,ORD-500702,fake.customer067@example.com,6,19.9
2024-09-02,ORD-500703,fake.customer067@example.com,8,3.5
2024-09-02,ORD-500703,fake.customer067@example.com,9,7.25
2024-11-07,ORD-500704,fake.customer067@example.com,1,19.9
2024-11-07,ORD-500704,fake.customer067@example.com,7,12.0
2024-12-02,ORD-500705,fake.customer067@example.com,6,3.5
2024-12-02,ORD-500705,fake.customer067@example.com,8,4.99
2024-12-02,ORD-500705,fake.customer067@example.com,5,7.25
2024-12-12,ORD-500706,fake.customer067@example.com,9,12.0
2024-12-19,ORD-500707,fake.customer067@example.com,1,12.0
2024-12-19,ORD-500707,fake.customer067@example.com,12,7.25
2023-07-11,ORD-500708,fake.customer068@example.com,7,19.9
2023-07-13,ORD-500709,fake.customer068@example.com,10,3.5
2023-07-13,ORD-500709,fake.customer068@example.com,10,19.9
2023-10-25,ORD-500710,fake.customer068@example.com,8,19.9
2023-11-06,ORD-500711,fake.customer068@example.com,8,7.25
2023-11-14,ORD-500712,fake.customer068@example.com,6,19.9
2023-11-14,ORD-500712,fake.customer068@example.com,11,4.99
2024-01-10,ORD-500713,fake.customer068@example.com,6,7.25
2024-05-21,ORD-500714,fake.customer068@example.com,10,4.99
2024-05-21,ORD-500714,fake.customer068@example.com,4,7.25
2024-05-21,ORD-500714,fake.customer068@example.com,6,12.0
2024-06-27,ORD-500715,fake.customer068@example.com,2,12.0
2024-06-27,ORD-500715,fake.customer068@example.com,9,7.25
2024-06-27,ORD-500715,fake.customer068@example.com,6,3.5
2024-08-23,ORD-500716,fake.customer068@example.com,9,3.5
2024-01-30,ORD-500717,fake.customer069@example.com,9,7.25
2024-02-19,ORD-500718,fake.customer069@example.com,12,3.5
2024-02-19,ORD-500718,fake.customer069@example.com,1,4.99
2024-02-19,ORD-500718,fake.customer069@example.com,9,19.9
2024-03-09,ORD-500719,fake.customer069@example.com,6,3.5
2024-03-23,ORD-500720,fake.customer069@example.com,5,4.99
2024-03-23,ORD-500720,fake.customer069@example.com,12,3.5
2024-03-27,ORD-500721,fake.customer069@example.com,8,4.99
2024-03-27,ORD-500721,fake.customer069@example.com,6,7.25
2024-03-27,ORD-500721,fake.customer069@example.com,7,12.0
2024-04-02,ORD-500722,fake.customer069@example.com,12,3.5
2024-04-02,ORD-500722,fake.customer069@example.com,11,7.25
2024-04-02,ORD-500722,fake.customer069@example.com,1,12.0
2024-04-03,ORD-500723,fake.customer069@example.com,11,19.9
2024-04-03,ORD-500723,fake.customer069@example.com,6,12.0
2024-04-03,ORD-500723,fake.customer069@example.com,12,7.25
2024-04-20,ORD-500724,fake.customer069@example.com,1,19.9
2024-04-22,ORD-500725,fake.customer069@example.com,2,7.25
2024-04-22,ORD-500725,fake.customer069@example.com,4,19.9
2024-04-22,ORD-500725,fake.customer069@example.com,2,12.0
2024-04-23,ORD-500726,fake.customer069@example.com,5,7.25
2024-04-27,ORD-500727,fake.customer069@example.com,3,4.99
2024-04-27,ORD-500727,fake.customer069@example.com,12,3.5
2024-05-05,ORD-500728,fake.customer069@example.com,3,3.5
2024-05-05,ORD-500728,fake.customer069@example.com,8,7.25
2024-05-05,ORD-500728,fake.customer069@example.com,1,19.9
2024-05-08,ORD-500729,fake.customer069@example.com,7,4.99
2024-05-08,ORD-500729,fake.customer069@example.com,8,12.0
2024-05-23,ORD-500730,fake.customer069@example.com,1,19.9
2024-05-28,ORD-500731,fake.customer069@example.com,7,19.9
2024-05-28,ORD-500731,fake.customer069@example.com,5,12.0
2024-05-28,ORD-500731,fake.customer069@example.com,9,7.25
2024-06-05,ORD-500732,fake.customer069@example.com,11,19.9
2024-06-05,ORD-500732,fake.customer069@example.com,8,4.99
2024-06-22,ORD-500733,fake.customer069@example.com,9,12.0
2024-06-29,ORD-500734,fake.customer069@example.com,3,3.5
2024-07-08,ORD-500735,fake.customer069@example.com,2,19.9
2024-07-13,ORD-500736,fake.customer069@example.com,1,19.9
2024-07-13,ORD-500736,fake.customer069@example.com,8,3.5
2024-07-13,ORD-500736,fake.customer069@example.com,4,4.99
2024-07-22,ORD-500737,fake.customer069@example.com,1,19.9
2024-07-22,ORD-500737,fake.customer069@example.com,4,12.0
2024-07-25,ORD-500738,fake.customer069@example.com,1,7.25
2024-07-25,ORD-500738,fake.customer069@example.com,9,4.99
2024-07-25,ORD-500738,fake.customer069@example.com,3,12.0
2024-07-27,ORD-500739,fake.customer069@example.com,10,4.99
2024-07-27,ORD-500739,fake.customer069@example.com,8,12.0
2024-09-09,ORD-500740,fake.customer069@example.com,5,4.99
2024-09-09,ORD-500740,fake.customer069@example.com,4,3.5
2024-09-09,ORD-500740,fake.customer069@example.com,12,7.25
2024-09-24,ORD-500741,fake.customer069@example.com,9,19.9
2024-10-09,ORD-500742,fake.customer069@example.com,12,7.25
2024-10-09,ORD-500742,fake.customer069@example.com,3,4.99
2024-10-09,ORD-500742,fake.customer069@example.com,2,3.5
2024-10-14,ORD-500743,fake.customer069@example.com,12,7.25
2024-10-14,ORD-500743,fake.customer069@example.com,9,12.0
2024-10-14,ORD-500743,fake.customer069@example.com,4,19.9
2024-10-20,ORD-500744,fake.customer069@example.com,3,4.99
2024-10-20,ORD-500744,fake.customer069@example.com,1,7.25
2024-11-05,ORD-500745,fake.customer069@example.com,8,19.9
2024-11-05,ORD-500745,fake.customer069@example.com,7,12.0
2024-11-25,ORD-500746,fake.customer069@example.com,11,7.25
2024-11-25,ORD-500746,fake.customer069@example.com,8,19.9
2024-11-26,ORD-500747,fake.customer069@example.com,11,19.9
2024-11-26,ORD-500747,fake.customer069@example.com,8,7.25
2024-11-29,ORD-500748,fake.customer069@example.com,3,12.0
2024-12-03,ORD-500749,fake.customer069@example.com,1,12.0
2024-12-03,ORD-500749,fake.customer069@example.com,11,19.9
2024-12-17,ORD-500750,fake.customer069@example.com,4,19.9
2024-12-17,ORD-500750,fake.customer069@example.com,2,3.5
2023-11-17,ORD-500751,fake.customer070@example.com,12,12.0
2023-11-17,ORD-500751,fake.customer070@example.com,11,7.25
2023-11-25,ORD-500752,fake.customer070@example.com,4,4.99
2024-01-23,ORD-500753,fake.customer070@example.com,3,12.0
2024-01-23,ORD-500753,fake.customer070@example.com,7,4.99
2024-01-25,ORD-500754,fake.customer070@example.com,8,4.99
2024-01-25,ORD-500754,fake.customer070@example.com,9,3.5
2024-01-25,ORD-500754,fake.customer070@example.com,6,7.25
2024-03-04,ORD-500755,fake.customer070@example.com,8,7.25
2024-03-04,ORD-500755,fake.customer070@example.com,8,19.9
2024-03-04,ORD-500755,fake.customer070@example.com,8,12.0
2024-03-09,ORD-500756,fake.customer070@example.com,5,19.9
2024-03-26,ORD-500757,fake.customer070@example.com,12,3.5
2024-03-26,ORD-500757,fake.customer070@example.com,5,12.0
2024-03-27,ORD-500758,fake.customer070@example.com,6,7.25
2024-03-27,ORD-500758,fake.customer070@example.com,1,19.9
2024-05-08,ORD-500759,fake.customer070@example.com,10,7.25
2024-05-08,ORD-500759,fake.customer070@example.com,6,12.0
2024-05-17,ORD-500760,fake.customer070@example.com,5,4.99
2024-07-05,ORD-500761,fake.customer070@example.com,7,12.0
2024-07-05,ORD-500761,fake.customer070@example.com,4,19.9
2024-07-05,ORD-500761,fake.customer070@example.com,11,7.25
2024-07-27,ORD-500762,fake.customer070@example.com,1,4.99
2024-07-27,ORD-500762,fake.customer070@example.com,4,3.5
2024-10-12,ORD-500763,fake.customer070@example.com,5,19.9
2024-10-12,ORD-500763,fake.customer070@example.com,10,12.0
2024-11-21,ORD-500764,fake.customer070@example.com,6,19.9
2024-11-21,ORD-500764,fake.customer070@example.com,8,7.25
2024-11-22,ORD-500765,fake.customer070@example.com,10,7.25
2024-11-22,ORD-500765,fake.customer070@example.com,9,4.99
2024-11-22,ORD-500765,fake.customer070@example.com,4,19.9
2024-12-06,ORD-500766,fake.customer070@example.com,7,7.25
2024-12-06,ORD-500766,fake.customer070@example.com,6,4.99
2023-03-09,ORD-500767,fake.customer071@example.com,5,7.25
2023-03-09,ORD-500767,fake.customer071@example.com,6,12.0
2023-03-28,ORD-500768,fake.customer071@example.com,12,4.99
2023-03-28,ORD-500768,fake.customer071@example.com,2,12.0
2023-07-18,ORD-500769,fake.customer071@example.com,8,4.99
2023-07-18,ORD-500769,fake.customer071@example.com,3,19.9
2023-07-18,ORD-500769,fake.customer071@example.com,1,3.5
2023-08-31,ORD-500770,fake.customer071@example.com,12,7.25
2023-08-31,ORD-500770,fake.customer071@example.com,7,19.9
2023-08-31,ORD-500770,fake.customer071@example.com,1,12.0
2023-09-24,ORD-500771,fake.customer071@example.com,11,12.0
2024-01-14,ORD-500772,fake.customer071@example.com,11,4.99
2024-01-14,ORD-500772,fake.customer071@example.com,4,19.9
2024-09-22,ORD-500773,fake.customer071@example.com,2,19.9
2024-09-22,ORD-500773,fake.customer071@example.com,7,4.99
2024-10-20,ORD-500774,fake.customer071@example.com,11,7.25
2024-10-25,ORD-500775,fake.customer071@example.com,9,4.99
2024-11-17,ORD-500776,fake.customer071@example.com,11,7.25
2024-11-17,ORD-500776,fake.customer071@example.com,1,3.5
2024-11-17,ORD-500776,fake.customer071@example.com,2,4.99
2024-12-01,ORD-500777,fake.customer071@example.com,11,3.5
2023-10-29,ORD-500778,fake.customer072@example.com,10,19.9
2023-10-29,ORD-500778,fake.customer072@example.com,7,3.5
2023-10-29,ORD-500778,fake.customer072@example.com,11,4.99
2023-12-12,ORD-500779,fake.customer072@example.com,8,7.25
2023-12-12,ORD-500779,fake.customer072@example.com,10,3.5
2023-12-12,ORD-500779,fake.customer072@example.com,8,19.9
2023-12-18,ORD-500780,fake.customer072@example.com,9,12.0
2023-12-18,ORD-500780,fake.customer072@example.com,3,7.25
2023-09-04,ORD-500781,fake.customer073@example.com,6,3.5
2023-09-04,ORD-500781,fake.customer073@example.com,7,19.9
2023-10-07,ORD-500782,fake.customer073@example.com,4,3.5
2023-10-07,ORD-500782,fake.customer073@example.com,6,7.25
2023-10-18,ORD-500783,fake.customer073@example.com,12,3.5
2023-12-16,ORD-500784,fake.customer073@example.com,2,4.99
2023-12-16,ORD-500784,fake.customer073@example.com,7,19.9
2024-05-20,ORD-500785,fake.customer073@example.com,10,19.9
2024-07-13,ORD-500786,fake.customer073@example.com,9,3.5
2024-07-13,ORD-500786,fake.customer073@example.com,5,7.25
2024-07-13,ORD-500786,fake.customer073@example.com,2,12.0
2024-07-15,ORD-500787,fake.customer073@example.com,4,7.25
2024-08-05,ORD-500788,fake.customer073@example.com,1,4.99
2024-08-21,ORD-500789,fake.customer073@example.com,8,12.0
2024-08-21,ORD-500789,fake.customer073@example.com,9,19.9
2024-10-05,ORD-500790,fake.customer073@example.com,9,4.99
2024-05-20,ORD-500791,fake.customer074@example.com,1,12.0
2024-05-20,ORD-500791,fake.customer074@example.com,10,7.25
2024-05-20,ORD-500791,fake.customer074@example.com,3,3.5
2024-07-10,ORD-500792,fake.customer074@example.com,12,12.0
2024-08-23,ORD-500793,fake.customer074@example.com,8,12.0
2024-08-23,ORD-500793,fake.customer074@example.com,8,19.9
2024-08-23,ORD-500793,fake.customer074@example.com,12,3.5
2024-10-17,ORD-500794,fake.customer074@example.com,6,12.0
2024-10-17,ORD-500794,fake.customer074@example.com,9,7.25
2024-10-21,ORD-500795,fake.customer074@example.com,3,19.9
2024-10-21,ORD-500795,fake.customer074@example.com,9,7.25
2024-10-21,ORD-500795,fake.customer074@example.com,1,4.99
2024-08-01,ORD-500796,fake.customer075@example.com,4,4.99
2024-08-01,ORD-500796,fake.customer075@example.com,10,7.25
2024-09-20,ORD-500797,fake.customer075@example.com,12,7.25
2024-09-20,ORD-500797,fake.customer075@example.com,4,19.9
2024-09-20,ORD-500797,fake.customer075@example.com,5,12.0
2024-10-30,ORD-500798,fake.customer075@example.com,10,4.99
2024-10-30,ORD-500798,fake.customer075@example.com,6,3.5
2024-11-12,ORD-500799,fake.customer075@example.com,9,3.5
2024-11-12,ORD-500799,fake.customer075@example.com,10,7.25
2024-12-13,ORD-500800,fake.customer075@example.com,6,7.25
2024-01-30,ORD-500801,fake.customer076@example.com,2,7.25
2024-01-30,ORD-500801,fake.customer076@example.com,8,3.5
2024-01-30,ORD-500801,fake.customer076@example.com,3,12.0
2024-02-13,ORD-500802,fake.customer076@example.com,6,12.0
2024-02-17,ORD-500803,fake.customer076@example.com,9,4.99
2024-02-17,ORD-500803,fake.customer076@example.com,10,12.0
2024-02-21,ORD-500804,fake.customer076@example.com,4,3.5
2024-02-21,ORD-500804,fake.customer076@example.com,6,19.9
2024-03-05,ORD-500805,fake.customer076@example.com,9,19.9
2024-03-05,ORD-500805,fake.customer076@example.com,7,12.0
2024-05-31,ORD-500806,fake.customer076@example.com,7,19.9
2024-05-31,ORD-500806,fake.customer076@example.com,10,12.0
2024-09-28,ORD-500807,fake.customer077@example.com,3,4.99
2024-10-02,ORD-500808,fake.customer077@example.com,5,7.25
2024-10-02,ORD-500808,fake.customer077@example.com,10,3.5
2024-10-02,ORD-500808,fake.customer077@example.com,5,19.9
2024-10-17,ORD-500809,fake.customer078@example.com,2,19.9
2024-11-09,ORD-500810,fake.customer078@example.com,12,12.0
2024-11-09,ORD-500810,fake.customer078@example.com,3,3.5
2024-12-09,ORD-500811,fake.customer078@example.com,8,3.5
2024-12-09,ORD-500811,fake.customer078@example.com,5,12.0
2024-12-09,ORD-500811,fake.customer078@example.com,4,4.99
2024-04-16,ORD-500812,fake.customer079@example.com,6,4.99
2024-04-25,ORD-500813,fake.customer079@example.com,9,12.0
2024-04-25,ORD-500813,fake.customer079@example.com,11,7.25
2024-04-25,ORD-500813,fake.customer079@example.com,7,3.5
2024-04-28,ORD-500814,fake.customer079@example.com,6,19.9
2024-04-28,ORD-500814,fake.customer079@example.com,11,7.25
2024-04-28,ORD-500814,fake.customer079@example.com,4,3.5
2024-04-30,ORD-500815,fake.customer079@example.com,6,3.5
2024-04-30,ORD-500815,fake.customer079@example.com,4,12.0
2024-04-30,ORD-500815,fake.customer079@example.com,11,7.25
2024-05-06,ORD-500816,fake.customer079@example.com,5,4.99
2024-05-06,ORD-500816,fake.customer079@example.com,4,19.9
2024-05-07,ORD-500817,fake.customer079@example.com,1,19.9
2024-05-07,ORD-500817,fake.customer079@example.com,12,7.25
2024-05-07,ORD-500817,fake.customer079@example.com,11,3.5
2024-05-17,ORD-500818,fake.customer079@example.com,3,7.25
2024-05-18,ORD-500819,fake.customer079@example.com,8,4.99
2024-05-18,ORD-500819,fake.customer079@example.com,11,7.25
2024-05-24,ORD-500820,fake.customer079@example.com,7,3.5
2024-05-24,ORD-500820,fake.customer079@example.com,7,4.99
2024-06-01,ORD-500821,fake.customer079@example.com,9,12.0
2024-06-01,ORD-500821,fake.customer079@example.com,8,3.5
2024-06-08,ORD-500822,fake.customer079@example.com,1,7.25
2024-07-05,ORD-500823,fake.customer079@example.com,8,19.9
2024-07-06,ORD-500824,fake.customer079@example.com,1,3.5
2024-07-06,ORD-500824,fake.customer079@example.com,10,7.25
2024-07-06,ORD-500824,fake.customer079@example.com,9,19.9
2024-07-20,ORD-500825,fake.customer079@example.com,11,7.25
2024-07-21,ORD-500826,fake.customer079@example.com,11,7.25
2024-07-21,ORD-500826,fake.customer079@example.com,8,3.5
2024-07-21,ORD-500826,fake.customer079@example.com,1,4.99
2024-08-13,ORD-500827,fake.customer079@example.com,7,12.0
2024-08-13,ORD-500827,fake.customer079@example.com,8,3.5
2024-05-01,ORD-500828,fake.customer080@example.com,7,3.5
2024-05-01,ORD-500828,fake.customer080@example.com,5,19.9
2024-05-10,ORD-500829,fake.customer080@example.com,5,12.0
2024-06-10,ORD-500830,fake.customer080@example.com,6,4.99
2024-06-10,ORD-500830,fake.customer080@example.com,8,3.5
2024-06-10,ORD-500830,fake.customer080@example.com,2,12.0
2024-07-04,ORD-500831,fake.customer080@example.com,5,12.0
2024-07-04,ORD-500831,fake.customer080@example.com,10,7.25
2024-06-01,ORD-500832,fake.customer081@example.com,5,7.25
2024-06-01,ORD-500832,fake.customer081@example.com,8,12.0
2024-06-02,ORD-500833,fake.customer081@example.com,11,3.5
2024-06-02,ORD-500833,fake.customer081@example.com,4,12.0
2024-06-02,ORD-500833,fake.customer081@example.com,8,19.9
2024-06-10,ORD-500834,fake.customer081@example.com,10,7.25
2024-06-10,ORD-500834,fake.customer081@example.com,8,12.0
2024-06-10,ORD-500834,fake.customer081@example.com,11,4.99
2024-06-20,ORD-500835,fake.customer081@example.com,3,7.25
2024-06-20,ORD-500835,fake.customer081@example.com,10,19.9
2024-06-23,ORD-500836,fake.customer081@example.com,11,4.99
2024-06-23,ORD-500836,fake.customer081@example.com,12,3.5
2024-06-25,ORD-500837,fake.customer081@example.com,9,19.9
2024-07-04,ORD-500838,fake.customer081@example.com,11,19.9
2024-07-04,ORD-500838,fake.customer081@example.com,5,12.0
2024-07-04,ORD-500838,fake.customer081@example.com,2,3.5
2024-07-16,ORD-500839,fake.customer081@example.com,3,4.99
2024-07-16,ORD-500839,fake.customer081@example.com,7,19.9
2024-07-16,ORD-500839,fake.customer081@example.com,3,3.5
2024-09-17,ORD-500840,fake.customer081@example.com,7,4.99
2024-10-06,ORD-500841,fake.customer081@example.com,4,3.5
2024-10-06,ORD-500841,fake.customer081@example.com,8,19.9
2024-10-07,ORD-500842,fake.customer081@example.com,11,12.0
2024-10-16,ORD-500843,fake.customer081@example.com,1,4.99
2024-10-16,ORD-500843,fake.customer081@example.com,6,7.25
2024-10-17,ORD-500844,fake.customer081@example.com,5,3.5
2024-10-17,ORD-500844,fake.customer081@example.com,8,19.9
2024-10-17,ORD-500844,fake.customer081@example.com,12,4.99
2024-10-21,ORD-500845,fake.customer081@example.com,2,19.9
2024-10-21,ORD-500845,fake.customer081@example.com,8,12.0
2024-10-27,ORD-500846,fake.customer081@example.com,12,4.99
2024-10-27,ORD-500846,fake.customer081@example.com,12,7.25
2024-11-10,ORD-500847,fake.customer081@example.com,9,12.0
2024-12-02,ORD-500848,fake.customer081@example.com,8,19.9
2024-12-02,ORD-500848,fake.customer081@example.com,1,4.99
2024-12-02,ORD-500848,fake.customer081@example.com,9,7.25
2023-02-28,ORD-500849,fake.customer082@example.com,6,12.0
2023-02-28,ORD-500849,fake.customer082@example.com,3,3.5
2023-02-28,ORD-500849,fake.customer082@example.com,11,7.25
2023-03-29,ORD-500850,fake.customer082@example.com,5,3.5
2023-03-29,ORD-500850,fake.customer082@example.com,2,12.0
2023-03-29,ORD-500850,fake.customer082@example.com,8,19.9
2023-04-08,ORD-500851,fake.customer082@example.com,6,7.25
2023-04-08,ORD-500851,fake.customer082@example.com,4,4.99
2023-04-08,ORD-500851,fake.customer082@example.com,5,12.0
2023-04-10,ORD-500852,fake.customer082@example.com,10,12.0
2023-04-10,ORD-500852,fake.customer082@example.com,6,19.9
2023-04-23,ORD-500853,fake.customer082@example.com,4,7.25
2023-04-23,ORD-500853,fake.customer082@example.com,12,19.9
2023-04-23,ORD-500853,fake.customer082@example.com,12,4.99
2023-05-04,ORD-500854,fake.customer082@example.com,12,7.25
2023-05-12,ORD-500855,fake.customer082@example.com,11,7.25
2023-05-12,ORD-500855,fake.customer082@example.com,11,4.99
2023-05-12,ORD-500855,fake.customer082@example.com,4,19.9
2023-05-14,ORD-500856,fake.customer082@example.com,1,7.25
2023-05-14,ORD-500856,fake.customer082@example.com,6,12.0
2023-08-27,ORD-500857,fake.customer082@example.com,11,19.9
2023-09-04,ORD-500858,fake.customer082@example.com,4,4.99
2023-10-05,ORD-500859,fake.customer082@example.com,9,7.25
2023-10-05,ORD-500859,fake.customer082@example.com,2,3.5
2023-10-17,ORD-500860,fake.customer082@example.com,7,12.0
2023-12-31,ORD-500861,fake.customer082@example.com,9,3.5
2023-12-31,ORD-500861,fake.customer082@example.com,6,7.25
2024-01-04,ORD-500862,fake.customer082@example.com,9,3.5
2024-01-04,ORD-500862,fake.customer082@example.com,9,12.0
2024-03-11,ORD-500863,fake.customer082@example.com,10,12.0
2024-03-11,ORD-500863,fake.customer082@example.com,11,4.99
2024-03-11,ORD-500863,fake.customer082@example.com,8,7.25
2024-03-13,ORD-500864,fake.customer082@example.com,5,12.0
2024-03-13,ORD-500864,fake.customer082@example.com,3,7.25
2024-03-13,ORD-500864,fake.customer082@example.com,9,3.5
2024-05-12,ORD-500865,fake.customer082@example.com,5,7.25
2024-05-12,ORD-500865,fake.customer082@example.com,10,19.9
2024-06-25,ORD-500866,fake.customer082@example.com,10,3.5
2024-06-25,ORD-500866,fake.customer082@example.com,8,4.99
2024-06-25,ORD-500866,fake.customer082@example.com,6,19.9
2024-07-17,ORD-500867,fake.customer082@example.com,9,7.25
2024-08-21,ORD-500868,fake.customer082@example.com,3,19.9
2024-08-25,ORD-500869,fake.customer082@example.com,5,12.0
2024-08-25,ORD-500869,fake.customer082@example.com,10,7.25
2024-09-21,ORD-500870,fake.customer082@example.com,5,12.0
2024-11-18,ORD-500871,fake.customer082@example.com,5,7.25
2024-01-30,ORD-500872,fake.customer083@example.com,10,19.9
2024-04-26,ORD-500873,fake.customer084@example.com,9,7.25
2024-06-19,ORD-500874,fake.customer084@example.com,7,3.5
2023-10-27,ORD-500875,fake.customer085@example.com,7,7.25
2023-10-27,ORD-500875,fake.customer085@example.com,11,12.0
2023-10-27,ORD-500875,fake.customer085@example.com,5,4.99
2023-10-28,ORD-500876,fake.customer085@example.com,12,12.0
2023-10-28,ORD-500876,fake.customer085@example.com,3,7.25
2023-10-28,ORD-500876,fake.customer085@example.com,10,3.5
2023-11-06,ORD-500877,fake.customer085@example.com,1,19.9
2023-11-06,ORD-500877,fake.customer085@example.com,1,4.99
2023-11-08,ORD-500878,fake.customer085@example.com,2,3.5
2023-11-08,ORD-500878,fake.customer085@example.com,9,12.0
2023-11-08,ORD-500878,fake.customer085@example.com,5,4.99
2023-11-17,ORD-500879,fake.customer085@example.com,7,3.5
2023-11-17,ORD-500879,fake.customer085@example.com,7,4.99
2023-11-29,ORD-500880,fake.customer085@example.com,5,19.9
2023-11-29,ORD-500880,fake.customer085@example.com,11,4.99
2023-11-29,ORD-500880,fake.customer085@example.com,4,12.0
2023-12-06,ORD-500881,fake.customer085@example.com,7,3.5
2023-12-06,ORD-500881,fake.customer085@example.com,10,4.99
2023-12-11,ORD-500882,fake.customer085@example.com,12,12.0
2023-12-19,ORD-500883,fake.customer085@example.com,1,4.99
2023-12-19,ORD-500883,fake.customer085@example.com,7,7.25
2023-12-19,ORD-500883,fake.customer085@example.com,10,19.9
2023-12-24,ORD-500884,fake.customer085@example.com,12,7.25
2023-12-24,ORD-500884,fake.customer085@example.com,4,19.9
2023-12-24,ORD-500884,fake.customer085@example.com,6,3.5
2024-01-10,ORD-500885,fake.customer085@example.com,11,19.9
2024-01-22,ORD-500886,fake.customer085@example.com,6,12.0
2024-01-22,ORD-500886,fake.customer085@example.com,5,3.5
2024-01-30,ORD-500887,fake.customer085@example.com,3,19.9
2024-02-08,ORD-500888,fake.customer085@example.com,5,7.25
2024-02-08,ORD-500888,fake.customer085@example.com,6,12.0
2024-02-08,ORD-500888,fake.customer085@example.com,2,3.5
2024-02-14,ORD-500889,fake.customer085@example.com,2,7.25
2024-02-14,ORD-500889,fake.customer085@example.com,9,4.99
2024-02-16,ORD-500890,fake.customer085@example.com,8,4.99
2024-02-16,ORD-500890,fake.customer085@example.com,8,3.5
2024-02-19,ORD-500891,fake.customer085@example.com,6,3.5
2024-02-19,ORD-500891,fake.customer085@example.com,6,4.99
2024-02-26,ORD-500892,fake.customer085@example.com,3,19.9
2024-02-27,ORD-500893,fake.customer085@example.com,9,3.5
2024-02-27,ORD-500893,fake.customer085@example.com,7,19.9
2024-02-27,ORD-500893,fake.customer085@example.com,6,7.25
2024-03-22,ORD-500894,fake.customer085@example.com,11,19.9
2024-03-22,ORD-500894,fake.customer085@example.com,5,12.0
2024-04-06,ORD-500895,fake.customer085@example.com,1,19.9
2024-04-06,ORD-500895,fake.customer085@example.com,5,7.25
2024-04-06,ORD-500895,fake.customer085@example.com,10,12.0
2024-04-19,ORD-500896,fake.customer085@example.com,6,7.25
2024-04-19,ORD-500896,fake.customer085@example.com,8,4.99
2024-05-02,ORD-500897,fake.customer085@example.com,2,12.0
2024-05-02,ORD-500897,fake.customer085@example.com,12,7.25
2024-05-02,ORD-500897,fake.customer085@example.com,8,19.9
2024-05-03,ORD-500898,fake.customer085@example.com,12,7.25
2024-05-10,ORD-500899,fake.customer085@example.com,11,7.25
2024-06-02,ORD-500900,fake.customer085@example.com,10,4.99
2024-06-02,ORD-500900,fake.customer085@example.com,4,19.9
2024-06-02,ORD-500900,fake.customer085@example.com,2,12.0
2024-06-12,ORD-500901,fake.customer085@example.com,1,3.5
2024-06-12,ORD-500901,fake.customer085@example.com,1,12.0
2024-06-12,ORD-500901,fake.customer085@example.com,8,4.99
2024-06-24,ORD-500902,fake.customer085@example.com,11,19.9
2024-06-24,ORD-500902,fake.customer085@example.com,2,3.5
2024-10-01,ORD-500903,fake.customer086@example.com,7,7.25
2024-11-04,ORD-500904,fake.customer086@example.com,6,4.99
2024-11-04,ORD-500904,fake.customer086@example.com,12,3.5
2023-08-23,ORD-500905,fake.customer087@example.com,2,4.99
2023-08-23,ORD-500905,fake.customer087@example.com,3,12.0
2023-09-21,ORD-500906,fake.customer087@example.com,9,4.99
2023-09-26,ORD-500907,fake.customer087@example.com,2,7.25
2023-09-26,ORD-500907,fake.customer087@example.com,1,3.5
2023-10-01,ORD-500908,fake.customer087@example.com,11,4.99
2023-10-01,ORD-500908,fake.customer087@example.com,10,7.25
2023-10-27,ORD-500909,fake.customer087@example.com,10,12.0
2023-10-27,ORD-500909,fake.customer087@example.com,12,3.5
2023-10-27,ORD-500909,fake.customer087@example.com,2,7.25
2023-11-05,ORD-500910,fake.customer087@example.com,4,7.25
2023-11-05,ORD-500910,fake.customer087@example.com,2,12.0
2023-11-05,ORD-500910,fake.customer087@example.com,4,3.5
2023-11-16,ORD-500911,fake.customer087@example.com,8,3.5
2023-11-16,ORD-500911,fake.customer087@example.com,3,4.99
2023-11-16,ORD-500911,fake.customer087@example.com,1,7.25
2023-12-01,ORD-500912,fake.customer087@example.com,3,19.9
2023-12-01,ORD-500912,fake.customer087@example.com,7,12.0
2023-12-10,ORD-500913,fake.customer087@example.com,6,4.99
2023-12-26,ORD-500914,fake.customer087@example.com,10,4.99
2023-12-26,ORD-500914,fake.customer087@example.com,7,3.5
2023-12-26,ORD-500914,fake.customer087@example.com,11,12.0
2023-12-30,ORD-500915,fake.customer087@example.com,1,19.9
2023-12-30,ORD-500915,fake.customer087@example.com,3,7.25
2023-12-30,ORD-500915,fake.customer087@example.com,11,4.99
2023-05-04,ORD-500916,fake.customer088@example.com,10,12.0
2023-05-04,ORD-500916,fake.customer088@example.com,5,4.99
2023-05-20,ORD-500917,fake.customer088@example.com,2,12.0
2023-05-20,ORD-500917,fake.customer088@example.com,2,19.9
2023-05-29,ORD-500918,fake.customer088@example.com,10,4.99
2023-07-09,ORD-500919,fake.customer088@example.com,2,4.99
2023-07-09,ORD-500919,fake.customer088@example.com,3,19.9
2023-07-09,ORD-500919,fake.customer088@example.com,9,12.0
2023-08-03,ORD-500920,fake.customer088@example.com,9,12.0
2023-08-03,ORD-500920,fake.customer088@example.com,3,7.25
2023-08-03,ORD-500920,fake.customer088@example.com,3,4.99
2023-09-18,ORD-500921,fake.customer088@example.com,6,19.9
2023-09-18,ORD-500921,fake.customer088@example.com,9,12.0
2023-09-18,ORD-500921,fake.customer088@example.com,3,3.5
2023-10-15,ORD-500922,fake.customer088@example.com,10,7.25
2024-04-19,ORD-500923,fake.customer088@example.com,6,3.5
2024-04-19,ORD-500923,fake.customer088@example.com,1,12.0
2024-04-23,ORD-500924,fake.customer088@example.com,6,4.99
2024-07-12,ORD-500925,fake.customer088@example.com,12,4.99
2024-08-07,ORD-500926,fake.customer088@example.com,7,19.9
2024-08-11,ORD-500927,fake.customer088@example.com,7,7.25
2024-10-14,ORD-500928,fake.customer088@example.com,9,4.99
2024-11-11,ORD-500929,fake.customer088@example.com,4,19.9
2023-09-14,ORD-500930,fake.customer089@example.com,10,19.9
2023-09-14,ORD-500930,fake.customer089@example.com,4,3.5
2023-10-07,ORD-500931,fake.customer089@example.com,7,7.25
2023-10-09,ORD-500932,fake.customer089@example.com,5,12.0
2023-10-09,ORD-500932,fake.customer089@example.com,2,7.25
2024-11-16,ORD-500933,fake.customer090@example.com,12,7.25
2024-11-16,ORD-500933,fake.customer090@example.com,1,19.9
2024-12-04,ORD-500934,fake.customer090@example.com,8,4.99
2024-12-31,ORD-500935,fake.customer090@example.com,5,3.5
2024-01-03,ORD-500936,fake.customer091@example.com,10,12.0
2024-01-03,ORD-500936,fake.customer091@example.com,5,7.25
2024-01-18,ORD-500937,fake.customer091@example.com,10,4.99
2024-01-18,ORD-500937,fake.customer091@example.com,10,19.9
2024-01-18,ORD-500937,fake.customer091@example.com,3,7.25
2024-02-13,ORD-500938,fake.customer091@example.com,4,7.25
2024-02-13,ORD-500938,fake.customer091@example.com,7,19.9
2024-02-13,ORD-500938,fake.customer091@example.com,2,4.99
2024-03-16,ORD-500939,fake.customer091@example.com,1,12.0
2024-04-17,ORD-500940,fake.customer091@example.com,12,19.9
2024-04-17,ORD-500940,fake.customer091@example.com,5,12.0
2024-06-21,ORD-500941,fake.customer091@example.com,6,7.25
2024-02-20,ORD-500942,fake.customer092@example.com,3,3.5
2024-02-20,ORD-500942,fake.customer092@example.com,12,4.99
2024-03-11,ORD-500943,fake.customer092@example.com,10,7.25
2024-03-11,ORD-500943,fake.customer092@example.com,9,19.9
2024-04-21,ORD-500944,fake.customer092@example.com,12,4.99
2024-06-15,ORD-500945,fake.customer092@example.com,11,3.5
2024-06-15,ORD-500945,fake.customer092@example.com,11,4.99
2024-06-15,ORD-500945,fake.customer092@example.com,5,19.9
2024-06-23,ORD-500946,fake.customer092@example.com,5,19.9
2024-08-25,ORD-500947,fake.customer093@example.com,6,19.9
2024-10-10,ORD-500948,fake.customer093@example.com,4,19.9
2024-11-14,ORD-500949,fake.customer093@example.com,4,7.25
2024-11-15,ORD-500950,fake.customer093@example.com,12,4.99
2024-11-15,ORD-500950,fake.customer093@example.com,10,7.25
2024-11-15,ORD-500950,fake.customer093@example.com,2,12.0
2024-12-07,ORD-500951,fake.customer093@example.com,2,7.25
2024-12-07,ORD-500951,fake.customer093@example.com,9,12.0
2024-12-14,ORD-500952,fake.customer093@example.com,5,4.99
2024-12-14,ORD-500952,fake.customer093@example.com,7,7.25
2024-12-20,ORD-500953,fake.customer093@example.com,3,3.5
2024-12-20,ORD-500953,fake.customer093@example.com,1,12.0
2024-11-30,ORD-500954,fake.customer094@example.com,5,3.5
2024-11-30,ORD-500954,fake.customer094@example.com,9,4.99
2024-12-26,ORD-500955,fake.customer094@example.com,11,7.25
2023-12-18,ORD-500956,fake.customer095@example.com,9,7.25
2024-01-11,ORD-500957,fake.customer095@example.com,4,12.0
2024-01-11,ORD-500957,fake.customer095@example.com,5,4.99
2024-01-13,ORD-500958,fake.customer095@example.com,8,7.25
2024-02-22,ORD-500959,fake.customer095@example.com,10,7.25
2024-02-22,ORD-500959,fake.customer095@example.com,3,12.0
2024-02-22,ORD-500959,fake.customer095@example.com,4,4.99
2023-07-02,ORD-500960,fake.customer096@example.com,5,19.9
2023-08-16,ORD-500961,fake.customer096@example.com,11,19.9
2023-09-04,ORD-500962,fake.customer096@example.com,9,19.9
2023-09-26,ORD-500963,fake.customer096@example.com,9,12.0
2023-09-26,ORD-500963,fake.customer096@example.com,3,3.5
2023-09-26,ORD-500963,fake.customer096@example.com,5,4.99
2024-01-07,ORD-500964,fake.customer096@example.com,12,19.9
2024-01-07,ORD-500964,fake.customer096@example.com,10,12.0
2024-01-07,ORD-500964,fake.customer096@example.com,6,4.99
2024-02-28,ORD-500965,fake.customer096@example.com,3,12.0
2024-02-28,ORD-500965,fake.customer096@example.com,1,4.99
2024-03-28,ORD-500966,fake.customer096@example.com,8,12.0
2024-03-28,ORD-500966,fake.customer096@example.com,11,19.9
2024-09-13,ORD-500967,fake.customer096@example.com,9,7.25
2024-09-13,ORD-500967,fake.customer096@example.com,1,3.5
2024-09-13,ORD-500967,fake.customer096@example.com,2,12.0
2024-09-23,ORD-500968,fake.customer096@example.com,1,12.0
2024-09-23,ORD-500968,fake.customer096@example.com,11,19.9
2024-10-21,ORD-500969,fake.customer096@example.com,12,19.9
2024-10-29,ORD-500970,fake.customer096@example.com,10,7.25
2024-10-29,ORD-500970,fake.customer096@example.com,4,19.9
2024-07-20,ORD-500971,fake.customer097@example.com,11,19.9
2024-07-22,ORD-500972,fake.customer097@example.com,4,3.5
2024-07-22,ORD-500972,fake.customer097@example.com,7,19.9
2024-07-30,ORD-500973,fake.customer097@example.com,12,19.9
2024-07-30,ORD-500973,fake.customer097@example.com,8,12.0
2024-08-01,ORD-500974,fake.customer097@example.com,5,7.25
2024-08-01,ORD-500974,fake.customer097@example.com,3,12.0
2024-08-05,ORD-500975,fake.customer097@example.com,9,3.5
2024-08-07,ORD-500976,fake.customer097@example.com,8,19.9
2024-08-07,ORD-500976,fake.customer097@example.com,3,12.0
2024-08-19,ORD-500977,fake.customer097@example.com,1,12.0
2024-08-26,ORD-500978,fake.customer097@example.com,5,12.0
2024-08-26,ORD-500978,fake.customer097@example.com,2,4.99
2024-09-07,ORD-500979,fake.customer097@example.com,2,3.5
2024-09-08,ORD-500980,fake.customer097@example.com,10,19.9
2024-09-11,ORD-500981,fake.customer097@example.com,3,7.25
2024-09-11,ORD-500981,fake.customer097@example.com,8,4.99
2024-09-12,ORD-500982,fake.customer097@example.com,1,19.9
2024-09-12,ORD-500982,fake.customer097@example.com,4,12.0
2024-09-16,ORD-500983,fake.customer097@example.com,7,7.25
2024-09-19,ORD-500984,fake.customer097@example.com,10,3.5
2024-09-19,ORD-500984,fake.customer097@example.com,7,19.9
2024-09-19,ORD-500984,fake.customer097@example.com,3,7.25
2024-09-20,ORD-500985,fake.customer097@example.com,1,19.9
2024-09-20,ORD-500985,fake.customer097@example.com,2,12.0
2024-09-20,ORD-500985,fake.customer097@example.com,12,4.99
2024-09-22,ORD-500986,fake.customer097@example.com,9,12.0
2024-09-22,ORD-500986,fake.customer097@example.com,9,19.9
2024-09-24,ORD-500987,fake.customer097@example.com,3,7.25
2024-09-24,ORD-500987,fake.customer097@example.com,6,4.99
2024-10-01,ORD-500988,fake.customer097@example.com,10,4.99
2024-10-01,ORD-500988,fake.customer097@example.com,6,12.0
2024-10-02,ORD-500989,fake.customer097@example.com,4,4.99
2024-10-02,ORD-500989,fake.customer097@example.com,10,12.0
2024-10-02,ORD-500989,fake.customer097@example.com,10,7.25
2024-11-02,ORD-500990,fake.customer097@example.com,5,7.25
2024-11-02,ORD-500990,fake.customer097@example.com,5,3.5
2024-11-10,ORD-500991,fake.customer097@example.com,12,19.9
2024-11-10,ORD-500991,fake.customer097@example.com,4,3.5
2024-11-19,ORD-500992,fake.customer097@example.com,8,19.9
2024-11-19,ORD-500992,fake.customer097@example.com,7,12.0
2024-11-21,ORD-500993,fake.customer097@example.com,12,7.25
2024-11-21,ORD-500993,fake.customer097@example.com,1,12.0
2024-11-21,ORD-500993,fake.customer097@example.com,5,4.99
2024-11-25,ORD-500994,fake.customer097@example.com,7,19.9
2024-12-15,ORD-500995,fake.customer097@example.com,12,12.0
2024-12-15,ORD-500995,fake.customer097@example.com,12,7.25
2024-12-15,ORD-500995,fake.customer097@example.com,3,19.9
2024-12-21,ORD-500996,fake.customer097@example.com,11,3.5
2024-12-21,ORD-500996,fake.customer097@example.com,11,7.25
2024-12-21,ORD-500996,fake.customer097@example.com,7,12.0
2023-04-18,ORD-500997,fake.customer098@example.com,6,12.0
2024-06-06,ORD-500998,fake.customer099@example.com,12,4.99
2024-06-06,ORD-500998,fake.customer099@example.com,12,3.5
2024-06-06,ORD-500998,fake.customer099@example.com,8,19.9
2024-07-16,ORD-500999,fake.customer099@example.com,1,4.99
2024-07-20,ORD-501000,fake.customer099@example.com,2,7.25
2024-07-20,ORD-501000,fake.customer099@example.com,3,12.0
2024-07-20,ORD-501000,fake.customer099@example.com,10,4.99
2024-07-31,ORD-501001,fake.customer099@example.com,5,19.9
2024-07-31,ORD-501001,fake.customer099@example.com,9,12.0
2024-08-02,ORD-501002,fake.customer099@example.com,2,19.9
2024-08-11,ORD-501003,fake.customer099@example.com,3,7.25
2024-08-13,ORD-501004,fake.customer099@example.com,2,4.99
2024-08-13,ORD-501004,fake.customer099@example.com,6,19.9
2024-08-19,ORD-501005,fake.customer099@example.com,3,3.5
2024-08-27,ORD-501006,fake.customer099@example.com,6,7.25
2024-09-23,ORD-501007,fake.customer099@example.com,2,3.5
2024-09-29,ORD-501008,fake.customer099@example.com,10,3.5
2024-09-29,ORD-501008,fake.customer099@example.com,9,12.0
2024-10-05,ORD-501009,fake.customer099@example.com,8,12.0
2024-10-05,ORD-501009,fake.customer099@example.com,10,19.9
2024-10-05,ORD-501009,fake.customer099@example.com,10,3.5
2024-10-16,ORD-501010,fake.customer099@example.com,5,12.0
2024-10-16,ORD-501010,fake.customer099@example.com,2,7.25
2024-10-18,ORD-501011,fake.customer099@example.com,8,4.99
2024-10-18,ORD-501011,fake.customer099@example.com,11,12.0
2024-10-18,ORD-501011,fake.customer099@example.com,8,7.25
2024-10-27,ORD-501012,fake.customer099@example.com,2,3.5
2024-10-27,ORD-501012,fake.customer099@example.com,10,12.0
2024-10-27,ORD-501012,fake.customer099@example.com,1,19.9
2024-11-05,ORD-501013,fake.customer099@example.com,7,3.5
2024-11-05,ORD-501013,fake.customer099@example.com,12,12.0
2024-11-22,ORD-501014,fake.customer099@example.com,11,19.9
2024-11-22,ORD-501014,fake.customer099@example.com,10,3.5
2024-11-24,ORD-501015,fake.customer099@example.com,1,12.0
2024-11-24,ORD-501015,fake.customer099@example.com,2,19.9
2024-11-29,ORD-501016,fake.customer099@example.com,7,4.99
2024-11-29,ORD-501016,fake.customer099@example.com,3,12.0
2024-11-29,ORD-501016,fake.customer099@example.com,12,3.5
2024-12-26,ORD-501017,fake.customer099@example.com,9,4.99
2024-12-26,ORD-501017,fake.customer099@example.com,11,3.5
2024-10-25,ORD-501018,fake.customer100@example.com,12,7.25
2024-12-25,ORD-501019,fake.customer100@example.com,6,3.5
2024-12-25,ORD-501019,fake.customer100@example.com,10,19.9
2024-01-01,ORD-501020,fake.customer101@example.com,3,12.0
2024-01-01,ORD-501020,fake.customer101@example.com,8,4.99
2023-07-22,ORD-501021,fake.customer102@example.com,7,12.0
2023-11-22,ORD-501022,fake.customer103@example.com,12,7.25
2023-11-22,ORD-501022,fake.customer103@example.com,10,19.9
2023-11-22,ORD-501022,fake.customer103@example.com,2,3.5
2023-08-18,ORD-501023,fake.customer104@example.com,2,4.99
2023-08-18,ORD-501023,fake.customer104@example.com,3,19.9
2023-08-18,ORD-501023,fake.customer104@example.com,11,3.5
2023-08-22,ORD-501024,fake.customer104@example.com,8,7.25
2023-10-24,ORD-501025,fake.customer104@example.com,1,4.99
2023-10-24,ORD-501025,fake.customer104@example.com,4,12.0
2023-10-24,ORD-501025,fake.customer104@example.com,7,19.9
2023-12-29,ORD-501026,fake.customer104@example.com,10,12.0
2023-12-29,ORD-501026,fake.customer104@example.com,7,3.5
2024-05-29,ORD-501027,fake.customer104@example.com,5,3.5
2024-05-29,ORD-501027,fake.customer104@example.com,9,19.9
2023-10-21,ORD-501028,fake.customer105@example.com,11,4.99
2023-10-21,ORD-501028,fake.customer105@example.com,12,12.0
2023-11-10,ORD-501029,fake.customer105@example.com,4,3.5
2023-11-10,ORD-501029,fake.customer105@example.com,8,7.25
2023-11-10,ORD-501029,fake.customer105@example.com,7,19.9
2024-01-10,ORD-501030,fake.customer105@example.com,5,7.25
2024-01-10,ORD-501030,fake.customer105@example.com,10,19.9
2024-05-26,ORD-501031,fake.customer105@example.com,2,4.99
2023-01-03,ORD-501032,fake.customer106@example.com,6,3.5
2023-01-03,ORD-501032,fake.customer106@example.com,10,12.0
2023-01-03,ORD-501032,fake.customer106@example.com,12,19.9
2023-03-09,ORD-501033,fake.customer106@example.com,7,12.0
2023-03-09,ORD-501033,fake.customer106@example.com,11,7.25
2023-03-09,ORD-501033,fake.customer106@example.com,4,19.9
2023-05-29,ORD-501034,fake.customer106@example.com,3,3.5
2023-05-29,ORD-501034,fake.customer106@example.com,2,7.25
2023-05-29,ORD-501034,fake.customer106@example.com,8,19.9
2023-09-07,ORD-501035,fake.customer106@example.com,4,7.25
2023-09-07,ORD-501035,fake.customer106@example.com,5,3.5
2023-09-07,ORD-501035,fake.customer106@example.com,3,12.0
2023-11-11,ORD-501036,fake.customer106@example.com,1,3.5
2023-11-11,ORD-501036,fake.customer106@example.com,3,4.99
2024-01-11,ORD-501037,fake.customer106@example.com,1,12.0
2024-01-11,ORD-501037,fake.customer106@example.com,1,4.99
2024-01-11,ORD-501037,fake.customer106@example.com,3,3.5
2024-02-02,ORD-501038,fake.customer106@example.com,1,3.5
2024-02-02,ORD-501038,fake.customer106@example.com,5,19.9
2024-02-02,ORD-501038,fake.customer106@example.com,7,12.0
2024-02-17,ORD-501039,fake.customer106@example.com,9,7.25
2024-02-17,ORD-501039,fake.customer106@example.com,3,3.5
2023-04-26,ORD-501040,fake.customer107@example.com,8,12.0
2023-04-26,ORD-501040,fake.customer107@example.com,4,19.9
2023-04-26,ORD-501040,fake.customer107@example.com,2,3.5
2023-08-16,ORD-501041,fake.customer107@example.com,12,3.5
2023-08-17,ORD-501042,fake.customer107@example.com,10,19.9
2023-08-17,ORD-501042,fake.customer107@example.com,7,12.0
2023-08-17,ORD-501042,fake.customer107@example.com,2,7.25
2023-09-20,ORD-501043,fake.customer107@example.com,1,3.5
2023-09-20,ORD-501043,fake.customer107@example.com,8,12.0
2023-09-20,ORD-501043,fake.customer107@example.com,12,19.9
2023-10-29,ORD-501044,fake.customer107@example.com,7,3.5
2023-10-29,ORD-501044,fake.customer107@example.com,2,7.25
2023-10-29,ORD-501044,fake.customer107@example.com,5,4.99
2024-03-05,ORD-501045,fake.customer107@example.com,9,12.0
2024-04-09,ORD-501046,fake.customer107@example.com,10,19.9
2024-07-02,ORD-501047,fake.customer107@example.com,6,7.25
2024-07-02,ORD-501047,fake.customer107@example.com,8,12.0
2024-07-02,ORD-501047,fake.customer107@example.com,3,3.5
2024-10-01,ORD-501048,fake.customer107@example.com,6,19.9
2023-01-15,ORD-501049,fake.customer108@example.com,2,19.9
2023-01-29,ORD-501050,fake.customer108@example.com,5,12.0
2023-01-29,ORD-501050,fake.customer108@example.com,6,19.9
2023-01-29,ORD-501050,fake.customer108@example.com,6,4.99
2023-01-31,ORD-501051,fake.customer108@example.com,12,3.5
2023-01-31,ORD-501051,fake.customer108@example.com,7,4.99
2023-02-28,ORD-501052,fake.customer108@example.com,12,12.0
2023-02-28,ORD-501052,fake.customer108@example.com,1,4.99
2023-03-08,ORD-501053,fake.customer108@example.com,2,19.9
2023-03-08,ORD-501053,fake.customer108@example.com,5,7.25
2023-03-24,ORD-501054,fake.customer108@example.com,7,19.9
2023-03-24,ORD-501054,fake.customer108@example.com,7,7.25
2023-04-19,ORD-501055,fake.customer108@example.com,11,19.9
2023-05-31,ORD-501056,fake.customer108@example.com,11,4.99
2023-05-31,ORD-501056,fake.customer108@example.com,4,12.0
2023-06-20,ORD-501057,fake.customer108@example.com,10,19.9
2023-06-20,ORD-501057,fake.customer108@example.com,5,7.25
2023-08-14,ORD-501058,fake.customer108@example.com,6,19.9
2023-08-14,ORD-501058,fake.customer108@example.com,11,7.25
2023-08-15,ORD-501059,fake.customer108@example.com,3,3.5
2023-08-15,ORD-501059,fake.customer108@example.com,4,4.99
2023-08-22,ORD-501060,fake.customer108@example.com,6,3.5
2023-08-22,ORD-501060,fake.customer108@example.com,1,7.25
2023-09-25,ORD-501061,fake.customer108@example.com,1,12.0
2023-10-14,ORD-501062,fake.customer108@example.com,2,7.25
2023-10-24,ORD-501063,fake.customer108@example.com,10,4.99
2023-10-24,ORD-501063,fake.customer108@example.com,3,7.25
2023-11-03,ORD-501064,fake.customer108@example.com,2,3.5
2023-12-02,ORD-501065,fake.customer108@example.com,9,12.0
2023-12-02,ORD-501065,fake.customer108@example.com,6,7.25
2023-12-02,ORD-501065,fake.customer108@example.com,12,19.9
2023-12-08,ORD-501066,fake.customer108@example.com,2,19.9
2023-12-08,ORD-501066,fake.customer108@example.com,7,12.0
2023-12-08,ORD-501066,fake.customer108@example.com,2,7.25
2024-01-24,ORD-501067,fake.customer108@example.com,4,12.0
2024-01-24,ORD-501067,fake.customer108@example.com,4,4.99
2024-02-04,ORD-501068,fake.customer108@example.com,5,3.5
2024-02-06,ORD-501069,fake.customer108@example.com,9,19.9
2024-03-01,ORD-501070,fake.customer108@example.com,5,19.9
2024-03-04,ORD-501071,fake.customer108@example.com,4,12.0
2024-03-04,ORD-501071,fake.customer108@example.com,5,7.25
2024-04-04,ORD-501072,fake.customer108@example.com,2,7.25
2024-04-04,ORD-501072,fake.customer108@example.com,7,12.0
2024-04-14,ORD-501073,fake.customer108@example.com,1,7.25
2024-04-14,ORD-501073,fake.customer108@example.com,10,19.9
2024-05-15,ORD-501074,fake.customer108@example.com,10,4.99
2024-05-15,ORD-501074,fake.customer108@example.com,11,19.9
2023-09-02,ORD-501075,fake.customer109@example.com,11,12.0
2023-09-02,ORD-501075,fake.customer109@example.com,2,3.5
2023-11-16,ORD-501076,fake.customer109@example.com,4,3.5
2023-12-05,ORD-501077,fake.customer109@example.com,8,3.5
2023-12-05,ORD-501077,fake.customer109@example.com,10,7.25
2023-12-05,ORD-501077,fake.customer109@example.com,5,12.0
2023-12-16,ORD-501078,fake.customer109@example.com,8,19.9
2023-12-16,ORD-501078,fake.customer109@example.com,11,3.5
2024-05-02,ORD-501079,fake.customer109@example.com,3,7.25
2024-05-02,ORD-501079,fake.customer109@example.com,9,3.5
2024-05-30,ORD-501080,fake.customer109@example.com,3,4.99
2024-05-30,ORD-501080,fake.customer109@example.com,5,12.0
2024-12-22,ORD-501081,fake.customer109@example.com,6,4.99
2024-12-22,ORD-501081,fake.customer109@example.com,3,3.5
2023-05-31,ORD-501082,fake.customer110@example.com,2,19.9
2024-01-17,ORD-501083,fake.customer110@example.com,1,4.99
2024-08-13,ORD-501084,fake.customer110@example.com,2,19.9
2024-08-13,ORD-501084,fake.customer110@example.com,4,12.0
2024-08-13,ORD-501084,fake.customer110@example.com,6,7.25
2024-12-06,ORD-501085,fake.customer110@example.com,4,4.99
2024-12-06,ORD-501085,fake.customer110@example.com,11,19.9
2024-12-06,ORD-501085,fake.customer110@example.com,7,3.5
2023-12-10,ORD-501086,fake.customer111@example.com,12,3.5
2023-06-20,ORD-501087,fake.customer112@example.com,6,7.25
2023-06-20,ORD-501087,fake.customer112@example.com,6,12.0
2023-06-20,ORD-501087,fake.customer112@example.com,8,3.5
2023-06-27,ORD-501088,fake.customer112@example.com,6,12.0
2023-11-29,ORD-501089,fake.customer112@example.com,4,19.9
2023-12-18,ORD-501090,fake.customer112@example.com,3,4.99
2023-12-18,ORD-501090,fake.customer112@example.com,3,3.5
2023-12-18,ORD-501090,fake.customer112@example.com,3,7.25
2024-01-21,ORD-501091,fake.customer112@example.com,5,19.9
2024-01-21,ORD-501091,fake.customer112@example.com,2,7.25
2024-01-24,ORD-501092,fake.customer112@example.com,8,12.0
2024-02-14,ORD-501093,fake.customer112@example.com,3,4.99
2024-02-14,ORD-501093,fake.customer112@example.com,6,7.25
2024-03-05,ORD-501094,fake.customer112@example.com,9,3.5
2024-04-30,ORD-501095,fake.customer112@example.com,12,7.25
2024-04-30,ORD-501095,fake.customer112@example.com,10,19.9
2024-04-30,ORD-501095,fake.customer112@example.com,11,3.5
2024-06-08,ORD-501096,fake.customer112@example.com,10,3.5
2024-06-08,ORD-501096,fake.customer112@example.com,7,12.0
2024-06-08,ORD-501096,fake.customer112@example.com,6,7.25
2024-06-13,ORD-501097,fake.customer112@example.com,6,12.0
2024-06-13,ORD-501097,fake.customer112@example.com,7,7.25
2024-06-13,ORD-501097,fake.customer112@example.com,6,3.5
2024-11-28,ORD-501098,fake.customer112@example.com,12,12.0
2024-11-28,ORD-501098,fake.customer112@example.com,5,4.99
2024-11-28,ORD-501098,fake.customer112@example.com,3,3.5
2024-10-24,ORD-501099,fake.customer113@example.com,4,3.5
2024-11-17,ORD-501100,fake.customer113@example.com,5,3.5
2024-11-17,ORD-501100,fake.customer113@example.com,12,12.0
2024-11-17,ORD-501100,fake.customer113@example.com,7,19.9
2024-11-22,ORD-501101,fake.customer113@example.com,12,19.9
2024-12-25,ORD-501102,fake.customer113@example.com,8,4.99
2024-12-25,ORD-501102,fake.customer113@example.com,10,3.5
2024-12-25,ORD-501102,fake.customer113@example.com,1,7.25
2024-04-10,ORD-501103,fake.customer114@example.com,8,12.0
2024-04-10,ORD-501103,fake.customer114@example.com,12,3.5
2024-04-22,ORD-501104,fake.customer114@example.com,1,7.25
2024-05-05,ORD-501105,fake.customer115@example.com,6,3.5
2024-05-05,ORD-501105,fake.customer115@example.com,2,7.25
2024-05-05,ORD-501105,fake.customer115@example.com,12,19.9
2024-08-22,ORD-501106,fake.customer115@example.com,4,7.25
2024-08-22,ORD-501106,fake.customer115@example.com,8,19.9
2024-08-25,ORD-501107,fake.customer115@example.com,10,7.25
2024-08-31,ORD-501108,fake.customer115@example.com,1,7.25
2024-08-31,ORD-501108,fake.customer115@example.com,2,4.99
2024-08-31,ORD-501108,fake.customer115@example.com,8,19.9
2024-11-01,ORD-501109,fake.customer115@example.com,5,3.5
2024-11-01,ORD-501109,fake.customer115@example.com,6,7.25
2024-11-01,ORD-501109,fake.customer115@example.com,9,19.9
2024-12-10,ORD-501110,fake.customer115@example.com,4,4.99
2024-12-10,ORD-501110,fake.customer115@example.com,3,3.5
2024-12-10,ORD-501110,fake.customer115@example.com,1,19.9
2024-12-13,ORD-501111,fake.customer115@example.com,8,4.99
2024-12-13,ORD-501111,fake.customer115@example.com,5,12.0
2024-12-17,ORD-501112,fake.customer115@example.com,5,3.5
2024-12-17,ORD-501112,fake.customer115@example.com,12,4.99
2024-12-17,ORD-501112,fake.customer115@example.com,6,19.9
2024-04-30,ORD-501113,fake.customer116@example.com,3,7.25
2024-04-30,ORD-501113,fake.customer116@example.com,1,19.9
2024-07-10,ORD-501114,fake.customer116@example.com,1,12.0
2024-07-10,ORD-501114,fake.customer116@example.com,7,3.5
2024-08-15,ORD-501115,fake.customer116@example.com,6,12.0
2024-08-15,ORD-501115,fake.customer116@example.com,7,3.5
2024-06-28,ORD-501116,fake.customer117@example.com,7,3.5
2024-06-28,ORD-501116,fake.customer117@example.com,9,7.25
2023-05-17,ORD-501117,fake.customer118@example.com,3,3.5
2023-05-17,ORD-501117,fake.customer118@example.com,8,12.0
2023-05-17,ORD-501117,fake.customer118@example.com,6,19.9
2024-07-28,ORD-501118,fake.customer119@example.com,6,7.25
2024-07-28,ORD-501118,fake.customer119@example.com,6,3.5
2024-07-28,ORD-501118,fake.customer119@example.com,10,19.9
2024-08-04,ORD-501119,fake.customer119@example.com,2,4.99
2024-08-04,ORD-501119,fake.customer119@example.com,6,19.9
2024-08-04,ORD-501119,fake.customer119@example.com,11,12.0
2024-08-13,ORD-501120,fake.customer119@example.com,1,19.9
2024-08-13,ORD-501120,fake.customer119@example.com,7,7.25
2024-08-13,ORD-501120,fake.customer119@example.com,10,3.5
2024-08-24,ORD-501121,fake.customer119@example.com,3,12.0
2024-08-24,ORD-501121,fake.customer119@example.com,9,4.99
2024-08-24,ORD-501121,fake.customer119@example.com,9,3.5
2024-09-10,ORD-501122,fake.customer119@example.com,8,3.5
2024-09-10,ORD-501122,fake.customer119@example.com,5,4.99
2024-09-10,ORD-501122,fake.customer119@example.com,4,7.25
2024-09-29,ORD-501123,fake.customer119@example.com,8,3.5
2024-09-29,ORD-501123,fake.customer119@example.com,6,7.25
2024-09-29,ORD-501123,fake.customer119@example.com,7,19.9
2024-10-05,ORD-501124,fake.customer119@example.com,5,3.5
2024-10-05,ORD-501124,fake.customer119@example.com,10,12.0
2024-10-12,ORD-501125,fake.customer119@example.com,2,3.5
2024-10-12,ORD-501125,fake.customer119@example.com,1,19.9
2024-10-15,ORD-501126,fake.customer119@example.com,2,4.99
2024-10-15,ORD-501126,fake.customer119@example.com,5,7.25
2024-10-31,ORD-501127,fake.customer119@example.com,3,7.25
2024-10-31,ORD-501127,fake.customer119@example.com,1,3.5
2024-10-31,ORD-501127,fake.customer119@example.com,8,19.9
2024-11-04,ORD-501128,fake.customer119@example.com,12,4.99
2024-11-04,ORD-501128,fake.customer119@example.com,8,19.9
2024-11-04,ORD-501128,fake.customer119@example.com,8,3.5
2024-11-18,ORD-501129,fake.customer119@example.com,10,4.99
2024-11-10,ORD-501130,fake.customer120@example.com,7,3.5
2024-11-10,ORD-501130,fake.customer120@example.com,7,7.25
2023-03-30,ORD-501131,fake.customer121@example.com,9,3.5
2023-03-30,ORD-501131,fake.customer121@example.com,2,7.25
2023-03-30,ORD-501131,fake.customer121@example.com,12,19.9
2023-05-07,ORD-501132,fake.customer121@example.com,6,7.25
2023-05-31,ORD-501133,fake.customer121@example.com,1,7.25
2023-05-31,ORD-501133,fake.customer121@example.com,8,12.0
2023-05-31,ORD-501133,fake.customer121@example.com,2,4.99
2023-06-01,ORD-501134,fake.customer121@example.com,11,4.99
2023-06-01,ORD-501134,fake.customer121@example.com,11,3.5
2023-06-22,ORD-501135,fake.customer121@example.com,4,3.5
2023-06-22,ORD-501135,fake.customer121@example.com,3,7.25
2023-06-22,ORD-501135,fake.customer121@example.com,2,4.99
2023-07-08,ORD-501136,fake.customer121@example.com,5,12.0
2023-07-08,ORD-501136,fake.customer121@example.com,1,19.9
2023-07-08,ORD-501136,fake.customer121@example.com,12,3.5
2023-07-16,ORD-501137,fake.customer121@example.com,11,19.9
2023-07-16,ORD-501137,fake.customer121@example.com,3,4.99
2023-07-16,ORD-501137,fake.customer121@example.com,7,12.0
2023-08-10,ORD-501138,fake.customer121@example.com,10,3.5
2023-08-10,ORD-501138,fake.customer121@example.com,10,7.25
2023-08-10,ORD-501138,fake.customer121@example.com,4,4.99
2023-08-25,ORD-501139,fake.customer121@example.com,1,7.25
2023-09-03,ORD-501140,fake.customer121@example.com,10,19.9
2023-09-03,ORD-501140,fake.customer121@example.com,6,3.5
2023-09-03,ORD-501140,fake.customer121@example.com,3,12.0
2023-09-07,ORD-501141,fake.customer121@example.com,7,12.0
2023-09-07,ORD-501141,fake.customer121@example.com,2,19.9
2023-09-15,ORD-501142,fake.customer121@example.com,12,7.25
2023-09-15,ORD-501142,fake.customer121@example.com,5,19.9
2023-09-15,ORD-501142,fake.customer121@example.com,1,12.0
2023-10-10,ORD-501143,fake.customer121@example.com,3,7.25
2023-10-10,ORD-501143,fake.customer121@example.com,8,19.9
2023-10-10,ORD-501143,fake.customer121@example.com,11,12.0
2023-09-04,ORD-501144,fake.customer122@example.com,3,4.99
2023-09-04,ORD-501144,fake.customer122@example.com,2,7.25
2023-09-04,ORD-501144,fake.customer122@example.com,10,19.9
2024-01-10,ORD-501145,fake.customer122@example.com,12,7.25
2024-01-10,ORD-501145,fake.customer122@example.com,3,4.99
2024-01-10,ORD-501145,fake.customer122@example.com,10,3.5
2024-05-04,ORD-501146,fake.customer122@example.com,7,4.99
2024-07-13,ORD-501147,fake.customer122@example.com,2,12.0
2024-07-13,ORD-501147,fake.customer122@example.com,10,7.25
2024-07-13,ORD-501147,fake.customer122@example.com,3,19.9
2024-07-24,ORD-501148,fake.customer122@example.com,4,12.0
2024-07-24,ORD-501148,fake.customer122@example.com,3,3.5
2024-09-21,ORD-501149,fake.customer122@example.com,3,7.25
2024-09-21,ORD-501149,fake.customer122@example.com,6,4.99
2024-09-25,ORD-501150,fake.customer122@example.com,11,12.0
2024-09-08,ORD-501151,fake.customer123@example.com,8,3.5
2024-12-28,ORD-501152,fake.customer123@example.com,6,12.0
2024-11-30,ORD-501153,fake.customer124@example.com,2,19.9
2024-11-30,ORD-501153,fake.customer124@example.com,9,7.25
2024-04-24,ORD-501154,fake.customer125@example.com,6,7.25
2023-10-26,ORD-501155,fake.customer126@example.com,1,3.5
2023-10-26,ORD-501155,fake.customer126@example.com,12,7.25
2023-12-30,ORD-501156,fake.customer126@example.com,8,3.5
2023-12-30,ORD-501156,fake.customer126@example.com,12,12.0
2023-12-30,ORD-501156,fake.customer126@example.com,3,4.99
2024-01-28,ORD-501157,fake.customer126@example.com,5,3.5
2024-01-28,ORD-501157,fake.customer126@example.com,3,12.0
2024-03-08,ORD-501158,fake.customer126@example.com,7,19.9
2024-05-25,ORD-501159,fake.customer126@example.com,8,12.0
2024-07-10,ORD-501160,fake.customer126@example.com,10,4.99
2024-07-10,ORD-501160,fake.customer126@example.com,5,7.25
2024-07-17,ORD-501161,fake.customer126@example.com,3,3.5
2024-08-04,ORD-501162,fake.customer126@example.com,7,19.9
2024-10-09,ORD-501163,fake.customer126@example.com,2,19.9
2024-10-20,ORD-501164,fake.customer126@example.com,11,3.5
2024-10-20,ORD-501164,fake.customer126@example.com,8,7.25
2024-11-16,ORD-501165,fake.customer126@example.com,9,12.0
2024-11-16,ORD-501165,fake.customer126@example.com,7,7.25
2024-11-19,ORD-501166,fake.customer126@example.com,6,3.5
2024-11-19,ORD-501166,fake.customer126@example.com,7,7.25
2024-11-19,ORD-501166,fake.customer126@example.com,2,19.9
2024-08-22,ORD-501167,fake.customer127@example.com,3,3.5
2024-08-22,ORD-501167,fake.customer127@example.com,10,12.0
2024-11-03,ORD-501168,fake.customer127@example.com,12,12.0
2024-11-25,ORD-501169,fake.customer127@example.com,2,3.5
2024-11-25,ORD-501169,fake.customer127@example.com,8,12.0
2024-11-25,ORD-501169,fake.customer127@example.com,7,19.9
2024-10-16,ORD-501170,fake.customer128@example.com,9,3.5
2024-10-16,ORD-501170,fake.customer128@example.com,11,7.25
2024-10-26,ORD-501171,fake.customer128@example.com,12,7.25
2024-10-29,ORD-501172,fake.customer128@example.com,6,7.25
2024-10-29,ORD-501172,fake.customer128@example.com,7,3.5
2024-11-06,ORD-501173,fake.customer128@example.com,12,4.99
2024-11-09,ORD-501174,fake.customer128@example.com,6,19.9
2024-11-09,ORD-501174,fake.customer128@example.com,7,4.99
2024-12-01,ORD-501175,fake.customer128@example.com,6,19.9
2024-05-07,ORD-501176,fake.customer129@example.com,11,3.5
2024-09-08,ORD-501177,fake.customer129@example.com,10,4.99
2024-09-08,ORD-501177,fake.customer129@example.com,3,3.5
2024-09-14,ORD-501178,fake.customer129@example.com,1,12.0
2024-09-14,ORD-501178,fake.customer129@example.com,4,3.5
2024-09-14,ORD-501178,fake.customer129@example.com,3,4.99
2023-02-06,ORD-501179,fake.customer130@example.com,10,7.25
2023-03-06,ORD-501180,fake.customer130@example.com,10,19.9
2023-03-06,ORD-501180,fake.customer130@example.com,5,7.25
2023-03-11,ORD-501181,fake.customer130@example.com,2,4.99
2023-03-18,ORD-501182,fake.customer130@example.com,1,19.9
2023-03-18,ORD-501182,fake.customer130@example.com,1,12.0
2023-03-18,ORD-501182,fake.customer130@example.com,10,3.5
2023-03-19,ORD-501183,fake.customer130@example.com,2,7.25
2023-03-21,ORD-501184,fake.customer130@example.com,5,12.0
2023-04-05,ORD-501185,fake.customer130@example.com,12,12.0
2023-04-06,ORD-501186,fake.customer130@example.com,8,19.9
2023-04-06,ORD-501186,fake.customer130@example.com,6,4.99
2023-04-22,ORD-501187,fake.customer130@example.com,1,12.0
2023-04-22,ORD-501187,fake.customer130@example.com,5,7.25
2023-04-22,ORD-501187,fake.customer130@example.com,1,4.99
2023-05-03,ORD-501188,fake.customer130@example.com,1,4.99
2023-05-04,ORD-501189,fake.customer130@example.com,12,12.0
2023-06-06,ORD-501190,fake.customer130@example.com,12,7.25
2023-06-06,ORD-501190,fake.customer130@example.com,2,12.0
2023-06-07,ORD-501191,fake.customer130@example.com,6,12.0
2023-06-07,ORD-501191,fake.customer130@example.com,1,19.9
2023-06-13,ORD-501192,fake.customer130@example.com,3,7.25
2023-06-13,ORD-501192,fake.customer130@example.com,12,12.0
2023-07-02,ORD-501193,fake.customer130@example.com,7,4.99
2023-07-04,ORD-501194,fake.customer130@example.com,8,3.5
2023-07-13,ORD-501195,fake.customer130@example.com,10,19.9
2023-07-27,ORD-501196,fake.customer130@example.com,5,19.9
2023-07-27,ORD-501196,fake.customer130@example.com,1,4.99
2023-07-29,ORD-501197,fake.customer130@example.com,2,19.9
2023-08-04,ORD-501198,fake.customer130@example.com,5,12.0
2023-08-04,ORD-501198,fake.customer130@example.com,10,19.9
2023-08-04,ORD-501198,fake.customer130@example.com,4,7.25
2023-08-05,ORD-501199,fake.customer130@example.com,8,12.0
2023-08-07,ORD-501200,fake.customer130@example.com,5,4.99
2023-08-07,ORD-501200,fake.customer130@example.com,2,12.0
2023-08-08,ORD-501201,fake.customer130@example.com,6,3.5
2023-08-08,ORD-501201,fake.customer130@example.com,9,19.9
2023-08-08,ORD-501201,fake.customer130@example.com,8,4.99
2023-08-21,ORD-501202,fake.customer130@example.com,6,19.9
2023-08-27,ORD-501203,fake.customer130@example.com,5,7.25
2023-08-27,ORD-501203,fake.customer130@example.com,3,19.9
2023-08-28,ORD-501204,fake.customer130@example.com,4,4.99
2023-09-13,ORD-501205,fake.customer130@example.com,6,3.5
2023-09-13,ORD-501205,fake.customer130@example.com,1,7.25
2023-09-21,ORD-501206,fake.customer130@example.com,4,7.25
2023-09-21,ORD-501206,fake.customer130@example.com,9,4.99
2023-10-03,ORD-501207,fake.customer130@example.com,4,19.9
2023-10-05,ORD-501208,fake.customer130@example.com,3,19.9
2023-10-05,ORD-501208,fake.customer130@example.com,11,3.5
2023-10-05,ORD-501208,fake.customer130@example.com,12,4.99
2023-10-07,ORD-501209,fake.customer130@example.com,12,3.5
2023-10-07,ORD-501209,fake.customer130@example.com,10,4.99
2023-10-16,ORD-501210,fake.customer130@example.com,8,19.9
2023-10-16,ORD-501210,fake.customer130@example.com,4,7.25
2023-10-16,ORD-501210,fake.customer130@example.com,8,12.0
2023-10-24,ORD-501211,fake.customer130@example.com,9,4.99
2023-10-24,ORD-501211,fake.customer130@example.com,2,3.5
2023-11-16,ORD-501212,fake.customer130@example.com,11,4.99
2023-11-16,ORD-501212,fake.customer130@example.com,6,19.9
2023-11-29,ORD-501213,fake.customer130@example.com,3,12.0
2023-12-04,ORD-501214,fake.customer130@example.com,10,19.9
2023-12-04,ORD-501214,fake.customer130@example.com,9,4.99
2023-12-17,ORD-501215,fake.customer130@example.com,12,7.25
2023-12-17,ORD-501215,fake.customer130@example.com,6,19.9
2023-12-18,ORD-501216,fake.customer130@example.com,8,12.0
2023-12-18,ORD-501216,fake.customer130@example.com,12,19.9
2024-01-04,ORD-501217,fake.customer130@example.com,4,3.5
2024-01-04,ORD-501217,fake.customer130@example.com,10,12.0
2024-01-04,ORD-501217,fake.customer130@example.com,10,7.25
2024-01-18,ORD-501218,fake.customer130@example.com,6,3.5
2024-01-22,ORD-501219,fake.customer130@example.com,10,7.25
2024-01-29,ORD-501220,fake.customer130@example.com,2,3.5
2024-02-01,ORD-501221,fake.customer130@example.com,1,19.9
2024-02-01,ORD-501221,fake.customer130@example.com,12,12.0
2024-02-01,ORD-501221,fake.customer130@example.com,9,3.5
2024-03-04,ORD-501222,fake.customer130@example.com,7,12.0
2024-03-04,ORD-501222,fake.customer130@example.com,7,4.99
2024-03-04,ORD-501222,fake.customer130@example.com,4,19.9
2024-03-07,ORD-501223,fake.customer130@example.com,9,12.0
2024-03-07,ORD-501223,fake.customer130@example.com,2,3.5
2024-03-15,ORD-501224,fake.customer130@example.com,9,19.9
2024-03-27,ORD-501225,fake.customer130@example.com,12,3.5
2024-03-28,ORD-501226,fake.customer130@example.com,12,12.0
2024-04-06,ORD-501227,fake.customer130@example.com,10,3.5
2024-08-14,ORD-501228,fake.customer131@example.com,11,4.99
2024-08-14,ORD-501228,fake.customer131@example.com,10,3.5
2024-08-14,ORD-501228,fake.customer131@example.com,6,19.9
2024-09-11,ORD-501229,fake.customer131@example.com,1,12.0
2024-09-11,ORD-501229,fake.customer131@example.com,12,4.99
2024-09-22,ORD-501230,fake.customer131@example.com,9,3.5
2024-09-25,ORD-501231,fake.customer131@example.com,8,7.25
2024-09-25,ORD-501231,fake.customer131@example.com,12,3.5
2024-10-10,ORD-501232,fake.customer131@example.com,9,19.9
2024-10-10,ORD-501232,fake.customer131@example.com,11,4.99
2024-10-10,ORD-501232,fake.customer131@example.com,1,7.25
2024-10-11,ORD-501233,fake.customer131@example.com,3,19.9
2024-10-11,ORD-501233,fake.customer131@example.com,1,4.99
2024-10-11,ORD-501233,fake.customer131@example.com,1,3.5
2024-10-15,ORD-501234,fake.customer131@example.com,6,4.99
2024-10-27,ORD-501235,fake.customer131@example.com,11,19.9
2024-10-27,ORD-501235,fake.customer131@example.com,7,12.0
2024-11-16,ORD-501236,fake.customer131@example.com,2,7.25
2024-11-16,ORD-501236,fake.customer131@example.com,12,3.5
2024-12-06,ORD-501237,fake.customer131@example.com,2,7.25
2024-12-23,ORD-501238,fake.customer131@example.com,1,7.25
2024-12-23,ORD-501238,fake.customer131@example.com,10,12.0
2024-11-01,ORD-501239,fake.customer132@example.com,11,4.99
2024-11-27,ORD-501240,fake.customer132@example.com,12,12.0
2024-11-27,ORD-501240,fake.customer132@example.com,1,19.9
2024-06-12,ORD-501241,fake.customer133@example.com,11,4.99
2024-06-17,ORD-501242,fake.customer133@example.com,11,4.99
2024-06-17,ORD-501242,fake.customer133@example.com,1,19.9
2024-07-20,ORD-501243,fake.customer133@example.com,10,7.25
2024-07-20,ORD-501243,fake.customer133@example.com,11,4.99
2024-09-03,ORD-501244,fake.customer133@example.com,8,19.9
2024-09-03,ORD-501244,fake.customer133@example.com,4,4.99
2024-09-03,ORD-501244,fake.customer133@example.com,9,7.25
2024-09-04,ORD-501245,fake.customer133@example.com,1,4.99
2024-10-16,ORD-501246,fake.customer133@example.com,2,19.9
2024-10-16,ORD-501246,fake.customer133@example.com,2,12.0
2024-10-16,ORD-501246,fake.customer133@example.com,4,3.5
2024-10-26,ORD-501247,fake.customer133@example.com,9,19.9
2024-10-26,ORD-501247,fake.customer133@example.com,2,3.5
2024-11-13,ORD-501248,fake.customer133@example.com,4,3.5
2024-12-28,ORD-501249,fake.customer133@example.com,1,12.0
2024-01-25,ORD-501250,fake.customer134@example.com,12,19.9
2024-01-25,ORD-501250,fake.customer134@example.com,12,3.5
2024-01-25,ORD-501250,fake.customer134@example.com,8,12.0
2024-03-21,ORD-501251,fake.customer134@example.com,6,19.9
2023-08-23,ORD-501252,fake.customer135@example.com,1,19.9
2023-09-18,ORD-501253,fake.customer135@example.com,2,3.5
2023-09-18,ORD-501253,fake.customer135@example.com,2,7.25
2023-10-02,ORD-501254,fake.customer135@example.com,2,7.25
2023-10-02,ORD-501254,fake.customer135@example.com,7,12.0
2023-10-02,ORD-501254,fake.customer135@example.com,12,3.5
2023-10-20,ORD-501255,fake.customer135@example.com,1,12.0
2023-10-20,ORD-501255,fake.customer135@example.com,5,3.5
2023-10-20,ORD-501255,fake.customer135@example.com,4,19.9
2023-11-05,ORD-501256,fake.customer135@example.com,11,7.25
2024-01-26,ORD-501257,fake.customer135@example.com,8,19.9
2024-02-01,ORD-501258,fake.customer135@example.com,3,4.99
2024-02-01,ORD-501258,fake.customer135@example.com,1,7.25
2024-02-13,ORD-501259,fake.customer135@example.com,1,19.9
2024-02-13,ORD-501259,fake.customer135@example.com,11,3.5
2024-03-04,ORD-501260,fake.customer135@example.com,4,12.0
2024-03-21,ORD-501261,fake.customer135@example.com,2,4.99
2024-03-26,ORD-501262,fake.customer135@example.com,8,19.9
2024-04-19,ORD-501263,fake.customer135@example.com,7,12.0
2024-04-19,ORD-501263,fake.customer135@example.com,10,3.5
2024-04-19,ORD-501263,fake.customer135@example.com,2,7.25
2024-05-01,ORD-501264,fake.customer135@example.com,7,12.0
2024-05-02,ORD-501265,fake.customer135@example.com,1,3.5
2024-05-02,ORD-501265,fake.customer135@example.com,1,12.0
2024-05-24,ORD-501266,fake.customer135@example.com,3,3.5
2024-05-24,ORD-501266,fake.customer135@example.com,2,7.25
2024-05-24,ORD-501266,fake.customer135@example.com,10,12.0
2023-06-17,ORD-501267,fake.customer136@example.com,3,3.5
2023-06-17,ORD-501267,fake.customer136@example.com,5,12.0
2023-06-17,ORD-501267,fake.customer136@example.com,1,19.9
2023-08-27,ORD-501268,fake.customer136@example.com,5,7.25
2023-11-14,ORD-501269,fake.customer136@example.com,3,4.99
2023-11-14,ORD-501269,fake.customer136@example.com,1,7.25
2024-01-05,ORD-501270,fake.customer136@example.com,5,19.9
2024-01-05,ORD-501270,fake.customer136@example.com,4,3.5
2024-02-24,ORD-501271,fake.customer136@example.com,11,3.5
2024-02-25,ORD-501272,fake.customer136@example.com,10,4.99
2024-02-25,ORD-501272,fake.customer136@example.com,3,3.5
2024-02-25,ORD-501272,fake.customer136@example.com,5,19.9
2024-07-15,ORD-501273,fake.customer136@example.com,2,19.9
2024-07-26,ORD-501274,fake.customer136@example.com,4,4.99
2024-07-26,ORD-501274,fake.customer136@example.com,1,7.25
2024-09-15,ORD-501275,fake.customer136@example.com,7,3.5
2024-09-15,ORD-501275,fake.customer136@example.com,8,7.25
2023-04-29,ORD-501276,fake.customer137@example.com,6,7.25
2023-05-15,ORD-501277,fake.customer137@example.com,8,12.0
2023-05-26,ORD-501278,fake.customer137@example.com,3,12.0
2023-07-21,ORD-501279,fake.customer137@example.com,5,19.9
2023-07-21,ORD-501279,fake.customer137@example.com,2,12.0
2023-08-24,ORD-501280,fake.customer137@example.com,6,3.5
2023-08-24,ORD-501280,fake.customer137@example.com,7,19.9
2023-08-24,ORD-501280,fake.customer137@example.com,3,12.0
2023-09-12,ORD-501281,fake.customer137@example.com,8,3.5
2023-09-12,ORD-501281,fake.customer137@example.com,12,7.25
2023-09-12,ORD-501281,fake.customer137@example.com,11,19.9
2024-05-18,ORD-501282,fake.customer137@example.com,6,12.0
2023-03-02,ORD-501283,fake.customer138@example.com,1,19.9
2023-10-04,ORD-501284,fake.customer139@example.com,3,3.5
2023-10-21,ORD-501285,fake.customer139@example.com,10,12.0
2023-10-21,ORD-501285,fake.customer139@example.com,6,19.9
2023-11-03,ORD-501286,fake.customer139@example.com,9,3.5
2023-11-03,ORD-501286,fake.customer139@example.com,3,7.25
2023-11-03,ORD-501286,fake.customer139@example.com,4,19.9
2024-01-12,ORD-501287,fake.customer139@example.com,6,7.25
2024-01-12,ORD-501287,fake.customer139@example.com,3,4.99
2024-01-12,ORD-501287,fake.customer139@example.com,9,19.9
2024-01-24,ORD-501288,fake.customer139@example.com,3,4.99
2024-01-25,ORD-501289,fake.customer139@example.com,8,12.0
2024-01-25,ORD-501289,fake.customer139@example.com,10,3.5
2024-01-25,ORD-501289,fake.customer139@example.com,1,19.9
2024-02-09,ORD-501290,fake.customer139@example.com,12,4.99
2024-02-14,ORD-501291,fake.customer139@example.com,11,12.0
2024-03-28,ORD-501292,fake.customer139@example.com,5,4.99
2024-03-28,ORD-501292,fake.customer139@example.com,12,12.0
2024-03-28,ORD-501292,fake.customer139@example.com,6,7.25
2024-04-10,ORD-501293,fake.customer139@example.com,8,12.0
2024-05-10,ORD-501294,fake.customer139@example.com,1,3.5
2024-05-14,ORD-501295,fake.customer139@example.com,11,4.99
2024-05-14,ORD-501295,fake.customer139@example.com,9,12.0
2024-09-08,ORD-501296,fake.customer139@example.com,3,12.0
2024-09-08,ORD-501296,fake.customer139@example.com,4,3.5
2024-10-28,ORD-501297,fake.customer139@example.com,10,7.25
2023-02-16,ORD-501298,fake.customer140@example.com,5,12.0
2023-02-16,ORD-501298,fake.customer140@example.com,9,19.9
2023-02-16,ORD-501298,fake.customer140@example.com,11,7.25
2024-08-26,ORD-501299,fake.customer141@example.com,8,7.25
2024-08-26,ORD-501299,fake.customer141@example.com,10,19.9
2024-08-26,ORD-501299,fake.customer141@example.com,12,3.5
2024-09-10,ORD-501300,fake.customer141@example.com,12,3.5
2024-09-10,ORD-501300,fake.customer141@example.com,12,7.25
2023-06-13,ORD-501301,fake.customer142@example.com,12,7.25
2023-06-13,ORD-501301,fake.customer142@example.com,5,3.5
2023-06-13,ORD-501301,fake.customer142@example.com,8,4.99
2023-06-15,ORD-501302,fake.customer142@example.com,6,3.5
2023-06-15,ORD-501302,fake.customer142@example.com,3,12.0
2023-06-17,ORD-501303,fake.customer142@example.com,8,3.5
2023-06-17,ORD-501303,fake.customer142@example.com,8,7.25
2023-06-17,ORD-501303,fake.customer142@example.com,1,12.0
2023-06-20,ORD-501304,fake.customer142@example.com,1,7.25
2023-06-20,ORD-501304,fake.customer142@example.com,5,4.99
2023-06-20,ORD-501304,fake.customer142@example.com,8,19.9
2023-06-26,ORD-501305,fake.customer142@example.com,3,19.9
2023-06-30,ORD-501306,fake.customer142@example.com,6,12.0
2023-06-30,ORD-501306,fake.customer142@example.com,2,3.5
2023-06-30,ORD-501306,fake.customer142@example.com,9,19.9
2023-07-06,ORD-501307,fake.customer142@example.com,9,4.99
2023-07-06,ORD-501307,fake.customer142@example.com,7,7.25
2023-07-17,ORD-501308,fake.customer142@example.com,5,7.25
2023-07-18,ORD-501309,fake.customer142@example.com,4,19.9
2023-07-18,ORD-501309,fake.customer142@example.com,9,4.99
2023-07-22,ORD-501310,fake.customer142@example.com,6,12.0
2023-07-28,ORD-501311,fake.customer142@example.com,10,3.5
2023-07-28,ORD-501311,fake.customer142@example.com,1,4.99
2023-07-30,ORD-501312,fake.customer142@example.com,11,4.99
2023-07-30,ORD-501312,fake.customer142@example.com,9,3.5
2023-07-30,ORD-501312,fake.customer142@example.com,4,7.25
2023-08-20,ORD-501313,fake.customer142@example.com,2,7.25
2023-08-20,ORD-501313,fake.customer142@example.com,7,12.0
2023-08-20,ORD-501313,fake.customer142@example.com,7,4.99
2023-08-26,ORD-501314,fake.customer142@example.com,8,4.99
2023-08-26,ORD-501314,fake.customer142@example.com,11,12.0
2023-08-28,ORD-501315,fake.customer142@example.com,2,7.25
2023-08-28,ORD-501315,fake.customer142@example.com,9,3.5
2023-08-28,ORD-501315,fake.customer142@example.com,8,12.0
2023-08-29,ORD-501316,fake.customer142@example.com,11,19.9
2023-08-29,ORD-501316,fake.customer142@example.com,4,7.25
2023-09-15,ORD-501317,fake.customer142@example.com,10,19.9
2023-09-21,ORD-501318,fake.customer142@example.com,3,3.5
2023-09-21,ORD-501318,fake.customer142@example.com,6,7.25
2023-09-24,ORD-501319,fake.customer142@example.com,5,3.5
2023-09-24,ORD-501319,fake.customer142@example.com,11,12.0
2023-09-27,ORD-501320,fake.customer142@example.com,1,19.9
2023-09-27,ORD-501320,fake.customer142@example.com,6,3.5
2023-09-28,ORD-501321,fake.customer142@example.com,12,19.9
2023-09-28,ORD-501321,fake.customer142@example.com,8,4.99
2023-10-06,ORD-501322,fake.customer142@example.com,1,7.25
2023-10-10,ORD-501323,fake.customer142@example.com,5,4.99
2023-10-10,ORD-501323,fake.customer142@example.com,5,19.9
2023-10-10,ORD-501323,fake.customer142@example.com,4,12.0
2023-10-18,ORD-501324,fake.customer142@example.com,3,4.99
2023-10-18,ORD-501324,fake.customer142@example.com,1,19.9
2023-10-18,ORD-501324,fake.customer142@example.com,6,12.0
2023-10-21,ORD-501325,fake.customer142@example.com,2,12.0
2023-10-21,ORD-501325,fake.customer142@example.com,7,19.9
2023-10-24,ORD-501326,fake.customer142@example.com,7,12.0
2023-10-24,ORD-501326,fake.customer142@example.com,10,4.99
2023-10-24,ORD-501326,fake.customer142@example.com,2,19.9
2023-10-27,ORD-501327,fake.customer142@example.com,10,12.0
2023-10-28,ORD-501328,fake.customer142@example.com,9,7.25
2023-10-29,ORD-501329,fake.customer142@example.com,2,3.5
2023-10-29,ORD-501329,fake.customer142@example.com,6,7.25
2023-10-29,ORD-501329,fake.customer142@example.com,9,19.9
2023-10-31,ORD-501330,fake.customer142@example.com,8,7.25
2023-10-31,ORD-501330,fake.customer142@example.com,2,12.0
2023-11-04,ORD-501331,fake.customer142@example.com,10,3.5
2023-11-04,ORD-501331,fake.customer142@example.com,3,12.0
2023-11-13,ORD-501332,fake.customer142@example.com,6,19.9
2023-11-13,ORD-501332,fake.customer142@example.com,1,3.5
2023-11-13,ORD-501332,fake.customer142@example.com,10,4.99
2023-11-16,ORD-501333,fake.customer142@example.com,8,12.0
2023-11-16,ORD-501333,fake.customer142@example.com,3,3.5
2023-11-17,ORD-501334,fake.customer142@example.com,4,12.0
2023-11-17,ORD-501334,fake.customer142@example.com,1,7.25
2023-11-17,ORD-501334,fake.customer142@example.com,1,19.9
2023-11-20,ORD-501335,fake.customer142@example.com,8,12.0
2023-11-21,ORD-501336,fake.customer142@example.com,2,7.25
2023-11-23,ORD-501337,fake.customer142@example.com,7,3.5
2023-11-24,ORD-501338,fake.customer142@example.com,12,12.0
2023-12-04,ORD-501339,fake.customer142@example.com,8,12.0
2023-12-04,ORD-501339,fake.customer142@example.com,4,7.25
2023-12-04,ORD-501339,fake.customer142@example.com,11,19.9
2023-12-10,ORD-501340,fake.customer142@example.com,5,7.25
2023-12-11,ORD-501341,fake.customer142@example.com,6,3.5
2023-12-11,ORD-501341,fake.customer142@example.com,4,12.0
2023-12-11,ORD-501341,fake.customer142@example.com,4,7.25
2023-12-13,ORD-501342,fake.customer142@example.com,3,19.9
2023-12-13,ORD-501342,fake.customer142@example.com,1,4.99
2023-12-15,ORD-501343,fake.customer142@example.com,4,4.99
2023-12-15,ORD-501343,fake.customer142@example.com,8,3.5
2023-12-15,ORD-501343,fake.customer142@example.com,4,19.9
2023-12-16,ORD-501344,fake.customer142@example.com,4,19.9
2023-12-16,ORD-501344,fake.customer142@example.com,11,4.99
2023-12-16,ORD-501344,fake.customer142@example.com,11,7.25
2023-12-18,ORD-501345,fake.customer142@example.com,11,3.5
2023-12-18,ORD-501345,fake.customer142@example.com,3,12.0
2023-12-19,ORD-501346,fake.customer142@example.com,5,4.99
2023-12-29,ORD-501347,fake.customer142@example.com,6,3.5
2023-12-31,ORD-501348,fake.customer142@example.com,11,12.0
2023-12-31,ORD-501348,fake.customer142@example.com,4,19.9
2023-12-31,ORD-501348,fake.customer142@example.com,4,3.5
2024-01-03,ORD-501349,fake.customer142@example.com,12,7.25
2024-01-04,ORD-501350,fake.customer142@example.com,3,4.99
2024-01-04,ORD-501350,fake.customer142@example.com,11,7.25
2024-01-04,ORD-501350,fake.customer142@example.com,11,12.0
2024-01-11,ORD-501351,fake.customer142@example.com,10,3.5
2024-01-18,ORD-501352,fake.customer142@example.com,12,19.9
2024-01-20,ORD-501353,fake.customer142@example.com,2,12.0
2024-01-30,ORD-501354,fake.customer142@example.com,9,7.25
2024-01-31,ORD-501355,fake.customer142@example.com,4,3.5
2024-02-07,ORD-501356,fake.customer142@example.com,12,4.99
2024-02-07,ORD-501356,fake.customer142@example.com,6,12.0
2024-02-07,ORD-501356,fake.customer142@example.com,10,3.5
2024-02-18,ORD-501357,fake.customer142@example.com,5,7.25
2024-02-18,ORD-501357,fake.customer142@example.com,8,19.9
2024-02-27,ORD-501358,fake.customer142@example.com,5,19.9
2024-02-27,ORD-501358,fake.customer142@example.com,10,12.0
2024-03-07,ORD-501359,fake.customer142@example.com,8,3.5
2024-03-07,ORD-501359,fake.customer142@example.com,10,19.9
2024-03-27,ORD-501360,fake.customer142@example.com,2,12.0
2024-03-31,ORD-501361,fake.customer142@example.com,1,12.0
2024-03-31,ORD-501361,fake.customer142@example.com,9,7.25
2024-03-31,ORD-501361,fake.customer142@example.com,10,4.99
2024-04-03,ORD-501362,fake.customer142@example.com,10,12.0
2024-04-05,ORD-501363,fake.customer142@example.com,12,7.25
2024-04-05,ORD-501363,fake.customer142@example.com,10,3.5
2024-04-06,ORD-501364,fake.customer142@example.com,10,7.25
2024-04-09,ORD-501365,fake.customer142@example.com,7,7.25
2024-04-09,ORD-501365,fake.customer142@example.com,10,19.9
2024-04-09,ORD-501365,fake.customer142@example.com,3,12.0
2024-04-10,ORD-501366,fake.customer142@example.com,9,3.5
2024-04-16,ORD-501367,fake.customer142@example.com,6,4.99
2024-04-16,ORD-501367,fake.customer142@example.com,3,3.5
2024-04-16,ORD-501367,fake.customer142@example.com,10,7.25
2024-04-21,ORD-501368,fake.customer142@example.com,3,12.0
2024-04-21,ORD-501368,fake.customer142@example.com,12,7.25
2024-04-21,ORD-501368,fake.customer142@example.com,1,19.9
2024-04-28,ORD-501369,fake.customer142@example.com,6,7.25
2024-04-28,ORD-501369,fake.customer142@example.com,12,12.0
2024-04-30,ORD-501370,fake.customer142@example.com,8,3.5
2024-05-09,ORD-501371,fake.customer142@example.com,6,7.25
2024-05-11,ORD-501372,fake.customer142@example.com,5,19.9
2024-06-02,ORD-501373,fake.customer142@example.com,8,19.9
2024-06-02,ORD-501373,fake.customer142@example.com,3,12.0
2024-06-02,ORD-501373,fake.customer142@example.com,10,3.5
2024-06-08,ORD-501374,fake.customer142@example.com,8,7.25
2024-06-08,ORD-501374,fake.customer142@example.com,9,12.0
2024-06-08,ORD-501374,fake.customer142@example.com,1,19.9
2024-06-09,ORD-501375,fake.customer142@example.com,2,3.5
2024-06-09,ORD-501375,fake.customer142@example.com,10,7.25
2024-06-10,ORD-501376,fake.customer142@example.com,10,12.0
2024-06-12,ORD-501377,fake.customer142@example.com,10,4.99
2024-06-13,ORD-501378,fake.customer142@example.com,2,4.99
2024-06-13,ORD-501378,fake.customer142@example.com,4,3.5
2024-06-15,ORD-501379,fake.customer142@example.com,7,12.0
2024-06-15,ORD-501379,fake.customer142@example.com,4,7.25
2024-06-17,ORD-501380,fake.customer142@example.com,6,12.0
2024-06-27,ORD-501381,fake.customer142@example.com,4,4.99
2024-06-27,ORD-501381,fake.customer142@example.com,12,19.9
2024-06-28,ORD-501382,fake.customer142@example.com,11,3.5
2024-06-28,ORD-501382,fake.customer142@example.com,9,4.99
2024-06-28,ORD-501382,fake.customer142@example.com,8,7.25
2024-07-03,ORD-501383,fake.customer142@example.com,7,12.0
2024-07-11,ORD-501384,fake.customer142@example.com,10,3.5
2024-07-11,ORD-501384,fake.customer142@example.com,2,7.25
2024-07-12,ORD-501385,fake.customer142@example.com,4,19.9
2024-07-13,ORD-501386,fake.customer142@example.com,11,7.25
2024-07-13,ORD-501386,fake.customer142@example.com,5,19.9
2024-07-20,ORD-501387,fake.customer142@example.com,9,19.9
2024-07-23,ORD-501388,fake.customer142@example.com,2,4.99
2024-07-23,ORD-501388,fake.customer142@example.com,8,3.5
2024-07-23,ORD-501388,fake.customer142@example.com,8,12.0
2024-07-28,ORD-501389,fake.customer142@example.com,12,12.0
2024-07-28,ORD-501389,fake.customer142@example.com,12,3.5
2024-07-28,ORD-501389,fake.customer142@example.com,2,7.25
2024-08-03,ORD-501390,fake.customer142@example.com,5,4.99
2024-08-03,ORD-501390,fake.customer142@example.com,8,7.25
2024-08-04,ORD-501391,fake.customer142@example.com,5,7.25
2024-08-07,ORD-501392,fake.customer142@example.com,6,12.0
2024-08-07,ORD-501392,fake.customer142@example.com,10,7.25
2024-08-07,ORD-501392,fake.customer142@example.com,4,3.5
2024-08-19,ORD-501393,fake.customer142@example.com,10,3.5
2024-08-21,ORD-501394,fake.customer142@example.com,5,3.5
2024-09-02,ORD-501395,fake.customer142@example.com,1,7.25
2024-09-02,ORD-501395,fake.customer142@example.com,6,12.0
2024-09-02,ORD-501395,fake.customer142@example.com,7,19.9
2024-09-06,ORD-501396,fake.customer142@example.com,2,12.0
2024-09-06,ORD-501396,fake.customer142@example.com,5,19.9
2024-09-08,ORD-501397,fake.customer142@example.com,3,7.25
2024-10-05,ORD-501398,fake.customer142@example.com,6,3.5
2024-10-11,ORD-501399,fake.customer142@example.com,4,3.5
2024-11-05,ORD-501400,fake.customer142@example.com,3,7.25
2024-11-05,ORD-501400,fake.customer142@example.com,9,4.99
2024-11-12,ORD-501401,fake.customer142@example.com,12,3.5
2024-11-13,ORD-501402,fake.customer142@example.com,9,7.25
2024-11-13,ORD-501402,fake.customer142@example.com,10,4.99
2024-11-15,ORD-501403,fake.customer142@example.com,10,12.0
2024-11-17,ORD-501404,fake.customer142@example.com,4,4.99
2024-11-17,ORD-501404,fake.customer142@example.com,12,12.0
2024-11-21,ORD-501405,fake.customer142@example.com,12,7.25
2024-11-21,ORD-501405,fake.customer142@example.com,9,4.99
2024-11-27,ORD-501406,fake.customer142@example.com,8,4.99
2024-11-27,ORD-501406,fake.customer142@example.com,3,7.25
2024-12-04,ORD-501407,fake.customer142@example.com,6,12.0
2024-12-07,ORD-501408,fake.customer142@example.com,1,7.25
2024-12-07,ORD-501408,fake.customer142@example.com,6,12.0
2024-12-07,ORD-501408,fake.customer142@example.com,8,3.5
2024-12-18,ORD-501409,fake.customer142@example.com,8,3.5
2024-12-18,ORD-501409,fake.customer142@example.com,5,7.25
2024-12-21,ORD-501410,fake.customer142@example.com,2,4.99
2024-12-21,ORD-501410,fake.customer142@example.com,10,3.5
2024-12-23,ORD-501411,fake.customer142@example.com,4,19.9
2023-02-07,ORD-501412,fake.customer143@example.com,3,4.99
2023-02-07,ORD-501412,fake.customer143@example.com,6,7.25
2023-02-07,ORD-501412,fake.customer143@example.com,5,3.5
2023-03-13,ORD-501413,fake.customer143@example.com,7,12.0
2023-03-30,ORD-501414,fake.customer143@example.com,2,4.99
2023-03-30,ORD-501414,fake.customer143@example.com,7,7.25
2023-03-30,ORD-501414,fake.customer143@example.com,12,19.9
2023-04-09,ORD-501415,fake.customer143@example.com,5,12.0
2023-08-11,ORD-501416,fake.customer143@example.com,4,3.5
2023-08-11,ORD-501416,fake.customer143@example.com,10,4.99
2023-09-01,ORD-501417,fake.customer143@example.com,1,19.9
2023-09-13,ORD-501418,fake.customer143@example.com,12,4.99
2023-09-13,ORD-501418,fake.customer143@example.com,9,7.25
2024-09-30,ORD-501419,fake.customer144@example.com,10,7.25
2024-09-30,ORD-501419,fake.customer144@example.com,2,19.9
2024-06-16,ORD-501420,fake.customer145@example.com,3,4.99
2024-12-22,ORD-501421,fake.customer145@example.com,4,19.9
2024-12-22,ORD-501421,fake.customer145@example.com,9,3.5
2024-12-22,ORD-501421,fake.customer145@example.com,9,12.0
2024-08-30,ORD-501422,fake.customer146@example.com,10,7.25
2024-08-30,ORD-501422,fake.customer146@example.com,4,19.9
2024-09-01,ORD-501423,fake.customer146@example.com,5,7.25
2024-09-07,ORD-501424,fake.customer146@example.com,9,7.25
2024-09-07,ORD-501424,fake.customer146@example.com,9,19.9
2024-09-13,ORD-501425,fake.customer146@example.com,12,7.25
2024-09-13,ORD-501425,fake.customer146@example.com,6,19.9
2024-09-18,ORD-501426,fake.customer146@example.com,3,3.5
2024-09-18,ORD-501426,fake.customer146@example.com,10,4.99
2024-09-18,ORD-501426,fake.customer146@example.com,12,19.9
2024-12-06,ORD-501427,fake.customer146@example.com,4,7.25
2024-12-06,ORD-501427,fake.customer146@example.com,7,12.0
2024-12-12,ORD-501428,fake.customer146@example.com,9,3.5
2024-12-12,ORD-501428,fake.customer146@example.com,11,7.25
2024-12-26,ORD-501429,fake.customer146@example.com,4,12.0
2024-11-11,ORD-501430,fake.customer147@example.com,8,19.9
2024-11-11,ORD-501430,fake.customer147@example.com,9,7.25
2024-11-11,ORD-501430,fake.customer147@example.com,10,4.99
2024-11-14,ORD-501431,fake.customer147@example.com,2,7.25
2024-11-14,ORD-501431,fake.customer147@example.com,11,19.9
2024-11-14,ORD-501431,fake.customer147@example.com,7,4.99
2024-07-02,ORD-501432,fake.customer148@example.com,7,7.25
2024-07-02,ORD-501432,fake.customer148@example.com,12,12.0
2024-08-20,ORD-501433,fake.customer148@example.com,2,3.5
2024-08-21,ORD-501434,fake.customer148@example.com,8,7.25
2024-08-21,ORD-501434,fake.customer148@example.com,6,3.5
2024-08-21,ORD-501434,fake.customer148@example.com,1,19.9
2024-03-06,ORD-501435,fake.customer149@example.com,7,12.0
2024-11-30,ORD-501436,fake.customer150@example.com,1,12.0
2024-11-30,ORD-501436,fake.customer150@example.com,4,7.25
2023-04-11,ORD-501437,fake.customer151@example.com,11,7.25
2023-04-21,ORD-501438,fake.customer151@example.com,3,3.5
2023-04-21,ORD-501438,fake.customer151@example.com,3,4.99
2023-04-29,ORD-501439,fake.customer151@example.com,9,12.0
2023-05-18,ORD-501440,fake.customer151@example.com,4,3.5
2023-05-18,ORD-501440,fake.customer151@example.com,7,7.25
2023-05-18,ORD-501440,fake.customer151@example.com,1,12.0
2023-07-09,ORD-501441,fake.customer151@example.com,2,4.99
2023-07-09,ORD-501441,fake.customer151@example.com,12,3.5
2023-07-26,ORD-501442,fake.customer151@example.com,6,3.5
2023-08-20,ORD-501443,fake.customer151@example.com,7,7.25
2023-08-20,ORD-501443,fake.customer151@example.com,10,12.0
2023-08-21,ORD-501444,fake.customer151@example.com,4,3.5
2023-08-21,ORD-501444,fake.customer151@example.com,11,7.25
2023-09-20,ORD-501445,fake.customer151@example.com,9,4.99
2023-09-20,ORD-501445,fake.customer151@example.com,4,19.9
2023-09-30,ORD-501446,fake.customer151@example.com,6,3.5
2023-10-11,ORD-501447,fake.customer151@example.com,5,19.9
2023-10-11,ORD-501447,fake.customer151@example.com,12,7.25
2023-10-11,ORD-501447,fake.customer151@example.com,8,12.0
2023-10-15,ORD-501448,fake.customer151@example.com,10,3.5
2023-11-28,ORD-501449,fake.customer151@example.com,5,4.99
2023-11-28,ORD-501449,fake.customer151@example.com,5,19.9
2023-11-28,ORD-501449,fake.customer151@example.com,6,3.5
2023-12-26,ORD-501450,fake.customer151@example.com,1,12.0
2023-12-26,ORD-501450,fake.customer151@example.com,5,3.5
2023-12-26,ORD-501450,fake.customer151@example.com,1,7.25
2024-01-06,ORD-501451,fake.customer151@example.com,12,4.99
2024-01-06,ORD-501451,fake.customer151@example.com,6,12.0
2024-01-26,ORD-501452,fake.customer151@example.com,4,19.9
2024-02-17,ORD-501453,fake.customer151@example.com,6,19.9
2024-02-17,ORD-501453,fake.customer151@example.com,10,7.25
2024-02-17,ORD-501453,fake.customer151@example.com,7,12.0
2024-02-20,ORD-501454,fake.customer151@example.com,11,4.99
2024-03-13,ORD-501455,fake.customer151@example.com,11,7.25
2024-04-01,ORD-501456,fake.customer151@example.com,10,12.0
2024-04-09,ORD-501457,fake.customer151@example.com,6,19.9
2024-04-23,ORD-501458,fake.customer151@example.com,4,4.99
2024-04-24,ORD-501459,fake.customer151@example.com,11,3.5
2024-04-24,ORD-501459,fake.customer151@example.com,9,4.99
2024-06-01,ORD-501460,fake.customer151@example.com,9,19.9
2024-06-01,ORD-501460,fake.customer151@example.com,2,7.25
2024-06-02,ORD-501461,fake.customer151@example.com,5,3.5
2024-06-02,ORD-501461,fake.customer151@example.com,7,4.99
2024-06-02,ORD-501461,fake.customer151@example.com,8,12.0
2024-06-16,ORD-501462,fake.customer151@example.com,1,19.9
2024-06-16,ORD-501462,fake.customer151@example.com,9,7.25
2024-06-16,ORD-501462,fake.customer151@example.com,11,3.5
2024-07-17,ORD-501463,fake.customer151@example.com,2,19.9
2024-08-04,ORD-501464,fake.customer151@example.com,12,3.5
2024-08-04,ORD-501464,fake.customer151@example.com,5,4.99
2024-08-04,ORD-501464,fake.customer151@example.com,1,19.9
2024-08-24,ORD-501465,fake.customer151@example.com,9,19.9
2024-08-24,ORD-501465,fake.customer151@example.com,2,7.25
2024-08-24,ORD-501465,fake.customer151@example.com,3,3.5
2024-08-26,ORD-501466,fake.customer151@example.com,11,19.9
2024-08-26,ORD-501466,fake.customer151@example.com,5,3.5
2024-08-26,ORD-501466,fake.customer151@example.com,9,12.0
2024-09-28,ORD-501467,fake.customer151@example.com,5,4.99
2024-09-28,ORD-501467,fake.customer151@example.com,3,19.9
2024-10-14,ORD-501468,fake.customer151@example.com,11,7.25
2024-10-14,ORD-501468,fake.customer151@example.com,12,19.9
2024-10-14,ORD-501468,fake.customer151@example.com,2,12.0
2024-10-21,ORD-501469,fake.customer151@example.com,9,7.25
2024-11-09,ORD-501470,fake.customer151@example.com,1,3.5
2024-11-10,ORD-501471,fake.customer151@example.com,1,12.0
2024-11-10,ORD-501471,fake.customer151@example.com,3,7.25
2024-12-01,ORD-501472,fake.customer151@example.com,10,4.99
2024-12-01,ORD-501472,fake.customer151@example.com,5,3.5
2024-12-01,ORD-501472,fake.customer151@example.com,12,19.9
2024-12-07,ORD-501473,fake.customer151@example.com,12,19.9
2024-12-07,ORD-501473,fake.customer151@example.com,4,4.99
2024-12-07,ORD-501473,fake.customer151@example.com,11,3.5
2024-12-08,ORD-501474,fake.customer151@example.com,5,4.99
2024-12-19,ORD-501475,fake.customer151@example.com,9,3.5
2024-12-19,ORD-501475,fake.customer151@example.com,9,19.9
2024-08-03,ORD-501476,fake.customer152@example.com,12,7.25
2024-08-03,ORD-501476,fake.customer152@example.com,3,12.0
2024-08-10,ORD-501477,fake.customer152@example.com,6,3.5
2024-08-10,ORD-501477,fake.customer152@example.com,9,19.9
2024-08-29,ORD-501478,fake.customer152@example.com,8,4.99
2024-08-29,ORD-501478,fake.customer152@example.com,2,19.9
2024-08-29,ORD-501478,fake.customer152@example.com,6,3.5
2024-09-14,ORD-501479,fake.customer152@example.com,10,19.9
2024-10-08,ORD-501480,fake.customer152@example.com,7,4.99
2024-10-08,ORD-501480,fake.customer152@example.com,1,12.0
2024-10-17,ORD-501481,fake.customer152@example.com,6,12.0
2024-10-18,ORD-501482,fake.customer152@example.com,1,3.5
2024-10-18,ORD-501482,fake.customer152@example.com,1,12.0
2024-10-18,ORD-501482,fake.customer152@example.com,11,19.9
2024-10-25,ORD-501483,fake.customer152@example.com,4,19.9
2024-10-25,ORD-501483,fake.customer152@example.com,9,4.99
2024-10-30,ORD-501484,fake.customer152@example.com,7,3.5
2024-10-30,ORD-501484,fake.customer152@example.com,6,19.9
2024-10-30,ORD-501484,fake.customer152@example.com,3,4.99
2024-12-01,ORD-501485,fake.customer152@example.com,1,7.25
2024-12-01,ORD-501485,fake.customer152@example.com,9,12.0
2024-12-01,ORD-501485,fake.customer152@example.com,9,3.5
2023-02-10,ORD-501486,fake.customer153@example.com,11,12.0
2023-02-10,ORD-501486,fake.customer153@example.com,9,7.25
2023-02-10,ORD-501486,fake.customer153@example.com,7,19.9
2023-11-04,ORD-501487,fake.customer153@example.com,2,12.0
2023-11-04,ORD-501487,fake.customer153@example.com,6,4.99
2024-01-27,ORD-501488,fake.customer153@example.com,12,7.25
2024-01-27,ORD-501488,fake.customer153@example.com,2,19.9
2024-01-27,ORD-501488,fake.customer153@example.com,9,3.5
2024-09-18,ORD-501489,fake.customer153@example.com,12,19.9
2024-09-18,ORD-501489,fake.customer153@example.com,3,3.5
2024-09-18,ORD-501489,fake.customer153@example.com,12,12.0
2024-11-02,ORD-501490,fake.customer153@example.com,8,4.99
2024-11-02,ORD-501490,fake.customer153@example.com,5,12.0
2024-11-06,ORD-501491,fake.customer153@example.com,7,4.99
2024-11-06,ORD-501491,fake.customer153@example.com,8,19.9
2024-12-09,ORD-501492,fake.customer153@example.com,10,12.0
2024-12-09,ORD-501492,fake.customer153@example.com,7,4.99
2024-12-09,ORD-501492,fake.customer153@example.com,3,7.25
2023-05-05,ORD-501493,fake.customer154@example.com,10,3.5
2023-05-05,ORD-501493,fake.customer154@example.com,6,4.99
2023-05-05,ORD-501493,fake.customer154@example.com,2,12.0
2023-05-25,ORD-501494,fake.customer154@example.com,6,3.5
2023-05-25,ORD-501494,fake.customer154@example.com,6,7.25
2023-05-30,ORD-501495,fake.customer154@example.com,12,7.25
2023-06-05,ORD-501496,fake.customer154@example.com,1,4.99
2023-06-05,ORD-501496,fake.customer154@example.com,9,3.5
2023-06-05,ORD-501496,fake.customer154@example.com,7,7.25
2023-06-08,ORD-501497,fake.customer154@example.com,4,3.5
2023-06-08,ORD-501497,fake.customer154@example.com,4,7.25
2023-06-08,ORD-501497,fake.customer154@example.com,6,19.9
2023-06-13,ORD-501498,fake.customer154@example.com,7,3.5
2023-06-13,ORD-501498,fake.customer154@example.com,8,7.25
2023-06-16,ORD-501499,fake.customer154@example.com,5,7.25
2023-06-16,ORD-501499,fake.customer154@example.com,4,19.9
2023-06-22,ORD-501500,fake.customer154@example.com,2,7.25
2023-06-29,ORD-501501,fake.customer154@example.com,5,3.5
2023-07-17,ORD-501502,fake.customer154@example.com,3,3.5
2023-07-17,ORD-501502,fake.customer154@example.com,11,19.9
2023-08-29,ORD-501503,fake.customer154@example.com,10,7.25
2023-09-05,ORD-501504,fake.customer154@example.com,6,7.25
2023-10-04,ORD-501505,fake.customer154@example.com,5,7.25
2023-10-04,ORD-501505,fake.customer154@example.com,8,12.0
2023-11-07,ORD-501506,fake.customer154@example.com,5,12.0
2023-11-09,ORD-501507,fake.customer154@example.com,4,7.25
2023-12-07,ORD-501508,fake.customer154@example.com,11,3.5
2023-12-07,ORD-501508,fake.customer154@example.com,4,4.99
2023-12-08,ORD-501509,fake.customer154@example.com,3,3.5
2023-12-08,ORD-501509,fake.customer154@example.com,12,4.99
2023-12-08,ORD-501509,fake.customer154@example.com,2,19.9
2023-12-13,ORD-501510,fake.customer154@example.com,2,12.0
2023-12-13,ORD-501510,fake.customer154@example.com,10,19.9
2023-12-13,ORD-501510,fake.customer154@example.com,5,3.5
2023-12-22,ORD-501511,fake.customer154@example.com,5,19.9
2023-12-22,ORD-501511,fake.customer154@example.com,7,7.25
2023-12-23,ORD-501512,fake.customer154@example.com,9,7.25
2024-01-06,ORD-501513,fake.customer154@example.com,9,4.99
2024-01-06,ORD-501513,fake.customer154@example.com,1,19.9
2024-01-11,ORD-501514,fake.customer154@example.com,8,7.25
2024-01-11,ORD-501514,fake.customer154@example.com,6,19.9
2024-01-11,ORD-501514,fake.customer154@example.com,9,12.0
2024-01-20,ORD-501515,fake.customer154@example.com,1,4.99
2024-01-20,ORD-501515,fake.customer154@example.com,11,12.0
2024-01-30,ORD-501516,fake.customer154@example.com,1,12.0
2024-01-30,ORD-501516,fake.customer154@example.com,9,19.9
2024-01-30,ORD-501516,fake.customer154@example.com,3,3.5
2024-02-02,ORD-501517,fake.customer154@example.com,7,7.25
2024-02-02,ORD-501517,fake.customer154@example.com,6,4.99
2024-02-09,ORD-501518,fake.customer154@example.com,4,7.25
2024-02-13,ORD-501519,fake.customer154@example.com,11,7.25
2024-02-13,ORD-501519,fake.customer154@example.com,10,12.0
2024-03-30,ORD-501520,fake.customer154@example.com,11,3.5
2024-03-30,ORD-501520,fake.customer154@example.com,2,12.0
2024-03-30,ORD-501520,fake.customer154@example.com,7,7.25
2024-04-04,ORD-501521,fake.customer154@example.com,8,12.0
2024-04-04,ORD-501521,fake.customer154@example.com,5,19.9
2024-04-04,ORD-501521,fake.customer154@example.com,5,4.99
2024-04-11,ORD-501522,fake.customer154@example.com,5,7.25
2024-04-11,ORD-501522,fake.customer154@example.com,6,4.99
2024-04-11,ORD-501522,fake.customer154@example.com,2,3.5
2024-04-24,ORD-501523,fake.customer154@example.com,4,4.99
2024-04-24,ORD-501523,fake.customer154@example.com,6,19.9
2024-04-24,ORD-501523,fake.customer154@example.com,7,7.25
2024-05-03,ORD-501524,fake.customer154@example.com,6,12.0
2024-05-21,ORD-501525,fake.customer154@example.com,4,3.5
2024-05-26,ORD-501526,fake.customer154@example.com,2,19.9
2024-05-26,ORD-501526,fake.customer154@example.com,4,12.0
2024-06-29,ORD-501527,fake.customer154@example.com,5,19.9
2024-06-29,ORD-501527,fake.customer154@example.com,8,7.25
2024-06-29,ORD-501527,fake.customer154@example.com,2,3.5
2024-07-22,ORD-501528,fake.customer154@example.com,4,3.5
2024-07-22,ORD-501528,fake.customer154@example.com,10,19.9
2024-07-22,ORD-501528,fake.customer154@example.com,12,4.99
2024-08-11,ORD-501529,fake.customer154@example.com,11,19.9
2024-08-11,ORD-501529,fake.customer154@example.com,1,3.5
2024-08-27,ORD-501530,fake.customer154@example.com,3,3.5
2024-09-03,ORD-501531,fake.customer154@example.com,9,4.99
2024-09-03,ORD-501531,fake.customer154@example.com,4,3.5
2024-09-03,ORD-501531,fake.customer154@example.com,7,19.9
2024-09-05,ORD-501532,fake.customer154@example.com,5,3.5
2024-09-05,ORD-501532,fake.customer154@example.com,8,7.25
2024-09-05,ORD-501532,fake.customer154@example.com,1,12.0
2024-09-06,ORD-501533,fake.customer154@example.com,12,19.9
2024-09-06,ORD-501533,fake.customer154@example.com,11,12.0
2024-09-06,ORD-501533,fake.customer154@example.com,7,7.25
2024-09-15,ORD-501534,fake.customer154@example.com,4,4.99
2024-09-24,ORD-501535,fake.customer154@example.com,7,3.5
2024-10-03,ORD-501536,fake.customer154@example.com,12,3.5
2024-10-25,ORD-501537,fake.customer154@example.com,8,4.99
2024-10-25,ORD-501537,fake.customer154@example.com,9,12.0
2024-11-11,ORD-501538,fake.customer154@example.com,2,19.9
2024-11-11,ORD-501538,fake.customer154@example.com,1,12.0
2024-11-15,ORD-501539,fake.customer154@example.com,12,4.99
2024-11-15,ORD-501539,fake.customer154@example.com,6,7.25
2024-11-15,ORD-501539,fake.customer154@example.com,6,12.0
2024-12-01,ORD-501540,fake.customer154@example.com,8,12.0
2024-12-14,ORD-501541,fake.customer154@example.com,2,12.0
2024-12-21,ORD-501542,fake.customer154@example.com,10,12.0
2024-12-28,ORD-501543,fake.customer154@example.com,4,7.25
2024-05-13,ORD-501544,fake.customer155@example.com,4,7.25
2024-05-13,ORD-501544,fake.customer155@example.com,12,19.9
2024-05-13,ORD-501544,fake.customer155@example.com,3,12.0
2024-10-08,ORD-501545,fake.customer156@example.com,3,19.9
2024-10-08,ORD-501545,fake.customer156@example.com,12,7.25
2024-10-08,ORD-501545,fake.customer156@example.com,2,12.0
2024-11-03,ORD-501546,fake.customer156@example.com,7,3.5
2024-11-03,ORD-501546,fake.customer156@example.com,2,19.9
2024-11-03,ORD-501546,fake.customer156@example.com,2,7.25
2023-09-23,ORD-501547,fake.customer157@example.com,8,12.0
2023-09-23,ORD-501547,fake.customer157@example.com,1,3.5
2024-08-05,ORD-501548,fake.customer158@example.com,9,7.25
2024-08-25,ORD-501549,fake.customer158@example.com,6,7.25
2024-10-04,ORD-501550,fake.customer158@example.com,3,3.5
2024-10-04,ORD-501550,fake.customer158@example.com,11,19.9
2024-10-04,ORD-501550,fake.customer158@example.com,4,7.25
2024-10-06,ORD-501551,fake.customer158@example.com,5,7.25
2023-06-13,ORD-501552,fake.customer159@example.com,10,7.25
2023-06-13,ORD-501552,fake.customer159@example.com,5,12.0
2023-07-27,ORD-501553,fake.customer159@example.com,6,7.25
2023-07-27,ORD-501553,fake.customer159@example.com,5,4.99
2023-07-27,ORD-501553,fake.customer159@example.com,4,12.0
2023-08-01,ORD-501554,fake.customer159@example.com,6,19.9
2023-08-01,ORD-501554,fake.customer159@example.com,7,7.25
2023-08-17,ORD-501555,fake.customer159@example.com,11,12.0
2023-08-22,ORD-501556,fake.customer159@example.com,2,4.99
2023-09-07,ORD-501557,fake.customer159@example.com,10,4.99
2023-09-07,ORD-501557,fake.customer159@example.com,3,19.9
2023-09-16,ORD-501558,fake.customer159@example.com,8,7.25
2023-09-29,ORD-501559,fake.customer159@example.com,2,7.25
2023-10-28,ORD-501560,fake.customer159@example.com,1,4.99
2023-12-10,ORD-501561,fake.customer159@example.com,12,12.0
2023-12-17,ORD-501562,fake.customer159@example.com,5,3.5
2023-12-17,ORD-501562,fake.customer159@example.com,9,7.25
2023-12-17,ORD-501562,fake.customer159@example.com,2,12.0
2023-12-18,ORD-501563,fake.customer159@example.com,3,19.9
2024-01-15,ORD-501564,fake.customer159@example.com,3,7.25
2024-01-15,ORD-501564,fake.customer159@example.com,11,4.99
2024-01-15,ORD-501564,fake.customer159@example.com,7,12.0
2024-03-06,ORD-501565,fake.customer159@example.com,3,12.0
2024-03-06,ORD-501565,fake.customer159@example.com,1,4.99
2024-03-21,ORD-501566,fake.customer159@example.com,9,4.99
2024-03-21,ORD-501566,fake.customer159@example.com,9,12.0
2024-03-21,ORD-501566,fake.customer159@example.com,7,3.5
2024-03-28,ORD-501567,fake.customer159@example.com,5,3.5
2024-03-28,ORD-501567,fake.customer159@example.com,9,12.0
2024-03-28,ORD-501567,fake.customer159@example.com,1,7.25
2024-04-19,ORD-501568,fake.customer159@example.com,11,7.25
2024-04-19,ORD-501568,fake.customer159@example.com,11,4.99
2024-05-07,ORD-501569,fake.customer159@example.com,12,4.99
2024-05-07,ORD-501569,fake.customer159@example.com,5,12.0
2024-05-07,ORD-501569,fake.customer159@example.com,12,7.25
2024-05-10,ORD-501570,fake.customer159@example.com,8,4.99
2024-05-18,ORD-501571,fake.customer159@example.com,4,12.0
2024-05-18,ORD-501571,fake.customer159@example.com,2,4.99
2024-06-05,ORD-501572,fake.customer159@example.com,5,19.9
2024-06-05,ORD-501572,fake.customer159@example.com,2,7.25
2024-06-28,ORD-501573,fake.customer159@example.com,2,19.9
2024-06-28,ORD-501573,fake.customer159@example.com,5,3.5
2024-06-28,ORD-501573,fake.customer159@example.com,1,12.0
2024-07-26,ORD-501574,fake.customer159@example.com,12,4.99
2024-07-26,ORD-501574,fake.customer159@example.com,7,19.9
2024-07-26,ORD-501574,fake.customer159@example.com,11,7.25
2024-08-03,ORD-501575,fake.customer159@example.com,1,12.0
2024-08-03,ORD-501575,fake.customer159@example.com,12,3.5
2024-08-03,ORD-501575,fake.customer159@example.com,3,4.99
2024-08-28,ORD-501576,fake.customer159@example.com,9,3.5
2024-08-28,ORD-501576,fake.customer159@example.com,1,12.0
2024-09-21,ORD-501577,fake.customer159@example.com,5,12.0
2024-09-21,ORD-501577,fake.customer159@example.com,9,3.5
2024-09-21,ORD-501577,fake.customer159@example.com,4,4.99
2024-09-23,ORD-501578,fake.customer159@example.com,9,3.5
2024-09-23,ORD-501578,fake.customer159@example.com,9,7.25
2024-09-23,ORD-501578,fake.customer159@example.com,5,19.9
2024-09-24,ORD-501579,fake.customer159@example.com,9,19.9
2024-09-24,ORD-501579,fake.customer159@example.com,1,4.99
2024-09-24,ORD-501579,fake.customer159@example.com,2,7.25
2024-10-03,ORD-501580,fake.customer159@example.com,9,3.5
2024-10-21,ORD-501581,fake.customer159@example.com,9,7.25
2024-10-28,ORD-501582,fake.customer159@example.com,10,4.99
2024-10-28,ORD-501582,fake.customer159@example.com,6,7.25
2024-11-07,ORD-501583,fake.customer159@example.com,2,19.9
2024-11-07,ORD-501583,fake.customer159@example.com,10,7.25
2024-11-07,ORD-501583,fake.customer159@example.com,8,3.5
2024-11-18,ORD-501584,fake.customer159@example.com,3,7.25
2024-11-18,ORD-501584,fake.customer159@example.com,9,19.9
2024-11-19,ORD-501585,fake.customer159@example.com,10,7.25
2024-11-19,ORD-501585,fake.customer159@example.com,4,4.99
2024-11-19,ORD-501585,fake.customer159@example.com,11,3.5
2024-12-07,ORD-501586,fake.customer159@example.com,2,19.9
2024-12-07,ORD-501586,fake.customer159@example.com,4,3.5
2024-12-07,ORD-501586,fake.customer159@example.com,7,7.25
2024-12-18,ORD-501587,fake.customer159@example.com,5,7.25
2024-12-22,ORD-501588,fake.customer159@example.com,9,3.5
2024-12-22,ORD-501588,fake.customer159@example.com,4,12.0
2024-12-22,ORD-501588,fake.customer159@example.com,1,4.99
2024-12-30,ORD-501589,fake.customer159@example.com,1,4.99
2024-12-30,ORD-501589,fake.customer159@example.com,10,12.0
2023-09-06,ORD-501590,fake.customer160@example.com,10,12.0
2023-09-06,ORD-501590,fake.customer160@example.com,8,3.5
2023-09-06,ORD-501590,fake.customer160@example.com,7,4.99
2023-09-18,ORD-501591,fake.customer160@example.com,3,12.0
2023-09-19,ORD-501592,fake.customer160@example.com,12,4.99
2023-09-19,ORD-501592,fake.customer160@example.com,4,3.5
2023-09-19,ORD-501592,fake.customer160@example.com,11,12.0
2023-11-09,ORD-501593,fake.customer160@example.com,2,12.0
2023-11-12,ORD-501594,fake.customer160@example.com,4,3.5
2023-11-29,ORD-501595,fake.customer160@example.com,6,12.0
2023-11-29,ORD-501595,fake.customer160@example.com,4,19.9
2024-02-03,ORD-501596,fake.customer160@example.com,8,3.5
2024-02-22,ORD-501597,fake.customer160@example.com,5,4.99
2024-02-22,ORD-501597,fake.customer160@example.com,10,7.25
2024-02-22,ORD-501597,fake.customer160@example.com,5,19.9
2024-02-23,ORD-501598,fake.customer160@example.com,11,4.99
2024-04-22,ORD-501599,fake.customer160@example.com,1,4.99
2024-04-22,ORD-501599,fake.customer160@example.com,10,12.0
2024-04-26,ORD-501600,fake.customer160@example.com,3,3.5
2024-05-26,ORD-501601,fake.customer160@example.com,8,19.9
2024-05-26,ORD-501601,fake.customer160@example.com,6,12.0
2024-06-02,ORD-501602,fake.customer160@example.com,11,7.25
2024-06-02,ORD-501602,fake.customer160@example.com,11,19.9
2024-06-02,ORD-501602,fake.customer160@example.com,1,3.5
2024-06-18,ORD-501603,fake.customer160@example.com,11,7.25
2024-06-18,ORD-501603,fake.customer160@example.com,2,4.99
2024-06-29,ORD-501604,fake.customer160@example.com,8,3.5
2024-06-29,ORD-501604,fake.customer160@example.com,11,7.25
2024-06-29,ORD-501604,fake.customer160@example.com,7,12.0
2024-07-17,ORD-501605,fake.customer160@example.com,3,4.99
2024-07-22,ORD-501606,fake.customer160@example.com,4,19.9
2024-07-22,ORD-501606,fake.customer160@example.com,3,4.99
2024-08-04,ORD-501607,fake.customer160@example.com,2,19.9
2024-08-04,ORD-501607,fake.customer160@example.com,11,12.0
2024-08-04,ORD-501607,fake.customer160@example.com,12,3.5
2023-09-06,ORD-501608,fake.customer161@example.com,6,3.5
2023-10-23,ORD-501609,fake.customer161@example.com,4,19.9
2023-10-23,ORD-501609,fake.customer161@example.com,11,3.5
2023-10-23,ORD-501609,fake.customer161@example.com,4,4.99
2023-10-28,ORD-501610,fake.customer161@example.com,8,12.0
2023-10-28,ORD-501610,fake.customer161@example.com,9,3.5
2023-10-28,ORD-501610,fake.customer161@example.com,12,7.25
2023-11-08,ORD-501611,fake.customer161@example.com,1,4.99
2023-11-08,ORD-501611,fake.customer161@example.com,2,3.5
2023-11-08,ORD-501611,fake.customer161@example.com,10,12.0
2023-12-20,ORD-501612,fake.customer161@example.com,6,7.25
2023-12-20,ORD-501612,fake.customer161@example.com,8,19.9
2023-08-08,ORD-501613,fake.customer162@example.com,11,19.9
2023-05-08,ORD-501614,fake.customer163@example.com,9,12.0
2023-05-08,ORD-501614,fake.customer163@example.com,2,4.99
2023-05-17,ORD-501615,fake.customer163@example.com,12,12.0
2023-06-04,ORD-501616,fake.customer163@example.com,1,12.0
2023-06-14,ORD-501617,fake.customer163@example.com,4,4.99
2023-06-14,ORD-501617,fake.customer163@example.com,12,3.5
2023-06-14,ORD-501617,fake.customer163@example.com,12,12.0
2023-06-28,ORD-501618,fake.customer163@example.com,7,3.5
2023-06-28,ORD-501618,fake.customer163@example.com,2,19.9
2023-07-03,ORD-501619,fake.customer163@example.com,6,7.25
2023-07-03,ORD-501619,fake.customer163@example.com,11,4.99
2023-07-03,ORD-501619,fake.customer163@example.com,9,3.5
2023-08-07,ORD-501620,fake.customer163@example.com,9,19.9
2023-08-07,ORD-501620,fake.customer163@example.com,2,4.99
2023-09-13,ORD-501621,fake.customer163@example.com,3,7.25
2023-09-13,ORD-501621,fake.customer163@example.com,11,4.99
2023-09-15,ORD-501622,fake.customer163@example.com,7,7.25
2023-10-08,ORD-501623,fake.customer163@example.com,11,7.25
2023-10-23,ORD-501624,fake.customer163@example.com,1,7.25
2023-10-23,ORD-501624,fake.customer163@example.com,9,19.9
2023-11-04,ORD-501625,fake.customer163@example.com,7,7.25
2023-11-04,ORD-501625,fake.customer163@example.com,1,12.0
2023-11-04,ORD-501625,fake.customer163@example.com,3,3.5
2023-11-30,ORD-501626,fake.customer163@example.com,2,19.9
2024-01-18,ORD-501627,fake.customer163@example.com,7,12.0
2024-01-18,ORD-501627,fake.customer163@example.com,10,19.9
2024-01-18,ORD-501627,fake.customer163@example.com,5,3.5
2024-02-06,ORD-501628,fake.customer163@example.com,4,7.25
2024-02-06,ORD-501628,fake.customer163@example.com,3,19.9
2024-02-09,ORD-501629,fake.customer163@example.com,1,3.5
2024-02-11,ORD-501630,fake.customer163@example.com,2,3.5
2024-03-02,ORD-501631,fake.customer163@example.com,10,7.25
2024-03-02,ORD-501631,fake.customer163@example.com,5,3.5
2024-03-18,ORD-501632,fake.customer163@example.com,5,7.25
2024-03-18,ORD-501632,fake.customer163@example.com,5,19.9
2024-03-26,ORD-501633,fake.customer163@example.com,4,3.5
2024-03-26,ORD-501633,fake.customer163@example.com,5,4.99
2024-04-01,ORD-501634,fake.customer163@example.com,1,4.99
2024-04-12,ORD-501635,fake.customer163@example.com,5,4.99
2024-04-12,ORD-501635,fake.customer163@example.com,7,19.9
2024-04-16,ORD-501636,fake.customer163@example.com,2,7.25
2024-04-16,ORD-501636,fake.customer163@example.com,11,4.99
2024-04-16,ORD-501636,fake.customer163@example.com,10,3.5
2024-04-26,ORD-501637,fake.customer163@example.com,3,7.25
2024-05-02,ORD-501638,fake.customer163@example.com,7,19.9
2024-05-02,ORD-501638,fake.customer163@example.com,12,7.25
2024-05-07,ORD-501639,fake.customer163@example.com,9,4.99
2024-05-15,ORD-501640,fake.customer163@example.com,12,4.99
2024-05-18,ORD-501641,fake.customer163@example.com,6,3.5
2024-05-18,ORD-501641,fake.customer163@example.com,12,19.9
2024-07-24,ORD-501642,fake.customer163@example.com,7,4.99
2024-07-30,ORD-501643,fake.customer163@example.com,2,3.5
2024-08-16,ORD-501644,fake.customer163@example.com,7,3.5
2024-10-27,ORD-501645,fake.customer163@example.com,6,19.9
2024-10-27,ORD-501645,fake.customer163@example.com,5,12.0
2024-10-27,ORD-501645,fake.customer163@example.com,10,3.5
2024-11-07,ORD-501646,fake.customer163@example.com,2,19.9
2024-11-07,ORD-501646,fake.customer163@example.com,3,7.25
2024-07-16,ORD-501647,fake.customer164@example.com,11,19.9
2024-08-20,ORD-501648,fake.customer164@example.com,5,3.5
2024-08-20,ORD-501648,fake.customer164@example.com,9,19.9
2024-09-20,ORD-501649,fake.customer165@example.com,4,4.99
2024-09-20,ORD-501649,fake.customer165@example.com,5,7.25
2023-04-09,ORD-501650,fake.customer166@example.com,7,7.25
2023-04-09,ORD-501650,fake.customer166@example.com,10,19.9
2023-04-09,ORD-501650,fake.customer166@example.com,9,3.5
2023-09-20,ORD-501651,fake.customer167@example.com,9,3.5
2023-09-20,ORD-501651,fake.customer167@example.com,5,4.99
2023-09-20,ORD-501651,fake.customer167@example.com,1,19.9
2023-12-07,ORD-501652,fake.customer167@example.com,4,7.25
2023-12-07,ORD-501652,fake.customer167@example.com,1,3.5
2023-12-07,ORD-501652,fake.customer167@example.com,10,4.99
2023-12-16,ORD-501653,fake.customer167@example.com,9,3.5
2024-01-13,ORD-501654,fake.customer167@example.com,2,19.9
2024-01-13,ORD-501654,fake.customer167@example.com,1,3.5
2024-01-18,ORD-501655,fake.customer167@example.com,11,4.99
2024-01-18,ORD-501655,fake.customer167@example.com,8,12.0
2024-05-08,ORD-501656,fake.customer167@example.com,6,12.0
2024-05-08,ORD-501656,fake.customer167@example.com,4,7.25
2024-05-08,ORD-501656,fake.customer167@example.com,11,4.99
2023-03-13,ORD-501657,fake.customer168@example.com,9,4.99
2023-03-13,ORD-501657,fake.customer168@example.com,8,12.0
2023-03-13,ORD-501657,fake.customer168@example.com,10,19.9
2023-07-04,ORD-501658,fake.customer168@example.com,3,19.9
2023-07-04,ORD-501658,fake.customer168@example.com,11,12.0
2023-09-15,ORD-501659,fake.customer168@example.com,1,3.5
2023-12-07,ORD-501660,fake.customer168@example.com,6,4.99
2023-12-17,ORD-501661,fake.customer168@example.com,6,7.25
2023-12-20,ORD-501662,fake.customer168@example.com,7,7.25
2023-12-20,ORD-501662,fake.customer168@example.com,1,3.5
2023-12-27,ORD-501663,fake.customer168@example.com,9,19.9
2023-12-27,ORD-501663,fake.customer168@example.com,6,4.99
2023-12-27,ORD-501663,fake.customer168@example.com,8,7.25
2024-01-04,ORD-501664,fake.customer168@example.com,8,19.9
2024-02-26,ORD-501665,fake.customer168@example.com,1,12.0
2024-05-30,ORD-501666,fake.customer168@example.com,8,19.9
2024-05-30,ORD-501666,fake.customer168@example.com,9,12.0
2023-04-20,ORD-501667,fake.customer169@example.com,12,12.0
2023-04-20,ORD-501667,fake.customer169@example.com,11,4.99
2023-07-13,ORD-501668,fake.customer170@example.com,10,4.99
2023-07-13,ORD-501668,fake.customer170@example.com,1,7.25
2023-07-13,ORD-501668,fake.customer170@example.com,6,3.5
2023-08-04,ORD-501669,fake.customer170@example.com,7,19.9
2023-08-11,ORD-501670,fake.customer170@example.com,8,4.99
2023-08-11,ORD-501670,fake.customer170@example.com,5,3.5
2023-09-10,ORD-501671,fake.customer170@example.com,10,12.0
2023-09-10,ORD-501671,fake.customer170@example.com,11,4.99
2023-09-18,ORD-501672,fake.customer170@example.com,9,3.5
2023-09-18,ORD-501672,fake.customer170@example.com,5,12.0
2023-09-25,ORD-501673,fake.customer170@example.com,8,4.99
2023-09-25,ORD-501673,fake.customer170@example.com,5,12.0
2023-10-09,ORD-501674,fake.customer170@example.com,5,12.0
2023-10-27,ORD-501675,fake.customer170@example.com,9,3.5
2023-10-27,ORD-501675,fake.customer170@example.com,1,19.9
2023-10-27,ORD-501675,fake.customer170@example.com,5,12.0
2023-11-10,ORD-501676,fake.customer170@example.com,12,3.5
2023-11-10,ORD-501676,fake.customer170@example.com,7,7.25
2023-11-10,ORD-501676,fake.customer170@example.com,10,19.9
2023-11-20,ORD-501677,fake.customer170@example.com,9,4.99
2023-12-27,ORD-501678,fake.customer170@example.com,8,3.5
2024-01-07,ORD-501679,fake.customer170@example.com,9,19.9
2024-03-02,ORD-501680,fake.customer170@example.com,9,7.25
2024-03-02,ORD-501680,fake.customer170@example.com,2,19.9
2024-03-02,ORD-501680,fake.customer170@example.com,3,4.99
2024-03-09,ORD-501681,fake.customer170@example.com,6,3.5
2024-04-06,ORD-501682,fake.customer170@example.com,8,3.5
2024-04-06,ORD-501682,fake.customer170@example.com,1,19.9
2024-04-07,ORD-501683,fake.customer170@example.com,7,12.0
2024-04-07,ORD-501683,fake.customer170@example.com,9,4.99
2024-05-06,ORD-501684,fake.customer170@example.com,11,12.0
2024-05-06,ORD-501684,fake.customer170@example.com,7,19.9
2024-05-06,ORD-501684,fake.customer170@example.com,9,3.5
2024-05-28,ORD-501685,fake.customer170@example.com,4,12.0
2024-05-28,ORD-501685,fake.customer170@example.com,3,4.99
2024-06-22,ORD-501686,fake.customer170@example.com,5,19.9
2024-06-22,ORD-501686,fake.customer170@example.com,6,4.99
2024-06-22,ORD-501686,fake.customer170@example.com,4,3.5
2024-06-23,ORD-501687,fake.customer170@example.com,12,4.99
2024-06-23,ORD-501687,fake.customer170@example.com,9,12.0
2024-06-23,ORD-501687,fake.customer170@example.com,1,19.9
2024-07-02,ORD-501688,fake.customer170@example.com,1,12.0
2024-08-02,ORD-501689,fake.customer170@example.com,5,12.0
2024-08-18,ORD-501690,fake.customer170@example.com,4,3.5
2024-09-11,ORD-501691,fake.customer170@example.com,12,12.0
2024-09-11,ORD-501691,fake.customer170@example.com,11,19.9
2024-09-11,ORD-501691,fake.customer170@example.com,2,4.99
2024-09-27,ORD-501692,fake.customer170@example.com,12,12.0
2024-11-06,ORD-501693,fake.customer170@example.com,10,19.9
2024-11-06,ORD-501693,fake.customer170@example.com,11,3.5
2024-11-06,ORD-501693,fake.customer170@example.com,11,12.0
2024-11-22,ORD-501694,fake.customer170@example.com,10,19.9
2024-11-22,ORD-501694,fake.customer170@example.com,7,4.99
2024-11-30,ORD-501695,fake.customer170@example.com,4,3.5
2024-11-30,ORD-501695,fake.customer170@example.com,9,4.99
2024-12-06,ORD-501696,fake.customer170@example.com,3,19.9
2024-12-06,ORD-501696,fake.customer170@example.com,8,12.0
2024-12-06,ORD-501696,fake.customer170@example.com,2,3.5
2024-01-18,ORD-501697,fake.customer171@example.com,7,4.99
2024-01-26,ORD-501698,fake.customer171@example.com,11,4.99
2024-03-15,ORD-501699,fake.customer171@example.com,2,3.5
2024-03-29,ORD-501700,fake.customer171@example.com,6,19.9
2024-03-29,ORD-501700,fake.customer171@example.com,7,12.0
2024-03-29,ORD-501700,fake.customer171@example.com,7,4.99
2024-04-19,ORD-501701,fake.customer171@example.com,2,3.5
2024-04-19,ORD-501701,fake.customer171@example.com,2,12.0
2024-04-19,ORD-501701,fake.customer171@example.com,7,19.9
2024-04-30,ORD-501702,fake.customer171@example.com,12,12.0
2024-04-30,ORD-501702,fake.customer171@example.com,8,19.9
2024-04-30,ORD-501702,fake.customer171@example.com,2,4.99
2024-05-24,ORD-501703,fake.customer171@example.com,5,3.5
2024-06-02,ORD-501704,fake.customer171@example.com,4,19.9
2023-11-06,ORD-501705,fake.customer172@example.com,9,7.25
2023-12-13,ORD-501706,fake.customer173@example.com,1,19.9
2023-12-13,ORD-501706,fake.customer173@example.com,10,7.25
2023-12-13,ORD-501706,fake.customer173@example.com,5,4.99
2023-12-14,ORD-501707,fake.customer173@example.com,2,12.0
2023-12-14,ORD-501707,fake.customer173@example.com,4,3.5
2023-12-14,ORD-501707,fake.customer173@example.com,6,7.25
2023-12-30,ORD-501708,fake.customer173@example.com,11,19.9
2023-12-30,ORD-501708,fake.customer173@example.com,3,3.5
2024-01-01,ORD-501709,fake.customer173@example.com,2,19.9
2024-01-01,ORD-501709,fake.customer173@example.com,8,4.99
2024-01-01,ORD-501709,fake.customer173@example.com,1,7.25
2024-01-04,ORD-501710,fake.customer173@example.com,9,12.0
2024-01-04,ORD-501710,fake.customer173@example.com,8,3.5
2024-01-04,ORD-501710,fake.customer173@example.com,4,4.99
2024-01-06,ORD-501711,fake.customer173@example.com,3,3.5
2024-01-06,ORD-501711,fake.customer173@example.com,3,7.25
2024-02-05,ORD-501712,fake.customer173@example.com,6,19.9
2024-02-05,ORD-501712,fake.customer173@example.com,6,7.25
2024-03-08,ORD-501713,fake.customer173@example.com,6,3.5
2024-03-08,ORD-501713,fake.customer173@example.com,4,19.9
2024-03-08,ORD-501713,fake.customer173@example.com,9,4.99
2024-03-19,ORD-501714,fake.customer173@example.com,8,19.9
2024-03-31,ORD-501715,fake.customer173@example.com,11,3.5
2024-03-31,ORD-501715,fake.customer173@example.com,9,12.0
2024-04-29,ORD-501716,fake.customer173@example.com,11,19.9
2024-04-29,ORD-501716,fake.customer173@example.com,8,12.0
2024-04-29,ORD-501716,fake.customer173@example.com,9,3.5
2024-05-04,ORD-501717,fake.customer173@example.com,9,3.5
2024-05-04,ORD-501717,fake.customer173@example.com,10,12.0
2024-05-05,ORD-501718,fake.customer173@example.com,6,19.9
2024-05-11,ORD-501719,fake.customer173@example.com,9,4.99
2024-05-11,ORD-501719,fake.customer173@example.com,4,7.25
2024-05-11,ORD-501719,fake.customer173@example.com,8,3.5
2024-06-18,ORD-501720,fake.customer173@example.com,8,4.99
2024-06-18,ORD-501720,fake.customer173@example.com,2,19.9
2024-06-18,ORD-501720,fake.customer173@example.com,9,7.25
2024-06-28,ORD-501721,fake.customer173@example.com,12,12.0
2024-06-28,ORD-501721,fake.customer173@example.com,12,3.5
2024-09-01,ORD-501722,fake.customer174@example.com,4,12.0
2024-09-01,ORD-501722,fake.customer174@example.com,12,3.5
2024-09-01,ORD-501722,fake.customer174@example.com,4,4.99
2024-09-04,ORD-501723,fake.customer174@example.com,11,19.9
2024-09-20,ORD-501724,fake.customer174@example.com,11,3.5
2024-09-20,ORD-501724,fake.customer174@example.com,5,19.9
2024-09-26,ORD-501725,fake.customer174@example.com,1,4.99
2024-10-11,ORD-501726,fake.customer174@example.com,6,12.0
2024-10-11,ORD-501726,fake.customer174@example.com,3,4.99
2024-10-15,ORD-501727,fake.customer174@example.com,1,12.0
2024-10-15,ORD-501727,fake.customer174@example.com,10,19.9
2024-11-17,ORD-501728,fake.customer174@example.com,3,7.25
2024-11-17,ORD-501728,fake.customer174@example.com,6,12.0
2024-11-17,ORD-501728,fake.customer174@example.com,6,3.5
2024-11-03,ORD-501729,fake.customer175@example.com,4,3.5
2024-11-13,ORD-501730,fake.customer175@example.com,1,7.25
2024-11-16,ORD-501731,fake.customer175@example.com,4,12.0
2024-11-17,ORD-501732,fake.customer175@example.com,2,7.25
2024-11-17,ORD-501732,fake.customer175@example.com,1,4.99
2024-11-19,ORD-501733,fake.customer175@example.com,2,12.0
2024-11-19,ORD-501733,fake.customer175@example.com,8,7.25
2024-11-30,ORD-501734,fake.customer175@example.com,2,3.5
2024-11-30,ORD-501734,fake.customer175@example.com,8,7.25
2024-11-30,ORD-501734,fake.customer175@example.com,5,12.0
2024-12-05,ORD-501735,fake.customer175@example.com,7,19.9
2024-12-06,ORD-501736,fake.customer175@example.com,10,19.9
2024-12-10,ORD-501737,fake.customer175@example.com,7,19.9
2024-12-16,ORD-501738,fake.customer175@example.com,3,7.25
2024-12-19,ORD-501739,fake.customer175@example.com,8,4.99
2024-12-19,ORD-501739,fake.customer175@example.com,5,3.5
2024-12-19,ORD-501739,fake.customer175@example.com,7,19.9
2024-12-21,ORD-501740,fake.customer175@example.com,3,4.99
2024-12-21,ORD-501740,fake.customer175@example.com,2,7.25
2024-05-24,ORD-501741,fake.customer176@example.com,3,7.25
2024-07-13,ORD-501742,fake.customer176@example.com,9,12.0
2024-08-14,ORD-501743,fake.customer176@example.com,3,4.99
2024-08-14,ORD-501743,fake.customer176@example.com,11,7.25
2024-08-14,ORD-501743,fake.customer176@example.com,11,19.9
2024-08-19,ORD-501744,fake.customer176@example.com,4,4.99
2024-08-19,ORD-501744,fake.customer176@example.com,9,12.0
2024-08-19,ORD-501744,fake.customer176@example.com,11,19.9
2024-09-17,ORD-501745,fake.customer176@example.com,1,3.5
2024-09-17,ORD-501745,fake.customer176@example.com,2,12.0
2024-09-17,ORD-501745,fake.customer176@example.com,6,4.99
2024-10-01,ORD-501746,fake.customer176@example.com,7,4.99
2024-10-13,ORD-501747,fake.customer176@example.com,4,4.99
2024-10-13,ORD-501747,fake.customer176@example.com,1,7.25
2024-11-10,ORD-501748,fake.customer176@example.com,2,12.0
2024-11-10,ORD-501748,fake.customer176@example.com,5,3.5
2024-11-10,ORD-501748,fake.customer176@example.com,6,4.99
2024-11-18,ORD-501749,fake.customer176@example.com,4,12.0
2024-11-18,ORD-501749,fake.customer176@example.com,12,19.9
2024-11-18,ORD-501749,fake.customer176@example.com,10,4.99
2024-04-18,ORD-501750,fake.customer177@example.com,1,3.5
2024-04-18,ORD-501750,fake.customer177@example.com,11,4.99
2024-04-18,ORD-501750,fake.customer177@example.com,12,12.0
2024-06-03,ORD-501751,fake.customer177@example.com,12,4.99
2024-06-21,ORD-501752,fake.customer177@example.com,8,12.0
2024-06-21,ORD-501752,fake.customer177@example.com,5,3.5
2024-06-21,ORD-501752,fake.customer177@example.com,4,7.25
2024-06-29,ORD-501753,fake.customer177@example.com,12,12.0
2024-10-16,ORD-501754,fake.customer177@example.com,9,12.0
2024-10-16,ORD-501754,fake.customer177@example.com,7,3.5
2024-10-16,ORD-501754,fake.customer177@example.com,8,4.99
2024-11-01,ORD-501755,fake.customer177@example.com,1,19.9
2024-11-01,ORD-501755,fake.customer177@example.com,1,4.99
2024-11-01,ORD-501755,fake.customer177@example.com,9,7.25
2024-11-15,ORD-501756,fake.customer177@example.com,4,12.0
2024-11-15,ORD-501756,fake.customer177@example.com,8,4.99
2024-12-26,ORD-501757,fake.customer177@example.com,9,12.0
2024-12-26,ORD-501757,fake.customer177@example.com,9,19.9
2023-05-28,ORD-501758,fake.customer178@example.com,1,4.99
2023-05-28,ORD-501758,fake.customer178@example.com,8,3.5
2023-05-28,ORD-501758,fake.customer178@example.com,1,12.0
2023-06-24,ORD-501759,fake.customer178@example.com,3,12.0
2023-06-24,ORD-501759,fake.customer178@example.com,10,7.25
2023-06-24,ORD-501759,fake.customer178@example.com,2,4.99
2023-07-01,ORD-501760,fake.customer178@example.com,1,12.0
2023-08-09,ORD-501761,fake.customer178@example.com,9,3.5
2023-08-09,ORD-501761,fake.customer178@example.com,9,7.25
2023-08-09,ORD-501761,fake.customer178@example.com,2,19.9
2023-08-31,ORD-501762,fake.customer178@example.com,3,3.5
2023-09-16,ORD-501763,fake.customer178@example.com,12,12.0
2023-10-31,ORD-501764,fake.customer178@example.com,10,3.5
2023-10-31,ORD-501764,fake.customer178@example.com,5,12.0
2024-02-11,ORD-501765,fake.customer178@example.com,8,12.0
2024-02-11,ORD-501765,fake.customer178@example.com,12,7.25
2024-03-21,ORD-501766,fake.customer178@example.com,7,4.99
2024-04-02,ORD-501767,fake.customer178@example.com,9,19.9
2024-04-02,ORD-501767,fake.customer178@example.com,7,7.25
2024-04-02,ORD-501767,fake.customer178@example.com,7,12.0
2024-04-19,ORD-501768,fake.customer178@example.com,7,3.5
2024-04-19,ORD-501768,fake.customer178@example.com,7,19.9
2024-04-19,ORD-501768,fake.customer178@example.com,5,12.0
2024-06-23,ORD-501769,fake.customer178@example.com,4,3.5
2024-06-23,ORD-501769,fake.customer178@example.com,8,19.9
2024-06-23,ORD-501769,fake.customer178@example.com,4,7.25
2024-07-06,ORD-501770,fake.customer178@example.com,12,7.25
2024-08-08,ORD-501771,fake.customer178@example.com,2,3.5
2024-08-27,ORD-501772,fake.customer178@example.com,11,19.9
2024-08-27,ORD-501772,fake.customer178@example.com,2,12.0
2024-08-31,ORD-501773,fake.customer178@example.com,4,12.0
2024-08-31,ORD-501773,fake.customer178@example.com,10,19.9
2024-09-19,ORD-501774,fake.customer178@example.com,3,4.99
2024-09-19,ORD-501774,fake.customer178@example.com,12,7.25
2024-09-30,ORD-501775,fake.customer178@example.com,12,19.9
2024-09-30,ORD-501775,fake.customer178@example.com,11,3.5
2024-09-30,ORD-501775,fake.customer178@example.com,10,12.0
2024-10-20,ORD-501776,fake.customer178@example.com,6,12.0
2024-09-21,ORD-501777,fake.customer179@example.com,2,7.25
2024-10-14,ORD-501778,fake.customer179@example.com,12,3.5
2024-10-14,ORD-501778,fake.customer179@example.com,5,19.9
2024-10-14,ORD-501778,fake.customer179@example.com,3,4.99
2024-10-16,ORD-501779,fake.customer179@example.com,12,7.25
2024-10-30,ORD-501780,fake.customer179@example.com,4,19.9
2024-11-04,ORD-501781,fake.customer179@example.com,2,12.0
2024-11-04,ORD-501781,fake.customer179@example.com,10,4.99
2024-11-04,ORD-501781,fake.customer179@example.com,1,3.5
2024-11-06,ORD-501782,fake.customer179@example.com,9,12.0
2024-11-06,ORD-501782,fake.customer179@example.com,10,7.25
2024-11-07,ORD-501783,fake.customer179@example.com,2,4.99
2024-11-07,ORD-501783,fake.customer179@example.com,12,19.9
2024-11-07,ORD-501783,fake.customer179@example.com,11,3.5
2024-12-01,ORD-501784,fake.customer179@example.com,11,4.99
2024-12-01,ORD-501784,fake.customer179@example.com,2,12.0
2024-12-02,ORD-501785,fake.customer179@example.com,4,7.25
2023-09-07,ORD-501786,fake.customer180@example.com,4,12.0
2023-09-07,ORD-501786,fake.customer180@example.com,1,3.5
2023-09-07,ORD-501786,fake.customer180@example.com,9,4.99
2023-09-09,ORD-501787,fake.customer180@example.com,7,7.25
2023-09-09,ORD-501787,fake.customer180@example.com,6,19.9
2023-09-09,ORD-501787,fake.customer180@example.com,12,3.5
2023-09-14,ORD-501788,fake.customer180@example.com,7,12.0
2023-09-14,ORD-501788,fake.customer180@example.com,5,19.9
2023-11-16,ORD-501789,fake.customer180@example.com,4,12.0
2023-12-09,ORD-501790,fake.customer180@example.com,6,19.9
2023-12-24,ORD-501791,fake.customer180@example.com,7,12.0
2023-12-24,ORD-501791,fake.customer180@example.com,7,4.99
2024-02-04,ORD-501792,fake.customer180@example.com,3,12.0
2024-02-10,ORD-501793,fake.customer180@example.com,9,3.5
2024-02-10,ORD-501793,fake.customer180@example.com,4,12.0
2024-03-03,ORD-501794,fake.customer180@example.com,6,7.25
2024-03-15,ORD-501795,fake.customer180@example.com,5,4.99
2024-03-15,ORD-501795,fake.customer180@example.com,11,3.5
2024-03-15,ORD-501795,fake.customer180@example.com,1,7.25
2024-03-20,ORD-501796,fake.customer180@example.com,2,7.25
2024-03-20,ORD-501796,fake.customer180@example.com,2,3.5
2024-04-05,ORD-501797,fake.customer180@example.com,12,7.25
2024-04-05,ORD-501797,fake.customer180@example.com,9,3.5
2024-04-05,ORD-501797,fake.customer180@example.com,1,4.99
2024-05-04,ORD-501798,fake.customer180@example.com,3,4.99
2024-05-18,ORD-501799,fake.customer180@example.com,6,12.0
2024-05-18,ORD-501799,fake.customer180@example.com,8,3.5
2024-05-27,ORD-501800,fake.customer180@example.com,4,7.25
2024-05-27,ORD-501800,fake.customer180@example.com,2,4.99
2024-05-30,ORD-501801,fake.customer180@example.com,5,3.5
2024-06-17,ORD-501802,fake.customer180@example.com,1,3.5
2024-06-17,ORD-501802,fake.customer180@example.com,3,7.25
2024-06-17,ORD-501802,fake.customer180@example.com,5,12.0
2024-06-24,ORD-501803,fake.customer180@example.com,5,4.99
2024-06-24,ORD-501803,fake.customer180@example.com,2,7.25
2024-06-24,ORD-501803,fake.customer180@example.com,7,12.0
2024-07-03,ORD-501804,fake.customer180@example.com,9,4.99
2024-07-12,ORD-501805,fake.customer180@example.com,5,3.5
2024-07-25,ORD-501806,fake.customer180@example.com,5,7.25
2024-07-25,ORD-501806,fake.customer180@example.com,5,12.0
2024-08-06,ORD-501807,fake.customer180@example.com,5,7.25
2024-08-06,ORD-501807,fake.customer180@example.com,4,12.0
2024-09-13,ORD-501808,fake.customer180@example.com,12,12.0
2024-09-28,ORD-501809,fake.customer180@example.com,3,3.5
2024-10-21,ORD-501810,fake.customer180@example.com,7,4.99
2024-10-21,ORD-501810,fake.customer180@example.com,3,3.5
2024-10-21,ORD-501810,fake.customer180@example.com,1,12.0
2024-11-07,ORD-501811,fake.customer180@example.com,8,12.0
2024-11-08,ORD-501812,fake.customer180@example.com,7,19.9
2024-11-15,ORD-501813,fake.customer180@example.com,8,19.9
2024-11-15,ORD-501813,fake.customer180@example.com,5,7.25
2024-11-15,ORD-501813,fake.customer180@example.com,2,4.99
2024-11-19,ORD-501814,fake.customer180@example.com,11,7.25
2024-12-05,ORD-501815,fake.customer180@example.com,2,7.25
2024-08-01,ORD-501816,fake.customer181@example.com,5,3.5
2024-08-01,ORD-501816,fake.customer181@example.com,12,7.25
2023-03-08,ORD-501817,fake.customer182@example.com,3,3.5
2023-03-14,ORD-501818,fake.customer182@example.com,11,7.25
2023-03-22,ORD-501819,fake.customer182@example.com,1,4.99
2023-04-11,ORD-501820,fake.customer182@example.com,4,3.5
2023-04-11,ORD-501820,fake.customer182@example.com,10,7.25
2023-04-11,ORD-501820,fake.customer182@example.com,1,4.99
2023-04-20,ORD-501821,fake.customer182@example.com,10,12.0
2023-04-20,ORD-501821,fake.customer182@example.com,4,3.5
2023-05-07,ORD-501822,fake.customer182@example.com,11,7.25
2023-05-07,ORD-501822,fake.customer182@example.com,5,19.9
2023-05-17,ORD-501823,fake.customer182@example.com,8,7.25
2023-05-21,ORD-501824,fake.customer182@example.com,9,19.9
2023-05-21,ORD-501824,fake.customer182@example.com,4,3.5
2023-05-21,ORD-501824,fake.customer182@example.com,12,12.0
2023-05-27,ORD-501825,fake.customer182@example.com,6,19.9
2023-06-08,ORD-501826,fake.customer182@example.com,4,19.9
2023-06-08,ORD-501826,fake.customer182@example.com,1,4.99
2023-06-16,ORD-501827,fake.customer182@example.com,7,12.0
2023-06-16,ORD-501827,fake.customer182@example.com,6,4.99
2023-06-17,ORD-501828,fake.customer182@example.com,6,7.25
2023-06-17,ORD-501828,fake.customer182@example.com,1,12.0
2023-06-30,ORD-501829,fake.customer182@example.com,8,4.99
2023-06-30,ORD-501829,fake.customer182@example.com,8,3.5
2023-07-15,ORD-501830,fake.customer182@example.com,10,12.0
2023-07-15,ORD-501830,fake.customer182@example.com,9,19.9
2023-07-19,ORD-501831,fake.customer182@example.com,7,3.5
2023-07-19,ORD-501831,fake.customer182@example.com,7,4.99
2023-07-19,ORD-501831,fake.customer182@example.com,9,19.9
2023-08-19,ORD-501832,fake.customer182@example.com,6,19.9
2023-08-19,ORD-501832,fake.customer182@example.com,5,12.0
2023-08-19,ORD-501832,fake.customer182@example.com,11,3.5
2023-08-28,ORD-501833,fake.customer182@example.com,8,19.9
2023-08-30,ORD-501834,fake.customer182@example.com,5,7.25
2023-08-30,ORD-501834,fake.customer182@example.com,4,12.0
2023-08-30,ORD-501834,fake.customer182@example.com,2,3.5
2023-09-02,ORD-501835,fake.customer182@example.com,11,3.5
2023-09-12,ORD-501836,fake.customer182@example.com,6,7.25
2023-09-12,ORD-501836,fake.customer182@example.com,1,19.9
2023-09-14,ORD-501837,fake.customer182@example.com,9,4.99
2023-09-14,ORD-501837,fake.customer182@example.com,8,12.0
2023-09-22,ORD-501838,fake.customer182@example.com,7,3.5
2023-10-20,ORD-501839,fake.customer182@example.com,4,3.5
2023-11-28,ORD-501840,fake.customer182@example.com,8,12.0
2023-11-28,ORD-501840,fake.customer182@example.com,5,7.25
2023-12-22,ORD-501841,fake.customer182@example.com,11,19.9
2023-12-22,ORD-501841,fake.customer182@example.com,8,3.5
2023-12-30,ORD-501842,fake.customer182@example.com,2,7.25
2024-01-22,ORD-501843,fake.customer182@example.com,2,12.0
2024-01-22,ORD-501843,fake.customer182@example.com,3,3.5
2024-02-07,ORD-501844,fake.customer182@example.com,12,19.9
2024-02-26,ORD-501845,fake.customer182@example.com,11,3.5
2024-02-26,ORD-501845,fake.customer182@example.com,12,7.25
2024-02-26,ORD-501845,fake.customer182@example.com,5,12.0
2024-03-11,ORD-501846,fake.customer182@example.com,4,12.0
2024-03-11,ORD-501846,fake.customer182@example.com,12,4.99
2024-03-15,ORD-501847,fake.customer182@example.com,7,12.0
2024-03-31,ORD-501848,fake.customer182@example.com,12,4.99
2024-03-31,ORD-501848,fake.customer182@example.com,8,19.9
2024-04-14,ORD-501849,fake.customer182@example.com,6,12.0
2024-05-02,ORD-501850,fake.customer182@example.com,8,7.25
2024-05-02,ORD-501850,fake.customer182@example.com,10,3.5
2024-05-02,ORD-501850,fake.customer182@example.com,5,19.9
2024-05-04,ORD-501851,fake.customer182@example.com,5,4.99
2024-05-04,ORD-501851,fake.customer182@example.com,3,7.25
2024-05-12,ORD-501852,fake.customer182@example.com,11,12.0
2024-05-12,ORD-501852,fake.customer182@example.com,9,4.99
2024-05-14,ORD-501853,fake.customer182@example.com,7,12.0
2024-05-14,ORD-501853,fake.customer182@example.com,4,4.99
2024-05-14,ORD-501853,fake.customer182@example.com,8,19.9
2024-05-16,ORD-501854,fake.customer182@example.com,3,3.5
2024-05-16,ORD-501854,fake.customer182@example.com,9,4.99
2024-05-16,ORD-501854,fake.customer182@example.com,7,7.25
2024-05-17,ORD-501855,fake.customer182@example.com,9,19.9
2024-06-13,ORD-501856,fake.customer182@example.com,10,4.99
2024-06-13,ORD-501856,fake.customer182@example.com,11,19.9
2024-06-25,ORD-501857,fake.customer182@example.com,6,4.99
2024-06-25,ORD-501857,fake.customer182@example.com,2,12.0
2024-06-25,ORD-501857,fake.customer182@example.com,3,3.5
2024-07-07,ORD-501858,fake.customer182@example.com,9,7.25
2024-09-15,ORD-501859,fake.customer182@example.com,5,12.0
2024-09-15,ORD-501859,fake.customer182@example.com,2,3.5
2024-09-15,ORD-501859,fake.customer182@example.com,6,19.9
2024-09-18,ORD-501860,fake.customer182@example.com,7,3.5
2024-09-18,ORD-501860,fake.customer182@example.com,10,19.9
2024-09-27,ORD-501861,fake.customer182@example.com,5,19.9
2024-10-08,ORD-501862,fake.customer182@example.com,10,7.25
2024-10-08,ORD-501862,fake.customer182@example.com,4,19.9
2024-10-27,ORD-501863,fake.customer182@example.com,2,3.5
2024-10-27,ORD-501863,fake.customer182@example.com,10,7.25
2024-10-27,ORD-501863,fake.customer182@example.com,7,12.0
2024-11-03,ORD-501864,fake.customer182@example.com,6,12.0
2024-11-03,ORD-501864,fake.customer182@example.com,3,7.25
2024-11-14,ORD-501865,fake.customer182@example.com,3,12.0
2024-11-14,ORD-501865,fake.customer182@example.com,6,3.5
2024-11-20,ORD-501866,fake.customer182@example.com,7,7.25
2024-11-20,ORD-501866,fake.customer182@example.com,1,4.99
2024-11-20,ORD-501866,fake.customer182@example.com,11,12.0
2024-12-19,ORD-501867,fake.customer182@example.com,12,3.5
2024-12-19,ORD-501867,fake.customer182@example.com,2,7.25
2024-12-31,ORD-501868,fake.customer182@example.com,5,3.5
2023-11-19,ORD-501869,fake.customer183@example.com,6,7.25
2023-11-19,ORD-501869,fake.customer183@example.com,6,19.9
2023-11-19,ORD-501869,fake.customer183@example.com,12,4.99
2023-11-27,ORD-501870,fake.customer183@example.com,10,19.9
2023-11-27,ORD-501870,fake.customer183@example.com,10,12.0
2023-12-08,ORD-501871,fake.customer183@example.com,2,4.99
2023-12-22,ORD-501872,fake.customer183@example.com,9,19.9
2023-12-22,ORD-501872,fake.customer183@example.com,1,12.0
2024-01-25,ORD-501873,fake.customer183@example.com,7,4.99
2024-01-25,ORD-501873,fake.customer183@example.com,8,19.9
2024-04-03,ORD-501874,fake.customer183@example.com,10,4.99
2024-04-03,ORD-501874,fake.customer183@example.com,7,7.25
2024-04-03,ORD-501874,fake.customer183@example.com,4,3.5
2024-05-10,ORD-501875,fake.customer183@example.com,4,4.99
2024-05-10,ORD-501875,fake.customer183@example.com,7,3.5
2024-06-02,ORD-501876,fake.customer183@example.com,11,19.9
2024-06-02,ORD-501876,fake.customer183@example.com,4,3.5
2024-06-02,ORD-501876,fake.customer183@example.com,8,4.99
2024-06-10,ORD-501877,fake.customer183@example.com,11,7.25
2024-07-03,ORD-501878,fake.customer183@example.com,3,3.5
2024-07-03,ORD-501878,fake.customer183@example.com,4,19.9
2024-07-03,ORD-501878,fake.customer183@example.com,12,12.0
2024-10-11,ORD-501879,fake.customer183@example.com,12,4.99
2024-10-11,ORD-501879,fake.customer183@example.com,12,7.25
2024-10-11,ORD-501879,fake.customer183@example.com,10,3.5
2024-11-18,ORD-501880,fake.customer183@example.com,10,12.0
2024-11-18,ORD-501880,fake.customer183@example.com,12,4.99
2024-11-18,ORD-501880,fake.customer183@example.com,8,3.5
2024-12-01,ORD-501881,fake.customer183@example.com,7,12.0
2023-09-03,ORD-501882,fake.customer184@example.com,11,3.5
2023-09-03,ORD-501882,fake.customer184@example.com,5,4.99
2023-09-30,ORD-501883,fake.customer184@example.com,6,4.99
2023-11-19,ORD-501884,fake.customer184@example.com,6,19.9
2023-11-19,ORD-501884,fake.customer184@example.com,1,7.25
2024-01-08,ORD-501885,fake.customer184@example.com,10,4.99
2024-01-08,ORD-501885,fake.customer184@example.com,4,19.9
2024-03-14,ORD-501886,fake.customer184@example.com,3,19.9
2024-03-14,ORD-501886,fake.customer184@example.com,3,7.25
2024-04-08,ORD-501887,fake.customer184@example.com,10,3.5
2024-04-27,ORD-501888,fake.customer184@example.com,11,19.9
2024-06-06,ORD-501889,fake.customer184@example.com,5,7.25
2024-08-14,ORD-501890,fake.customer184@example.com,5,4.99
2024-08-14,ORD-501890,fake.customer184@example.com,3,19.9
2024-08-22,ORD-501891,fake.customer184@example.com,7,19.9
2024-08-22,ORD-501891,fake.customer184@example.com,12,12.0
2024-10-17,ORD-501892,fake.customer184@example.com,3,3.5
2023-06-28,ORD-501893,fake.customer185@example.com,4,19.9
2023-07-04,ORD-501894,fake.customer185@example.com,5,4.99
2023-07-09,ORD-501895,fake.customer185@example.com,12,4.99
2023-07-09,ORD-501895,fake.customer185@example.com,4,12.0
2023-07-09,ORD-501895,fake.customer185@example.com,3,3.5
2023-08-14,ORD-501896,fake.customer185@example.com,7,19.9
2023-08-14,ORD-501896,fake.customer185@example.com,6,3.5
2023-08-24,ORD-501897,fake.customer185@example.com,4,19.9
2023-09-13,ORD-501898,fake.customer185@example.com,9,3.5
2023-09-21,ORD-501899,fake.customer185@example.com,6,19.9
2023-09-21,ORD-501899,fake.customer185@example.com,9,4.99
2023-09-28,ORD-501900,fake.customer185@example.com,10,7.25
2023-09-28,ORD-501900,fake.customer185@example.com,3,3.5
2023-10-11,ORD-501901,fake.customer185@example.com,8,3.5
2023-10-11,ORD-501901,fake.customer185@example.com,8,19.9
2023-10-29,ORD-501902,fake.customer185@example.com,11,4.99
2023-10-29,ORD-501902,fake.customer185@example.com,1,12.0
2023-10-29,ORD-501902,fake.customer185@example.com,6,19.9
2023-11-11,ORD-501903,fake.customer185@example.com,3,7.25
2023-11-11,ORD-501903,fake.customer185@example.com,10,12.0
2023-11-19,ORD-501904,fake.customer185@example.com,8,12.0
2023-11-19,ORD-501904,fake.customer185@example.com,11,7.25
2023-11-25,ORD-501905,fake.customer185@example.com,5,3.5
2023-11-25,ORD-501905,fake.customer185@example.com,6,7.25
2023-11-25,ORD-501905,fake.customer185@example.com,8,4.99
2023-11-30,ORD-501906,fake.customer185@example.com,1,4.99
2023-12-01,ORD-501907,fake.customer185@example.com,3,7.25
2023-12-01,ORD-501907,fake.customer185@example.com,4,3.5
2023-12-01,ORD-501907,fake.customer185@example.com,11,4.99
2023-12-14,ORD-501908,fake.customer185@example.com,12,12.0
2023-12-14,ORD-501908,fake.customer185@example.com,12,19.9
2023-12-14,ORD-501908,fake.customer185@example.com,9,7.25
2023-12-25,ORD-501909,fake.customer185@example.com,11,4.99
2023-12-25,ORD-501909,fake.customer185@example.com,6,7.25
2023-12-25,ORD-501909,fake.customer185@example.com,4,12.0
2023-12-29,ORD-501910,fake.customer185@example.com,12,4.99
2023-12-29,ORD-501910,fake.customer185@example.com,5,19.9
2024-01-06,ORD-501911,fake.customer185@example.com,4,12.0
2024-01-21,ORD-501912,fake.customer185@example.com,5,19.9
2024-01-21,ORD-501912,fake.customer185@example.com,12,4.99
2024-01-27,ORD-501913,fake.customer185@example.com,1,7.25
2024-01-27,ORD-501913,fake.customer185@example.com,10,19.9
2024-01-27,ORD-501913,fake.customer185@example.com,10,3.5
2024-02-28,ORD-501914,fake.customer185@example.com,2,3.5
2024-03-02,ORD-501915,fake.customer185@example.com,10,19.9
2024-03-06,ORD-501916,fake.customer185@example.com,3,12.0
2024-03-06,ORD-501916,fake.customer185@example.com,10,3.5
2024-03-06,ORD-501916,fake.customer185@example.com,1,19.9
2024-03-23,ORD-501917,fake.customer185@example.com,2,3.5
2024-04-09,ORD-501918,fake.customer185@example.com,3,3.5
2024-04-09,ORD-501918,fake.customer185@example.com,10,19.9
2024-04-20,ORD-501919,fake.customer185@example.com,8,4.99
2024-04-30,ORD-501920,fake.customer185@example.com,2,3.5
2024-05-03,ORD-501921,fake.customer185@example.com,11,4.99
2024-05-03,ORD-501921,fake.customer185@example.com,11,3.5
2024-05-06,ORD-501922,fake.customer185@example.com,3,19.9
2024-05-06,ORD-501922,fake.customer185@example.com,10,3.5
2024-05-06,ORD-501922,fake.customer185@example.com,11,4.99
2024-05-14,ORD-501923,fake.customer185@example.com,10,19.9
2024-05-14,ORD-501923,fake.customer185@example.com,10,3.5
2024-05-18,ORD-501924,fake.customer185@example.com,11,19.9
2024-05-20,ORD-501925,fake.customer185@example.com,5,7.25
2024-05-20,ORD-501925,fake.customer185@example.com,3,12.0
2024-05-20,ORD-501925,fake.customer185@example.com,7,19.9
2024-06-03,ORD-501926,fake.customer185@example.com,4,4.99
2024-06-03,ORD-501926,fake.customer185@example.com,3,12.0
2024-07-12,ORD-501927,fake.customer185@example.com,8,19.9
2024-07-12,ORD-501927,fake.customer185@example.com,5,4.99
2024-07-19,ORD-501928,fake.customer185@example.com,12,3.5
2024-07-19,ORD-501928,fake.customer185@example.com,4,19.9
2024-07-25,ORD-501929,fake.customer185@example.com,9,12.0
2024-07-25,ORD-501929,fake.customer185@example.com,11,7.25
2024-07-25,ORD-501929,fake.customer185@example.com,3,4.99
2024-08-02,ORD-501930,fake.customer185@example.com,2,3.5
2024-08-02,ORD-501930,fake.customer185@example.com,4,4.99
2024-08-02,ORD-501930,fake.customer185@example.com,10,12.0
2024-08-05,ORD-501931,fake.customer185@example.com,4,4.99
2024-08-14,ORD-501932,fake.customer185@example.com,10,7.25
2024-08-26,ORD-501933,fake.customer185@example.com,12,19.9
2024-08-29,ORD-501934,fake.customer185@example.com,6,7.25
2024-08-29,ORD-501934,fake.customer185@example.com,5,4.99
2024-08-29,ORD-501934,fake.customer185@example.com,3,19.9
2024-09-05,ORD-501935,fake.customer185@example.com,2,7.25
2024-09-05,ORD-501935,fake.customer185@example.com,5,12.0
2024-09-24,ORD-501936,fake.customer185@example.com,2,4.99
2024-09-27,ORD-501937,fake.customer185@example.com,5,3.5
2024-09-27,ORD-501937,fake.customer185@example.com,8,19.9
2024-09-27,ORD-501937,fake.customer185@example.com,11,12.0
2024-10-10,ORD-501938,fake.customer185@example.com,11,19.9
2024-10-10,ORD-501938,fake.customer185@example.com,5,12.0
2024-10-10,ORD-501938,fake.customer185@example.com,1,7.25
2024-10-19,ORD-501939,fake.customer185@example.com,11,3.5
2024-10-19,ORD-501939,fake.customer185@example.com,12,19.9
2024-10-19,ORD-501939,fake.customer185@example.com,12,12.0
2024-10-21,ORD-501940,fake.customer185@example.com,10,4.99
2024-10-27,ORD-501941,fake.customer185@example.com,7,4.99
2024-11-02,ORD-501942,fake.customer185@example.com,5,19.9
2024-11-02,ORD-501942,fake.customer185@example.com,8,3.5
2024-11-05,ORD-501943,fake.customer185@example.com,1,4.99
2024-11-05,ORD-501943,fake.customer185@example.com,10,12.0
2024-11-05,ORD-501943,fake.customer185@example.com,2,19.9
2024-11-14,ORD-501944,fake.customer185@example.com,10,12.0
2024-11-14,ORD-501944,fake.customer185@example.com,6,3.5
2024-11-15,ORD-501945,fake.customer185@example.com,7,3.5
2024-12-16,ORD-501946,fake.customer185@example.com,12,3.5
2024-12-22,ORD-501947,fake.customer185@example.com,7,4.99
2024-12-22,ORD-501947,fake.customer185@example.com,3,3.5
2024-12-29,ORD-501948,fake.customer185@example.com,9,19.9
2024-12-29,ORD-501948,fake.customer185@example.com,4,7.25
2024-12-29,ORD-501948,fake.customer185@example.com,2,3.5
2024-08-12,ORD-501949,fake.customer186@example.com,7,7.25
2024-11-26,ORD-501950,fake.customer186@example.com,5,12.0
2024-11-26,ORD-501950,fake.customer186@example.com,7,3.5
2023-10-15,ORD-501951,fake.customer187@example.com,9,19.9
2023-10-15,ORD-501951,fake.customer187@example.com,9,3.5
2023-10-15,ORD-501951,fake.customer187@example.com,7,12.0
2023-11-26,ORD-501952,fake.customer187@example.com,7,12.0
2023-11-26,ORD-501952,fake.customer187@example.com,2,7.25
2023-11-26,ORD-501952,fake.customer187@example.com,4,4.99
2023-12-12,ORD-501953,fake.customer187@example.com,6,4.99
2023-12-12,ORD-501953,fake.customer187@example.com,1,12.0
2023-12-12,ORD-501953,fake.customer187@example.com,1,3.5
2023-12-21,ORD-501954,fake.customer187@example.com,8,19.9
2023-12-21,ORD-501954,fake.customer187@example.com,8,7.25
2023-12-15,ORD-501955,fake.customer188@example.com,8,4.99
2023-12-15,ORD-501955,fake.customer188@example.com,2,7.25
2023-12-24,ORD-501956,fake.customer188@example.com,11,19.9
2023-12-24,ORD-501956,fake.customer188@example.com,7,7.25
2023-12-24,ORD-501956,fake.customer188@example.com,1,3.5
2024-05-25,ORD-501957,fake.customer188@example.com,3,4.99
2024-05-25,ORD-501957,fake.customer188@example.com,8,3.5
2024-05-25,ORD-501957,fake.customer188@example.com,3,19.9
2023-03-02,ORD-501958,fake.customer189@example.com,7,7.25
2023-03-02,ORD-501958,fake.customer189@example.com,1,19.9
2023-05-10,ORD-501959,fake.customer190@example.com,7,7.25
2023-06-09,ORD-501960,fake.customer190@example.com,2,7.25
2023-06-09,ORD-501960,fake.customer190@example.com,6,19.9
2023-06-14,ORD-501961,fake.customer190@example.com,8,7.25
2023-06-17,ORD-501962,fake.customer190@example.com,11,4.99
2023-06-17,ORD-501962,fake.customer190@example.com,5,7.25
2023-06-23,ORD-501963,fake.customer190@example.com,1,19.9
2023-07-18,ORD-501964,fake.customer190@example.com,5,7.25
2023-07-18,ORD-501964,fake.customer190@example.com,8,19.9
2023-07-19,ORD-501965,fake.customer190@example.com,10,4.99
2023-07-19,ORD-501965,fake.customer190@example.com,5,7.25
2023-08-05,ORD-501966,fake.customer190@example.com,7,4.99
2023-08-05,ORD-501966,fake.customer190@example.com,6,12.0
2023-08-16,ORD-501967,fake.customer190@example.com,1,7.25
2023-08-16,ORD-501967,fake.customer190@example.com,3,19.9
2023-08-31,ORD-501968,fake.customer190@example.com,7,19.9
2023-08-31,ORD-501968,fake.customer190@example.com,9,7.25
2023-08-31,ORD-501968,fake.customer190@example.com,10,3.5
2023-09-04,ORD-501969,fake.customer190@example.com,3,4.99
2023-09-04,ORD-501969,fake.customer190@example.com,5,7.25
2023-09-04,ORD-501969,fake.customer190@example.com,3,12.0
2023-09-14,ORD-501970,fake.customer190@example.com,6,4.99
2023-09-28,ORD-501971,fake.customer190@example.com,5,12.0
2023-09-28,ORD-501971,fake.customer190@example.com,5,19.9
2023-09-28,ORD-501971,fake.customer190@example.com,4,3.5
2023-09-29,ORD-501972,fake.customer190@example.com,4,7.25
2023-09-29,ORD-501972,fake.customer190@example.com,2,3.5
2023-10-01,ORD-501973,fake.customer190@example.com,7,7.25
2023-12-03,ORD-501974,fake.customer190@example.com,3,7.25
2023-12-04,ORD-501975,fake.customer190@example.com,2,3.5
2023-12-04,ORD-501975,fake.customer190@example.com,8,12.0
2023-12-04,ORD-501975,fake.customer190@example.com,6,7.25
2024-01-10,ORD-501976,fake.customer190@example.com,9,3.5
2024-01-10,ORD-501976,fake.customer190@example.com,2,4.99
2024-01-10,ORD-501976,fake.customer190@example.com,1,19.9
2024-01-31,ORD-501977,fake.customer190@example.com,4,7.25
2024-01-31,ORD-501977,fake.customer190@example.com,4,3.5
2024-01-31,ORD-501977,fake.customer190@example.com,5,4.99
2024-02-01,ORD-501978,fake.customer190@example.com,11,7.25
2024-02-07,ORD-501979,fake.customer190@example.com,5,19.9
2024-03-30,ORD-501980,fake.customer190@example.com,12,7.25
2024-03-30,ORD-501980,fake.customer190@example.com,2,12.0
2024-03-31,ORD-501981,fake.customer190@example.com,8,7.25
2024-03-31,ORD-501981,fake.customer190@example.com,5,19.9
2024-04-21,ORD-501982,fake.customer190@example.com,9,19.9
2024-04-21,ORD-501982,fake.customer190@example.com,2,12.0
2024-04-21,ORD-501982,fake.customer190@example.com,4,7.25
2024-05-12,ORD-501983,fake.customer190@example.com,3,4.99
2024-05-12,ORD-501983,fake.customer190@example.com,9,12.0
2024-06-17,ORD-501984,fake.customer190@example.com,12,3.5
2024-07-12,ORD-501985,fake.customer190@example.com,9,4.99
2024-08-31,ORD-501986,fake.customer191@example.com,6,19.9
2024-08-31,ORD-501986,fake.customer191@example.com,8,3.5
2024-08-31,ORD-501986,fake.customer191@example.com,9,12.0
2024-12-02,ORD-501987,fake.customer191@example.com,12,4.99
2023-06-07,ORD-501988,fake.customer192@example.com,5,19.9
2023-06-14,ORD-501989,fake.customer192@example.com,8,7.25
2023-07-06,ORD-501990,fake.customer192@example.com,8,3.5
2023-07-06,ORD-501990,fake.customer192@example.com,7,12.0
2023-07-13,ORD-501991,fake.customer192@example.com,12,7.25
2023-07-13,ORD-501991,fake.customer192@example.com,1,19.9
2023-07-13,ORD-501991,fake.customer192@example.com,7,12.0
2023-07-24,ORD-501992,fake.customer192@example.com,6,19.9
2023-07-24,ORD-501992,fake.customer192@example.com,5,12.0
2023-07-24,ORD-501992,fake.customer192@example.com,8,3.5
2023-11-05,ORD-501993,fake.customer192@example.com,10,4.99
2023-11-05,ORD-501993,fake.customer192@example.com,10,7.25
2023-11-05,ORD-501993,fake.customer192@example.com,1,3.5
2023-12-17,ORD-501994,fake.customer192@example.com,7,3.5
2023-12-17,ORD-501994,fake.customer192@example.com,4,12.0
2023-12-20,ORD-501995,fake.customer192@example.com,7,3.5
2023-12-20,ORD-501995,fake.customer192@example.com,12,12.0
2023-12-20,ORD-501995,fake.customer192@example.com,11,4.99
2024-08-19,ORD-501996,fake.customer192@example.com,2,3.5
2024-08-19,ORD-501996,fake.customer192@example.com,11,19.9
2024-08-29,ORD-501997,fake.customer192@example.com,6,4.99
2024-08-29,ORD-501997,fake.customer192@example.com,6,12.0
2024-09-26,ORD-501998,fake.customer192@example.com,5,3.5
2024-09-26,ORD-501998,fake.customer192@example.com,12,12.0
2024-09-26,ORD-501998,fake.customer192@example.com,5,19.9
2024-10-05,ORD-501999,fake.customer192@example.com,3,19.9
2024-10-05,ORD-501999,fake.customer192@example.com,3,3.5
2024-12-02,ORD-502000,fake.customer192@example.com,11,7.25
2024-12-02,ORD-502000,fake.customer192@example.com,11,3.5
2023-07-13,ORD-502001,fake.customer193@example.com,2,19.9
2023-09-13,ORD-502002,fake.customer193@example.com,10,12.0
2023-09-16,ORD-502003,fake.customer193@example.com,5,7.25
2023-10-22,ORD-502004,fake.customer193@example.com,9,4.99
2023-10-22,ORD-502004,fake.customer193@example.com,6,7.25
2023-10-22,ORD-502004,fake.customer193@example.com,3,3.5
2024-01-15,ORD-502005,fake.customer193@example.com,8,3.5
2024-01-15,ORD-502005,fake.customer193@example.com,5,7.25
2024-01-15,ORD-502005,fake.customer193@example.com,1,12.0
2024-03-04,ORD-502006,fake.customer193@example.com,8,4.99
2024-03-04,ORD-502006,fake.customer193@example.com,2,3.5
2024-03-05,ORD-502007,fake.customer193@example.com,12,3.5
2024-04-19,ORD-502008,fake.customer193@example.com,4,3.5
2024-04-19,ORD-502008,fake.customer193@example.com,8,19.9
2024-04-19,ORD-502008,fake.customer193@example.com,1,4.99
2024-05-03,ORD-502009,fake.customer193@example.com,9,12.0
2024-05-03,ORD-502009,fake.customer193@example.com,12,3.5
2024-05-30,ORD-502010,fake.customer193@example.com,8,3.5
2024-05-30,ORD-502010,fake.customer193@example.com,4,19.9
2024-05-30,ORD-502010,fake.customer193@example.com,3,12.0
2024-06-07,ORD-502011,fake.customer193@example.com,4,4.99
2024-06-08,ORD-502012,fake.customer193@example.com,4,3.5
2024-06-09,ORD-502013,fake.customer193@example.com,5,19.9
2024-06-09,ORD-502013,fake.customer193@example.com,12,3.5
2024-06-09,ORD-502013,fake.customer193@example.com,10,12.0
2024-06-30,ORD-502014,fake.customer193@example.com,8,7.25
2024-06-30,ORD-502014,fake.customer193@example.com,7,12.0
2024-07-02,ORD-502015,fake.customer193@example.com,7,19.9
2024-07-15,ORD-502016,fake.customer193@example.com,8,3.5
2024-08-19,ORD-502017,fake.customer193@example.com,1,7.25
2024-08-19,ORD-502017,fake.customer193@example.com,5,19.9
2024-08-19,ORD-502017,fake.customer193@example.com,6,12.0
2023-04-09,ORD-502018,fake.customer194@example.com,3,3.5
2023-04-09,ORD-502018,fake.customer194@example.com,7,19.9
2023-04-09,ORD-502018,fake.customer194@example.com,6,4.99
2023-05-02,ORD-502019,fake.customer194@example.com,8,12.0
2023-05-02,ORD-502019,fake.customer194@example.com,6,4.99
2023-05-16,ORD-502020,fake.customer194@example.com,9,7.25
2023-05-16,ORD-502020,fake.customer194@example.com,1,3.5
2023-05-16,ORD-502020,fake.customer194@example.com,5,4.99
2023-06-30,ORD-502021,fake.customer194@example.com,9,12.0
2023-06-30,ORD-502021,fake.customer194@example.com,4,19.9
2023-06-30,ORD-502021,fake.customer194@example.com,1,4.99
2023-07-14,ORD-502022,fake.customer194@example.com,4,19.9
2023-07-14,ORD-502022,fake.customer194@example.com,2,4.99
2023-08-11,ORD-502023,fake.customer194@example.com,3,7.25
2023-08-18,ORD-502024,fake.customer194@example.com,12,7.25
2023-08-18,ORD-502024,fake.customer194@example.com,12,4.99
2023-08-18,ORD-502024,fake.customer194@example.com,10,19.9
2023-09-16,ORD-502025,fake.customer194@example.com,5,19.9
2023-09-16,ORD-502025,fake.customer194@example.com,4,4.99
2023-09-16,ORD-502025,fake.customer194@example.com,9,7.25
2023-10-02,ORD-502026,fake.customer194@example.com,9,19.9
2023-10-15,ORD-502027,fake.customer194@example.com,2,19.9
2023-10-31,ORD-502028,fake.customer194@example.com,9,7.25
2023-10-31,ORD-502028,fake.customer194@example.com,3,12.0
2023-10-31,ORD-502028,fake.customer194@example.com,8,19.9
2023-11-22,ORD-502029,fake.customer194@example.com,2,3.5
2024-01-18,ORD-502030,fake.customer194@example.com,2,3.5
2024-01-18,ORD-502030,fake.customer194@example.com,3,12.0
2024-02-13,ORD-502031,fake.customer194@example.com,11,12.0
2024-02-13,ORD-502031,fake.customer194@example.com,1,3.5
2024-03-11,ORD-502032,fake.customer194@example.com,2,19.9
2024-03-11,ORD-502032,fake.customer194@example.com,6,12.0
2024-03-14,ORD-502033,fake.customer194@example.com,8,19.9
2024-03-14,ORD-502033,fake.customer194@example.com,4,7.25
2024-03-14,ORD-502033,fake.customer194@example.com,7,4.99
2024-04-28,ORD-502034,fake.customer194@example.com,9,7.25
2024-04-28,ORD-502034,fake.customer194@example.com,10,19.9
2024-06-03,ORD-502035,fake.customer194@example.com,11,4.99
2024-06-03,ORD-502035,fake.customer194@example.com,5,7.25
2024-06-05,ORD-502036,fake.customer194@example.com,2,3.5
2024-06-05,ORD-502036,fake.customer194@example.com,5,4.99
2024-08-16,ORD-502037,fake.customer194@example.com,9,4.99
2024-08-27,ORD-502038,fake.customer194@example.com,2,7.25
2024-08-27,ORD-502038,fake.customer194@example.com,12,12.0
2024-08-27,ORD-502038,fake.customer194@example.com,8,19.9
2024-08-29,ORD-502039,fake.customer194@example.com,10,7.25
2024-08-29,ORD-502039,fake.customer194@example.com,5,3.5
2024-11-13,ORD-502040,fake.customer194@example.com,1,7.25
2024-11-13,ORD-502040,fake.customer194@example.com,3,3.5
2024-11-20,ORD-502041,fake.customer194@example.com,9,19.9
2024-11-20,ORD-502041,fake.customer194@example.com,3,3.5
2024-12-12,ORD-502042,fake.customer194@example.com,12,12.0
2024-11-18,ORD-502043,fake.customer195@example.com,12,19.9
2024-11-18,ORD-502043,fake.customer195@example.com,6,7.25
2023-11-22,ORD-502044,fake.customer196@example.com,10,7.25
2023-11-22,ORD-502044,fake.customer196@example.com,6,19.9
2023-11-28,ORD-502045,fake.customer196@example.com,11,3.5
2023-12-10,ORD-502046,fake.customer196@example.com,5,7.25
2023-12-12,ORD-502047,fake.customer196@example.com,10,7.25
2023-12-12,ORD-502047,fake.customer196@example.com,9,4.99
2023-12-12,ORD-502047,fake.customer196@example.com,10,19.9
2023-12-17,ORD-502048,fake.customer196@example.com,3,4.99
2023-12-17,ORD-502048,fake.customer196@example.com,8,7.25
2023-12-22,ORD-502049,fake.customer196@example.com,6,12.0
2023-12-27,ORD-502050,fake.customer196@example.com,11,19.9
2023-12-27,ORD-502050,fake.customer196@example.com,5,3.5
2023-12-27,ORD-502050,fake.customer196@example.com,12,12.0
2024-01-06,ORD-502051,fake.customer196@example.com,6,7.25
2024-01-06,ORD-502051,fake.customer196@example.com,4,12.0
2024-01-14,ORD-502052,fake.customer196@example.com,6,4.99
2024-01-14,ORD-502052,fake.customer196@example.com,7,19.9
2024-01-14,ORD-502052,fake.customer196@example.com,1,3.5
2024-01-19,ORD-502053,fake.customer196@example.com,12,4.99
2024-01-19,ORD-502053,fake.customer196@example.com,4,7.25
2024-01-26,ORD-502054,fake.customer196@example.com,7,4.99
2024-01-26,ORD-502054,fake.customer196@example.com,1,12.0
2024-02-06,ORD-502055,fake.customer196@example.com,9,4.99
2024-02-06,ORD-502055,fake.customer196@example.com,11,3.5
2024-02-24,ORD-502056,fake.customer196@example.com,6,3.5
2024-02-27,ORD-502057,fake.customer196@example.com,7,7.25
2024-03-11,ORD-502058,fake.customer196@example.com,9,19.9
2024-03-11,ORD-502058,fake.customer196@example.com,9,7.25
2024-03-15,ORD-502059,fake.customer196@example.com,4,7.25
2024-03-30,ORD-502060,fake.customer196@example.com,7,12.0
2024-03-30,ORD-502060,fake.customer196@example.com,1,7.25
2024-04-07,ORD-502061,fake.customer196@example.com,12,4.99
2024-04-07,ORD-502061,fake.customer196@example.com,12,3.5
2024-04-07,ORD-502061,fake.customer196@example.com,11,19.9
2024-04-10,ORD-502062,fake.customer196@example.com,12,12.0
2024-04-10,ORD-502062,fake.customer196@example.com,11,19.9
2024-04-10,ORD-502062,fake.customer196@example.com,4,3.5
2024-04-19,ORD-502063,fake.customer196@example.com,6,4.99
2024-04-19,ORD-502063,fake.customer196@example.com,8,7.25
2024-04-23,ORD-502064,fake.customer196@example.com,11,12.0
2024-04-23,ORD-502064,fake.customer196@example.com,8,7.25
2024-04-23,ORD-502064,fake.customer196@example.com,9,3.5
2024-04-26,ORD-502065,fake.customer196@example.com,10,19.9
2024-04-26,ORD-502065,fake.customer196@example.com,8,4.99
2024-05-03,ORD-502066,fake.customer196@example.com,12,3.5
2024-05-03,ORD-502066,fake.customer196@example.com,5,19.9
2024-05-08,ORD-502067,fake.customer196@example.com,2,12.0
2024-05-08,ORD-502067,fake.customer196@example.com,4,4.99
2024-05-09,ORD-502068,fake.customer196@example.com,4,4.99
2024-05-09,ORD-502068,fake.customer196@example.com,2,7.25
2024-05-26,ORD-502069,fake.customer196@example.com,9,19.9
2024-05-26,ORD-502069,fake.customer196@example.com,6,12.0
2024-05-26,ORD-502069,fake.customer196@example.com,9,7.25
2024-05-31,ORD-502070,fake.customer196@example.com,5,7.25
2024-06-02,ORD-502071,fake.customer196@example.com,1,12.0
2024-06-02,ORD-502071,fake.customer196@example.com,7,4.99
2024-06-02,ORD-502071,fake.customer196@example.com,4,3.5
2024-06-05,ORD-502072,fake.customer196@example.com,4,7.25
2024-06-10,ORD-502073,fake.customer196@example.com,7,7.25
2024-07-02,ORD-502074,fake.customer196@example.com,8,12.0
2024-07-02,ORD-502074,fake.customer196@example.com,9,19.9
2024-07-09,ORD-502075,fake.customer196@example.com,3,7.25
2024-07-09,ORD-502075,fake.customer196@example.com,5,4.99
2024-07-09,ORD-502075,fake.customer196@example.com,1,12.0
2024-07-10,ORD-502076,fake.customer196@example.com,2,19.9
2024-07-11,ORD-502077,fake.customer196@example.com,7,12.0
2024-07-11,ORD-502077,fake.customer196@example.com,4,4.99
2024-07-11,ORD-502077,fake.customer196@example.com,7,7.25
2024-07-22,ORD-502078,fake.customer196@example.com,2,7.25
2024-07-22,ORD-502078,fake.customer196@example.com,11,12.0
2024-07-22,ORD-502078,fake.customer196@example.com,3,4.99
2024-07-25,ORD-502079,fake.customer196@example.com,5,12.0
2024-08-07,ORD-502080,fake.customer196@example.com,4,12.0
2024-08-09,ORD-502081,fake.customer196@example.com,11,7.25
2024-08-09,ORD-502081,fake.customer196@example.com,8,19.9
2024-08-09,ORD-502081,fake.customer196@example.com,2,12.0
2024-08-20,ORD-502082,fake.customer196@example.com,5,12.0
2024-08-23,ORD-502083,fake.customer196@example.com,1,7.25
2024-08-23,ORD-502083,fake.customer196@example.com,3,4.99
2024-08-29,ORD-502084,fake.customer196@example.com,7,12.0
2024-08-29,ORD-502084,fake.customer196@example.com,7,3.5
2024-08-29,ORD-502084,fake.customer196@example.com,2,4.99
2024-09-04,ORD-502085,fake.customer196@example.com,1,3.5
2024-09-04,ORD-502085,fake.customer196@example.com,2,12.0
2024-09-09,ORD-502086,fake.customer196@example.com,11,7.25
2024-09-09,ORD-502086,fake.customer196@example.com,11,19.9
2024-09-09,ORD-502086,fake.customer196@example.com,5,12.0
2024-09-17,ORD-502087,fake.customer196@example.com,10,19.9
2024-09-17,ORD-502087,fake.customer196@example.com,6,3.5
2024-11-07,ORD-502088,fake.customer197@example.com,9,7.25
2024-11-07,ORD-502088,fake.customer197@example.com,4,12.0
2023-03-19,ORD-502089,fake.customer198@example.com,11,7.25
2023-03-19,ORD-502089,fake.customer198@example.com,8,12.0
2023-03-25,ORD-502090,fake.customer198@example.com,7,12.0
2023-03-25,ORD-502090,fake.customer198@example.com,9,19.9
2023-03-25,ORD-502090,fake.customer198@example.com,1,3.5
2023-04-05,ORD-502091,fake.customer198@example.com,12,3.5
2023-04-05,ORD-502091,fake.customer198@example.com,3,19.9
2023-04-09,ORD-502092,fake.customer198@example.com,11,4.99
2023-04-09,ORD-502092,fake.customer198@example.com,4,7.25
2023-04-09,ORD-502092,fake.customer198@example.com,8,3.5
2023-05-10,ORD-502093,fake.customer198@example.com,6,19.9
2023-05-13,ORD-502094,fake.customer198@example.com,4,19.9
2023-05-13,ORD-502094,fake.customer198@example.com,5,4.99
2023-05-13,ORD-502094,fake.customer198@example.com,9,3.5
2023-05-27,ORD-502095,fake.customer198@example.com,8,3.5
2023-05-27,ORD-502095,fake.customer198@example.com,1,7.25
2023-05-27,ORD-502095,fake.customer198@example.com,11,4.99
2023-06-29,ORD-502096,fake.customer198@example.com,7,7.25
2023-06-29,ORD-502096,fake.customer198@example.com,2,4.99
2023-07-04,ORD-502097,fake.customer198@example.com,9,19.9
2023-07-18,ORD-502098,fake.customer198@example.com,9,12.0
2023-07-18,ORD-502098,fake.customer198@example.com,12,19.9
2023-07-22,ORD-502099,fake.customer198@example.com,3,19.9
2023-07-22,ORD-502099,fake.customer198@example.com,9,3.5
2023-07-22,ORD-502099,fake.customer198@example.com,5,7.25
2023-08-14,ORD-502100,fake.customer198@example.com,12,19.9
2023-08-17,ORD-502101,fake.customer198@example.com,4,7.25
2023-08-28,ORD-502102,fake.customer198@example.com,6,4.99
2023-08-28,ORD-502102,fake.customer198@example.com,10,7.25
2023-08-28,ORD-502102,fake.customer198@example.com,7,19.9
2023-09-16,ORD-502103,fake.customer198@example.com,6,12.0
2023-09-23,ORD-502104,fake.customer198@example.com,11,19.9
2023-10-10,ORD-502105,fake.customer198@example.com,11,7.25
2023-10-10,ORD-502105,fake.customer198@example.com,3,4.99
2023-11-24,ORD-502106,fake.customer198@example.com,11,3.5
2023-11-24,ORD-502106,fake.customer198@example.com,2,19.9
2023-11-24,ORD-502106,fake.customer198@example.com,11,4.99
2023-11-28,ORD-502107,fake.customer198@example.com,9,12.0
2023-11-28,ORD-502107,fake.customer198@example.com,6,19.9
2023-11-28,ORD-502107,fake.customer198@example.com,4,3.5
2023-12-18,ORD-502108,fake.customer198@example.com,2,19.9
2023-12-18,ORD-502108,fake.customer198@example.com,10,4.99
2024-02-02,ORD-502109,fake.customer198@example.com,6,12.0
2024-02-02,ORD-502109,fake.customer198@example.com,6,7.25
2024-02-02,ORD-502109,fake.customer198@example.com,12,3.5
2024-02-11,ORD-502110,fake.customer198@example.com,10,3.5
2024-02-11,ORD-502110,fake.customer198@example.com,9,19.9
2024-02-13,ORD-502111,fake.customer198@example.com,9,4.99
2024-02-13,ORD-502111,fake.customer198@example.com,3,3.5
2024-02-13,ORD-502111,fake.customer198@example.com,8,12.0
2024-02-20,ORD-502112,fake.customer198@example.com,5,7.25
2024-02-20,ORD-502112,fake.customer198@example.com,4,4.99
2024-02-20,ORD-502112,fake.customer198@example.com,9,19.9
2024-02-22,ORD-502113,fake.customer198@example.com,6,3.5
2024-02-22,ORD-502113,fake.customer198@example.com,5,19.9
2024-02-22,ORD-502113,fake.customer198@example.com,5,4.99
2024-03-14,ORD-502114,fake.customer198@example.com,11,3.5
2024-03-14,ORD-502114,fake.customer198@example.com,8,19.9
2024-03-14,ORD-502114,fake.customer198@example.com,3,12.0
2024-03-30,ORD-502115,fake.customer198@example.com,10,19.9
2024-03-30,ORD-502115,fake.customer198@example.com,12,4.99
2024-04-05,ORD-502116,fake.customer198@example.com,7,19.9
2024-04-08,ORD-502117,fake.customer198@example.com,3,4.99
2024-04-08,ORD-502117,fake.customer198@example.com,9,19.9
2024-05-14,ORD-502118,fake.customer198@example.com,11,12.0
2024-05-14,ORD-502118,fake.customer198@example.com,7,3.5
2024-05-14,ORD-502118,fake.customer198@example.com,7,7.25
2024-05-19,ORD-502119,fake.customer198@example.com,10,12.0
2024-06-10,ORD-502120,fake.customer198@example.com,1,7.25
2024-06-27,ORD-502121,fake.customer198@example.com,10,3.5
2024-07-23,ORD-502122,fake.customer198@example.com,12,3.5
2024-07-23,ORD-502122,fake.customer198@example.com,1,7.25
2024-07-23,ORD-502122,fake.customer198@example.com,2,19.9
2023-10-04,ORD-502123,fake.customer199@example.com,1,12.0
2023-10-16,ORD-502124,fake.customer199@example.com,6,12.0
2023-10-19,ORD-502125,fake.customer199@example.com,11,3.5
2023-10-19,ORD-502125,fake.customer199@example.com,3,7.25
2023-10-19,ORD-502125,fake.customer199@example.com,3,4.99
2023-10-21,ORD-502126,fake.customer199@example.com,11,4.99
2023-10-21,ORD-502126,fake.customer199@example.com,12,12.0
2023-10-21,ORD-502126,fake.customer199@example.com,12,3.5
2023-12-12,ORD-502127,fake.customer199@example.com,11,7.25
2024-03-03,ORD-502128,fake.customer199@example.com,3,12.0
2024-03-03,ORD-502128,fake.customer199@example.com,12,3.5
2024-03-03,ORD-502128,fake.customer199@example.com,1,4.99
2024-04-17,ORD-502129,fake.customer199@example.com,12,3.5
2024-04-17,ORD-502129,fake.customer199@example.com,2,7.25
2024-04-28,ORD-502130,fake.customer199@example.com,1,3.5
2024-05-10,ORD-502131,fake.customer199@example.com,5,4.99
2024-05-10,ORD-502131,fake.customer199@example.com,3,3.5
2024-05-10,ORD-502131,fake.customer199@example.com,3,19.9
2024-05-22,ORD-502132,fake.customer199@example.com,8,7.25
2024-05-22,ORD-502132,fake.customer199@example.com,11,3.5
2024-05-22,ORD-502132,fake.customer199@example.com,3,4.99
2024-07-10,ORD-502133,fake.customer199@example.com,6,12.0
2024-07-10,ORD-502133,fake.customer199@example.com,8,4.99
2024-08-14,ORD-502134,fake.customer199@example.com,3,3.5
2024-08-14,ORD-502134,fake.customer199@example.com,2,12.0
2024-09-03,ORD-502135,fake.customer199@example.com,3,4.99
2024-09-18,ORD-502136,fake.customer200@example.com,12,12.0
2024-09-18,ORD-502136,fake.customer200@example.com,5,4.99
2024-09-18,ORD-502136,fake.customer200@example.com,10,19.9
2023-09-10,ORD-502137,fake.customer201@example.com,4,19.9
2023-10-01,ORD-502138,fake.customer201@example.com,8,19.9
2023-10-01,ORD-502138,fake.customer201@example.com,2,4.99
2023-10-21,ORD-502139,fake.customer201@example.com,2,19.9
2023-12-20,ORD-502140,fake.customer201@example.com,10,3.5
2023-12-20,ORD-502140,fake.customer201@example.com,5,19.9
2023-12-20,ORD-502140,fake.customer201@example.com,3,4.99
2023-12-22,ORD-502141,fake.customer201@example.com,12,12.0
2024-02-25,ORD-502142,fake.customer201@example.com,3,7.25
2024-03-09,ORD-502143,fake.customer201@example.com,4,19.9
2024-04-15,ORD-502144,fake.customer201@example.com,11,3.5
2024-06-08,ORD-502145,fake.customer201@example.com,4,7.25
2024-06-08,ORD-502145,fake.customer201@example.com,1,3.5
2024-06-08,ORD-502145,fake.customer201@example.com,10,19.9
2024-06-13,ORD-502146,fake.customer201@example.com,4,7.25
2024-06-13,ORD-502146,fake.customer201@example.com,5,3.5
2024-06-13,ORD-502146,fake.customer201@example.com,12,4.99
2024-06-18,ORD-502147,fake.customer201@example.com,10,7.25
2024-06-18,ORD-502147,fake.customer201@example.com,5,19.9
2024-06-18,ORD-502147,fake.customer201@example.com,2,3.5
2024-09-07,ORD-502148,fake.customer201@example.com,2,19.9
2024-09-07,ORD-502148,fake.customer201@example.com,4,7.25
2024-09-07,ORD-502148,fake.customer201@example.com,5,4.99
2024-10-05,ORD-502149,fake.customer201@example.com,12,3.5
2024-10-28,ORD-502150,fake.customer201@example.com,3,3.5
2024-10-28,ORD-502150,fake.customer201@example.com,3,7.25
2024-10-28,ORD-502150,fake.customer201@example.com,4,19.9
2024-11-05,ORD-502151,fake.customer201@example.com,9,4.99
2024-11-11,ORD-502152,fake.customer201@example.com,9,3.5
2024-11-11,ORD-502152,fake.customer201@example.com,3,4.99
2024-11-11,ORD-502152,fake.customer201@example.com,11,19.9
2024-11-28,ORD-502153,fake.customer201@example.com,7,4.99
2024-11-28,ORD-502153,fake.customer201@example.com,7,7.25
2024-03-04,ORD-502154,fake.customer202@example.com,6,19.9
2024-03-04,ORD-502154,fake.customer202@example.com,2,12.0
2024-08-12,ORD-502155,fake.customer202@example.com,3,12.0
2024-08-12,ORD-502155,fake.customer202@example.com,3,3.5
2024-08-12,ORD-502155,fake.customer202@example.com,11,7.25
2024-10-13,ORD-502156,fake.customer202@example.com,8,19.9
2024-10-13,ORD-502156,fake.customer202@example.com,5,4.99
2024-10-26,ORD-502157,fake.customer202@example.com,12,19.9
2023-04-04,ORD-502158,fake.customer203@example.com,8,4.99
2023-04-04,ORD-502158,fake.customer203@example.com,11,3.5
2023-04-04,ORD-502158,fake.customer203@example.com,3,7.25
2023-07-11,ORD-502159,fake.customer203@example.com,1,12.0
2023-07-11,ORD-502159,fake.customer203@example.com,10,7.25
2023-10-29,ORD-502160,fake.customer203@example.com,4,19.9
2023-10-29,ORD-502160,fake.customer203@example.com,8,7.25
2023-11-24,ORD-502161,fake.customer203@example.com,10,19.9
2023-11-24,ORD-502161,fake.customer203@example.com,4,3.5
2023-11-24,ORD-502161,fake.customer203@example.com,6,12.0
2024-07-09,ORD-502162,fake.customer203@example.com,9,7.25
2024-08-10,ORD-502163,fake.customer203@example.com,9,19.9
2024-08-10,ORD-502163,fake.customer203@example.com,11,12.0
2024-08-10,ORD-502163,fake.customer203@example.com,9,7.25
2024-08-15,ORD-502164,fake.customer204@example.com,6,4.99
2024-09-19,ORD-502165,fake.customer204@example.com,6,19.9
2024-09-20,ORD-502166,fake.customer204@example.com,5,7.25
2024-11-01,ORD-502167,fake.customer204@example.com,12,19.9
2024-04-26,ORD-502168,fake.customer205@example.com,3,3.5
2024-04-26,ORD-502168,fake.customer205@example.com,4,12.0
2024-04-26,ORD-502168,fake.customer205@example.com,9,4.99
2023-04-27,ORD-502169,fake.customer206@example.com,9,19.9
2023-04-28,ORD-502170,fake.customer206@example.com,1,12.0
2023-05-25,ORD-502171,fake.customer206@example.com,2,3.5
2023-05-25,ORD-502171,fake.customer206@example.com,9,19.9
2023-06-12,ORD-502172,fake.customer206@example.com,12,19.9
2023-07-10,ORD-502173,fake.customer206@example.com,8,7.25
2023-09-06,ORD-502174,fake.customer206@example.com,6,3.5
2023-09-06,ORD-502174,fake.customer206@example.com,7,19.9
2023-10-13,ORD-502175,fake.customer206@example.com,7,12.0
2023-10-20,ORD-502176,fake.customer206@example.com,1,4.99
2023-10-27,ORD-502177,fake.customer206@example.com,10,7.25
2023-10-27,ORD-502177,fake.customer206@example.com,10,19.9
2023-10-27,ORD-502177,fake.customer206@example.com,1,3.5
2023-11-27,ORD-502178,fake.customer206@example.com,7,12.0
2023-12-25,ORD-502179,fake.customer206@example.com,11,7.25
2023-12-25,ORD-502179,fake.customer206@example.com,7,4.99
2024-01-01,ORD-502180,fake.customer206@example.com,3,19.9
2024-01-01,ORD-502180,fake.customer206@example.com,8,4.99
2024-03-13,ORD-502181,fake.customer206@example.com,11,4.99
2024-05-15,ORD-502182,fake.customer206@example.com,2,12.0
2024-05-15,ORD-502182,fake.customer206@example.com,7,19.9
2024-05-16,ORD-502183,fake.customer206@example.com,1,19.9
2024-05-16,ORD-502183,fake.customer206@example.com,6,3.5
2024-05-23,ORD-502184,fake.customer206@example.com,8,19.9
2024-06-04,ORD-502185,fake.customer206@example.com,3,3.5
2024-06-04,ORD-502185,fake.customer206@example.com,1,19.9
2024-06-04,ORD-502185,fake.customer206@example.com,6,12.0
2024-06-22,ORD-502186,fake.customer206@example.com,2,19.9
2024-06-22,ORD-502186,fake.customer206@example.com,12,3.5
2024-07-04,ORD-502187,fake.customer206@example.com,11,19.9
2024-07-04,ORD-502187,fake.customer206@example.com,8,4.99
2024-07-04,ORD-502187,fake.customer206@example.com,12,3.5
2024-07-12,ORD-502188,fake.customer206@example.com,10,7.25
2024-07-12,ORD-502188,fake.customer206@example.com,10,19.9
2024-07-17,ORD-502189,fake.customer206@example.com,9,12.0
2024-06-08,ORD-502190,fake.customer207@example.com,7,19.9
2024-06-08,ORD-502190,fake.customer207@example.com,10,7.25
2024-06-11,ORD-502191,fake.customer207@example.com,1,4.99
2023-06-09,ORD-502192,fake.customer208@example.com,12,4.99
2023-08-13,ORD-502193,fake.customer208@example.com,1,12.0
2023-10-31,ORD-502194,fake.customer208@example.com,4,12.0
2023-10-31,ORD-502194,fake.customer208@example.com,4,4.99
2023-10-31,ORD-502194,fake.customer208@example.com,8,19.9
2023-11-20,ORD-502195,fake.customer208@example.com,7,12.0
2023-11-20,ORD-502195,fake.customer208@example.com,9,4.99
2023-11-20,ORD-502195,fake.customer208@example.com,8,19.9
2024-01-19,ORD-502196,fake.customer208@example.com,4,3.5
2024-01-25,ORD-502197,fake.customer208@example.com,1,12.0
2024-01-25,ORD-502197,fake.customer208@example.com,10,19.9
2024-05-03,ORD-502198,fake.customer208@example.com,5,7.25
2024-06-24,ORD-502199,fake.customer208@example.com,7,7.25
2024-06-24,ORD-502199,fake.customer208@example.com,9,4.99
2024-06-24,ORD-502199,fake.customer208@example.com,10,19.9
2024-08-12,ORD-502200,fake.customer208@example.com,11,4.99
2024-09-18,ORD-502201,fake.customer208@example.com,7,19.9
2024-07-17,ORD-502202,fake.customer209@example.com,6,4.99
2024-08-15,ORD-502203,fake.customer209@example.com,9,4.99
2023-02-11,ORD-502204,fake.customer210@example.com,11,7.25
2023-02-11,ORD-502204,fake.customer210@example.com,6,12.0
2023-02-11,ORD-502204,fake.customer210@example.com,8,4.99
2023-03-03,ORD-502205,fake.customer210@example.com,4,19.9
2023-03-03,ORD-502205,fake.customer210@example.com,5,12.0
2023-03-03,ORD-502205,fake.customer210@example.com,10,3.5
2023-03-12,ORD-502206,fake.customer210@example.com,7,12.0
2023-03-12,ORD-502206,fake.customer210@example.com,10,19.9
2023-03-22,ORD-502207,fake.customer210@example.com,10,12.0
2023-03-22,ORD-502207,fake.customer210@example.com,6,3.5
2023-03-22,ORD-502207,fake.customer210@example.com,2,7.25
2023-04-05,ORD-502208,fake.customer210@example.com,9,3.5
2023-04-07,ORD-502209,fake.customer210@example.com,1,4.99
2023-04-07,ORD-502209,fake.customer210@example.com,9,19.9
2023-04-07,ORD-502209,fake.customer210@example.com,2,7.25
2023-04-27,ORD-502210,fake.customer210@example.com,12,4.99
2023-04-27,ORD-502210,fake.customer210@example.com,2,12.0
2023-04-27,ORD-502210,fake.customer210@example.com,4,3.5
2023-04-29,ORD-502211,fake.customer210@example.com,12,3.5
2023-04-29,ORD-502211,fake.customer210@example.com,5,19.9
2023-05-01,ORD-502212,fake.customer210@example.com,7,19.9
2023-05-01,ORD-502212,fake.customer210@example.com,11,3.5
2023-05-01,ORD-502212,fake.customer210@example.com,2,4.99
2023-05-03,ORD-502213,fake.customer210@example.com,4,7.25
2023-05-03,ORD-502213,fake.customer210@example.com,3,12.0
2023-05-03,ORD-502213,fake.customer210@example.com,4,3.5
2023-05-18,ORD-502214,fake.customer210@example.com,11,7.25
2023-05-23,ORD-502215,fake.customer210@example.com,4,19.9
2023-05-23,ORD-502215,fake.customer210@example.com,9,7.25
2023-05-23,ORD-502215,fake.customer210@example.com,2,3.5
2023-06-05,ORD-502216,fake.customer210@example.com,3,12.0
2023-06-16,ORD-502217,fake.customer210@example.com,9,12.0
2023-06-25,ORD-502218,fake.customer210@example.com,4,4.99
2023-06-25,ORD-502218,fake.customer210@example.com,11,12.0
2023-06-25,ORD-502218,fake.customer210@example.com,9,19.9
2023-06-28,ORD-502219,fake.customer210@example.com,11,4.99
2023-06-28,ORD-502219,fake.customer210@example.com,4,19.9
2023-06-28,ORD-502219,fake.customer210@example.com,3,12.0
2023-06-29,ORD-502220,fake.customer210@example.com,10,7.25
2023-07-08,ORD-502221,fake.customer210@example.com,1,12.0
2023-07-08,ORD-502221,fake.customer210@example.com,1,19.9
2023-07-08,ORD-502221,fake.customer210@example.com,7,3.5
2023-07-29,ORD-502222,fake.customer210@example.com,3,4.99
2023-07-29,ORD-502222,fake.customer210@example.com,10,7.25
2023-07-29,ORD-502222,fake.customer210@example.com,1,12.0
2023-08-04,ORD-502223,fake.customer210@example.com,8,3.5
2023-08-11,ORD-502224,fake.customer210@example.com,8,4.99
2023-08-20,ORD-502225,fake.customer210@example.com,6,4.99
2023-08-30,ORD-502226,fake.customer210@example.com,12,19.9
2023-09-04,ORD-502227,fake.customer210@example.com,5,19.9
2023-09-04,ORD-502227,fake.customer210@example.com,8,4.99
2023-09-04,ORD-502227,fake.customer210@example.com,9,3.5
2023-07-20,ORD-502228,fake.customer211@example.com,12,4.99
2023-08-05,ORD-502229,fake.customer211@example.com,10,7.25
2023-08-05,ORD-502229,fake.customer211@example.com,12,3.5
2023-08-05,ORD-502229,fake.customer211@example.com,2,4.99
2023-09-02,ORD-502230,fake.customer211@example.com,10,4.99
2023-09-11,ORD-502231,fake.customer211@example.com,8,7.25
2023-09-11,ORD-502231,fake.customer211@example.com,11,3.5
2023-09-16,ORD-502232,fake.customer211@example.com,8,19.9
2023-09-17,ORD-502233,fake.customer211@example.com,3,4.99
2023-09-18,ORD-502234,fake.customer211@example.com,8,19.9
2023-09-18,ORD-502234,fake.customer211@example.com,3,7.25
2023-09-18,ORD-502234,fake.customer211@example.com,10,4.99
2023-09-21,ORD-502235,fake.customer211@example.com,4,19.9
2023-09-21,ORD-502235,fake.customer211@example.com,5,3.5
2023-09-21,ORD-502235,fake.customer211@example.com,2,7.25
2023-09-25,ORD-502236,fake.customer211@example.com,10,19.9
2023-09-25,ORD-502236,fake.customer211@example.com,8,7.25
2023-10-17,ORD-502237,fake.customer211@example.com,8,4.99
2023-10-23,ORD-502238,fake.customer211@example.com,11,4.99
2023-10-30,ORD-502239,fake.customer211@example.com,10,12.0
2023-10-30,ORD-502239,fake.customer211@example.com,1,7.25
2023-11-07,ORD-502240,fake.customer211@example.com,1,7.25
2023-11-07,ORD-502240,fake.customer211@example.com,8,4.99
2023-11-09,ORD-502241,fake.customer211@example.com,7,4.99
2023-11-09,ORD-502241,fake.customer211@example.com,12,12.0
2023-11-10,ORD-502242,fake.customer211@example.com,6,3.5
2023-11-10,ORD-502242,fake.customer211@example.com,1,4.99
2023-11-10,ORD-502242,fake.customer211@example.com,8,19.9
2023-11-13,ORD-502243,fake.customer211@example.com,9,3.5
2023-11-13,ORD-502243,fake.customer211@example.com,6,19.9
2023-12-03,ORD-502244,fake.customer211@example.com,4,7.25
2023-12-03,ORD-502244,fake.customer211@example.com,8,4.99
2023-12-03,ORD-502244,fake.customer211@example.com,10,12.0
2023-12-04,ORD-502245,fake.customer211@example.com,1,3.5
2023-12-04,ORD-502245,fake.customer211@example.com,2,7.25
2023-12-07,ORD-502246,fake.customer211@example.com,6,4.99
2023-12-07,ORD-502246,fake.customer211@example.com,9,3.5
2023-12-11,ORD-502247,fake.customer211@example.com,12,12.0
2023-12-11,ORD-502247,fake.customer211@example.com,6,7.25
2023-12-20,ORD-502248,fake.customer211@example.com,11,19.9
2023-12-20,ORD-502248,fake.customer211@example.com,7,4.99
2023-12-20,ORD-502248,fake.customer211@example.com,9,12.0
2023-12-27,ORD-502249,fake.customer211@example.com,5,19.9
2023-12-27,ORD-502249,fake.customer211@example.com,11,12.0
2023-12-27,ORD-502249,fake.customer211@example.com,7,3.5
2024-01-05,ORD-502250,fake.customer211@example.com,12,4.99
2024-01-14,ORD-502251,fake.customer211@example.com,2,4.99
2024-01-23,ORD-502252,fake.customer211@example.com,11,12.0
2024-01-23,ORD-502252,fake.customer211@example.com,11,19.9
2024-01-25,ORD-502253,fake.customer211@example.com,1,19.9
2024-01-25,ORD-502253,fake.customer211@example.com,2,12.0
2024-02-26,ORD-502254,fake.customer211@example.com,5,4.99
2024-02-26,ORD-502254,fake.customer211@example.com,9,12.0
2024-03-08,ORD-502255,fake.customer211@example.com,7,4.99
2024-03-08,ORD-502255,fake.customer211@example.com,7,3.5
2024-03-08,ORD-502255,fake.customer211@example.com,8,19.9
2024-03-11,ORD-502256,fake.customer211@example.com,9,3.5
2024-03-11,ORD-502256,fake.customer211@example.com,11,7.25
2024-03-11,ORD-502256,fake.customer211@example.com,10,4.99
2024-03-24,ORD-502257,fake.customer211@example.com,8,4.99
2024-03-24,ORD-502257,fake.customer211@example.com,10,7.25
2024-03-24,ORD-502257,fake.customer211@example.com,5,12.0
2024-04-12,ORD-502258,fake.customer211@example.com,5,4.99
2024-04-12,ORD-502258,fake.customer211@example.com,5,12.0
2024-05-04,ORD-502259,fake.customer211@example.com,6,7.25
2024-05-21,ORD-502260,fake.customer211@example.com,11,19.9
2024-05-27,ORD-502261,fake.customer211@example.com,4,19.9
2024-05-30,ORD-502262,fake.customer211@example.com,4,12.0
2024-05-30,ORD-502262,fake.customer211@example.com,4,3.5
2024-06-02,ORD-502263,fake.customer211@example.com,9,3.5
2024-06-02,ORD-502263,fake.customer211@example.com,1,19.9
2024-06-02,ORD-502263,fake.customer211@example.com,3,7.25
2024-06-26,ORD-502264,fake.customer211@example.com,10,12.0
2024-07-12,ORD-502265,fake.customer211@example.com,4,12.0
2024-07-12,ORD-502265,fake.customer211@example.com,11,19.9
2024-07-17,ORD-502266,fake.customer211@example.com,4,3.5
2024-07-17,ORD-502266,fake.customer211@example.com,6,19.9
2024-07-22,ORD-502267,fake.customer211@example.com,7,3.5
2024-07-22,ORD-502267,fake.customer211@example.com,4,7.25
2024-07-22,ORD-502267,fake.customer211@example.com,9,12.0
2024-07-26,ORD-502268,fake.customer211@example.com,5,7.25
2024-08-03,ORD-502269,fake.customer211@example.com,4,4.99
2024-08-03,ORD-502269,fake.customer211@example.com,1,19.9
2024-08-26,ORD-502270,fake.customer211@example.com,8,7.25
2024-08-26,ORD-502270,fake.customer211@example.com,1,12.0
2024-08-29,ORD-502271,fake.customer211@example.com,5,4.99
2024-08-29,ORD-502271,fake.customer211@example.com,3,7.25
2024-08-29,ORD-502271,fake.customer211@example.com,3,3.5
2024-09-09,ORD-502272,fake.customer211@example.com,4,19.9
2024-09-16,ORD-502273,fake.customer211@example.com,11,4.99
2024-09-16,ORD-502273,fake.customer211@example.com,8,19.9
2024-09-16,ORD-502273,fake.customer211@example.com,9,7.25
2024-09-23,ORD-502274,fake.customer211@example.com,1,12.0
2024-09-23,ORD-502274,fake.customer211@example.com,4,19.9
2024-09-23,ORD-502274,fake.customer211@example.com,3,3.5
2024-10-15,ORD-502275,fake.customer211@example.com,4,19.9
2024-11-02,ORD-502276,fake.customer211@example.com,10,7.25
2024-11-02,ORD-502276,fake.customer211@example.com,11,19.9
2024-11-02,ORD-502276,fake.customer211@example.com,3,12.0
2024-11-12,ORD-502277,fake.customer211@example.com,10,3.5
2024-11-12,ORD-502277,fake.customer211@example.com,9,19.9
2024-11-12,ORD-502277,fake.customer211@example.com,7,4.99
2024-11-16,ORD-502278,fake.customer211@example.com,2,3.5
2024-11-16,ORD-502278,fake.customer211@example.com,8,12.0
2024-11-23,ORD-502279,fake.customer211@example.com,12,19.9
2024-11-23,ORD-502279,fake.customer211@example.com,6,7.25
2024-11-24,ORD-502280,fake.customer211@example.com,12,19.9
2024-11-24,ORD-502280,fake.customer211@example.com,4,3.5
2024-12-04,ORD-502281,fake.customer211@example.com,2,12.0
2024-12-04,ORD-502281,fake.customer211@example.com,2,4.99
2024-12-22,ORD-502282,fake.customer211@example.com,8,3.5
2024-12-27,ORD-502283,fake.customer211@example.com,8,12.0
2023-10-10,ORD-502284,fake.customer212@example.com,2,3.5
2023-10-26,ORD-502285,fake.customer212@example.com,12,7.25
2023-11-20,ORD-502286,fake.customer212@example.com,3,4.99
2023-11-20,ORD-502286,fake.customer212@example.com,6,7.25
2023-12-14,ORD-502287,fake.customer212@example.com,9,3.5
2023-12-14,ORD-502287,fake.customer212@example.com,9,19.9
2023-12-14,ORD-502287,fake.customer212@example.com,11,12.0
2024-03-14,ORD-502288,fake.customer212@example.com,3,3.5
2024-03-14,ORD-502288,fake.customer212@example.com,6,4.99
2024-04-05,ORD-502289,fake.customer212@example.com,1,7.25
2024-04-05,ORD-502289,fake.customer212@example.com,3,19.9
2024-04-12,ORD-502290,fake.customer212@example.com,3,12.0
2024-04-12,ORD-502290,fake.customer212@example.com,2,19.9
2024-04-24,ORD-502291,fake.customer212@example.com,5,19.9
2024-04-24,ORD-502291,fake.customer212@example.com,8,7.25
2024-04-24,ORD-502291,fake.customer212@example.com,5,4.99
2024-05-23,ORD-502292,fake.customer212@example.com,5,19.9
2024-06-26,ORD-502293,fake.customer212@example.com,12,3.5
2024-07-02,ORD-502294,fake.customer212@example.com,1,12.0
2024-07-02,ORD-502294,fake.customer212@example.com,9,4.99
2024-07-02,ORD-502294,fake.customer212@example.com,12,19.9
2024-07-31,ORD-502295,fake.customer212@example.com,7,12.0
2024-07-31,ORD-502295,fake.customer212@example.com,11,7.25
2024-08-17,ORD-502296,fake.customer212@example.com,1,19.9
2024-08-17,ORD-502296,fake.customer212@example.com,2,4.99
2024-08-25,ORD-502297,fake.customer212@example.com,2,7.25
2024-08-25,ORD-502297,fake.customer212@example.com,9,3.5
2024-10-03,ORD-502298,fake.customer212@example.com,3,4.99
2024-10-21,ORD-502299,fake.customer212@example.com,2,4.99
2024-11-29,ORD-502300,fake.customer212@example.com,2,12.0
2023-03-02,ORD-502301,fake.customer213@example.com,12,12.0
2023-03-02,ORD-502301,fake.customer213@example.com,7,4.99
2023-03-02,ORD-502301,fake.customer213@example.com,9,19.9
2023-03-11,ORD-502302,fake.customer213@example.com,9,7.25
2023-03-11,ORD-502302,fake.customer213@example.com,4,19.9
2023-03-11,ORD-502302,fake.customer213@example.com,1,12.0
2023-03-16,ORD-502303,fake.customer213@example.com,9,12.0
2023-03-16,ORD-502303,fake.customer213@example.com,12,19.9
2023-03-16,ORD-502303,fake.customer213@example.com,10,4.99
2023-04-15,ORD-502304,fake.customer213@example.com,2,7.25
2023-04-15,ORD-502304,fake.customer213@example.com,7,19.9
2023-04-15,ORD-502304,fake.customer213@example.com,4,12.0
2023-04-21,ORD-502305,fake.customer213@example.com,6,3.5
2023-04-21,ORD-502305,fake.customer213@example.com,8,7.25
2023-04-21,ORD-502305,fake.customer213@example.com,7,4.99
2023-05-06,ORD-502306,fake.customer213@example.com,1,12.0
2023-05-22,ORD-502307,fake.customer213@example.com,8,3.5
2023-05-22,ORD-502307,fake.customer213@example.com,3,12.0
2023-05-22,ORD-502307,fake.customer213@example.com,12,7.25
2023-08-20,ORD-502308,fake.customer213@example.com,10,4.99
2023-09-03,ORD-502309,fake.customer213@example.com,7,12.0
2023-09-03,ORD-502309,fake.customer213@example.com,10,19.9
2023-09-29,ORD-502310,fake.customer213@example.com,1,3.5
2023-10-31,ORD-502311,fake.customer213@example.com,10,3.5
2023-12-16,ORD-502312,fake.customer213@example.com,7,12.0
2023-12-16,ORD-502312,fake.customer213@example.com,1,4.99
2023-12-29,ORD-502313,fake.customer213@example.com,10,19.9
2023-12-29,ORD-502313,fake.customer213@example.com,10,3.5
2023-12-29,ORD-502313,fake.customer213@example.com,10,7.25
2024-01-02,ORD-502314,fake.customer213@example.com,3,7.25
2024-01-02,ORD-502314,fake.customer213@example.com,12,4.99
2024-01-13,ORD-502315,fake.customer213@example.com,6,19.9
2024-04-02,ORD-502316,fake.customer213@example.com,1,3.5
2024-04-02,ORD-502316,fake.customer213@example.com,3,4.99
2024-04-07,ORD-502317,fake.customer213@example.com,2,7.25
2024-04-07,ORD-502317,fake.customer213@example.com,11,12.0
2024-05-21,ORD-502318,fake.customer213@example.com,12,7.25
2024-05-22,ORD-502319,fake.customer213@example.com,8,3.5
2024-05-22,ORD-502319,fake.customer213@example.com,11,19.9
2024-09-16,ORD-502320,fake.customer213@example.com,9,7.25
2024-09-16,ORD-502320,fake.customer213@example.com,8,4.99
2024-09-16,ORD-502320,fake.customer213@example.com,9,3.5
2024-06-13,ORD-502321,fake.customer214@example.com,8,3.5
2024-06-25,ORD-502322,fake.customer214@example.com,6,3.5
2024-06-25,ORD-502322,fake.customer214@example.com,7,19.9
2024-06-25,ORD-502322,fake.customer214@example.com,1,12.0
2023-01-25,ORD-502323,fake.customer215@example.com,10,3.5
2023-01-25,ORD-502323,fake.customer215@example.com,2,4.99
2023-01-25,ORD-502323,fake.customer215@example.com,2,12.0
2024-05-17,ORD-502324,fake.customer216@example.com,3,12.0
2024-05-17,ORD-502324,fake.customer216@example.com,10,19.9
2024-05-17,ORD-502324,fake.customer216@example.com,9,7.25
2024-11-22,ORD-502325,fake.customer217@example.com,1,19.9
2024-06-06,ORD-502326,fake.customer218@example.com,8,12.0
2024-06-06,ORD-502326,fake.customer218@example.com,2,7.25
2024-06-06,ORD-502326,fake.customer218@example.com,6,3.5
2024-10-31,ORD-502327,fake.customer218@example.com,3,7.25
2024-10-31,ORD-502327,fake.customer218@example.com,10,4.99
2024-10-31,ORD-502327,fake.customer218@example.com,2,12.0
2023-02-13,ORD-502328,fake.customer219@example.com,5,7.25
2023-02-13,ORD-502328,fake.customer219@example.com,6,12.0
2023-04-14,ORD-502329,fake.customer220@example.com,11,12.0
2023-04-14,ORD-502329,fake.customer220@example.com,8,4.99
2023-04-14,ORD-502329,fake.customer220@example.com,4,7.25
2023-04-21,ORD-502330,fake.customer220@example.com,9,4.99
2023-08-07,ORD-502331,fake.customer220@example.com,10,12.0
2023-08-07,ORD-502331,fake.customer220@example.com,6,4.99
2023-08-07,ORD-502331,fake.customer220@example.com,7,3.5
2024-05-03,ORD-502332,fake.customer220@example.com,10,19.9
2024-05-03,ORD-502332,fake.customer220@example.com,11,4.99
2023-04-09,ORD-502333,fake.customer221@example.com,10,3.5
2023-04-09,ORD-502333,fake.customer221@example.com,12,19.9
2023-06-24,ORD-502334,fake.customer221@example.com,2,19.9
2023-08-21,ORD-502335,fake.customer221@example.com,2,4.99
2023-09-05,ORD-502336,fake.customer221@example.com,6,3.5
2023-09-21,ORD-502337,fake.customer221@example.com,4,4.99
2023-09-21,ORD-502337,fake.customer221@example.com,6,3.5
2023-11-04,ORD-502338,fake.customer221@example.com,3,4.99
2023-11-12,ORD-502339,fake.customer221@example.com,1,7.25
2023-11-12,ORD-502339,fake.customer221@example.com,3,19.9
2023-11-12,ORD-502339,fake.customer221@example.com,9,3.5
2023-11-30,ORD-502340,fake.customer221@example.com,11,4.99
2023-11-30,ORD-502340,fake.customer221@example.com,11,19.9
2024-03-12,ORD-502341,fake.customer221@example.com,3,12.0
2024-07-10,ORD-502342,fake.customer221@example.com,2,4.99
2024-07-10,ORD-502342,fake.customer221@example.com,11,7.25
2024-07-10,ORD-502342,fake.customer221@example.com,6,19.9
2024-08-23,ORD-502343,fake.customer221@example.com,1,7.25
2024-10-05,ORD-502344,fake.customer221@example.com,8,19.9
2024-10-05,ORD-502344,fake.customer221@example.com,10,4.99
2024-10-25,ORD-502345,fake.customer221@example.com,5,3.5
2024-10-25,ORD-502345,fake.customer221@example.com,2,7.25
2023-07-15,ORD-502346,fake.customer222@example.com,8,12.0
2023-07-15,ORD-502346,fake.customer222@example.com,5,4.99
2023-07-15,ORD-502346,fake.customer222@example.com,5,19.9
2023-09-12,ORD-502347,fake.customer223@example.com,6,19.9
2023-09-18,ORD-502348,fake.customer223@example.com,6,7.25
2023-09-18,ORD-502348,fake.customer223@example.com,5,12.0
2023-09-18,ORD-502348,fake.customer223@example.com,11,19.9
2023-09-27,ORD-502349,fake.customer223@example.com,3,19.9
2023-10-03,ORD-502350,fake.customer223@example.com,7,3.5
2023-10-03,ORD-502350,fake.customer223@example.com,11,12.0
2023-10-03,ORD-502350,fake.customer223@example.com,7,19.9
2023-10-04,ORD-502351,fake.customer223@example.com,1,7.25
2023-10-12,ORD-502352,fake.customer223@example.com,9,3.5
2023-10-12,ORD-502352,fake.customer223@example.com,5,4.99
2023-11-21,ORD-502353,fake.customer223@example.com,2,7.25
2023-11-21,ORD-502353,fake.customer223@example.com,6,4.99
2023-11-29,ORD-502354,fake.customer223@example.com,8,12.0
2023-12-11,ORD-502355,fake.customer223@example.com,10,3.5
2023-12-11,ORD-502355,fake.customer223@example.com,5,4.99
2023-12-11,ORD-502355,fake.customer223@example.com,4,19.9
2023-12-15,ORD-502356,fake.customer223@example.com,4,12.0
2023-12-24,ORD-502357,fake.customer223@example.com,7,12.0
2024-02-06,ORD-502358,fake.customer223@example.com,4,12.0
2024-02-06,ORD-502358,fake.customer223@example.com,6,4.99
2024-02-06,ORD-502358,fake.customer223@example.com,1,3.5
2024-03-15,ORD-502359,fake.customer223@example.com,2,12.0
2024-03-15,ORD-502359,fake.customer223@example.com,3,7.25
2024-03-22,ORD-502360,fake.customer223@example.com,7,4.99
2024-03-22,ORD-502360,fake.customer223@example.com,7,7.25
2024-04-01,ORD-502361,fake.customer223@example.com,12,7.25
2024-04-01,ORD-502361,fake.customer223@example.com,5,12.0
2024-04-09,ORD-502362,fake.customer223@example.com,5,4.99
2024-04-16,ORD-502363,fake.customer223@example.com,1,7.25
2024-04-16,ORD-502363,fake.customer223@example.com,5,3.5
2024-04-18,ORD-502364,fake.customer223@example.com,1,4.99
2024-04-18,ORD-502364,fake.customer223@example.com,9,19.9
2024-04-20,ORD-502365,fake.customer223@example.com,7,19.9
2024-04-20,ORD-502365,fake.customer223@example.com,2,12.0
2024-04-20,ORD-502365,fake.customer223@example.com,12,7.25
2024-05-16,ORD-502366,fake.customer223@example.com,9,19.9
2024-05-16,ORD-502366,fake.customer223@example.com,12,3.5
2024-05-16,ORD-502366,fake.customer223@example.com,3,12.0
2024-05-28,ORD-502367,fake.customer223@example.com,4,4.99
2024-05-29,ORD-502368,fake.customer223@example.com,3,12.0
2024-05-29,ORD-502368,fake.customer223@example.com,3,19.9
2024-06-06,ORD-502369,fake.customer223@example.com,3,12.0
2024-06-10,ORD-502370,fake.customer223@example.com,4,12.0
2024-06-10,ORD-502370,fake.customer223@example.com,3,19.9
2024-06-10,ORD-502370,fake.customer223@example.com,12,4.99
2024-06-21,ORD-502371,fake.customer223@example.com,11,19.9
2024-06-21,ORD-502371,fake.customer223@example.com,2,3.5
2024-07-06,ORD-502372,fake.customer223@example.com,4,4.99
2024-07-06,ORD-502372,fake.customer223@example.com,1,7.25
2024-07-06,ORD-502372,fake.customer223@example.com,1,3.5
2024-07-19,ORD-502373,fake.customer223@example.com,1,12.0
2024-07-23,ORD-502374,fake.customer223@example.com,5,4.99
2024-07-23,ORD-502374,fake.customer223@example.com,9,3.5
2024-08-05,ORD-502375,fake.customer223@example.com,4,19.9
2024-08-05,ORD-502375,fake.customer223@example.com,7,3.5
2024-09-10,ORD-502376,fake.customer223@example.com,2,7.25
2024-09-10,ORD-502376,fake.customer223@example.com,12,4.99
2024-10-13,ORD-502377,fake.customer223@example.com,1,12.0
2024-10-13,ORD-502377,fake.customer223@example.com,2,3.5
2024-10-13,ORD-502377,fake.customer223@example.com,4,19.9
2024-10-15,ORD-502378,fake.customer223@example.com,12,3.5
2024-10-15,ORD-502378,fake.customer223@example.com,8,7.25
2024-10-15,ORD-502378,fake.customer223@example.com,11,12.0
2024-11-01,ORD-502379,fake.customer223@example.com,9,7.25
2024-11-09,ORD-502380,fake.customer223@example.com,7,4.99
2024-11-09,ORD-502380,fake.customer223@example.com,1,19.9
2024-11-09,ORD-502380,fake.customer223@example.com,11,3.5
2024-11-10,ORD-502381,fake.customer223@example.com,12,7.25
2024-11-10,ORD-502381,fake.customer223@example.com,11,12.0
2024-11-20,ORD-502382,fake.customer223@example.com,12,4.99
2024-11-20,ORD-502382,fake.customer223@example.com,4,12.0
2024-12-01,ORD-502383,fake.customer223@example.com,7,3.5
2024-12-09,ORD-502384,fake.customer223@example.com,11,19.9
2024-12-30,ORD-502385,fake.customer223@example.com,8,19.9
2024-12-31,ORD-502386,fake.customer223@example.com,2,4.99
2023-04-30,ORD-502387,fake.customer224@example.com,6,3.5
2023-04-30,ORD-502387,fake.customer224@example.com,7,19.9
2023-05-02,ORD-502388,fake.customer224@example.com,5,7.25
2023-06-26,ORD-502389,fake.customer224@example.com,1,7.25
2023-07-18,ORD-502390,fake.customer224@example.com,10,12.0
2023-07-18,ORD-502390,fake.customer224@example.com,3,7.25
2023-07-18,ORD-502390,fake.customer224@example.com,1,19.9
2023-07-24,ORD-502391,fake.customer224@example.com,1,7.25
2023-08-01,ORD-502392,fake.customer224@example.com,3,3.5
2023-08-27,ORD-502393,fake.customer224@example.com,7,3.5
2023-08-27,ORD-502393,fake.customer224@example.com,3,19.9
2023-08-27,ORD-502393,fake.customer224@example.com,4,4.99
2023-12-09,ORD-502394,fake.customer224@example.com,9,12.0
2023-12-09,ORD-502394,fake.customer224@example.com,10,4.99
2023-12-09,ORD-502394,fake.customer224@example.com,11,19.9
2023-12-15,ORD-502395,fake.customer224@example.com,3,12.0
2024-01-11,ORD-502396,fake.customer224@example.com,6,3.5
2024-01-11,ORD-502396,fake.customer224@example.com,5,12.0
2024-01-15,ORD-502397,fake.customer224@example.com,11,12.0
2024-01-16,ORD-502398,fake.customer224@example.com,8,4.99
2024-02-01,ORD-502399,fake.customer224@example.com,12,19.9
2024-02-01,ORD-502399,fake.customer224@example.com,8,3.5
2024-02-06,ORD-502400,fake.customer224@example.com,10,3.5
2024-03-10,ORD-502401,fake.customer224@example.com,9,7.25
2024-03-10,ORD-502401,fake.customer224@example.com,4,4.99
2024-03-11,ORD-502402,fake.customer224@example.com,5,12.0
2024-03-11,ORD-502402,fake.customer224@example.com,9,3.5
2024-03-11,ORD-502402,fake.customer224@example.com,3,4.99
2024-04-01,ORD-502403,fake.customer224@example.com,1,19.9
2024-04-01,ORD-502403,fake.customer224@example.com,5,4.99
2024-05-22,ORD-502404,fake.customer224@example.com,2,7.25
2024-05-25,ORD-502405,fake.customer224@example.com,4,7.25
2024-06-03,ORD-502406,fake.customer224@example.com,3,3.5
2024-06-03,ORD-502406,fake.customer224@example.com,4,4.99
2024-06-03,ORD-502406,fake.customer224@example.com,3,19.9
2024-06-26,ORD-502407,fake.customer224@example.com,11,4.99
2024-07-06,ORD-502408,fake.customer224@example.com,7,3.5
2024-07-06,ORD-502408,fake.customer224@example.com,10,4.99
2024-08-25,ORD-502409,fake.customer224@example.com,10,7.25
2024-08-25,ORD-502409,fake.customer224@example.com,11,4.99
2024-08-28,ORD-502410,fake.customer224@example.com,8,3.5
2024-08-28,ORD-502410,fake.customer224@example.com,2,19.9
2024-08-28,ORD-502410,fake.customer224@example.com,10,7.25
2024-09-10,ORD-502411,fake.customer224@example.com,1,7.25
2024-09-10,ORD-502411,fake.customer224@example.com,10,19.9
2024-09-12,ORD-502412,fake.customer224@example.com,11,7.25
2024-09-12,ORD-502412,fake.customer224@example.com,5,19.9
2024-09-12,ORD-502412,fake.customer224@example.com,7,3.5
2024-10-09,ORD-502413,fake.customer224@example.com,11,12.0
2024-10-09,ORD-502413,fake.customer224@example.com,2,4.99
2024-10-09,ORD-502413,fake.customer224@example.com,10,7.25
2024-10-19,ORD-502414,fake.customer224@example.com,9,7.25
2024-10-19,ORD-502414,fake.customer224@example.com,10,19.9
2024-11-22,ORD-502415,fake.customer224@example.com,10,7.25
2024-11-22,ORD-502415,fake.customer224@example.com,11,12.0
2024-11-22,ORD-502415,fake.customer224@example.com,10,3.5
2024-12-08,ORD-502416,fake.customer224@example.com,1,19.9
2024-12-08,ORD-502416,fake.customer224@example.com,9,4.99
2024-12-24,ORD-502417,fake.customer224@example.com,10,12.0
2024-12-24,ORD-502417,fake.customer224@example.com,10,19.9
2024-12-24,ORD-502417,fake.customer224@example.com,10,7.25
2024-07-21,ORD-502418,fake.customer225@example.com,8,19.9
2024-07-21,ORD-502418,fake.customer225@example.com,2,3.5
2024-09-04,ORD-502419,fake.customer226@example.com,12,12.0
2024-09-04,ORD-502419,fake.customer226@example.com,8,19.9
2024-09-04,ORD-502419,fake.customer226@example.com,9,3.5
2023-12-23,ORD-502420,fake.customer227@example.com,5,19.9
2023-12-23,ORD-502420,fake.customer227@example.com,9,3.5
2024-01-06,ORD-502421,fake.customer227@example.com,5,4.99
2024-01-13,ORD-502422,fake.customer227@example.com,7,7.25
2024-01-16,ORD-502423,fake.customer227@example.com,2,3.5
2024-02-11,ORD-502424,fake.customer227@example.com,1,12.0
2024-02-11,ORD-502424,fake.customer227@example.com,8,3.5
2024-03-01,ORD-502425,fake.customer227@example.com,11,7.25
2024-03-01,ORD-502425,fake.customer227@example.com,8,3.5
2024-03-07,ORD-502426,fake.customer227@example.com,9,19.9
2024-03-07,ORD-502426,fake.customer227@example.com,4,4.99
2024-03-15,ORD-502427,fake.customer227@example.com,1,19.9
2024-03-15,ORD-502427,fake.customer227@example.com,11,3.5
2024-03-15,ORD-502427,fake.customer227@example.com,7,7.25
2024-04-16,ORD-502428,fake.customer227@example.com,6,7.25
2024-04-16,ORD-502428,fake.customer227@example.com,2,19.9
2024-04-22,ORD-502429,fake.customer227@example.com,3,7.25
2024-05-02,ORD-502430,fake.customer227@example.com,8,19.9
2024-05-02,ORD-502430,fake.customer227@example.com,12,7.25
2024-05-16,ORD-502431,fake.customer227@example.com,5,3.5
2024-05-16,ORD-502431,fake.customer227@example.com,8,7.25
2024-05-26,ORD-502432,fake.customer227@example.com,4,3.5
2024-05-26,ORD-502432,fake.customer227@example.com,12,12.0
2024-05-26,ORD-502432,fake.customer227@example.com,9,4.99
2024-06-04,ORD-502433,fake.customer227@example.com,7,19.9
2024-06-04,ORD-502433,fake.customer227@example.com,6,12.0
2024-06-18,ORD-502434,fake.customer227@example.com,8,4.99
2024-06-18,ORD-502434,fake.customer227@example.com,10,3.5
2024-06-18,ORD-502434,fake.customer227@example.com,2,12.0
2024-07-10,ORD-502435,fake.customer227@example.com,12,19.9
2024-07-10,ORD-502435,fake.customer227@example.com,5,12.0
2024-07-26,ORD-502436,fake.customer227@example.com,9,12.0
2024-07-26,ORD-502436,fake.customer227@example.com,1,4.99
2024-07-12,ORD-502437,fake.customer228@example.com,12,7.25
2024-07-12,ORD-502437,fake.customer228@example.com,2,4.99
2024-07-12,ORD-502437,fake.customer228@example.com,1,3.5
2024-07-30,ORD-502438,fake.customer228@example.com,7,3.5
2024-07-30,ORD-502438,fake.customer228@example.com,6,12.0
2024-08-03,ORD-502439,fake.customer228@example.com,5,19.9
2024-08-16,ORD-502440,fake.customer228@example.com,4,19.9
2024-08-16,ORD-502440,fake.customer228@example.com,4,7.25
2024-08-16,ORD-502440,fake.customer228@example.com,1,4.99
2024-08-25,ORD-502441,fake.customer228@example.com,5,12.0
2024-08-25,ORD-502441,fake.customer228@example.com,3,7.25
2024-09-18,ORD-502442,fake.customer228@example.com,5,4.99
2024-09-18,ORD-502442,fake.customer228@example.com,6,19.9
2024-09-18,ORD-502442,fake.customer228@example.com,9,12.0
2023-08-09,ORD-502443,fake.customer229@example.com,5,19.9
2023-08-09,ORD-502443,fake.customer229@example.com,2,7.25
2023-08-09,ORD-502443,fake.customer229@example.com,11,4.99
2023-07-28,ORD-502444,fake.customer230@example.com,4,4.99
2023-08-08,ORD-502445,fake.customer230@example.com,12,7.25
2023-09-07,ORD-502446,fake.customer230@example.com,9,12.0
2023-09-22,ORD-502447,fake.customer230@example.com,2,4.99
2023-09-22,ORD-502447,fake.customer230@example.com,7,7.25
2023-09-22,ORD-502447,fake.customer230@example.com,10,12.0
2023-10-08,ORD-502448,fake.customer230@example.com,9,7.25
2023-10-08,ORD-502448,fake.customer230@example.com,12,3.5
2023-10-20,ORD-502449,fake.customer230@example.com,6,4.99
2023-10-20,ORD-502449,fake.customer230@example.com,4,3.5
2023-12-05,ORD-502450,fake.customer230@example.com,11,19.9
2023-12-05,ORD-502450,fake.customer230@example.com,5,7.25
2023-12-05,ORD-502450,fake.customer230@example.com,11,4.99
2023-12-10,ORD-502451,fake.customer230@example.com,4,12.0
2023-12-10,ORD-502451,fake.customer230@example.com,4,19.9
2023-12-10,ORD-502451,fake.customer230@example.com,8,7.25
2024-02-19,ORD-502452,fake.customer230@example.com,6,12.0
2024-02-19,ORD-502452,fake.customer230@example.com,10,3.5
2024-02-19,ORD-502452,fake.customer230@example.com,11,7.25
2024-03-07,ORD-502453,fake.customer230@example.com,1,7.25
2024-03-07,ORD-502453,fake.customer230@example.com,5,4.99
2024-03-07,ORD-502453,fake.customer230@example.com,4,12.0
2024-03-18,ORD-502454,fake.customer230@example.com,2,7.25
2024-03-18,ORD-502454,fake.customer230@example.com,11,19.9
2024-05-04,ORD-502455,fake.customer230@example.com,6,3.5
2024-05-04,ORD-502455,fake.customer230@example.com,1,12.0
2024-05-04,ORD-502455,fake.customer230@example.com,5,4.99
2024-09-28,ORD-502456,fake.customer230@example.com,11,3.5
2024-09-29,ORD-502457,fake.customer230@example.com,10,7.25
2024-12-08,ORD-502458,fake.customer230@example.com,1,4.99
2024-12-08,ORD-502458,fake.customer230@example.com,10,12.0
2023-04-06,ORD-502459,fake.customer231@example.com,2,12.0
2023-04-24,ORD-502460,fake.customer231@example.com,9,3.5
2023-07-21,ORD-502461,fake.customer231@example.com,10,4.99
2023-07-21,ORD-502461,fake.customer231@example.com,10,7.25
2023-09-21,ORD-502462,fake.customer231@example.com,7,12.0
2023-09-21,ORD-502462,fake.customer231@example.com,8,7.25
2023-09-21,ORD-502462,fake.customer231@example.com,1,3.5
2024-06-07,ORD-502463,fake.customer231@example.com,5,3.5
2024-06-07,ORD-502463,fake.customer231@example.com,6,19.9
2024-06-16,ORD-502464,fake.customer231@example.com,8,19.9
2024-06-16,ORD-502464,fake.customer231@example.com,12,7.25
2024-06-16,ORD-502464,fake.customer231@example.com,11,4.99
2024-07-17,ORD-502465,fake.customer231@example.com,12,19.9
2024-09-16,ORD-502466,fake.customer231@example.com,10,12.0
2024-10-24,ORD-502467,fake.customer231@example.com,5,19.9
2024-10-28,ORD-502468,fake.customer231@example.com,7,4.99
2024-11-20,ORD-502469,fake.customer231@example.com,4,3.5
2024-11-20,ORD-502469,fake.customer231@example.com,1,7.25
2024-11-20,ORD-502469,fake.customer231@example.com,12,19.9
2024-10-25,ORD-502470,fake.customer232@example.com,12,4.99
2024-10-25,ORD-502470,fake.customer232@example.com,10,19.9
2024-11-05,ORD-502471,fake.customer232@example.com,7,3.5
2024-11-05,ORD-502471,fake.customer232@example.com,9,19.9
2024-11-05,ORD-502471,fake.customer232@example.com,9,12.0
2024-11-19,ORD-502472,fake.customer232@example.com,11,4.99
2024-11-19,ORD-502472,fake.customer232@example.com,7,12.0
2024-11-19,ORD-502472,fake.customer232@example.com,10,7.25
2024-10-21,ORD-502473,fake.customer233@example.com,8,12.0
2024-10-21,ORD-502473,fake.customer233@example.com,12,3.5
2024-11-05,ORD-502474,fake.customer233@example.com,11,12.0
2024-11-10,ORD-502475,fake.customer233@example.com,1,7.25
2024-11-10,ORD-502475,fake.customer233@example.com,10,19.9
2024-11-17,ORD-502476,fake.customer233@example.com,10,3.5
2024-11-17,ORD-502476,fake.customer233@example.com,2,7.25
2024-11-17,ORD-502476,fake.customer233@example.com,6,19.9
2024-11-18,ORD-502477,fake.customer233@example.com,4,3.5
2024-11-23,ORD-502478,fake.customer233@example.com,12,7.25
2024-11-23,ORD-502478,fake.customer233@example.com,4,4.99
2024-11-23,ORD-502478,fake.customer233@example.com,4,12.0
2024-12-01,ORD-502479,fake.customer233@example.com,2,19.9
2024-12-01,ORD-502479,fake.customer233@example.com,11,12.0
2024-12-01,ORD-502479,fake.customer233@example.com,2,4.99
2024-12-02,ORD-502480,fake.customer233@example.com,11,12.0
2024-12-02,ORD-502480,fake.customer233@example.com,11,4.99
2024-12-02,ORD-502480,fake.customer233@example.com,7,7.25
2023-02-18,ORD-502481,fake.customer234@example.com,10,7.25
2023-02-21,ORD-502482,fake.customer234@example.com,1,12.0
2023-02-21,ORD-502482,fake.customer234@example.com,8,3.5
2023-02-27,ORD-502483,fake.customer234@example.com,6,4.99
2023-02-27,ORD-502483,fake.customer234@example.com,6,12.0
2023-03-16,ORD-502484,fake.customer234@example.com,5,3.5
2023-04-03,ORD-502485,fake.customer234@example.com,2,19.9
2023-04-03,ORD-502485,fake.customer234@example.com,7,12.0
2023-05-18,ORD-502486,fake.customer234@example.com,6,4.99
2023-05-18,ORD-502486,fake.customer234@example.com,8,7.25
2023-06-11,ORD-502487,fake.customer234@example.com,5,19.9
2023-06-16,ORD-502488,fake.customer234@example.com,2,12.0
2023-07-16,ORD-502489,fake.customer234@example.com,5,3.5
2023-07-16,ORD-502489,fake.customer234@example.com,11,4.99
2023-07-20,ORD-502490,fake.customer234@example.com,8,7.25
2023-07-20,ORD-502490,fake.customer234@example.com,9,3.5
2023-08-07,ORD-502491,fake.customer234@example.com,6,4.99
2023-08-18,ORD-502492,fake.customer234@example.com,9,3.5
2023-08-24,ORD-502493,fake.customer234@example.com,9,7.25
2023-08-24,ORD-502493,fake.customer234@example.com,5,12.0
2023-08-24,ORD-502493,fake.customer234@example.com,1,19.9
2023-10-01,ORD-502494,fake.customer234@example.com,9,7.25
2023-10-01,ORD-502494,fake.customer234@example.com,3,12.0
2023-10-06,ORD-502495,fake.customer234@example.com,4,4.99
2023-10-06,ORD-502495,fake.customer234@example.com,3,7.25
2023-10-06,ORD-502495,fake.customer234@example.com,4,19.9
2023-10-12,ORD-502496,fake.customer234@example.com,12,19.9
2023-10-27,ORD-502497,fake.customer234@example.com,4,12.0
2023-10-27,ORD-502497,fake.customer234@example.com,12,3.5
2023-10-27,ORD-502497,fake.customer234@example.com,10,4.99
2023-12-03,ORD-502498,fake.customer234@example.com,12,12.0
2023-12-03,ORD-502498,fake.customer234@example.com,7,19.9
2023-12-03,ORD-502498,fake.customer234@example.com,12,7.25
2023-12-20,ORD-502499,fake.customer234@example.com,4,12.0
2023-12-21,ORD-502500,fake.customer234@example.com,12,19.9
2023-12-21,ORD-502500,fake.customer234@example.com,9,7.25
2023-12-23,ORD-502501,fake.customer234@example.com,6,3.5
2023-12-23,ORD-502501,fake.customer234@example.com,5,7.25
2024-02-02,ORD-502502,fake.customer234@example.com,12,12.0
2024-02-02,ORD-502502,fake.customer234@example.com,11,3.5
2024-02-09,ORD-502503,fake.customer234@example.com,4,4.99
2024-02-09,ORD-502503,fake.customer234@example.com,2,7.25
2024-02-09,ORD-502503,fake.customer234@example.com,4,19.9
2024-02-10,ORD-502504,fake.customer234@example.com,12,4.99
2024-02-14,ORD-502505,fake.customer234@example.com,5,7.25
2024-02-18,ORD-502506,fake.customer234@example.com,12,3.5
2024-02-28,ORD-502507,fake.customer234@example.com,5,3.5
2024-02-28,ORD-502507,fake.customer234@example.com,10,12.0
2024-03-06,ORD-502508,fake.customer234@example.com,12,12.0
2024-03-06,ORD-502508,fake.customer234@example.com,11,19.9
2024-03-06,ORD-502508,fake.customer234@example.com,3,7.25
2024-04-12,ORD-502509,fake.customer234@example.com,7,19.9
2024-04-12,ORD-502509,fake.customer234@example.com,6,3.5
2024-04-12,ORD-502509,fake.customer234@example.com,2,12.0
2024-06-10,ORD-502510,fake.customer234@example.com,7,19.9
2024-06-21,ORD-502511,fake.customer234@example.com,10,4.99
2024-06-21,ORD-502511,fake.customer234@example.com,3,3.5
2024-06-21,ORD-502511,fake.customer234@example.com,9,19.9
2024-06-26,ORD-502512,fake.customer234@example.com,9,3.5
2024-06-26,ORD-502512,fake.customer234@example.com,11,12.0
2024-06-27,ORD-502513,fake.customer234@example.com,10,12.0
2024-06-27,ORD-502513,fake.customer234@example.com,7,3.5
2024-06-29,ORD-502514,fake.customer234@example.com,9,12.0
2024-06-29,ORD-502514,fake.customer234@example.com,6,3.5
2024-06-29,ORD-502514,fake.customer234@example.com,5,7.25
2024-07-12,ORD-502515,fake.customer234@example.com,3,12.0
2024-07-12,ORD-502515,fake.customer234@example.com,2,3.5
2024-07-29,ORD-502516,fake.customer234@example.com,12,3.5
2024-07-30,ORD-502517,fake.customer234@example.com,3,12.0
2024-08-23,ORD-502518,fake.customer234@example.com,8,4.99
2024-08-23,ORD-502518,fake.customer234@example.com,9,12.0
2024-09-02,ORD-502519,fake.customer234@example.com,2,3.5
2024-10-22,ORD-502520,fake.customer234@example.com,1,7.25
2024-11-04,ORD-502521,fake.customer234@example.com,11,12.0
2024-12-06,ORD-502522,fake.customer234@example.com,11,12.0
2024-12-06,ORD-502522,fake.customer234@example.com,9,3.5
2024-12-06,ORD-502522,fake.customer234@example.com,11,7.25
2024-12-15,ORD-502523,fake.customer234@example.com,8,4.99
2024-12-15,ORD-502523,fake.customer234@example.com,11,19.9
2024-12-15,ORD-502523,fake.customer234@example.com,2,3.5
2024-04-30,ORD-502524,fake.customer235@example.com,12,3.5
2024-05-27,ORD-502525,fake.customer235@example.com,2,3.5
2024-05-27,ORD-502525,fake.customer235@example.com,1,4.99
2024-06-04,ORD-502526,fake.customer235@example.com,11,7.25
2024-06-04,ORD-502526,fake.customer235@example.com,2,19.9
2024-08-26,ORD-502527,fake.customer235@example.com,5,7.25
2024-09-14,ORD-502528,fake.customer235@example.com,4,7.25
2024-09-14,ORD-502528,fake.customer235@example.com,5,3.5
2024-09-19,ORD-502529,fake.customer235@example.com,9,12.0
2024-10-31,ORD-502530,fake.customer235@example.com,2,4.99
2024-10-31,ORD-502530,fake.customer235@example.com,4,19.9
2024-12-16,ORD-502531,fake.customer235@example.com,7,19.9
2024-12-16,ORD-502531,fake.customer235@example.com,2,4.99
2024-12-16,ORD-502531,fake.customer235@example.com,2,7.25
2023-05-16,ORD-502532,fake.customer236@example.com,3,4.99
2023-07-05,ORD-502533,fake.customer236@example.com,10,7.25
2023-07-05,ORD-502533,fake.customer236@example.com,8,19.9
2023-10-03,ORD-502534,fake.customer236@example.com,4,12.0
2023-11-15,ORD-502535,fake.customer236@example.com,11,19.9
2023-11-27,ORD-502536,fake.customer236@example.com,1,7.25
2023-11-27,ORD-502536,fake.customer236@example.com,5,12.0
2023-12-14,ORD-502537,fake.customer236@example.com,4,7.25
2023-12-17,ORD-502538,fake.customer236@example.com,3,19.9
2024-03-07,ORD-502539,fake.customer236@example.com,11,4.99
2024-03-07,ORD-502539,fake.customer236@example.com,3,3.5
2024-03-07,ORD-502539,fake.customer236@example.com,11,19.9
2024-03-19,ORD-502540,fake.customer236@example.com,1,7.25
2024-05-23,ORD-502541,fake.customer236@example.com,12,4.99
2024-07-20,ORD-502542,fake.customer236@example.com,4,4.99
2024-08-08,ORD-502543,fake.customer236@example.com,3,7.25
2024-09-01,ORD-502544,fake.customer236@example.com,10,7.25
2024-09-17,ORD-502545,fake.customer236@example.com,7,4.99
2024-09-18,ORD-502546,fake.customer236@example.com,8,19.9
2024-09-18,ORD-502546,fake.customer236@example.com,11,12.0
2024-09-18,ORD-502546,fake.customer236@example.com,12,7.25
2024-11-07,ORD-502547,fake.customer236@example.com,7,7.25
2024-11-07,ORD-502547,fake.customer236@example.com,8,4.99
2024-11-07,ORD-502547,fake.customer236@example.com,3,12.0
2024-12-01,ORD-502548,fake.customer236@example.com,8,12.0
2024-12-01,ORD-502548,fake.customer236@example.com,11,3.5
2023-08-11,ORD-502549,fake.customer237@example.com,1,4.99
2023-08-12,ORD-502550,fake.customer237@example.com,8,19.9
2023-08-12,ORD-502550,fake.customer237@example.com,12,12.0
2023-08-15,ORD-502551,fake.customer237@example.com,7,4.99
2023-08-15,ORD-502551,fake.customer237@example.com,1,19.9
2023-08-21,ORD-502552,fake.customer237@example.com,9,3.5
2023-09-16,ORD-502553,fake.customer237@example.com,9,3.5
2023-10-11,ORD-502554,fake.customer237@example.com,3,3.5
2023-10-11,ORD-502554,fake.customer237@example.com,8,7.25
2023-11-06,ORD-502555,fake.customer237@example.com,8,3.5
2023-11-06,ORD-502555,fake.customer237@example.com,6,7.25
2023-11-06,ORD-502555,fake.customer237@example.com,3,12.0
2023-11-08,ORD-502556,fake.customer237@example.com,11,7.25
2023-11-08,ORD-502556,fake.customer237@example.com,10,4.99
2023-11-08,ORD-502556,fake.customer237@example.com,9,12.0
2023-11-26,ORD-502557,fake.customer237@example.com,12,7.25
2023-11-26,ORD-502557,fake.customer237@example.com,9,4.99
2023-11-26,ORD-502557,fake.customer237@example.com,6,3.5
2024-03-13,ORD-502558,fake.customer237@example.com,5,19.9
2024-03-13,ORD-502558,fake.customer237@example.com,5,7.25
2024-03-27,ORD-502559,fake.customer237@example.com,6,7.25
2024-04-25,ORD-502560,fake.customer237@example.com,9,19.9
2024-05-18,ORD-502561,fake.customer237@example.com,8,3.5
2024-07-28,ORD-502562,fake.customer237@example.com,6,3.5
2024-09-08,ORD-502563,fake.customer237@example.com,8,19.9
2024-09-08,ORD-502563,fake.customer237@example.com,2,7.25
2024-09-08,ORD-502563,fake.customer237@example.com,12,3.5
2024-09-19,ORD-502564,fake.customer237@example.com,1,4.99
2024-10-09,ORD-502565,fake.customer237@example.com,10,3.5
2024-10-09,ORD-502565,fake.customer237@example.com,9,7.25
2024-10-10,ORD-502566,fake.customer237@example.com,9,12.0
2024-10-23,ORD-502567,fake.customer237@example.com,4,3.5
2024-10-23,ORD-502567,fake.customer237@example.com,10,19.9
2023-12-22,ORD-502568,fake.customer238@example.com,4,12.0
2024-01-06,ORD-502569,fake.customer238@example.com,7,19.9
2024-01-06,ORD-502569,fake.customer238@example.com,4,12.0
2024-01-09,ORD-502570,fake.customer238@example.com,12,19.9
2024-02-22,ORD-502571,fake.customer238@example.com,1,7.25
2024-02-22,ORD-502571,fake.customer238@example.com,10,19.9
2024-02-22,ORD-502571,fake.customer238@example.com,10,4.99
2024-03-01,ORD-502572,fake.customer238@example.com,10,7.25
2024-03-01,ORD-502572,fake.customer238@example.com,6,4.99
2024-03-01,ORD-502572,fake.customer238@example.com,4,12.0
2024-03-17,ORD-502573,fake.customer238@example.com,1,7.25
2024-03-17,ORD-502573,fake.customer238@example.com,6,4.99
2024-03-17,ORD-502573,fake.customer238@example.com,10,3.5
2024-03-24,ORD-502574,fake.customer238@example.com,9,19.9
2024-03-24,ORD-502574,fake.customer238@example.com,6,3.5
2024-03-24,ORD-502574,fake.customer238@example.com,11,4.99
2024-04-15,ORD-502575,fake.customer238@example.com,5,4.99
2024-04-15,ORD-502575,fake.customer238@example.com,4,7.25
2024-05-29,ORD-502576,fake.customer238@example.com,5,3.5
2024-05-29,ORD-502576,fake.customer238@example.com,4,19.9
2024-06-09,ORD-502577,fake.customer238@example.com,11,3.5
2024-06-09,ORD-502577,fake.customer238@example.com,8,7.25
2024-06-09,ORD-502577,fake.customer238@example.com,8,4.99
2024-06-16,ORD-502578,fake.customer238@example.com,3,3.5
2024-06-16,ORD-502578,fake.customer238@example.com,10,19.9
2024-06-19,ORD-502579,fake.customer238@example.com,8,4.99
2024-06-26,ORD-502580,fake.customer238@example.com,4,3.5
2024-09-08,ORD-502581,fake.customer238@example.com,1,7.25
2024-09-08,ORD-502581,fake.customer238@example.com,8,3.5
2024-09-08,ORD-502581,fake.customer238@example.com,3,4.99
2024-09-11,ORD-502582,fake.customer238@example.com,12,4.99
2024-09-11,ORD-502582,fake.customer238@example.com,5,12.0
2024-09-24,ORD-502583,fake.customer238@example.com,2,12.0
2024-09-25,ORD-502584,fake.customer238@example.com,7,19.9
2024-09-25,ORD-502584,fake.customer238@example.com,7,3.5
2024-10-31,ORD-502585,fake.customer238@example.com,7,3.5
2024-10-31,ORD-502585,fake.customer238@example.com,11,4.99
2024-11-06,ORD-502586,fake.customer238@example.com,3,4.99
2024-11-06,ORD-502586,fake.customer238@example.com,8,19.9
2024-12-18,ORD-502587,fake.customer238@example.com,9,7.25
2024-12-18,ORD-502587,fake.customer238@example.com,1,19.9
2024-12-18,ORD-502587,fake.customer238@example.com,7,4.99
2024-10-30,ORD-502588,fake.customer239@example.com,11,19.9
2024-11-16,ORD-502589,fake.customer239@example.com,6,19.9
2024-11-16,ORD-502589,fake.customer239@example.com,11,3.5
2024-11-16,ORD-502589,fake.customer239@example.com,3,7.25
2024-05-12,ORD-502590,fake.customer240@example.com,8,3.5
2024-05-12,ORD-502590,fake.customer240@example.com,1,4.99
2024-05-26,ORD-502591,fake.customer240@example.com,4,19.9
2024-06-08,ORD-502592,fake.customer240@example.com,2,7.25
2024-06-08,ORD-502592,fake.customer240@example.com,10,12.0
2024-06-15,ORD-502593,fake.customer240@example.com,7,3.5
2024-06-15,ORD-502593,fake.customer240@example.com,4,4.99
2024-06-15,ORD-502593,fake.customer240@example.com,4,12.0
2024-06-16,ORD-502594,fake.customer240@example.com,5,3.5
2024-06-16,ORD-502594,fake.customer240@example.com,3,4.99
2024-06-16,ORD-502594,fake.customer240@example.com,12,12.0
2024-07-08,ORD-502595,fake.customer240@example.com,6,4.99
2024-07-08,ORD-502595,fake.customer240@example.com,3,19.9
2024-07-12,ORD-502596,fake.customer240@example.com,2,7.25
2024-09-06,ORD-502597,fake.customer240@example.com,1,12.0
2024-11-05,ORD-502598,fake.customer240@example.com,8,4.99
2024-11-05,ORD-502598,fake.customer240@example.com,10,3.5
2024-11-05,ORD-502598,fake.customer240@example.com,9,12.0
2024-11-25,ORD-502599,fake.customer240@example.com,4,12.0
2024-11-25,ORD-502599,fake.customer240@example.com,9,3.5
2024-11-25,ORD-502599,fake.customer240@example.com,3,4.99
2024-12-19,ORD-502600,fake.customer240@example.com,10,7.25
2024-12-19,ORD-502600,fake.customer240@example.com,3,3.5
2024-12-31,ORD-502601,fake.customer240@example.com,4,3.5
2024-05-31,ORD-502602,fake.customer241@example.com,6,3.5
2024-08-06,ORD-502603,fake.customer241@example.com,3,7.25
2024-08-06,ORD-502603,fake.customer241@example.com,2,3.5
2024-09-28,ORD-502604,fake.customer241@example.com,1,3.5
2024-09-28,ORD-502604,fake.customer241@example.com,3,19.9
2024-09-28,ORD-502604,fake.customer241@example.com,8,12.0
2024-09-30,ORD-502605,fake.customer241@example.com,4,4.99
2024-11-10,ORD-502606,fake.customer241@example.com,1,7.25
2024-11-10,ORD-502606,fake.customer241@example.com,7,19.9
2024-11-10,ORD-502606,fake.customer241@example.com,4,12.0
2024-12-10,ORD-502607,fake.customer241@example.com,5,19.9
2024-12-10,ORD-502607,fake.customer241@example.com,4,12.0
2024-12-10,ORD-502607,fake.customer241@example.com,6,3.5
2024-10-28,ORD-502608,fake.customer242@example.com,12,19.9
2024-10-28,ORD-502608,fake.customer242@example.com,12,7.25
2024-10-28,ORD-502608,fake.customer242@example.com,8,3.5
2024-12-31,ORD-502609,fake.customer242@example.com,9,12.0
2024-12-31,ORD-502609,fake.customer242@example.com,8,7.25
2024-12-31,ORD-502609,fake.customer242@example.com,5,3.5
2023-06-21,ORD-502610,fake.customer243@example.com,1,19.9
2023-06-21,ORD-502610,fake.customer243@example.com,9,7.25
2023-06-21,ORD-502610,fake.customer243@example.com,2,4.99
2023-06-22,ORD-502611,fake.customer243@example.com,10,3.5
2023-06-27,ORD-502612,fake.customer243@example.com,11,4.99
2023-06-27,ORD-502612,fake.customer243@example.com,9,19.9
2023-07-03,ORD-502613,fake.customer243@example.com,2,7.25
2023-07-06,ORD-502614,fake.customer243@example.com,9,3.5
2023-08-11,ORD-502615,fake.customer243@example.com,1,12.0
2023-08-11,ORD-502615,fake.customer243@example.com,8,4.99
2023-08-11,ORD-502615,fake.customer243@example.com,5,3.5
2023-08-13,ORD-502616,fake.customer243@example.com,5,7.25
2023-09-02,ORD-502617,fake.customer243@example.com,9,7.25
2023-09-02,ORD-502617,fake.customer243@example.com,11,12.0
2023-09-15,ORD-502618,fake.customer243@example.com,9,3.5
2023-09-15,ORD-502618,fake.customer243@example.com,5,12.0
2023-09-15,ORD-502618,fake.customer243@example.com,12,4.99
2023-09-18,ORD-502619,fake.customer243@example.com,6,4.99
2023-09-18,ORD-502619,fake.customer243@example.com,7,12.0
2023-09-18,ORD-502619,fake.customer243@example.com,11,7.25
2023-09-23,ORD-502620,fake.customer243@example.com,12,3.5
2023-09-23,ORD-502620,fake.customer243@example.com,2,7.25
2023-09-24,ORD-502621,fake.customer243@example.com,3,12.0
2023-09-24,ORD-502621,fake.customer243@example.com,8,4.99
2023-09-24,ORD-502621,fake.customer243@example.com,10,7.25
2023-09-27,ORD-502622,fake.customer243@example.com,9,7.25
2023-09-27,ORD-502622,fake.customer243@example.com,3,12.0
2023-10-17,ORD-502623,fake.customer243@example.com,10,19.9
2023-11-02,ORD-502624,fake.customer243@example.com,6,7.25
2023-11-02,ORD-502624,fake.customer243@example.com,6,4.99
2023-11-02,ORD-502624,fake.customer243@example.com,4,3.5
2023-11-03,ORD-502625,fake.customer243@example.com,9,4.99
2023-11-03,ORD-502625,fake.customer243@example.com,4,12.0
2023-11-03,ORD-502625,fake.customer243@example.com,1,3.5
2023-11-18,ORD-502626,fake.customer243@example.com,5,7.25
2023-11-19,ORD-502627,fake.customer243@example.com,9,3.5
2023-11-21,ORD-502628,fake.customer243@example.com,6,12.0
2023-11-21,ORD-502628,fake.customer243@example.com,1,3.5
2023-11-21,ORD-502628,fake.customer243@example.com,1,19.9
2023-11-22,ORD-502629,fake.customer243@example.com,7,19.9
2023-11-22,ORD-502629,fake.customer243@example.com,4,3.5
2023-11-22,ORD-502629,fake.customer243@example.com,12,7.25
2023-11-30,ORD-502630,fake.customer243@example.com,9,4.99
2023-12-02,ORD-502631,fake.customer243@example.com,7,7.25
2023-12-02,ORD-502631,fake.customer243@example.com,1,4.99
2023-12-04,ORD-502632,fake.customer243@example.com,8,4.99
2023-12-13,ORD-502633,fake.customer243@example.com,9,4.99
2023-12-13,ORD-502633,fake.customer243@example.com,9,3.5
2023-12-29,ORD-502634,fake.customer243@example.com,3,12.0
2024-01-09,ORD-502635,fake.customer243@example.com,4,4.99
2024-01-09,ORD-502635,fake.customer243@example.com,9,19.9
2024-01-12,ORD-502636,fake.customer243@example.com,2,12.0
2024-01-12,ORD-502636,fake.customer243@example.com,7,3.5
2024-04-02,ORD-502637,fake.customer243@example.com,3,3.5
2024-04-02,ORD-502637,fake.customer243@example.com,12,12.0
2024-04-05,ORD-502638,fake.customer243@example.com,3,12.0
2024-04-05,ORD-502638,fake.customer243@example.com,6,3.5
2024-04-11,ORD-502639,fake.customer243@example.com,7,3.5
2024-04-11,ORD-502639,fake.customer243@example.com,5,7.25
2024-04-11,ORD-502639,fake.customer243@example.com,6,19.9
2024-04-14,ORD-502640,fake.customer243@example.com,6,19.9
2024-04-14,ORD-502640,fake.customer243@example.com,5,7.25
2024-04-18,ORD-502641,fake.customer243@example.com,9,4.99
2024-04-27,ORD-502642,fake.customer243@example.com,11,7.25
2024-04-27,ORD-502642,fake.customer243@example.com,3,19.9
2024-04-27,ORD-502642,fake.customer243@example.com,2,12.0
2023-01-05,ORD-502643,fake.customer244@example.com,10,7.25
2023-01-23,ORD-502644,fake.customer244@example.com,12,4.99
2023-01-23,ORD-502644,fake.customer244@example.com,3,12.0
2023-01-25,ORD-502645,fake.customer244@example.com,5,3.5
2023-01-25,ORD-502645,fake.customer244@example.com,7,4.99
2023-01-25,ORD-502645,fake.customer244@example.com,10,12.0
2023-03-06,ORD-502646,fake.customer244@example.com,2,19.9
2023-03-06,ORD-502646,fake.customer244@example.com,10,3.5
2023-03-06,ORD-502646,fake.customer244@example.com,6,4.99
2023-03-07,ORD-502647,fake.customer244@example.com,6,19.9
2023-03-07,ORD-502647,fake.customer244@example.com,11,3.5
2023-03-07,ORD-502647,fake.customer244@example.com,4,7.25
2023-03-28,ORD-502648,fake.customer244@example.com,8,19.9
2023-09-02,ORD-502649,fake.customer245@example.com,6,12.0
2023-09-09,ORD-502650,fake.customer245@example.com,10,4.99
2023-10-23,ORD-502651,fake.customer245@example.com,4,4.99
2023-12-01,ORD-502652,fake.customer245@example.com,2,19.9
2023-12-01,ORD-502652,fake.customer245@example.com,5,12.0
2023-12-01,ORD-502652,fake.customer245@example.com,10,7.25
2024-01-17,ORD-502653,fake.customer245@example.com,1,4.99
2023-03-10,ORD-502654,fake.customer246@example.com,3,7.25
2023-03-10,ORD-502654,fake.customer246@example.com,1,4.99
2024-02-27,ORD-502655,fake.customer247@example.com,1,12.0
2024-04-01,ORD-502656,fake.customer247@example.com,7,7.25
2024-06-01,ORD-502657,fake.customer247@example.com,2,19.9
2024-06-01,ORD-502657,fake.customer247@example.com,9,4.99
2024-06-01,ORD-502657,fake.customer247@example.com,12,12.0
2024-06-22,ORD-502658,fake.customer248@example.com,4,4.99
2024-06-22,ORD-502658,fake.customer248@example.com,1,3.5
2024-09-03,ORD-502659,fake.customer248@example.com,6,4.99
2024-01-28,ORD-502660,fake.customer249@example.com,4,7.25
2024-01-28,ORD-502660,fake.customer249@example.com,3,19.9
2023-10-09,ORD-502661,fake.customer250@example.com,11,12.0
2023-10-09,ORD-502661,fake.customer250@example.com,12,3.5
2023-01-19,ORD-502662,fake.customer251@example.com,6,19.9
2023-01-19,ORD-502662,fake.customer251@example.com,1,4.99
2023-02-21,ORD-502663,fake.customer251@example.com,1,12.0
2023-08-26,ORD-502664,fake.customer251@example.com,6,12.0
2023-08-26,ORD-502664,fake.customer251@example.com,6,3.5
2023-08-30,ORD-502665,fake.customer251@example.com,11,4.99
2023-08-30,ORD-502665,fake.customer251@example.com,6,7.25
2023-08-30,ORD-502665,fake.customer251@example.com,7,3.5
2023-09-27,ORD-502666,fake.customer251@example.com,6,19.9
2023-09-27,ORD-502666,fake.customer251@example.com,10,7.25
2023-09-27,ORD-502666,fake.customer251@example.com,2,3.5
2023-10-22,ORD-502667,fake.customer251@example.com,7,19.9
2023-10-22,ORD-502667,fake.customer251@example.com,7,7.25
2024-05-30,ORD-502668,fake.customer252@example.com,8,3.5
2024-05-30,ORD-502668,fake.customer252@example.com,5,12.0
2024-05-30,ORD-502668,fake.customer252@example.com,8,7.25
2024-06-01,ORD-502669,fake.customer252@example.com,8,7.25
2024-06-01,ORD-502669,fake.customer252@example.com,3,12.0
2024-06-07,ORD-502670,fake.customer252@example.com,1,12.0
2024-06-07,ORD-502670,fake.customer252@example.com,4,19.9
2024-06-07,ORD-502670,fake.customer252@example.com,12,3.5
2024-06-10,ORD-502671,fake.customer252@example.com,11,12.0
2024-06-26,ORD-502672,fake.customer252@example.com,2,4.99
2024-06-26,ORD-502672,fake.customer252@example.com,4,19.9
2024-06-26,ORD-502672,fake.customer252@example.com,8,3.5
2024-06-29,ORD-502673,fake.customer252@example.com,6,3.5
2024-06-29,ORD-502673,fake.customer252@example.com,9,19.9
2024-06-29,ORD-502673,fake.customer252@example.com,4,12.0
2024-07-08,ORD-502674,fake.customer252@example.com,3,7.25
2024-07-22,ORD-502675,fake.customer252@example.com,6,12.0
2024-07-22,ORD-502675,fake.customer252@example.com,2,4.99
2024-07-27,ORD-502676,fake.customer252@example.com,2,3.5
2024-07-27,ORD-502676,fake.customer252@example.com,10,4.99
2024-07-31,ORD-502677,fake.customer252@example.com,9,4.99
2024-07-31,ORD-502677,fake.customer252@example.com,6,3.5
2024-08-01,ORD-502678,fake.customer252@example.com,6,12.0
2024-08-01,ORD-502678,fake.customer252@example.com,1,7.25
2024-08-01,ORD-502678,fake.customer252@example.com,8,3.5
2024-08-17,ORD-502679,fake.customer252@example.com,1,7.25
2024-08-17,ORD-502679,fake.customer252@example.com,6,19.9
2024-08-21,ORD-502680,fake.customer252@example.com,10,12.0
2024-08-21,ORD-502680,fake.customer252@example.com,12,3.5
2024-08-27,ORD-502681,fake.customer252@example.com,11,4.99
2024-08-27,ORD-502681,fake.customer252@example.com,12,7.25
2024-08-27,ORD-502681,fake.customer252@example.com,3,19.9
2024-08-29,ORD-502682,fake.customer252@example.com,11,4.99
2024-08-29,ORD-502682,fake.customer252@example.com,5,19.9
2024-09-08,ORD-502683,fake.customer252@example.com,9,3.5
2024-09-08,ORD-502683,fake.customer252@example.com,3,4.99
2024-09-08,ORD-502683,fake.customer252@example.com,7,12.0
2024-09-11,ORD-502684,fake.customer252@example.com,8,12.0
2024-09-11,ORD-502684,fake.customer252@example.com,10,4.99
2024-09-21,ORD-502685,fake.customer252@example.com,7,4.99
2024-09-21,ORD-502685,fake.customer252@example.com,8,12.0
2024-09-21,ORD-502685,fake.customer252@example.com,1,19.9
2024-09-22,ORD-502686,fake.customer252@example.com,10,19.9
2024-09-22,ORD-502686,fake.customer252@example.com,11,3.5
2024-09-29,ORD-502687,fake.customer252@example.com,9,7.25
2024-09-29,ORD-502687,fake.customer252@example.com,4,19.9
2024-10-18,ORD-502688,fake.customer252@example.com,11,19.9
2024-10-18,ORD-502688,fake.customer252@example.com,5,4.99
2024-10-18,ORD-502688,fake.customer252@example.com,12,7.25
2024-10-23,ORD-502689,fake.customer252@example.com,3,12.0
2024-10-23,ORD-502689,fake.customer252@example.com,3,4.99
2024-10-23,ORD-502689,fake.customer252@example.com,10,19.9
2024-11-04,ORD-502690,fake.customer252@example.com,12,19.9
2024-11-04,ORD-502690,fake.customer252@example.com,3,3.5
2024-11-04,ORD-502690,fake.customer252@example.com,7,7.25
2024-11-12,ORD-502691,fake.customer252@example.com,6,3.5
2024-11-12,ORD-502691,fake.customer252@example.com,8,12.0
2024-11-12,ORD-502691,fake.customer252@example.com,1,7.25
2024-11-17,ORD-502692,fake.customer252@example.com,7,12.0
2024-11-17,ORD-502692,fake.customer252@example.com,12,4.99
2024-11-25,ORD-502693,fake.customer252@example.com,5,19.9
2024-11-25,ORD-502693,fake.customer252@example.com,9,4.99
2024-12-04,ORD-502694,fake.customer252@example.com,1,7.25
2024-12-04,ORD-502694,fake.customer252@example.com,7,3.5
2024-12-04,ORD-502694,fake.customer252@example.com,8,12.0
2024-12-21,ORD-502695,fake.customer252@example.com,7,19.9
2024-12-26,ORD-502696,fake.customer252@example.com,3,19.9
2023-06-24,ORD-502697,fake.customer253@example.com,5,12.0
2023-06-24,ORD-502697,fake.customer253@example.com,5,7.25
2023-06-24,ORD-502697,fake.customer253@example.com,5,19.9
2023-06-28,ORD-502698,fake.customer253@example.com,12,4.99
2023-07-06,ORD-502699,fake.customer253@example.com,6,7.25
2023-07-06,ORD-502699,fake.customer253@example.com,7,12.0
2023-07-06,ORD-502699,fake.customer253@example.com,11,19.9
2023-08-11,ORD-502700,fake.customer253@example.com,6,4.99
2023-08-11,ORD-502700,fake.customer253@example.com,1,12.0
2023-08-11,ORD-502700,fake.customer253@example.com,3,3.5
2023-08-23,ORD-502701,fake.customer253@example.com,3,12.0
2023-08-23,ORD-502701,fake.customer253@example.com,4,19.9
2023-09-01,ORD-502702,fake.customer253@example.com,11,19.9
2023-09-01,ORD-502702,fake.customer253@example.com,3,12.0
2023-09-01,ORD-502702,fake.customer253@example.com,11,7.25
2023-10-10,ORD-502703,fake.customer253@example.com,10,12.0
2023-10-10,ORD-502703,fake.customer253@example.com,5,7.25
2023-10-10,ORD-502703,fake.customer253@example.com,7,19.9
2023-11-18,ORD-502704,fake.customer253@example.com,8,3.5
2023-11-18,ORD-502704,fake.customer253@example.com,2,19.9
2024-05-15,ORD-502705,fake.customer253@example.com,1,12.0
2024-05-15,ORD-502705,fake.customer253@example.com,7,4.99
2024-05-15,ORD-502705,fake.customer253@example.com,6,7.25
2024-05-21,ORD-502706,fake.customer253@example.com,10,19.9
2024-05-21,ORD-502706,fake.customer253@example.com,5,12.0
2024-06-14,ORD-502707,fake.customer253@example.com,7,19.9
2024-06-14,ORD-502707,fake.customer253@example.com,12,7.25
2024-06-14,ORD-502707,fake.customer253@example.com,11,12.0
2024-06-21,ORD-502708,fake.customer253@example.com,3,19.9
2024-06-21,ORD-502708,fake.customer253@example.com,1,4.99
2024-07-23,ORD-502709,fake.customer253@example.com,4,3.5
2024-07-23,ORD-502709,fake.customer253@example.com,2,12.0
2024-07-23,ORD-502709,fake.customer253@example.com,9,7.25
2024-08-13,ORD-502710,fake.customer253@example.com,6,7.25
2024-08-28,ORD-502711,fake.customer253@example.com,5,3.5
2024-08-28,ORD-502711,fake.customer253@example.com,12,7.25
2024-10-08,ORD-502712,fake.customer253@example.com,6,12.0
2024-10-08,ORD-502712,fake.customer253@example.com,12,3.5
2024-11-23,ORD-502713,fake.customer253@example.com,5,7.25
2024-11-23,ORD-502713,fake.customer253@example.com,7,3.5
2024-11-23,ORD-502713,fake.customer253@example.com,3,19.9
2024-12-02,ORD-502714,fake.customer253@example.com,8,4.99
2024-12-02,ORD-502714,fake.customer253@example.com,3,3.5
2024-12-12,ORD-502715,fake.customer253@example.com,8,19.9
2024-12-12,ORD-502715,fake.customer253@example.com,11,7.25
2024-12-12,ORD-502715,fake.customer253@example.com,10,12.0
2024-12-20,ORD-502716,fake.customer253@example.com,11,19.9
2024-12-20,ORD-502716,fake.customer253@example.com,5,7.25
2024-12-20,ORD-502716,fake.customer253@example.com,11,3.5
2023-09-14,ORD-502717,fake.customer254@example.com,3,3.5
2023-09-14,ORD-502717,fake.customer254@example.com,7,4.99
2023-09-14,ORD-502717,fake.customer254@example.com,12,12.0
2023-11-23,ORD-502718,fake.customer254@example.com,5,4.99
2023-11-23,ORD-502718,fake.customer254@example.com,9,7.25
2023-12-03,ORD-502719,fake.customer254@example.com,5,12.0
2023-12-03,ORD-502719,fake.customer254@example.com,4,7.25
2023-12-03,ORD-502719,fake.customer254@example.com,11,19.9
2023-12-04,ORD-502720,fake.customer254@example.com,9,19.9
2024-01-12,ORD-502721,fake.customer254@example.com,5,12.0
2024-01-15,ORD-502722,fake.customer254@example.com,10,19.9
2024-02-20,ORD-502723,fake.customer254@example.com,8,4.99
2024-02-20,ORD-502723,fake.customer254@example.com,9,3.5
2024-02-20,ORD-502723,fake.customer254@example.com,4,7.25
2024-03-08,ORD-502724,fake.customer254@example.com,11,3.5
2024-03-28,ORD-502725,fake.customer254@example.com,5,19.9
2024-03-28,ORD-502725,fake.customer254@example.com,10,7.25
2024-03-28,ORD-502725,fake.customer254@example.com,12,3.5
2024-05-05,ORD-502726,fake.customer254@example.com,5,7.25
2024-05-05,ORD-502726,fake.customer254@example.com,1,19.9
2024-05-05,ORD-502726,fake.customer254@example.com,5,3.5
2024-05-14,ORD-502727,fake.customer254@example.com,1,4.99
2024-05-14,ORD-502727,fake.customer254@example.com,5,12.0
2024-05-15,ORD-502728,fake.customer254@example.com,12,19.9
2024-05-25,ORD-502729,fake.customer254@example.com,12,12.0
2024-05-25,ORD-502729,fake.customer254@example.com,8,19.9
2024-05-31,ORD-502730,fake.customer254@example.com,7,3.5
2024-05-31,ORD-502730,fake.customer254@example.com,3,7.25
2024-06-17,ORD-502731,fake.customer254@example.com,11,12.0
2024-06-17,ORD-502731,fake.customer254@example.com,4,19.9
2024-07-14,ORD-502732,fake.customer254@example.com,3,3.5
2024-07-14,ORD-502732,fake.customer254@example.com,8,12.0
2024-07-14,ORD-502732,fake.customer254@example.com,4,4.99
2024-08-18,ORD-502733,fake.customer254@example.com,10,12.0
2024-09-09,ORD-502734,fake.customer254@example.com,2,19.9
2024-09-16,ORD-502735,fake.customer254@example.com,1,19.9
2024-10-25,ORD-502736,fake.customer254@example.com,3,3.5
2024-12-13,ORD-502737,fake.customer254@example.com,4,4.99
2024-12-15,ORD-502738,fake.customer254@example.com,1,12.0
2023-06-23,ORD-502739,fake.customer255@example.com,6,12.0
2023-06-23,ORD-502739,fake.customer255@example.com,10,4.99
2023-07-11,ORD-502740,fake.customer255@example.com,7,7.25
2023-07-28,ORD-502741,fake.customer255@example.com,12,4.99
2023-07-28,ORD-502741,fake.customer255@example.com,1,7.25
2023-07-28,ORD-502741,fake.customer255@example.com,6,12.0
2023-07-30,ORD-502742,fake.customer255@example.com,9,12.0
2023-07-30,ORD-502742,fake.customer255@example.com,10,3.5
2023-07-30,ORD-502742,fake.customer255@example.com,10,19.9
2023-08-13,ORD-502743,fake.customer255@example.com,2,3.5
2023-08-13,ORD-502743,fake.customer255@example.com,9,12.0
2023-08-19,ORD-502744,fake.customer255@example.com,11,3.5
2023-08-19,ORD-502744,fake.customer255@example.com,12,12.0
2023-08-19,ORD-502744,fake.customer255@example.com,9,7.25
2023-08-25,ORD-502745,fake.customer255@example.com,4,7.25
2023-08-25,ORD-502745,fake.customer255@example.com,5,3.5
2023-08-25,ORD-502745,fake.customer255@example.com,1,4.99
2023-09-21,ORD-502746,fake.customer255@example.com,9,7.25
2023-09-21,ORD-502746,fake.customer255@example.com,3,4.99
2023-09-21,ORD-502746,fake.customer255@example.com,12,12.0
2023-10-06,ORD-502747,fake.customer255@example.com,6,19.9
2023-10-06,ORD-502747,fake.customer255@example.com,10,3.5
2023-10-18,ORD-502748,fake.customer255@example.com,7,3.5
2023-10-18,ORD-502748,fake.customer255@example.com,7,4.99
2023-12-28,ORD-502749,fake.customer255@example.com,11,19.9
2023-12-28,ORD-502749,fake.customer255@example.com,10,4.99
2023-12-31,ORD-502750,fake.customer255@example.com,7,3.5
2024-01-02,ORD-502751,fake.customer255@example.com,6,19.9
2024-02-24,ORD-502752,fake.customer255@example.com,10,3.5
2024-02-24,ORD-502752,fake.customer255@example.com,9,12.0
2024-02-24,ORD-502752,fake.customer255@example.com,1,19.9
2024-02-29,ORD-502753,fake.customer255@example.com,12,7.25
2024-02-29,ORD-502753,fake.customer255@example.com,11,4.99
2024-03-21,ORD-502754,fake.customer255@example.com,2,3.5
2024-03-21,ORD-502754,fake.customer255@example.com,10,12.0
2024-03-21,ORD-502754,fake.customer255@example.com,3,4.99
2024-05-04,ORD-502755,fake.customer255@example.com,10,7.25
2024-05-04,ORD-502755,fake.customer255@example.com,11,4.99
2024-05-16,ORD-502756,fake.customer255@example.com,11,3.5
2024-05-16,ORD-502756,fake.customer255@example.com,12,19.9
2024-05-16,ORD-502756,fake.customer255@example.com,9,4.99
2024-05-24,ORD-502757,fake.customer255@example.com,4,4.99
2024-05-30,ORD-502758,fake.customer255@example.com,7,19.9
2024-06-02,ORD-502759,fake.customer255@example.com,9,3.5
2024-06-02,ORD-502759,fake.customer255@example.com,7,7.25
2024-06-02,ORD-502759,fake.customer255@example.com,10,12.0
2024-06-07,ORD-502760,fake.customer255@example.com,12,3.5
2024-06-23,ORD-502761,fake.customer255@example.com,9,19.9
2024-06-23,ORD-502761,fake.customer255@example.com,3,12.0
2024-07-07,ORD-502762,fake.customer255@example.com,10,4.99
2024-07-16,ORD-502763,fake.customer255@example.com,5,12.0
2024-07-24,ORD-502764,fake.customer255@example.com,5,4.99
2024-07-25,ORD-502765,fake.customer255@example.com,6,4.99
2024-07-25,ORD-502765,fake.customer255@example.com,3,7.25
2024-08-22,ORD-502766,fake.customer255@example.com,9,12.0
2024-08-22,ORD-502766,fake.customer255@example.com,11,7.25
2024-08-25,ORD-502767,fake.customer255@example.com,11,19.9
2024-10-21,ORD-502768,fake.customer255@example.com,4,4.99
2024-10-21,ORD-502768,fake.customer255@example.com,10,3.5
2024-10-21,ORD-502768,fake.customer255@example.com,4,12.0
2024-10-23,ORD-502769,fake.customer255@example.com,10,19.9
2024-10-23,ORD-502769,fake.customer255@example.com,6,7.25
2024-11-12,ORD-502770,fake.customer255@example.com,2,3.5
2024-11-12,ORD-502770,fake.customer255@example.com,2,19.9
2024-11-17,ORD-502771,fake.customer255@example.com,2,4.99
2024-11-20,ORD-502772,fake.customer255@example.com,11,12.0
2024-11-20,ORD-502772,fake.customer255@example.com,11,7.25
2024-11-23,ORD-502773,fake.customer255@example.com,4,3.5
2024-11-23,ORD-502773,fake.customer255@example.com,2,12.0
2024-12-13,ORD-502774,fake.customer255@example.com,9,4.99
2023-10-15,ORD-502775,fake.customer256@example.com,1,19.9
2023-10-15,ORD-502775,fake.customer256@example.com,4,4.99
2023-10-15,ORD-502775,fake.customer256@example.com,1,3.5
2023-11-24,ORD-502776,fake.customer256@example.com,6,7.25
2023-11-24,ORD-502776,fake.customer256@example.com,10,12.0
2023-11-24,ORD-502776,fake.customer256@example.com,8,4.99
2023-12-15,ORD-502777,fake.customer256@example.com,6,7.25
2023-12-15,ORD-502777,fake.customer256@example.com,5,12.0
2023-12-15,ORD-502777,fake.customer256@example.com,12,4.99
2024-01-01,ORD-502778,fake.customer256@example.com,8,3.5
2024-01-13,ORD-502779,fake.customer256@example.com,11,12.0
2024-01-24,ORD-502780,fake.customer256@example.com,7,12.0
2024-01-24,ORD-502780,fake.customer256@example.com,9,19.9
2024-01-24,ORD-502780,fake.customer256@example.com,4,3.5
2024-02-02,ORD-502781,fake.customer256@example.com,4,3.5
2024-02-02,ORD-502781,fake.customer256@example.com,10,7.25
2024-02-02,ORD-502781,fake.customer256@example.com,3,19.9
2024-02-19,ORD-502782,fake.customer256@example.com,12,12.0
2024-02-19,ORD-502782,fake.customer256@example.com,10,19.9
2024-02-20,ORD-502783,fake.customer256@example.com,12,19.9
2024-02-20,ORD-502783,fake.customer256@example.com,8,7.25
2024-02-22,ORD-502784,fake.customer256@example.com,7,4.99
2024-02-22,ORD-502784,fake.customer256@example.com,2,3.5
2024-02-22,ORD-502784,fake.customer256@example.com,10,19.9
2024-03-10,ORD-502785,fake.customer256@example.com,5,7.25
2024-03-21,ORD-502786,fake.customer256@example.com,10,3.5
2024-03-25,ORD-502787,fake.customer256@example.com,4,3.5
2024-04-06,ORD-502788,fake.customer256@example.com,1,12.0
2024-04-06,ORD-502788,fake.customer256@example.com,6,7.25
2024-04-06,ORD-502788,fake.customer256@example.com,6,4.99
2024-04-12,ORD-502789,fake.customer256@example.com,4,3.5
2024-04-13,ORD-502790,fake.customer256@example.com,8,4.99
2024-04-13,ORD-502790,fake.customer256@example.com,7,7.25
2024-04-19,ORD-502791,fake.customer256@example.com,4,3.5
2024-04-19,ORD-502791,fake.customer256@example.com,9,19.9
2024-04-26,ORD-502792,fake.customer256@example.com,4,12.0
2024-04-26,ORD-502792,fake.customer256@example.com,8,3.5
2024-05-06,ORD-502793,fake.customer256@example.com,9,7.25
2024-05-06,ORD-502793,fake.customer256@example.com,9,12.0
2024-05-06,ORD-502793,fake.customer256@example.com,10,4.99
2024-05-27,ORD-502794,fake.customer256@example.com,3,19.9
2024-05-27,ORD-502794,fake.customer256@example.com,6,12.0
2024-05-28,ORD-502795,fake.customer256@example.com,6,19.9
2024-05-28,ORD-502795,fake.customer256@example.com,7,12.0
2024-06-06,ORD-502796,fake.customer256@example.com,2,3.5
2024-06-06,ORD-502796,fake.customer256@example.com,10,19.9
2024-06-06,ORD-502796,fake.customer256@example.com,1,4.99
2024-06-07,ORD-502797,fake.customer256@example.com,2,3.5
2024-06-11,ORD-502798,fake.customer256@example.com,9,12.0
2024-06-11,ORD-502798,fake.customer256@example.com,8,19.9
2024-06-15,ORD-502799,fake.customer256@example.com,11,7.25
2024-07-23,ORD-502800,fake.customer256@example.com,10,19.9
2024-07-30,ORD-502801,fake.customer256@example.com,4,4.99
2024-08-03,ORD-502802,fake.customer256@example.com,8,19.9
2024-08-03,ORD-502802,fake.customer256@example.com,11,12.0
2024-08-03,ORD-502802,fake.customer256@example.com,12,4.99
2024-08-06,ORD-502803,fake.customer256@example.com,7,12.0
2024-08-06,ORD-502803,fake.customer256@example.com,3,3.5
2024-08-07,ORD-502804,fake.customer256@example.com,9,7.25
2024-08-07,ORD-502804,fake.customer256@example.com,8,19.9
2024-08-11,ORD-502805,fake.customer256@example.com,6,4.99
2024-08-11,ORD-502805,fake.customer256@example.com,7,12.0
2024-08-15,ORD-502806,fake.customer256@example.com,1,12.0
2024-08-15,ORD-502806,fake.customer256@example.com,6,4.99
2024-08-15,ORD-502806,fake.customer256@example.com,5,3.5
2024-08-20,ORD-502807,fake.customer256@example.com,7,12.0
2024-08-26,ORD-502808,fake.customer256@example.com,10,3.5
2024-09-01,ORD-502809,fake.customer256@example.com,2,4.99
2024-09-04,ORD-502810,fake.customer256@example.com,11,7.25
2024-09-04,ORD-502810,fake.customer256@example.com,9,4.99
2024-09-04,ORD-502810,fake.customer256@example.com,6,19.9
2024-09-06,ORD-502811,fake.customer256@example.com,1,7.25
2024-09-06,ORD-502811,fake.customer256@example.com,4,12.0
2024-09-09,ORD-502812,fake.customer256@example.com,6,3.5
2024-09-09,ORD-502812,fake.customer256@example.com,6,7.25
2024-10-08,ORD-502813,fake.customer256@example.com,7,12.0
2024-10-08,ORD-502813,fake.customer256@example.com,12,3.5
2024-10-23,ORD-502814,fake.customer256@example.com,12,4.99
2024-10-23,ORD-502814,fake.customer256@example.com,7,19.9
2024-10-27,ORD-502815,fake.customer256@example.com,1,19.9
2024-11-09,ORD-502816,fake.customer256@example.com,2,3.5
2024-11-09,ORD-502816,fake.customer256@example.com,11,19.9
2024-11-11,ORD-502817,fake.customer256@example.com,9,19.9
2024-11-11,ORD-502817,fake.customer256@example.com,10,4.99
2024-11-15,ORD-502818,fake.customer256@example.com,1,3.5
2024-11-15,ORD-502818,fake.customer256@example.com,6,4.99
2024-12-03,ORD-502819,fake.customer256@example.com,10,12.0
2024-12-03,ORD-502819,fake.customer256@example.com,8,4.99
2024-12-06,ORD-502820,fake.customer256@example.com,1,19.9
2024-12-06,ORD-502820,fake.customer256@example.com,1,7.25
2024-12-06,ORD-502820,fake.customer256@example.com,3,3.5
2024-12-20,ORD-502821,fake.customer256@example.com,2,3.5
2024-12-20,ORD-502821,fake.customer256@example.com,11,7.25
2024-12-20,ORD-502821,fake.customer256@example.com,3,12.0
2024-12-28,ORD-502822,fake.customer256@example.com,12,7.25
2023-04-12,ORD-502823,fake.customer257@example.com,8,4.99
2023-06-01,ORD-502824,fake.customer257@example.com,11,4.99
2023-06-01,ORD-502824,fake.customer257@example.com,4,3.5
2023-06-01,ORD-502824,fake.customer257@example.com,11,12.0
2023-06-17,ORD-502825,fake.customer257@example.com,9,4.99
2023-06-17,ORD-502825,fake.customer257@example.com,8,12.0
2023-06-17,ORD-502825,fake.customer257@example.com,8,7.25
2023-07-16,ORD-502826,fake.customer257@example.com,6,12.0
2023-07-29,ORD-502827,fake.customer257@example.com,1,19.9
2023-08-17,ORD-502828,fake.customer257@example.com,10,4.99
2023-10-02,ORD-502829,fake.customer257@example.com,5,4.99
2023-10-22,ORD-502830,fake.customer257@example.com,5,4.99
2023-10-22,ORD-502830,fake.customer257@example.com,5,12.0
2023-10-23,ORD-502831,fake.customer257@example.com,11,7.25
2023-10-23,ORD-502831,fake.customer257@example.com,10,12.0
2023-10-23,ORD-502831,fake.customer257@example.com,10,3.5
2023-10-24,ORD-502832,fake.customer257@example.com,3,7.25
2023-10-24,ORD-502832,fake.customer257@example.com,2,4.99
2024-02-07,ORD-502833,fake.customer257@example.com,6,4.99
2024-02-07,ORD-502833,fake.customer257@example.com,10,19.9
2024-02-07,ORD-502833,fake.customer257@example.com,1,12.0
2024-03-03,ORD-502834,fake.customer257@example.com,6,19.9
2024-03-03,ORD-502834,fake.customer257@example.com,3,3.5
2024-03-03,ORD-502834,fake.customer257@example.com,6,4.99
2024-04-10,ORD-502835,fake.customer257@example.com,3,12.0
2024-06-14,ORD-502836,fake.customer257@example.com,10,12.0
2024-06-14,ORD-502836,fake.customer257@example.com,12,19.9
2024-07-09,ORD-502837,fake.customer257@example.com,2,7.25
2024-07-09,ORD-502837,fake.customer257@example.com,7,4.99
2024-07-09,ORD-502837,fake.customer257@example.com,3,12.0
2024-07-16,ORD-502838,fake.customer257@example.com,6,7.25
2024-07-16,ORD-502838,fake.customer257@example.com,3,19.9
2024-07-16,ORD-502838,fake.customer257@example.com,9,12.0
2024-09-04,ORD-502839,fake.customer257@example.com,7,3.5
2024-09-04,ORD-502839,fake.customer257@example.com,7,19.9
2024-10-11,ORD-502840,fake.customer257@example.com,7,7.25
2024-12-12,ORD-502841,fake.customer257@example.com,10,3.5
2024-12-12,ORD-502841,fake.customer257@example.com,7,12.0
2023-12-23,ORD-502842,fake.customer258@example.com,5,19.9
2024-04-03,ORD-502843,fake.customer258@example.com,6,19.9
2024-04-03,ORD-502843,fake.customer258@example.com,4,3.5
2024-04-08,ORD-502844,fake.customer258@example.com,9,12.0
2024-06-02,ORD-502845,fake.customer258@example.com,5,3.5
2024-06-02,ORD-502845,fake.customer258@example.com,7,7.25
2024-06-02,ORD-502845,fake.customer258@example.com,10,12.0
2024-09-13,ORD-502846,fake.customer258@example.com,3,7.25
2023-10-10,ORD-502847,fake.customer259@example.com,4,19.9
2023-10-10,ORD-502847,fake.customer259@example.com,6,4.99
2023-10-10,ORD-502847,fake.customer259@example.com,9,3.5
2023-11-28,ORD-502848,fake.customer259@example.com,5,12.0
2023-11-28,ORD-502848,fake.customer259@example.com,1,3.5
2023-11-28,ORD-502848,fake.customer259@example.com,11,7.25
2023-12-26,ORD-502849,fake.customer259@example.com,6,7.25
2023-12-26,ORD-502849,fake.customer259@example.com,12,3.5
2023-12-26,ORD-502849,fake.customer259@example.com,1,12.0
2024-01-16,ORD-502850,fake.customer259@example.com,4,19.9
2024-01-16,ORD-502850,fake.customer259@example.com,9,3.5
2024-03-11,ORD-502851,fake.customer260@example.com,9,7.25
2024-03-11,ORD-502851,fake.customer260@example.com,11,3.5
2024-03-11,ORD-502851,fake.customer260@example.com,10,19.9
2024-04-03,ORD-502852,fake.customer260@example.com,11,4.99
2024-04-03,ORD-502852,fake.customer260@example.com,3,19.9
2024-04-04,ORD-502853,fake.customer260@example.com,12,12.0
2024-04-10,ORD-502854,fake.customer260@example.com,3,3.5
2024-04-10,ORD-502854,fake.customer260@example.com,3,4.99
2024-04-18,ORD-502855,fake.customer260@example.com,7,19.9
2024-04-18,ORD-502855,fake.customer260@example.com,7,7.25
2024-04-18,ORD-502855,fake.customer260@example.com,3,4.99
2024-05-08,ORD-502856,fake.customer260@example.com,11,12.0
2024-05-25,ORD-502857,fake.customer260@example.com,6,3.5
2024-05-25,ORD-502857,fake.customer260@example.com,8,19.9
2024-07-03,ORD-502858,fake.customer260@example.com,4,19.9
2024-07-03,ORD-502858,fake.customer260@example.com,6,4.99
2024-07-03,ORD-502858,fake.customer260@example.com,1,3.5
2024-07-07,ORD-502859,fake.customer260@example.com,2,12.0
2024-07-07,ORD-502859,fake.customer260@example.com,4,19.9
2024-07-07,ORD-502859,fake.customer260@example.com,9,3.5
2024-07-12,ORD-502860,fake.customer260@example.com,2,7.25
2024-07-12,ORD-502860,fake.customer260@example.com,7,3.5
2024-07-15,ORD-502861,fake.customer260@example.com,6,4.99
2024-07-15,ORD-502861,fake.customer260@example.com,3,7.25
2024-07-15,ORD-502861,fake.customer260@example.com,1,3.5
2024-07-19,ORD-502862,fake.customer260@example.com,10,7.25
2024-07-19,ORD-502862,fake.customer260@example.com,10,12.0
2024-08-09,ORD-502863,fake.customer260@example.com,4,12.0
2024-08-09,ORD-502863,fake.customer260@example.com,1,4.99
2024-08-17,ORD-502864,fake.customer260@example.com,4,4.99
2024-08-17,ORD-502864,fake.customer260@example.com,2,19.9
2024-09-04,ORD-502865,fake.customer260@example.com,8,12.0
2024-09-04,ORD-502865,fake.customer260@example.com,10,4.99
2024-09-04,ORD-502865,fake.customer260@example.com,10,3.5
2024-09-08,ORD-502866,fake.customer260@example.com,6,7.25
2024-09-10,ORD-502867,fake.customer260@example.com,5,3.5
2024-09-10,ORD-502867,fake.customer260@example.com,3,4.99
2024-09-10,ORD-502867,fake.customer260@example.com,5,12.0
2024-09-20,ORD-502868,fake.customer260@example.com,1,7.25
2024-09-20,ORD-502868,fake.customer260@example.com,5,12.0
2024-09-23,ORD-502869,fake.customer260@example.com,5,4.99
2024-10-04,ORD-502870,fake.customer260@example.com,1,19.9
2024-10-10,ORD-502871,fake.customer260@example.com,8,4.99
2024-10-10,ORD-502871,fake.customer260@example.com,10,12.0
2024-10-16,ORD-502872,fake.customer260@example.com,2,19.9
2024-11-05,ORD-502873,fake.customer260@example.com,10,3.5
2024-11-05,ORD-502873,fake.customer260@example.com,4,12.0
2024-11-05,ORD-502873,fake.customer260@example.com,8,19.9
2024-11-14,ORD-502874,fake.customer260@example.com,5,7.25
2024-11-16,ORD-502875,fake.customer260@example.com,4,19.9
2024-11-16,ORD-502875,fake.customer260@example.com,7,3.5
2024-11-22,ORD-502876,fake.customer260@example.com,5,19.9
2024-11-29,ORD-502877,fake.customer260@example.com,3,19.9
2024-12-10,ORD-502878,fake.customer260@example.com,1,4.99
2023-04-17,ORD-502879,fake.customer261@example.com,9,19.9
2023-04-17,ORD-502879,fake.customer261@example.com,5,4.99
2023-04-17,ORD-502879,fake.customer261@example.com,12,7.25
2023-07-11,ORD-502880,fake.customer261@example.com,10,19.9
2023-07-11,ORD-502880,fake.customer261@example.com,1,12.0
2023-07-26,ORD-502881,fake.customer261@example.com,11,12.0
2023-07-27,ORD-502882,fake.customer261@example.com,11,7.25
2023-07-27,ORD-502882,fake.customer261@example.com,2,12.0
2023-10-17,ORD-502883,fake.customer261@example.com,7,19.9
2023-12-11,ORD-502884,fake.customer261@example.com,5,19.9
2023-12-11,ORD-502884,fake.customer261@example.com,1,4.99
2023-12-22,ORD-502885,fake.customer261@example.com,2,19.9
2024-01-16,ORD-502886,fake.customer261@example.com,10,7.25
2024-01-16,ORD-502886,fake.customer261@example.com,9,3.5
2024-01-16,ORD-502886,fake.customer261@example.com,7,4.99
2024-01-27,ORD-502887,fake.customer261@example.com,6,3.5
2024-01-27,ORD-502887,fake.customer261@example.com,8,12.0
2024-01-27,ORD-502887,fake.customer261@example.com,9,7.25
2024-03-09,ORD-502888,fake.customer261@example.com,12,12.0
2024-04-10,ORD-502889,fake.customer261@example.com,12,19.9
2024-04-19,ORD-502890,fake.customer261@example.com,5,12.0
2024-04-19,ORD-502890,fake.customer261@example.com,8,19.9
2024-05-15,ORD-502891,fake.customer261@example.com,1,4.99
2024-05-15,ORD-502891,fake.customer261@example.com,11,12.0
2024-07-22,ORD-502892,fake.customer261@example.com,6,12.0
2024-07-22,ORD-502892,fake.customer261@example.com,11,3.5
2024-07-31,ORD-502893,fake.customer261@example.com,3,19.9
2024-07-31,ORD-502893,fake.customer261@example.com,7,7.25
2024-08-22,ORD-502894,fake.customer261@example.com,1,7.25
2024-08-22,ORD-502894,fake.customer261@example.com,6,19.9
2024-09-09,ORD-502895,fake.customer261@example.com,7,7.25
2024-12-17,ORD-502896,fake.customer261@example.com,9,12.0
2024-12-17,ORD-502896,fake.customer261@example.com,4,7.25
2024-12-17,ORD-502896,fake.customer261@example.com,5,4.99
2024-12-19,ORD-502897,fake.customer261@example.com,8,19.9
2024-12-19,ORD-502897,fake.customer261@example.com,4,12.0
2024-12-19,ORD-502897,fake.customer261@example.com,6,3.5
2023-06-27,ORD-502898,fake.customer262@example.com,9,7.25
2023-06-27,ORD-502898,fake.customer262@example.com,10,12.0
2023-09-15,ORD-502899,fake.customer262@example.com,9,7.25
2023-09-15,ORD-502899,fake.customer262@example.com,2,12.0
2024-07-29,ORD-502900,fake.customer262@example.com,10,7.25
2024-07-29,ORD-502900,fake.customer262@example.com,4,3.5
2024-07-29,ORD-502900,fake.customer262@example.com,3,4.99
2024-08-22,ORD-502901,fake.customer262@example.com,1,19.9
2024-08-22,ORD-502901,fake.customer262@example.com,2,12.0
2024-04-22,ORD-502902,fake.customer263@example.com,6,12.0
2024-04-22,ORD-502902,fake.customer263@example.com,10,3.5
2024-08-13,ORD-502903,fake.customer263@example.com,6,7.25
2024-08-13,ORD-502903,fake.customer263@example.com,10,4.99
2024-08-18,ORD-502904,fake.customer263@example.com,5,4.99
2024-08-18,ORD-502904,fake.customer263@example.com,5,3.5
2024-08-18,ORD-502904,fake.customer263@example.com,2,19.9
2024-11-11,ORD-502905,fake.customer263@example.com,2,4.99
2024-11-11,ORD-502905,fake.customer263@example.com,1,7.25
2024-11-11,ORD-502905,fake.customer263@example.com,5,12.0
2024-11-14,ORD-502906,fake.customer263@example.com,12,12.0
2024-11-14,ORD-502906,fake.customer263@example.com,10,19.9
2024-11-28,ORD-502907,fake.customer263@example.com,4,19.9
2024-11-28,ORD-502907,fake.customer263@example.com,12,12.0
2024-12-05,ORD-502908,fake.customer263@example.com,5,7.25
2023-12-12,ORD-502909,fake.customer264@example.com,5,19.9
2023-12-12,ORD-502909,fake.customer264@example.com,8,4.99
2023-12-12,ORD-502909,fake.customer264@example.com,5,7.25
2023-12-15,ORD-502910,fake.customer264@example.com,9,3.5
2023-12-15,ORD-502910,fake.customer264@example.com,11,19.9
2023-12-15,ORD-502910,fake.customer264@example.com,10,4.99
2024-02-17,ORD-502911,fake.customer264@example.com,1,12.0
2024-04-10,ORD-502912,fake.customer264@example.com,10,7.25
2024-04-10,ORD-502912,fake.customer264@example.com,8,4.99
2024-03-10,ORD-502913,fake.customer265@example.com,8,19.9
2024-03-10,ORD-502913,fake.customer265@example.com,6,12.0
2024-04-01,ORD-502914,fake.customer265@example.com,10,19.9
2024-05-17,ORD-502915,fake.customer265@example.com,12,19.9
2024-05-17,ORD-502915,fake.customer265@example.com,7,7.25
2024-07-14,ORD-502916,fake.customer265@example.com,2,3.5
2024-07-14,ORD-502916,fake.customer265@example.com,2,7.25
2024-05-29,ORD-502917,fake.customer266@example.com,6,12.0
2024-05-29,ORD-502917,fake.customer266@example.com,2,19.9
2024-05-29,ORD-502917,fake.customer266@example.com,8,4.99
2024-06-06,ORD-502918,fake.customer266@example.com,11,3.5
2024-06-06,ORD-502918,fake.customer266@example.com,6,7.25
2024-06-17,ORD-502919,fake.customer266@example.com,7,19.9
2024-06-20,ORD-502920,fake.customer266@example.com,9,3.5
2024-06-20,ORD-502920,fake.customer266@example.com,5,4.99
2024-06-20,ORD-502920,fake.customer266@example.com,4,19.9
2024-06-25,ORD-502921,fake.customer266@example.com,2,4.99
2024-07-08,ORD-502922,fake.customer266@example.com,4,12.0
2024-07-08,ORD-502922,fake.customer266@example.com,2,7.25
2024-07-08,ORD-502922,fake.customer266@example.com,9,19.9
2024-07-17,ORD-502923,fake.customer266@example.com,2,19.9
2024-07-17,ORD-502923,fake.customer266@example.com,6,7.25
2024-07-17,ORD-502923,fake.customer266@example.com,3,4.99
2024-07-29,ORD-502924,fake.customer266@example.com,4,3.5
2024-07-29,ORD-502924,fake.customer266@example.com,11,7.25
2024-07-29,ORD-502924,fake.customer266@example.com,11,19.9
2024-07-31,ORD-502925,fake.customer266@example.com,6,3.5
2024-07-31,ORD-502925,fake.customer266@example.com,7,12.0
2024-08-09,ORD-502926,fake.customer266@example.com,1,7.25
2024-08-09,ORD-502926,fake.customer266@example.com,1,19.9
2024-08-18,ORD-502927,fake.customer266@example.com,6,3.5
2024-09-01,ORD-502928,fake.customer266@example.com,7,3.5
2024-09-06,ORD-502929,fake.customer266@example.com,12,7.25
2024-09-06,ORD-502929,fake.customer266@example.com,6,3.5
2024-09-06,ORD-502929,fake.customer266@example.com,1,19.9
2024-09-10,ORD-502930,fake.customer266@example.com,7,4.99
2024-09-10,ORD-502930,fake.customer266@example.com,7,3.5
2024-09-10,ORD-502930,fake.customer266@example.com,12,7.25
2024-09-21,ORD-502931,fake.customer266@example.com,10,4.99
2024-09-21,ORD-502931,fake.customer266@example.com,6,19.9
2024-09-21,ORD-502931,fake.customer266@example.com,9,3.5
2024-10-04,ORD-502932,fake.customer266@example.com,6,12.0
2024-10-23,ORD-502933,fake.customer266@example.com,3,12.0
2024-10-23,ORD-502933,fake.customer266@example.com,11,7.25
2024-10-23,ORD-502933,fake.customer266@example.com,7,19.9
2024-11-03,ORD-502934,fake.customer266@example.com,2,3.5
2024-11-03,ORD-502934,fake.customer266@example.com,7,7.25
2024-11-13,ORD-502935,fake.customer266@example.com,9,3.5
2024-11-16,ORD-502936,fake.customer266@example.com,5,19.9
2024-11-16,ORD-502936,fake.customer266@example.com,11,3.5
2024-11-16,ORD-502936,fake.customer266@example.com,1,7.25
2024-11-18,ORD-502937,fake.customer266@example.com,9,7.25
2024-11-18,ORD-502937,fake.customer266@example.com,1,4.99
2024-11-30,ORD-502938,fake.customer266@example.com,11,4.99
2024-12-15,ORD-502939,fake.customer266@example.com,6,3.5
2024-12-16,ORD-502940,fake.customer266@example.com,5,7.25
2024-12-19,ORD-502941,fake.customer266@example.com,9,19.9
2024-12-19,ORD-502941,fake.customer266@example.com,9,3.5
2024-12-26,ORD-502942,fake.customer266@example.com,9,7.25
2024-08-26,ORD-502943,fake.customer267@example.com,8,3.5
2023-02-06,ORD-502944,fake.customer268@example.com,2,7.25
2023-02-06,ORD-502944,fake.customer268@example.com,2,19.9
2023-02-27,ORD-502945,fake.customer268@example.com,12,12.0
2023-02-27,ORD-502945,fake.customer268@example.com,7,3.5
2023-03-09,ORD-502946,fake.customer268@example.com,11,12.0
2023-03-09,ORD-502946,fake.customer268@example.com,9,7.25
2023-03-09,ORD-502946,fake.customer268@example.com,10,3.5
2023-03-12,ORD-502947,fake.customer268@example.com,11,19.9
2023-03-12,ORD-502947,fake.customer268@example.com,9,12.0
2023-03-12,ORD-502947,fake.customer268@example.com,6,3.5
2023-03-24,ORD-502948,fake.customer268@example.com,2,19.9
2023-03-24,ORD-502948,fake.customer268@example.com,8,4.99
2023-03-24,ORD-502948,fake.customer268@example.com,7,12.0
2023-04-10,ORD-502949,fake.customer268@example.com,11,19.9
2023-04-10,ORD-502949,fake.customer268@example.com,6,4.99
2023-04-10,ORD-502949,fake.customer268@example.com,2,3.5
2023-05-01,ORD-502950,fake.customer268@example.com,5,3.5
2023-05-01,ORD-502950,fake.customer268@example.com,6,12.0
2023-05-01,ORD-502950,fake.customer268@example.com,1,7.25
2023-06-10,ORD-502951,fake.customer268@example.com,6,12.0
2023-06-17,ORD-502952,fake.customer268@example.com,11,4.99
2023-06-17,ORD-502952,fake.customer268@example.com,4,19.9
2023-06-17,ORD-502952,fake.customer268@example.com,4,12.0
2023-06-22,ORD-502953,fake.customer268@example.com,7,7.25
2023-06-22,ORD-502953,fake.customer268@example.com,7,3.5
2023-06-22,ORD-502953,fake.customer268@example.com,1,19.9
2023-07-08,ORD-502954,fake.customer268@example.com,4,7.25
2023-07-08,ORD-502954,fake.customer268@example.com,8,19.9
2023-07-21,ORD-502955,fake.customer268@example.com,1,4.99
2023-07-29,ORD-502956,fake.customer268@example.com,3,3.5
2023-08-19,ORD-502957,fake.customer268@example.com,4,19.9
2023-08-19,ORD-502957,fake.customer268@example.com,1,3.5
2023-08-19,ORD-502957,fake.customer268@example.com,7,4.99
2023-08-25,ORD-502958,fake.customer268@example.com,12,12.0
2023-10-13,ORD-502959,fake.customer268@example.com,2,19.9
2023-10-13,ORD-502959,fake.customer268@example.com,9,7.25
2023-11-12,ORD-502960,fake.customer268@example.com,7,19.9
2023-11-12,ORD-502960,fake.customer268@example.com,7,4.99
2023-05-05,ORD-502961,fake.customer269@example.com,8,4.99
2023-05-05,ORD-502961,fake.customer269@example.com,3,3.5
2023-01-01,ORD-502962,fake.customer270@example.com,1,7.25
2023-03-11,ORD-502963,fake.customer270@example.com,4,12.0
2023-04-12,ORD-502964,fake.customer270@example.com,4,3.5
2023-04-12,ORD-502964,fake.customer270@example.com,6,7.25
2023-04-25,ORD-502965,fake.customer270@example.com,11,3.5
2023-04-25,ORD-502965,fake.customer270@example.com,7,7.25
2023-05-02,ORD-502966,fake.customer270@example.com,7,12.0
2023-05-02,ORD-502966,fake.customer270@example.com,12,19.9
2023-05-09,ORD-502967,fake.customer270@example.com,8,12.0
2023-05-09,ORD-502967,fake.customer270@example.com,5,3.5
2023-05-09,ORD-502967,fake.customer270@example.com,9,4.99
2024-03-12,ORD-502968,fake.customer271@example.com,4,7.25
2024-03-12,ORD-502968,fake.customer271@example.com,11,12.0
2024-03-12,ORD-502968,fake.customer271@example.com,7,19.9
2024-03-20,ORD-502969,fake.customer271@example.com,3,12.0
2024-03-20,ORD-502969,fake.customer271@example.com,3,3.5
2024-03-20,ORD-502969,fake.customer271@example.com,9,4.99
2024-03-30,ORD-502970,fake.customer271@example.com,12,3.5
2024-03-31,ORD-502971,fake.customer271@example.com,12,4.99
2024-03-31,ORD-502971,fake.customer271@example.com,6,3.5
2024-03-31,ORD-502971,fake.customer271@example.com,7,12.0
2024-04-16,ORD-502972,fake.customer271@example.com,9,4.99
2024-04-21,ORD-502973,fake.customer271@example.com,5,7.25
2024-04-21,ORD-502973,fake.customer271@example.com,3,3.5
2024-05-03,ORD-502974,fake.customer271@example.com,12,4.99
2024-05-03,ORD-502974,fake.customer271@example.com,9,12.0
2024-05-03,ORD-502974,fake.customer271@example.com,3,3.5
2024-05-04,ORD-502975,fake.customer271@example.com,3,3.5
2024-05-04,ORD-502975,fake.customer271@example.com,8,12.0
2024-05-21,ORD-502976,fake.customer271@example.com,7,4.99
2024-05-21,ORD-502976,fake.customer271@example.com,10,7.25
2024-05-27,ORD-502977,fake.customer271@example.com,5,7.25
2024-05-27,ORD-502977,fake.customer271@example.com,3,19.9
2024-05-27,ORD-502977,fake.customer271@example.com,4,3.5
2024-05-28,ORD-502978,fake.customer271@example.com,4,7.25
2024-06-01,ORD-502979,fake.customer271@example.com,9,3.5
2024-06-01,ORD-502979,fake.customer271@example.com,11,7.25
2024-06-25,ORD-502980,fake.customer271@example.com,6,3.5
2024-06-29,ORD-502981,fake.customer271@example.com,8,4.99
2024-06-29,ORD-502981,fake.customer271@example.com,8,12.0
2024-06-30,ORD-502982,fake.customer271@example.com,7,3.5
2024-06-30,ORD-502982,fake.customer271@example.com,1,7.25
2024-07-26,ORD-502983,fake.customer271@example.com,12,7.25
2024-07-26,ORD-502983,fake.customer271@example.com,3,4.99
2024-07-26,ORD-502983,fake.customer271@example.com,11,19.9
2024-08-15,ORD-502984,fake.customer271@example.com,7,4.99
2024-08-21,ORD-502985,fake.customer271@example.com,3,3.5
2024-08-21,ORD-502985,fake.customer271@example.com,12,4.99
2024-08-26,ORD-502986,fake.customer271@example.com,4,12.0
2024-08-26,ORD-502986,fake.customer271@example.com,11,7.25
2024-08-26,ORD-502986,fake.customer271@example.com,6,4.99
2024-09-02,ORD-502987,fake.customer271@example.com,7,4.99
2024-09-02,ORD-502987,fake.customer271@example.com,1,12.0
2024-09-02,ORD-502987,fake.customer271@example.com,9,19.9
2024-09-06,ORD-502988,fake.customer271@example.com,10,7.25
2024-09-06,ORD-502988,fake.customer271@example.com,2,12.0
2024-09-06,ORD-502988,fake.customer271@example.com,9,19.9
2024-09-12,ORD-502989,fake.customer271@example.com,7,4.99
2024-09-12,ORD-502989,fake.customer271@example.com,5,12.0
2024-09-30,ORD-502990,fake.customer271@example.com,7,19.9
2024-09-30,ORD-502990,fake.customer271@example.com,4,7.25
2024-10-07,ORD-502991,fake.customer271@example.com,7,19.9
2024-10-07,ORD-502991,fake.customer271@example.com,8,4.99
2024-10-07,ORD-502991,fake.customer271@example.com,7,12.0
2024-10-09,ORD-502992,fake.customer271@example.com,5,4.99
2024-10-09,ORD-502992,fake.customer271@example.com,9,3.5
2024-10-09,ORD-502992,fake.customer271@example.com,8,12.0
2024-10-10,ORD-502993,fake.customer271@example.com,12,7.25
2024-10-10,ORD-502993,fake.customer271@example.com,2,19.9
2024-10-16,ORD-502994,fake.customer271@example.com,11,7.25
2024-10-16,ORD-502994,fake.customer271@example.com,11,19.9
2024-10-16,ORD-502994,fake.customer271@example.com,12,12.0
2024-10-24,ORD-502995,fake.customer271@example.com,1,12.0
2024-10-24,ORD-502995,fake.customer271@example.com,6,4.99
2024-10-24,ORD-502995,fake.customer271@example.com,9,3.5
2024-11-10,ORD-502996,fake.customer271@example.com,10,3.5
2024-11-10,ORD-502996,fake.customer271@example.com,2,7.25
2024-11-10,ORD-502996,fake.customer271@example.com,3,19.9
2024-11-13,ORD-502997,fake.customer271@example.com,11,3.5
2024-11-20,ORD-502998,fake.customer271@example.com,11,4.99
2024-11-20,ORD-502998,fake.customer271@example.com,2,7.25
2024-11-20,ORD-502998,fake.customer271@example.com,6,19.9
2024-11-23,ORD-502999,fake.customer271@example.com,1,7.25
2024-11-29,ORD-503000,fake.customer271@example.com,12,4.99
2024-11-29,ORD-503000,fake.customer271@example.com,5,7.25
2024-11-29,ORD-503000,fake.customer271@example.com,7,12.0
2024-12-09,ORD-503001,fake.customer271@example.com,11,3.5
2024-12-17,ORD-503002,fake.customer271@example.com,12,4.99
2024-12-17,ORD-503002,fake.customer271@example.com,6,12.0
2024-12-22,ORD-503003,fake.customer271@example.com,6,7.25
2024-12-29,ORD-503004,fake.customer271@example.com,5,7.25
2024-10-11,ORD-503005,fake.customer272@example.com,11,7.25
2024-10-11,ORD-503005,fake.customer272@example.com,5,12.0
2024-10-11,ORD-503005,fake.customer272@example.com,8,3.5
2024-10-23,ORD-503006,fake.customer272@example.com,11,12.0
2024-10-23,ORD-503006,fake.customer272@example.com,2,19.9
2024-12-03,ORD-503007,fake.customer272@example.com,5,19.9
2024-12-03,ORD-503007,fake.customer272@example.com,3,3.5
2024-12-03,ORD-503007,fake.customer272@example.com,2,7.25
2024-10-12,ORD-503008,fake.customer273@example.com,12,4.99
2024-10-12,ORD-503008,fake.customer273@example.com,6,7.25
2024-10-12,ORD-503008,fake.customer273@example.com,4,3.5
2024-10-24,ORD-503009,fake.customer273@example.com,12,4.99
2024-10-24,ORD-503009,fake.customer273@example.com,7,3.5
2024-10-24,ORD-503009,fake.customer273@example.com,9,19.9
2024-11-01,ORD-503010,fake.customer273@example.com,9,12.0
2024-11-01,ORD-503010,fake.customer273@example.com,5,19.9
2024-11-01,ORD-503010,fake.customer273@example.com,9,4.99
2024-11-03,ORD-503011,fake.customer273@example.com,3,3.5
2024-11-03,ORD-503011,fake.customer273@example.com,5,19.9
2024-06-18,ORD-503012,fake.customer274@example.com,4,7.25
2024-06-18,ORD-503012,fake.customer274@example.com,11,3.5
2024-07-23,ORD-503013,fake.customer274@example.com,2,3.5
2024-07-23,ORD-503013,fake.customer274@example.com,5,4.99
2024-07-23,ORD-503013,fake.customer274@example.com,10,12.0
2024-09-12,ORD-503014,fake.customer274@example.com,5,19.9
2024-09-12,ORD-503014,fake.customer274@example.com,2,7.25
2024-09-12,ORD-503014,fake.customer274@example.com,2,12.0
2024-11-19,ORD-503015,fake.customer274@example.com,2,4.99
2024-11-19,ORD-503015,fake.customer274@example.com,5,3.5
2024-11-19,ORD-503015,fake.customer274@example.com,9,7.25
2023-06-09,ORD-503016,fake.customer275@example.com,2,12.0
2023-06-09,ORD-503016,fake.customer275@example.com,5,3.5
2023-06-09,ORD-503016,fake.customer275@example.com,4,4.99
2023-04-01,ORD-503017,fake.customer276@example.com,6,12.0
2023-04-11,ORD-503018,fake.customer276@example.com,6,3.5
2023-04-11,ORD-503018,fake.customer276@example.com,6,7.25
2023-04-11,ORD-503018,fake.customer276@example.com,11,4.99
2023-04-20,ORD-503019,fake.customer276@example.com,1,4.99
2023-04-20,ORD-503019,fake.customer276@example.com,3,3.5
2023-08-28,ORD-503020,fake.customer277@example.com,12,4.99
2023-08-28,ORD-503020,fake.customer277@example.com,2,3.5
2023-06-12,ORD-503021,fake.customer278@example.com,5,7.25
2023-06-12,ORD-503021,fake.customer278@example.com,2,4.99
2023-07-14,ORD-503022,fake.customer278@example.com,11,3.5
2023-07-14,ORD-503022,fake.customer278@example.com,6,4.99
2023-07-14,ORD-503022,fake.customer278@example.com,11,7.25
2023-08-04,ORD-503023,fake.customer278@example.com,2,7.25
2023-08-14,ORD-503024,fake.customer278@example.com,8,7.25
2023-08-14,ORD-503024,fake.customer278@example.com,9,19.9
2023-08-27,ORD-503025,fake.customer278@example.com,1,7.25
2023-08-27,ORD-503025,fake.customer278@example.com,10,4.99
2023-09-18,ORD-503026,fake.customer278@example.com,4,3.5
2023-09-18,ORD-503026,fake.customer278@example.com,11,12.0
2023-10-11,ORD-503027,fake.customer278@example.com,6,7.25
2023-10-11,ORD-503027,fake.customer278@example.com,8,3.5
2023-10-22,ORD-503028,fake.customer278@example.com,3,19.9
2023-10-22,ORD-503028,fake.customer278@example.com,9,3.5
2023-10-25,ORD-503029,fake.customer278@example.com,2,19.9
2023-12-18,ORD-503030,fake.customer278@example.com,1,7.25
2023-12-18,ORD-503030,fake.customer278@example.com,10,3.5
2023-12-22,ORD-503031,fake.customer278@example.com,2,19.9
2023-12-22,ORD-503031,fake.customer278@example.com,2,12.0
2023-12-25,ORD-503032,fake.customer278@example.com,9,4.99
2024-01-06,ORD-503033,fake.customer278@example.com,3,19.9
2024-01-06,ORD-503033,fake.customer278@example.com,9,3.5
2024-01-07,ORD-503034,fake.customer278@example.com,1,4.99
2024-01-07,ORD-503034,fake.customer278@example.com,2,3.5
2024-01-16,ORD-503035,fake.customer278@example.com,10,19.9
2024-01-16,ORD-503035,fake.customer278@example.com,1,7.25
2024-01-16,ORD-503035,fake.customer278@example.com,4,4.99
2024-02-04,ORD-503036,fake.customer278@example.com,4,3.5
2023-11-18,ORD-503037,fake.customer279@example.com,3,19.9
2023-12-16,ORD-503038,fake.customer279@example.com,12,7.25
2023-12-16,ORD-503038,fake.customer279@example.com,8,12.0
2023-12-16,ORD-503038,fake.customer279@example.com,10,3.5
2023-12-24,ORD-503039,fake.customer279@example.com,12,7.25
2023-12-24,ORD-503039,fake.customer279@example.com,6,3.5
2023-12-26,ORD-503040,fake.customer279@example.com,11,4.99
2023-12-26,ORD-503040,fake.customer279@example.com,3,7.25
2024-04-16,ORD-503041,fake.customer279@example.com,10,7.25
2024-04-16,ORD-503041,fake.customer279@example.com,6,3.5
2024-05-10,ORD-503042,fake.customer279@example.com,8,12.0
2024-05-10,ORD-503042,fake.customer279@example.com,6,4.99
2024-06-10,ORD-503043,fake.customer279@example.com,2,19.9
2024-08-04,ORD-503044,fake.customer279@example.com,9,12.0
2024-08-04,ORD-503044,fake.customer279@example.com,8,19.9
2024-09-11,ORD-503045,fake.customer279@example.com,11,19.9
2024-09-11,ORD-503045,fake.customer279@example.com,9,4.99
2024-09-11,ORD-503045,fake.customer279@example.com,8,7.25
2024-10-13,ORD-503046,fake.customer279@example.com,1,19.9
2024-10-15,ORD-503047,fake.customer279@example.com,2,7.25
2024-10-15,ORD-503047,fake.customer279@example.com,5,4.99
2024-10-30,ORD-503048,fake.customer279@example.com,12,7.25
2024-10-30,ORD-503048,fake.customer279@example.com,8,12.0
2024-05-08,ORD-503049,fake.customer280@example.com,1,7.25
2024-05-08,ORD-503049,fake.customer280@example.com,12,3.5
2024-05-08,ORD-503049,fake.customer280@example.com,5,12.0
2024-08-28,ORD-503050,fake.customer281@example.com,4,12.0
2024-08-28,ORD-503050,fake.customer281@example.com,7,19.9
2024-09-04,ORD-503051,fake.customer281@example.com,2,3.5
2024-09-04,ORD-503051,fake.customer281@example.com,12,12.0
2024-09-11,ORD-503052,fake.customer281@example.com,8,3.5
2024-09-11,ORD-503052,fake.customer281@example.com,9,7.25
2024-10-06,ORD-503053,fake.customer281@example.com,3,3.5
2024-10-06,ORD-503053,fake.customer281@example.com,4,7.25
2024-11-29,ORD-503054,fake.customer281@example.com,7,12.0
2024-11-29,ORD-503054,fake.customer281@example.com,1,19.9
2024-11-29,ORD-503054,fake.customer281@example.com,8,3.5
2023-09-15,ORD-503055,fake.customer282@example.com,8,7.25
2023-09-15,ORD-503055,fake.customer282@example.com,4,19.9
2023-09-15,ORD-503055,fake.customer282@example.com,1,4.99
2023-08-09,ORD-503056,fake.customer283@example.com,5,19.9
2023-09-16,ORD-503057,fake.customer283@example.com,6,4.99
2023-09-16,ORD-503057,fake.customer283@example.com,2,7.25
2023-09-28,ORD-503058,fake.customer283@example.com,4,3.5
2023-09-28,ORD-503058,fake.customer283@example.com,9,19.9
2023-10-13,ORD-503059,fake.customer283@example.com,4,12.0
2023-10-13,ORD-503059,fake.customer283@example.com,9,3.5
2023-10-19,ORD-503060,fake.customer283@example.com,4,19.9
2023-10-19,ORD-503060,fake.customer283@example.com,12,4.99
2023-10-20,ORD-503061,fake.customer283@example.com,4,4.99
2023-10-20,ORD-503061,fake.customer283@example.com,8,19.9
2023-10-20,ORD-503061,fake.customer283@example.com,8,7.25
2023-10-21,ORD-503062,fake.customer283@example.com,12,7.25
2023-10-29,ORD-503063,fake.customer283@example.com,8,7.25
2023-10-29,ORD-503063,fake.customer283@example.com,6,12.0
2023-11-07,ORD-503064,fake.customer283@example.com,5,19.9
2023-11-09,ORD-503065,fake.customer283@example.com,10,4.99
2023-11-09,ORD-503065,fake.customer283@example.com,4,19.9
2023-11-09,ORD-503065,fake.customer283@example.com,12,3.5
2023-11-10,ORD-503066,fake.customer283@example.com,10,7.25
2023-11-10,ORD-503066,fake.customer283@example.com,6,12.0
2023-11-12,ORD-503067,fake.customer283@example.com,8,4.99
2023-11-12,ORD-503067,fake.customer283@example.com,8,7.25
2023-11-14,ORD-503068,fake.customer283@example.com,6,3.5
2023-11-14,ORD-503068,fake.customer283@example.com,1,19.9
2023-11-14,ORD-503068,fake.customer283@example.com,2,12.0
2023-12-24,ORD-503069,fake.customer283@example.com,10,12.0
2023-12-24,ORD-503069,fake.customer283@example.com,6,7.25
2023-12-24,ORD-503069,fake.customer283@example.com,3,3.5
2024-01-01,ORD-503070,fake.customer283@example.com,9,12.0
2024-01-01,ORD-503070,fake.customer283@example.com,8,4.99
2024-01-13,ORD-503071,fake.customer283@example.com,12,4.99
2024-01-13,ORD-503071,fake.customer283@example.com,4,7.25
2024-01-25,ORD-503072,fake.customer283@example.com,11,3.5
2024-01-25,ORD-503072,fake.customer283@example.com,4,19.9
2024-01-25,ORD-503072,fake.customer283@example.com,5,4.99
2024-02-11,ORD-503073,fake.customer283@example.com,1,7.25
2024-02-11,ORD-503073,fake.customer283@example.com,8,4.99
2024-02-11,ORD-503073,fake.customer283@example.com,10,12.0
2024-02-17,ORD-503074,fake.customer283@example.com,1,7.25
2024-02-17,ORD-503074,fake.customer283@example.com,8,12.0
2024-02-21,ORD-503075,fake.customer283@example.com,4,12.0
2024-03-04,ORD-503076,fake.customer283@example.com,3,12.0
2024-03-04,ORD-503076,fake.customer283@example.com,3,3.5
2024-03-04,ORD-503076,fake.customer283@example.com,1,19.9
2024-03-27,ORD-503077,fake.customer283@example.com,2,4.99
2024-04-09,ORD-503078,fake.customer283@example.com,3,7.25
2024-04-09,ORD-503078,fake.customer283@example.com,1,4.99
2024-04-09,ORD-503078,fake.customer283@example.com,8,3.5
2024-04-12,ORD-503079,fake.customer283@example.com,6,12.0
2024-04-15,ORD-503080,fake.customer283@example.com,9,4.99
2024-04-15,ORD-503080,fake.customer283@example.com,4,12.0
2024-04-15,ORD-503080,fake.customer283@example.com,6,7.25
2024-04-18,ORD-503081,fake.customer283@example.com,10,4.99
2024-04-28,ORD-503082,fake.customer283@example.com,8,3.5
2024-05-05,ORD-503083,fake.customer283@example.com,4,12.0
2024-05-05,ORD-503083,fake.customer283@example.com,2,19.9
2024-05-05,ORD-503083,fake.customer283@example.com,5,7.25
2024-05-28,ORD-503084,fake.customer283@example.com,10,7.25
2024-05-31,ORD-503085,fake.customer283@example.com,3,7.25
2024-05-31,ORD-503085,fake.customer283@example.com,10,4.99
2024-05-31,ORD-503085,fake.customer283@example.com,2,19.9
2024-06-27,ORD-503086,fake.customer283@example.com,10,7.25
2024-06-27,ORD-503086,fake.customer283@example.com,6,19.9
2024-06-29,ORD-503087,fake.customer283@example.com,11,12.0
2024-06-30,ORD-503088,fake.customer283@example.com,10,19.9
2024-06-30,ORD-503088,fake.customer283@example.com,7,7.25
2024-07-13,ORD-503089,fake.customer283@example.com,12,3.5
2024-07-13,ORD-503089,fake.customer283@example.com,9,4.99
2024-07-13,ORD-503089,fake.customer283@example.com,7,7.25
2024-07-28,ORD-503090,fake.customer283@example.com,7,4.99
2024-07-28,ORD-503090,fake.customer283@example.com,8,12.0
2024-08-03,ORD-503091,fake.customer283@example.com,7,7.25
2024-08-06,ORD-503092,fake.customer283@example.com,3,19.9
2024-08-06,ORD-503092,fake.customer283@example.com,7,3.5
2024-08-06,ORD-503092,fake.customer283@example.com,11,4.99
2024-08-07,ORD-503093,fake.customer283@example.com,10,12.0
2024-08-18,ORD-503094,fake.customer283@example.com,5,7.25
2024-08-18,ORD-503094,fake.customer283@example.com,11,4.99
2024-08-18,ORD-503094,fake.customer283@example.com,5,3.5
2024-08-20,ORD-503095,fake.customer283@example.com,6,19.9
2024-08-20,ORD-503095,fake.customer283@example.com,8,12.0
2024-08-20,ORD-503095,fake.customer283@example.com,8,7.25
2024-08-24,ORD-503096,fake.customer283@example.com,5,12.0
2024-09-03,ORD-503097,fake.customer283@example.com,1,19.9
2024-09-03,ORD-503097,fake.customer283@example.com,9,12.0
2024-09-05,ORD-503098,fake.customer283@example.com,9,3.5
2024-09-05,ORD-503098,fake.customer283@example.com,12,12.0
2024-09-05,ORD-503098,fake.customer283@example.com,1,4.99
2024-09-06,ORD-503099,fake.customer283@example.com,3,3.5
2024-09-08,ORD-503100,fake.customer283@example.com,2,4.99
2024-09-08,ORD-503100,fake.customer283@example.com,11,3.5
2024-09-20,ORD-503101,fake.customer283@example.com,7,4.99
2024-09-20,ORD-503101,fake.customer283@example.com,10,19.9
2024-09-20,ORD-503101,fake.customer283@example.com,6,7.25
2024-09-24,ORD-503102,fake.customer283@example.com,6,19.9
2024-09-24,ORD-503102,fake.customer283@example.com,10,12.0
2024-10-09,ORD-503103,fake.customer283@example.com,11,12.0
2024-10-10,ORD-503104,fake.customer283@example.com,12,3.5
2024-10-17,ORD-503105,fake.customer283@example.com,3,12.0
2024-10-17,ORD-503105,fake.customer283@example.com,9,7.25
2024-10-17,ORD-503105,fake.customer283@example.com,5,3.5
2024-10-19,ORD-503106,fake.customer283@example.com,11,7.25
2024-10-19,ORD-503106,fake.customer283@example.com,4,19.9
2024-10-19,ORD-503106,fake.customer283@example.com,6,12.0
2024-10-22,ORD-503107,fake.customer283@example.com,4,4.99
2024-10-22,ORD-503107,fake.customer283@example.com,10,12.0
2024-10-24,ORD-503108,fake.customer283@example.com,7,4.99
2024-10-24,ORD-503108,fake.customer283@example.com,8,12.0
2024-11-04,ORD-503109,fake.customer283@example.com,10,3.5
2024-11-22,ORD-503110,fake.customer283@example.com,1,7.25
2024-11-22,ORD-503110,fake.customer283@example.com,11,4.99
2024-11-22,ORD-503110,fake.customer283@example.com,3,12.0
2024-11-25,ORD-503111,fake.customer283@example.com,9,7.25
2024-12-22,ORD-503112,fake.customer283@example.com,10,12.0
2024-12-22,ORD-503112,fake.customer283@example.com,1,19.9
2024-12-23,ORD-503113,fake.customer283@example.com,7,12.0
2024-12-23,ORD-503113,fake.customer283@example.com,1,3.5
2024-12-23,ORD-503113,fake.customer283@example.com,5,4.99
2024-08-12,ORD-503114,fake.customer284@example.com,10,19.9
2024-08-23,ORD-503115,fake.customer284@example.com,2,12.0
2024-08-23,ORD-503115,fake.customer284@example.com,10,19.9
2024-08-23,ORD-503115,fake.customer284@example.com,2,4.99
2024-09-26,ORD-503116,fake.customer284@example.com,11,19.9
2024-09-28,ORD-503117,fake.customer284@example.com,10,3.5
2024-09-28,ORD-503117,fake.customer284@example.com,11,7.25
2024-09-28,ORD-503117,fake.customer284@example.com,12,4.99
2024-10-29,ORD-503118,fake.customer284@example.com,11,7.25
2024-10-29,ORD-503118,fake.customer284@example.com,3,3.5
2024-10-29,ORD-503118,fake.customer284@example.com,9,12.0
2024-11-04,ORD-503119,fake.customer284@example.com,8,7.25
2024-11-15,ORD-503120,fake.customer284@example.com,10,3.5
2024-11-15,ORD-503120,fake.customer284@example.com,8,7.25
2024-11-20,ORD-503121,fake.customer284@example.com,4,19.9
2024-11-20,ORD-503121,fake.customer284@example.com,5,4.99
2024-11-20,ORD-503121,fake.customer284@example.com,3,7.25
2024-12-16,ORD-503122,fake.customer284@example.com,6,12.0
2024-12-16,ORD-503122,fake.customer284@example.com,6,7.25
2023-10-05,ORD-503123,fake.customer285@example.com,3,4.99
2023-10-05,ORD-503123,fake.customer285@example.com,9,3.5
2023-11-29,ORD-503124,fake.customer285@example.com,7,4.99
2023-12-31,ORD-503125,fake.customer285@example.com,7,3.5
2023-12-31,ORD-503125,fake.customer285@example.com,7,19.9
2024-02-23,ORD-503126,fake.customer285@example.com,11,3.5
2024-02-23,ORD-503126,fake.customer285@example.com,7,19.9
2024-02-23,ORD-503126,fake.customer285@example.com,10,7.25
2024-02-26,ORD-503127,fake.customer285@example.com,4,12.0
2024-02-26,ORD-503127,fake.customer285@example.com,8,7.25
2024-02-26,ORD-503127,fake.customer285@example.com,11,19.9
2024-03-12,ORD-503128,fake.customer285@example.com,3,7.25
2024-04-05,ORD-503129,fake.customer285@example.com,1,19.9
2024-04-05,ORD-503129,fake.customer285@example.com,2,4.99
2024-04-05,ORD-503129,fake.customer285@example.com,2,3.5
2024-04-30,ORD-503130,fake.customer285@example.com,12,7.25
2024-04-30,ORD-503130,fake.customer285@example.com,10,19.9
2024-05-12,ORD-503131,fake.customer285@example.com,3,12.0
2024-06-30,ORD-503132,fake.customer285@example.com,7,7.25
2024-06-30,ORD-503132,fake.customer285@example.com,2,19.9
2024-06-30,ORD-503132,fake.customer285@example.com,8,3.5
2024-07-19,ORD-503133,fake.customer285@example.com,9,4.99
2024-07-19,ORD-503133,fake.customer285@example.com,9,12.0
2024-08-05,ORD-503134,fake.customer285@example.com,5,3.5
2024-08-05,ORD-503134,fake.customer285@example.com,11,7.25
2024-02-25,ORD-503135,fake.customer286@example.com,6,19.9
2024-02-25,ORD-503135,fake.customer286@example.com,9,7.25
2024-03-18,ORD-503136,fake.customer286@example.com,7,7.25
2024-04-24,ORD-503137,fake.customer286@example.com,6,4.99
2024-05-29,ORD-503138,fake.customer286@example.com,8,19.9
2024-05-29,ORD-503138,fake.customer286@example.com,7,12.0
2024-05-29,ORD-503138,fake.customer286@example.com,9,4.99
2024-06-19,ORD-503139,fake.customer286@example.com,10,4.99
2024-07-06,ORD-503140,fake.customer286@example.com,6,4.99
2024-07-06,ORD-503140,fake.customer286@example.com,6,7.25
2024-07-14,ORD-503141,fake.customer286@example.com,9,4.99
2024-07-14,ORD-503141,fake.customer286@example.com,8,7.25
2024-08-05,ORD-503142,fake.customer286@example.com,6,12.0
2024-08-05,ORD-503142,fake.customer286@example.com,9,7.25
2024-08-17,ORD-503143,fake.customer286@example.com,7,4.99
2024-08-17,ORD-503143,fake.customer286@example.com,7,19.9
2024-08-24,ORD-503144,fake.customer286@example.com,1,12.0
2024-08-24,ORD-503144,fake.customer286@example.com,1,4.99
2024-08-26,ORD-503145,fake.customer286@example.com,5,12.0
2024-08-26,ORD-503145,fake.customer286@example.com,1,3.5
2024-09-22,ORD-503146,fake.customer286@example.com,12,7.25
2024-09-22,ORD-503146,fake.customer286@example.com,1,12.0
2024-11-20,ORD-503147,fake.customer286@example.com,1,12.0
2024-11-20,ORD-503147,fake.customer286@example.com,12,3.5
2024-11-20,ORD-503147,fake.customer286@example.com,4,19.9
2024-01-04,ORD-503148,fake.customer287@example.com,2,3.5
2024-01-04,ORD-503148,fake.customer287@example.com,11,4.99
2024-01-06,ORD-503149,fake.customer287@example.com,3,19.9
2024-01-08,ORD-503150,fake.customer287@example.com,9,19.9
2024-01-08,ORD-503150,fake.customer287@example.com,12,4.99
2024-01-20,ORD-503151,fake.customer287@example.com,12,4.99
2024-01-20,ORD-503151,fake.customer287@example.com,6,3.5
2024-01-23,ORD-503152,fake.customer287@example.com,10,3.5
2024-01-23,ORD-503152,fake.customer287@example.com,2,4.99
2024-01-23,ORD-503152,fake.customer287@example.com,10,7.25
2024-02-06,ORD-503153,fake.customer287@example.com,6,12.0
2024-02-06,ORD-503153,fake.customer287@example.com,12,4.99
2024-02-06,ORD-503153,fake.customer287@example.com,12,19.9
2024-02-18,ORD-503154,fake.customer287@example.com,12,12.0
2024-02-18,ORD-503154,fake.customer287@example.com,4,7.25
2024-03-09,ORD-503155,fake.customer287@example.com,7,4.99
2024-03-09,ORD-503155,fake.customer287@example.com,7,7.25
2024-03-09,ORD-503155,fake.customer287@example.com,1,19.9
2024-03-26,ORD-503156,fake.customer287@example.com,7,19.9
2024-03-26,ORD-503156,fake.customer287@example.com,7,7.25
2024-04-15,ORD-503157,fake.customer287@example.com,6,3.5
2024-04-15,ORD-503157,fake.customer287@example.com,10,4.99
2024-04-15,ORD-503157,fake.customer287@example.com,3,19.9
2024-04-21,ORD-503158,fake.customer287@example.com,8,12.0
2024-04-29,ORD-503159,fake.customer287@example.com,9,7.25
2024-05-28,ORD-503160,fake.customer287@example.com,4,7.25
2024-06-15,ORD-503161,fake.customer287@example.com,1,19.9
2024-06-15,ORD-503161,fake.customer287@example.com,5,12.0
2024-06-15,ORD-503161,fake.customer287@example.com,2,4.99
2024-06-27,ORD-503162,fake.customer287@example.com,8,7.25
2024-08-17,ORD-503163,fake.customer287@example.com,7,12.0
2024-08-17,ORD-503163,fake.customer287@example.com,6,4.99
2024-08-21,ORD-503164,fake.customer287@example.com,10,12.0
2024-10-11,ORD-503165,fake.customer287@example.com,11,7.25
2024-10-12,ORD-503166,fake.customer287@example.com,4,7.25
2024-10-19,ORD-503167,fake.customer287@example.com,5,19.9
2024-10-19,ORD-503167,fake.customer287@example.com,11,4.99
2024-10-21,ORD-503168,fake.customer287@example.com,2,7.25
2024-11-26,ORD-503169,fake.customer287@example.com,9,7.25
2024-11-26,ORD-503169,fake.customer287@example.com,7,12.0
2024-11-30,ORD-503170,fake.customer287@example.com,7,19.9
2024-11-30,ORD-503170,fake.customer287@example.com,5,3.5
2024-12-01,ORD-503171,fake.customer287@example.com,6,19.9
2024-12-01,ORD-503171,fake.customer287@example.com,7,4.99
2024-05-22,ORD-503172,fake.customer288@example.com,7,7.25
2024-05-22,ORD-503172,fake.customer288@example.com,7,12.0
2024-05-22,ORD-503172,fake.customer288@example.com,6,19.9
2024-07-21,ORD-503173,fake.customer288@example.com,8,4.99
2024-08-16,ORD-503174,fake.customer288@example.com,7,3.5
2024-08-16,ORD-503174,fake.customer288@example.com,6,19.9
2023-12-14,ORD-503175,fake.customer289@example.com,2,7.25
2023-12-14,ORD-503175,fake.customer289@example.com,5,19.9
2023-12-16,ORD-503176,fake.customer289@example.com,10,3.5
2023-12-16,ORD-503176,fake.customer289@example.com,5,19.9
2023-12-17,ORD-503177,fake.customer289@example.com,9,7.25
2023-12-24,ORD-503178,fake.customer289@example.com,6,3.5
2023-12-26,ORD-503179,fake.customer289@example.com,8,7.25
2023-12-26,ORD-503179,fake.customer289@example.com,9,3.5
2024-01-06,ORD-503180,fake.customer289@example.com,9,4.99
2024-01-06,ORD-503180,fake.customer289@example.com,1,7.25
2024-01-06,ORD-503180,fake.customer289@example.com,5,12.0
2024-01-18,ORD-503181,fake.customer289@example.com,4,3.5
2024-01-18,ORD-503181,fake.customer289@example.com,1,4.99
2024-01-29,ORD-503182,fake.customer289@example.com,6,4.99
2024-01-29,ORD-503182,fake.customer289@example.com,3,12.0
2024-01-29,ORD-503182,fake.customer289@example.com,2,19.9
2024-02-01,ORD-503183,fake.customer289@example.com,4,4.99
2024-02-01,ORD-503183,fake.customer289@example.com,5,3.5
2024-02-16,ORD-503184,fake.customer289@example.com,12,7.25
2024-03-03,ORD-503185,fake.customer289@example.com,3,3.5
2024-03-03,ORD-503185,fake.customer289@example.com,11,7.25
2024-03-23,ORD-503186,fake.customer289@example.com,10,19.9
2024-04-02,ORD-503187,fake.customer289@example.com,5,12.0
2024-04-02,ORD-503187,fake.customer289@example.com,3,3.5
2024-04-02,ORD-503187,fake.customer289@example.com,5,19.9
2024-04-14,ORD-503188,fake.customer289@example.com,5,19.9
2024-04-14,ORD-503188,fake.customer289@example.com,6,7.25
2024-04-15,ORD-503189,fake.customer289@example.com,3,3.5
2024-05-09,ORD-503190,fake.customer289@example.com,3,3.5
2024-05-13,ORD-503191,fake.customer289@example.com,7,3.5
2024-05-13,ORD-503191,fake.customer289@example.com,10,19.9
2024-05-13,ORD-503191,fake.customer289@example.com,4,7.25
2024-05-22,ORD-503192,fake.customer289@example.com,6,4.99
2024-05-22,ORD-503192,fake.customer289@example.com,9,12.0
2024-05-22,ORD-503192,fake.customer289@example.com,11,19.9
2024-05-27,ORD-503193,fake.customer289@example.com,10,4.99
2024-05-31,ORD-503194,fake.customer289@example.com,8,3.5
2024-06-23,ORD-503195,fake.customer289@example.com,2,7.25
2024-06-27,ORD-503196,fake.customer289@example.com,4,7.25
2024-06-27,ORD-503196,fake.customer289@example.com,11,3.5
2024-06-30,ORD-503197,fake.customer289@example.com,11,7.25
2024-06-30,ORD-503197,fake.customer289@example.com,1,4.99
2024-06-30,ORD-503197,fake.customer289@example.com,6,3.5
2024-07-06,ORD-503198,fake.customer289@example.com,2,12.0
2024-07-07,ORD-503199,fake.customer289@example.com,2,7.25
2024-07-07,ORD-503199,fake.customer289@example.com,3,4.99
2024-07-08,ORD-503200,fake.customer289@example.com,10,7.25
2024-07-08,ORD-503200,fake.customer289@example.com,1,19.9
2024-07-14,ORD-503201,fake.customer289@example.com,8,7.25
2024-07-14,ORD-503201,fake.customer289@example.com,9,12.0
2024-07-14,ORD-503201,fake.customer289@example.com,1,19.9
2024-07-21,ORD-503202,fake.customer289@example.com,2,3.5
2024-07-21,ORD-503202,fake.customer289@example.com,11,19.9
2024-08-04,ORD-503203,fake.customer289@example.com,11,12.0
2024-08-04,ORD-503203,fake.customer289@example.com,8,7.25
2024-08-09,ORD-503204,fake.customer289@example.com,8,7.25
2024-08-09,ORD-503204,fake.customer289@example.com,11,19.9
2024-08-15,ORD-503205,fake.customer289@example.com,7,12.0
2024-08-15,ORD-503205,fake.customer289@example.com,1,3.5
2024-08-15,ORD-503205,fake.customer289@example.com,10,19.9
2024-08-31,ORD-503206,fake.customer289@example.com,3,3.5
2024-08-31,ORD-503206,fake.customer289@example.com,8,12.0
2024-08-31,ORD-503206,fake.customer289@example.com,10,19.9
2024-09-17,ORD-503207,fake.customer289@example.com,4,4.99
2024-09-19,ORD-503208,fake.customer289@example.com,1,19.9
2024-09-19,ORD-503208,fake.customer289@example.com,9,4.99
2024-09-26,ORD-503209,fake.customer289@example.com,5,12.0
2024-09-26,ORD-503209,fake.customer289@example.com,5,7.25
2024-10-01,ORD-503210,fake.customer289@example.com,4,12.0
2024-10-01,ORD-503210,fake.customer289@example.com,9,7.25
2024-10-06,ORD-503211,fake.customer289@example.com,11,4.99
2024-10-10,ORD-503212,fake.customer289@example.com,8,19.9
2024-10-10,ORD-503212,fake.customer289@example.com,4,12.0
2024-10-10,ORD-503212,fake.customer289@example.com,9,4.99
2024-10-12,ORD-503213,fake.customer289@example.com,11,4.99
2024-10-12,ORD-503213,fake.customer289@example.com,7,19.9
2024-10-12,ORD-503213,fake.customer289@example.com,1,12.0
2024-10-28,ORD-503214,fake.customer289@example.com,1,4.99
2024-10-30,ORD-503215,fake.customer289@example.com,5,19.9
2024-10-30,ORD-503215,fake.customer289@example.com,1,12.0
2024-10-30,ORD-503215,fake.customer289@example.com,6,4.99
2024-11-02,ORD-503216,fake.customer289@example.com,3,3.5
2024-11-03,ORD-503217,fake.customer289@example.com,10,12.0
2024-11-08,ORD-503218,fake.customer289@example.com,7,7.25
2024-11-08,ORD-503218,fake.customer289@example.com,6,3.5
2024-11-20,ORD-503219,fake.customer289@example.com,7,19.9
2024-11-20,ORD-503219,fake.customer289@example.com,9,4.99
2024-11-20,ORD-503219,fake.customer289@example.com,12,3.5
2024-11-21,ORD-503220,fake.customer289@example.com,9,4.99
2024-11-21,ORD-503220,fake.customer289@example.com,7,3.5
2024-11-22,ORD-503221,fake.customer289@example.com,3,4.99
2024-11-22,ORD-503221,fake.customer289@example.com,2,12.0
2024-11-22,ORD-503221,fake.customer289@example.com,12,19.9
2024-11-29,ORD-503222,fake.customer289@example.com,4,19.9
2024-11-29,ORD-503222,fake.customer289@example.com,11,7.25
2024-11-29,ORD-503222,fake.customer289@example.com,8,12.0
2024-12-01,ORD-503223,fake.customer289@example.com,1,12.0
2024-12-01,ORD-503223,fake.customer289@example.com,12,3.5
2024-12-01,ORD-503223,fake.customer289@example.com,3,7.25
2024-12-04,ORD-503224,fake.customer289@example.com,2,7.25
2024-12-04,ORD-503224,fake.customer289@example.com,11,3.5
2024-12-09,ORD-503225,fake.customer289@example.com,3,7.25
2024-12-09,ORD-503225,fake.customer289@example.com,9,19.9
2024-12-09,ORD-503225,fake.customer289@example.com,7,4.99
2024-12-12,ORD-503226,fake.customer289@example.com,5,12.0
2024-12-14,ORD-503227,fake.customer289@example.com,6,12.0
2024-12-15,ORD-503228,fake.customer289@example.com,2,3.5
2024-12-15,ORD-503228,fake.customer289@example.com,3,7.25
2024-12-26,ORD-503229,fake.customer289@example.com,10,19.9
2024-05-18,ORD-503230,fake.customer290@example.com,8,12.0
2024-05-18,ORD-503230,fake.customer290@example.com,2,4.99
2024-05-18,ORD-503230,fake.customer290@example.com,12,7.25
2024-05-21,ORD-503231,fake.customer290@example.com,4,12.0
2024-05-21,ORD-503231,fake.customer290@example.com,6,4.99
2024-07-26,ORD-503232,fake.customer290@example.com,6,3.5
2024-07-29,ORD-503233,fake.customer290@example.com,8,4.99
2024-07-29,ORD-503233,fake.customer290@example.com,4,3.5
2024-08-23,ORD-503234,fake.customer290@example.com,11,7.25
2024-09-09,ORD-503235,fake.customer290@example.com,7,7.25
2024-09-09,ORD-503235,fake.customer290@example.com,10,3.5
2024-09-09,ORD-503235,fake.customer290@example.com,1,4.99
2024-11-04,ORD-503236,fake.customer290@example.com,7,19.9
2024-11-04,ORD-503236,fake.customer290@example.com,10,7.25
2024-12-21,ORD-503237,fake.customer290@example.com,6,3.5
2024-12-28,ORD-503238,fake.customer290@example.com,1,12.0
2024-12-28,ORD-503238,fake.customer290@example.com,10,4.99
2023-12-22,ORD-503239,fake.customer291@example.com,3,19.9
2023-12-22,ORD-503239,fake.customer291@example.com,5,4.99
2023-12-22,ORD-503239,fake.customer291@example.com,4,12.0
2024-01-05,ORD-503240,fake.customer291@example.com,4,4.99
2024-01-05,ORD-503240,fake.customer291@example.com,1,7.25
2024-06-07,ORD-503241,fake.customer291@example.com,9,7.25
2024-06-07,ORD-503241,fake.customer291@example.com,8,3.5
2024-06-07,ORD-503241,fake.customer291@example.com,12,12.0
2024-07-21,ORD-503242,fake.customer291@example.com,4,3.5
2024-07-26,ORD-503243,fake.customer291@example.com,1,19.9
2024-08-23,ORD-503244,fake.customer291@example.com,4,7.25
2024-08-26,ORD-503245,fake.customer291@example.com,7,12.0
2024-11-11,ORD-503246,fake.customer291@example.com,2,12.0
2024-11-11,ORD-503246,fake.customer291@example.com,1,3.5
2024-11-11,ORD-503246,fake.customer291@example.com,5,4.99
2024-11-20,ORD-503247,fake.customer291@example.com,2,19.9
2024-11-20,ORD-503247,fake.customer291@example.com,11,4.99
2023-06-15,ORD-503248,fake.customer292@example.com,9,12.0
2023-06-26,ORD-503249,fake.customer292@example.com,5,4.99
2023-07-05,ORD-503250,fake.customer292@example.com,6,19.9
2023-07-05,ORD-503250,fake.customer292@example.com,11,3.5
2023-07-19,ORD-503251,fake.customer292@example.com,8,19.9
2023-07-20,ORD-503252,fake.customer292@example.com,5,3.5
2023-07-20,ORD-503252,fake.customer292@example.com,10,19.9
2023-07-28,ORD-503253,fake.customer292@example.com,5,4.99
2023-07-28,ORD-503253,fake.customer292@example.com,7,19.9
2023-07-28,ORD-503253,fake.customer292@example.com,7,12.0
2023-07-29,ORD-503254,fake.customer292@example.com,10,7.25
2023-08-05,ORD-503255,fake.customer292@example.com,5,4.99
2023-08-05,ORD-503255,fake.customer292@example.com,4,3.5
2023-08-05,ORD-503255,fake.customer292@example.com,8,19.9
2023-08-09,ORD-503256,fake.customer292@example.com,5,12.0
2023-08-13,ORD-503257,fake.customer292@example.com,5,19.9
2023-08-22,ORD-503258,fake.customer292@example.com,4,12.0
2023-08-26,ORD-503259,fake.customer292@example.com,10,3.5
2023-08-26,ORD-503259,fake.customer292@example.com,1,7.25
2023-09-07,ORD-503260,fake.customer292@example.com,3,12.0
2023-09-16,ORD-503261,fake.customer292@example.com,3,3.5
2023-09-16,ORD-503261,fake.customer292@example.com,4,7.25
2023-09-17,ORD-503262,fake.customer292@example.com,5,12.0
2023-09-17,ORD-503262,fake.customer292@example.com,2,7.25
2023-09-25,ORD-503263,fake.customer292@example.com,11,4.99
2023-09-25,ORD-503263,fake.customer292@example.com,3,7.25
2023-09-25,ORD-503263,fake.customer292@example.com,3,3.5
2023-09-26,ORD-503264,fake.customer292@example.com,3,19.9
2023-10-04,ORD-503265,fake.customer292@example.com,2,3.5
2023-10-04,ORD-503265,fake.customer292@example.com,3,7.25
2023-10-13,ORD-503266,fake.customer292@example.com,12,19.9
2023-10-30,ORD-503267,fake.customer292@example.com,6,12.0
2023-10-30,ORD-503267,fake.customer292@example.com,2,3.5
2023-11-03,ORD-503268,fake.customer292@example.com,6,12.0
2023-11-03,ORD-503268,fake.customer292@example.com,3,4.99
2023-11-07,ORD-503269,fake.customer292@example.com,4,7.25
2023-11-07,ORD-503269,fake.customer292@example.com,5,3.5
2023-11-19,ORD-503270,fake.customer292@example.com,9,4.99
2023-11-19,ORD-503270,fake.customer292@example.com,1,7.25
2023-11-19,ORD-503270,fake.customer292@example.com,12,12.0
2023-11-29,ORD-503271,fake.customer292@example.com,11,19.9
2023-11-29,ORD-503271,fake.customer292@example.com,8,7.25
2023-11-29,ORD-503271,fake.customer292@example.com,8,4.99
2023-12-17,ORD-503272,fake.customer292@example.com,5,19.9
2023-12-17,ORD-503272,fake.customer292@example.com,12,3.5
2023-12-24,ORD-503273,fake.customer292@example.com,7,7.25
2023-12-27,ORD-503274,fake.customer292@example.com,7,12.0
2023-12-30,ORD-503275,fake.customer292@example.com,4,4.99
2024-01-03,ORD-503276,fake.customer292@example.com,8,4.99
2024-01-03,ORD-503276,fake.customer292@example.com,5,12.0
2024-01-03,ORD-503276,fake.customer292@example.com,9,19.9
2024-01-21,ORD-503277,fake.customer292@example.com,5,19.9
2024-01-21,ORD-503277,fake.customer292@example.com,4,3.5
2024-01-21,ORD-503277,fake.customer292@example.com,6,4.99
2024-02-02,ORD-503278,fake.customer292@example.com,6,7.25
2024-02-02,ORD-503278,fake.customer292@example.com,1,19.9
2024-02-02,ORD-503278,fake.customer292@example.com,2,12.0
2024-02-06,ORD-503279,fake.customer292@example.com,1,4.99
2024-02-06,ORD-503279,fake.customer292@example.com,4,7.25
2024-02-23,ORD-503280,fake.customer292@example.com,3,4.99
2024-02-23,ORD-503280,fake.customer292@example.com,12,12.0
2024-02-23,ORD-503280,fake.customer292@example.com,12,19.9
2024-02-25,ORD-503281,fake.customer292@example.com,6,12.0
2024-02-25,ORD-503281,fake.customer292@example.com,1,4.99
2024-02-25,ORD-503281,fake.customer292@example.com,4,3.5
2024-03-20,ORD-503282,fake.customer292@example.com,8,12.0
2024-03-20,ORD-503282,fake.customer292@example.com,11,7.25
2024-03-21,ORD-503283,fake.customer292@example.com,4,3.5
2024-03-21,ORD-503283,fake.customer292@example.com,10,4.99
2024-04-09,ORD-503284,fake.customer292@example.com,10,7.25
2024-04-12,ORD-503285,fake.customer292@example.com,9,3.5
2024-04-24,ORD-503286,fake.customer292@example.com,3,19.9
2024-04-24,ORD-503286,fake.customer292@example.com,6,7.25
2024-04-25,ORD-503287,fake.customer292@example.com,11,19.9
2024-04-25,ORD-503287,fake.customer292@example.com,5,12.0
2024-04-29,ORD-503288,fake.customer292@example.com,2,3.5
2024-04-29,ORD-503288,fake.customer292@example.com,4,7.25
2024-04-29,ORD-503288,fake.customer292@example.com,3,12.0
2024-05-01,ORD-503289,fake.customer292@example.com,10,12.0
2024-05-01,ORD-503289,fake.customer292@example.com,10,4.99
2024-05-01,ORD-503289,fake.customer292@example.com,12,7.25
2024-05-01,ORD-503290,fake.customer293@example.com,12,12.0
2024-05-01,ORD-503290,fake.customer293@example.com,2,7.25
2024-05-01,ORD-503290,fake.customer293@example.com,11,4.99
2024-05-22,ORD-503291,fake.customer293@example.com,8,4.99
2024-10-02,ORD-503292,fake.customer293@example.com,8,4.99
2024-10-02,ORD-503292,fake.customer293@example.com,10,19.9
2024-10-13,ORD-503293,fake.customer293@example.com,3,4.99
2024-10-13,ORD-503293,fake.customer293@example.com,4,3.5
2024-10-13,ORD-503293,fake.customer293@example.com,7,19.9
2023-04-12,ORD-503294,fake.customer294@example.com,12,7.25
2023-04-12,ORD-503294,fake.customer294@example.com,8,3.5
2023-04-12,ORD-503294,fake.customer294@example.com,11,4.99
2023-07-20,ORD-503295,fake.customer294@example.com,8,19.9
2023-07-20,ORD-503295,fake.customer294@example.com,4,12.0
2023-09-12,ORD-503296,fake.customer294@example.com,2,4.99
2023-10-20,ORD-503297,fake.customer294@example.com,12,3.5
2024-01-13,ORD-503298,fake.customer294@example.com,8,3.5
2024-01-13,ORD-503298,fake.customer294@example.com,1,4.99
2024-02-10,ORD-503299,fake.customer294@example.com,12,7.25
2024-05-03,ORD-503300,fake.customer294@example.com,1,19.9
2024-09-18,ORD-503301,fake.customer294@example.com,3,3.5
2024-09-18,ORD-503301,fake.customer294@example.com,8,7.25
2024-10-01,ORD-503302,fake.customer294@example.com,1,12.0
2024-11-03,ORD-503303,fake.customer294@example.com,9,19.9
2023-11-20,ORD-503304,fake.customer295@example.com,7,7.25
2023-11-20,ORD-503304,fake.customer295@example.com,11,3.5
2023-11-20,ORD-503304,fake.customer295@example.com,2,19.9
2023-11-24,ORD-503305,fake.customer295@example.com,1,19.9
2023-11-24,ORD-503305,fake.customer295@example.com,4,3.5
2023-11-24,ORD-503305,fake.customer295@example.com,3,12.0
2023-12-02,ORD-503306,fake.customer295@example.com,10,12.0
2023-12-02,ORD-503306,fake.customer295@example.com,9,3.5
2023-12-02,ORD-503306,fake.customer295@example.com,12,4.99
2023-12-20,ORD-503307,fake.customer295@example.com,12,12.0
2023-12-20,ORD-503307,fake.customer295@example.com,9,4.99
2024-01-09,ORD-503308,fake.customer295@example.com,1,3.5
2024-02-19,ORD-503309,fake.customer295@example.com,8,7.25
2024-02-19,ORD-503309,fake.customer295@example.com,11,4.99
2024-02-19,ORD-503309,fake.customer295@example.com,11,3.5
2024-02-25,ORD-503310,fake.customer295@example.com,7,19.9
2024-02-29,ORD-503311,fake.customer295@example.com,5,19.9
2024-03-03,ORD-503312,fake.customer295@example.com,1,7.25
2024-03-03,ORD-503312,fake.customer295@example.com,10,12.0
2024-03-10,ORD-503313,fake.customer295@example.com,7,3.5
2024-03-10,ORD-503313,fake.customer295@example.com,7,19.9
2024-03-17,ORD-503314,fake.customer295@example.com,8,4.99
2024-03-17,ORD-503314,fake.customer295@example.com,11,19.9
2024-04-12,ORD-503315,fake.customer295@example.com,10,4.99
2024-04-19,ORD-503316,fake.customer295@example.com,2,4.99
2024-04-21,ORD-503317,fake.customer295@example.com,12,7.25
2024-04-21,ORD-503317,fake.customer295@example.com,6,4.99
2024-04-21,ORD-503317,fake.customer295@example.com,1,12.0
2024-04-25,ORD-503318,fake.customer295@example.com,4,7.25
2024-04-25,ORD-503318,fake.customer295@example.com,5,4.99
2024-04-25,ORD-503318,fake.customer295@example.com,6,12.0
2024-04-26,ORD-503319,fake.customer295@example.com,10,12.0
2024-04-26,ORD-503319,fake.customer295@example.com,4,4.99
2024-04-26,ORD-503319,fake.customer295@example.com,8,3.5
2024-05-14,ORD-503320,fake.customer295@example.com,11,4.99
2024-05-14,ORD-503320,fake.customer295@example.com,11,3.5
2024-05-18,ORD-503321,fake.customer295@example.com,8,19.9
2024-05-19,ORD-503322,fake.customer295@example.com,3,19.9
2024-05-19,ORD-503322,fake.customer295@example.com,10,4.99
2024-05-23,ORD-503323,fake.customer295@example.com,7,7.25
2024-05-23,ORD-503323,fake.customer295@example.com,7,12.0
2024-05-23,ORD-503323,fake.customer295@example.com,5,3.5
2024-06-02,ORD-503324,fake.customer295@example.com,12,7.25
2024-06-02,ORD-503324,fake.customer295@example.com,9,12.0
2024-06-02,ORD-503324,fake.customer295@example.com,7,3.5
2024-06-08,ORD-503325,fake.customer295@example.com,2,4.99
2024-06-08,ORD-503325,fake.customer295@example.com,10,3.5
2024-06-08,ORD-503325,fake.customer295@example.com,3,19.9
2024-06-20,ORD-503326,fake.customer295@example.com,8,3.5
2024-06-28,ORD-503327,fake.customer295@example.com,5,7.25
2024-06-28,ORD-503327,fake.customer295@example.com,10,4.99
2024-07-04,ORD-503328,fake.customer295@example.com,6,7.25
2024-07-04,ORD-503328,fake.customer295@example.com,2,3.5
2024-07-14,ORD-503329,fake.customer295@example.com,1,19.9
2024-07-14,ORD-503329,fake.customer295@example.com,3,4.99
2024-07-14,ORD-503329,fake.customer295@example.com,1,3.5
2024-08-03,ORD-503330,fake.customer295@example.com,12,7.25
2024-08-03,ORD-503330,fake.customer295@example.com,4,4.99
2024-08-05,ORD-503331,fake.customer295@example.com,7,19.9
2024-08-05,ORD-503331,fake.customer295@example.com,2,4.99
2024-08-11,ORD-503332,fake.customer295@example.com,5,7.25
2024-08-11,ORD-503332,fake.customer295@example.com,11,4.99
2024-08-11,ORD-503332,fake.customer295@example.com,1,19.9
2024-08-14,ORD-503333,fake.customer295@example.com,9,4.99
2024-08-14,ORD-503333,fake.customer295@example.com,9,3.5
2024-09-07,ORD-503334,fake.customer295@example.com,6,3.5
2024-09-07,ORD-503334,fake.customer295@example.com,4,19.9
2024-09-07,ORD-503334,fake.customer295@example.com,4,4.99
2024-09-13,ORD-503335,fake.customer295@example.com,5,19.9
2024-09-13,ORD-503335,fake.customer295@example.com,4,7.25
2024-09-25,ORD-503336,fake.customer295@example.com,11,7.25
2024-09-30,ORD-503337,fake.customer295@example.com,8,19.9
2024-09-30,ORD-503337,fake.customer295@example.com,7,3.5
2024-10-03,ORD-503338,fake.customer295@example.com,2,12.0
2024-10-03,ORD-503338,fake.customer295@example.com,7,7.25
2024-10-03,ORD-503338,fake.customer295@example.com,6,4.99
2024-10-06,ORD-503339,fake.customer295@example.com,4,12.0
2024-10-06,ORD-503339,fake.customer295@example.com,11,7.25
2024-10-16,ORD-503340,fake.customer295@example.com,11,4.99
2024-10-16,ORD-503340,fake.customer295@example.com,6,19.9
2024-10-20,ORD-503341,fake.customer295@example.com,10,12.0
2024-10-29,ORD-503342,fake.customer295@example.com,12,3.5
2024-10-29,ORD-503342,fake.customer295@example.com,3,4.99
2024-11-12,ORD-503343,fake.customer295@example.com,9,7.25
2024-11-12,ORD-503343,fake.customer295@example.com,12,19.9
2024-11-19,ORD-503344,fake.customer295@example.com,10,12.0
2024-11-23,ORD-503345,fake.customer295@example.com,4,12.0
2024-11-23,ORD-503345,fake.customer295@example.com,10,4.99
2024-11-23,ORD-503345,fake.customer295@example.com,7,19.9
2024-12-03,ORD-503346,fake.customer295@example.com,9,12.0
2024-12-03,ORD-503346,fake.customer295@example.com,6,4.99
2024-12-03,ORD-503346,fake.customer295@example.com,7,19.9
2024-12-07,ORD-503347,fake.customer295@example.com,6,3.5
2024-12-07,ORD-503347,fake.customer295@example.com,1,7.25
2024-12-07,ORD-503347,fake.customer295@example.com,12,12.0
2024-12-26,ORD-503348,fake.customer295@example.com,6,19.9
2024-12-26,ORD-503348,fake.customer295@example.com,11,4.99
2024-12-26,ORD-503348,fake.customer295@example.com,11,3.5
2024-12-30,ORD-503349,fake.customer295@example.com,4,19.9
2024-12-30,ORD-503349,fake.customer295@example.com,7,3.5
2023-02-01,ORD-503350,fake.customer296@example.com,1,4.99
2023-02-01,ORD-503350,fake.customer296@example.com,11,3.5
2023-02-01,ORD-503350,fake.customer296@example.com,12,12.0
2023-02-08,ORD-503351,fake.customer296@example.com,7,3.5
2023-02-08,ORD-503351,fake.customer296@example.com,12,19.9
2023-02-08,ORD-503351,fake.customer296@example.com,9,7.25
2023-02-09,ORD-503352,fake.customer296@example.com,7,7.25
2023-02-09,ORD-503352,fake.customer296@example.com,12,12.0
2023-02-09,ORD-503352,fake.customer296@example.com,9,3.5
2023-02-10,ORD-503353,fake.customer296@example.com,12,12.0
2023-02-22,ORD-503354,fake.customer296@example.com,2,7.25
2023-03-08,ORD-503355,fake.customer296@example.com,11,4.99
2023-03-08,ORD-503355,fake.customer296@example.com,1,3.5
2023-03-08,ORD-503355,fake.customer296@example.com,2,12.0
2023-03-19,ORD-503356,fake.customer296@example.com,5,12.0
2023-03-25,ORD-503357,fake.customer296@example.com,4,12.0
2023-04-11,ORD-503358,fake.customer296@example.com,11,3.5
2023-04-11,ORD-503358,fake.customer296@example.com,4,4.99
2023-04-11,ORD-503358,fake.customer296@example.com,4,12.0
2023-04-14,ORD-503359,fake.customer296@example.com,3,4.99
2023-05-26,ORD-503360,fake.customer296@example.com,2,7.25
2023-05-26,ORD-503360,fake.customer296@example.com,10,3.5
2023-05-30,ORD-503361,fake.customer296@example.com,4,4.99
2023-05-30,ORD-503361,fake.customer296@example.com,3,12.0
2023-07-13,ORD-503362,fake.customer296@example.com,4,7.25
2023-07-13,ORD-503362,fake.customer296@example.com,8,4.99
2023-07-13,ORD-503362,fake.customer296@example.com,7,3.5
2023-08-04,ORD-503363,fake.customer296@example.com,5,12.0
2023-08-04,ORD-503363,fake.customer296@example.com,6,4.99
2023-08-17,ORD-503364,fake.customer296@example.com,4,12.0
2023-08-17,ORD-503364,fake.customer296@example.com,6,19.9
2023-08-17,ORD-503364,fake.customer296@example.com,7,4.99
2023-08-18,ORD-503365,fake.customer296@example.com,8,19.9
2023-08-18,ORD-503365,fake.customer296@example.com,4,12.0
2023-09-08,ORD-503366,fake.customer296@example.com,1,12.0
2023-09-08,ORD-503366,fake.customer296@example.com,10,19.9
2023-09-08,ORD-503366,fake.customer296@example.com,3,4.99
2023-09-27,ORD-503367,fake.customer296@example.com,7,3.5
2023-09-27,ORD-503367,fake.customer296@example.com,9,4.99
2023-09-27,ORD-503367,fake.customer296@example.com,3,12.0
2023-09-29,ORD-503368,fake.customer296@example.com,3,3.5
2023-09-29,ORD-503368,fake.customer296@example.com,4,4.99
2023-11-21,ORD-503369,fake.customer296@example.com,5,12.0
2023-12-01,ORD-503370,fake.customer296@example.com,7,19.9
2023-12-01,ORD-503370,fake.customer296@example.com,6,7.25
2023-12-02,ORD-503371,fake.customer296@example.com,10,3.5
2023-12-02,ORD-503371,fake.customer296@example.com,5,12.0
2023-12-17,ORD-503372,fake.customer296@example.com,4,3.5
2024-01-07,ORD-503373,fake.customer296@example.com,3,12.0
2024-02-11,ORD-503374,fake.customer296@example.com,2,3.5
2024-02-11,ORD-503374,fake.customer296@example.com,4,19.9
2024-02-11,ORD-503374,fake.customer296@example.com,10,12.0
2024-03-10,ORD-503375,fake.customer296@example.com,7,12.0
2024-03-10,ORD-503375,fake.customer296@example.com,7,19.9
2024-03-10,ORD-503375,fake.customer296@example.com,10,7.25
2024-03-30,ORD-503376,fake.customer296@example.com,6,19.9
2024-04-06,ORD-503377,fake.customer296@example.com,4,7.25
2024-04-06,ORD-503377,fake.customer296@example.com,8,12.0
2024-04-07,ORD-503378,fake.customer296@example.com,4,3.5
2024-04-13,ORD-503379,fake.customer296@example.com,6,3.5
2024-04-13,ORD-503379,fake.customer296@example.com,9,7.25
2024-04-22,ORD-503380,fake.customer296@example.com,10,4.99
2024-04-22,ORD-503380,fake.customer296@example.com,8,19.9
2024-05-01,ORD-503381,fake.customer296@example.com,4,4.99
2024-05-01,ORD-503381,fake.customer296@example.com,6,3.5
2024-05-01,ORD-503381,fake.customer296@example.com,1,19.9
2024-05-23,ORD-503382,fake.customer296@example.com,3,19.9
2024-05-23,ORD-503382,fake.customer296@example.com,2,12.0
2024-05-23,ORD-503382,fake.customer296@example.com,12,4.99
2024-08-05,ORD-503383,fake.customer296@example.com,3,3.5
2024-08-05,ORD-503383,fake.customer296@example.com,12,4.99
2024-08-10,ORD-503384,fake.customer296@example.com,9,19.9
2024-08-10,ORD-503384,fake.customer296@example.com,7,12.0
2024-08-10,ORD-503384,fake.customer296@example.com,11,7.25
2024-12-19,ORD-503385,fake.customer296@example.com,10,7.25
2023-10-12,ORD-503386,fake.customer297@example.com,12,4.99
2023-10-12,ORD-503387,fake.customer298@example.com,9,19.9
2023-10-12,ORD-503387,fake.customer298@example.com,2,4.99
2023-11-16,ORD-503388,fake.customer298@example.com,10,3.5
2023-12-10,ORD-503389,fake.customer298@example.com,9,19.9
2023-12-10,ORD-503389,fake.customer298@example.com,7,3.5
2023-12-10,ORD-503389,fake.customer298@example.com,10,12.0
2023-12-21,ORD-503390,fake.customer298@example.com,11,7.25
2023-12-30,ORD-503391,fake.customer298@example.com,2,7.25
2023-12-30,ORD-503391,fake.customer298@example.com,7,12.0
2023-12-30,ORD-503391,fake.customer298@example.com,10,4.99
2024-01-05,ORD-503392,fake.customer298@example.com,12,4.99
2024-01-05,ORD-503392,fake.customer298@example.com,9,3.5
2024-01-05,ORD-503392,fake.customer298@example.com,5,7.25
2024-01-15,ORD-503393,fake.customer298@example.com,11,19.9
2024-01-15,ORD-503393,fake.customer298@example.com,1,4.99
2024-01-31,ORD-503394,fake.customer298@example.com,8,12.0
2024-01-31,ORD-503394,fake.customer298@example.com,11,7.25
2024-02-04,ORD-503395,fake.customer298@example.com,6,4.99
2024-02-06,ORD-503396,fake.customer298@example.com,11,7.25
2024-02-18,ORD-503397,fake.customer298@example.com,11,12.0
2024-02-18,ORD-503397,fake.customer298@example.com,6,19.9
2024-02-18,ORD-503397,fake.customer298@example.com,8,4.99
2024-03-27,ORD-503398,fake.customer298@example.com,10,7.25
2024-03-27,ORD-503398,fake.customer298@example.com,11,3.5
2024-04-04,ORD-503399,fake.customer298@example.com,5,4.99
2024-04-14,ORD-503400,fake.customer298@example.com,6,19.9
2024-04-14,ORD-503400,fake.customer298@example.com,11,4.99
2024-04-14,ORD-503400,fake.customer298@example.com,6,7.25
2024-04-16,ORD-503401,fake.customer298@example.com,5,4.99
2024-04-16,ORD-503401,fake.customer298@example.com,6,19.9
2024-04-16,ORD-503401,fake.customer298@example.com,5,7.25
2024-04-22,ORD-503402,fake.customer298@example.com,3,4.99
2024-04-22,ORD-503402,fake.customer298@example.com,12,3.5
2024-04-22,ORD-503402,fake.customer298@example.com,7,19.9
2024-05-13,ORD-503403,fake.customer298@example.com,8,7.25
2024-05-13,ORD-503403,fake.customer298@example.com,9,19.9
2024-05-13,ORD-503403,fake.customer298@example.com,11,4.99
2024-06-19,ORD-503404,fake.customer298@example.com,5,3.5
2024-06-19,ORD-503404,fake.customer298@example.com,10,7.25
2024-06-19,ORD-503404,fake.customer298@example.com,5,4.99
2024-06-28,ORD-503405,fake.customer298@example.com,2,7.25
2024-06-29,ORD-503406,fake.customer298@example.com,9,3.5
2024-06-29,ORD-503406,fake.customer298@example.com,2,19.9
2024-07-02,ORD-503407,fake.customer298@example.com,4,7.25
2024-07-02,ORD-503407,fake.customer298@example.com,10,3.5
2024-07-04,ORD-503408,fake.customer298@example.com,9,7.25
2024-07-04,ORD-503408,fake.customer298@example.com,4,3.5
2024-07-16,ORD-503409,fake.customer298@example.com,1,7.25
2024-07-16,ORD-503409,fake.customer298@example.com,4,19.9
2024-09-05,ORD-503410,fake.customer298@example.com,4,4.99
2024-09-05,ORD-503410,fake.customer298@example.com,12,3.5
2024-09-13,ORD-503411,fake.customer298@example.com,1,12.0
2024-09-13,ORD-503411,fake.customer298@example.com,10,19.9
2024-09-13,ORD-503411,fake.customer298@example.com,11,7.25
2024-09-28,ORD-503412,fake.customer298@example.com,3,3.5
2024-09-29,ORD-503413,fake.customer298@example.com,1,7.25
2024-09-29,ORD-503413,fake.customer298@example.com,6,3.5
2024-09-29,ORD-503413,fake.customer298@example.com,7,4.99
2024-10-07,ORD-503414,fake.customer298@example.com,10,7.25
2024-10-07,ORD-503414,fake.customer298@example.com,4,12.0
2024-10-07,ORD-503414,fake.customer298@example.com,5,3.5
2024-10-16,ORD-503415,fake.customer298@example.com,8,4.99
2024-10-16,ORD-503415,fake.customer298@example.com,11,12.0
2024-10-23,ORD-503416,fake.customer298@example.com,9,7.25
2024-10-24,ORD-503417,fake.customer298@example.com,8,12.0
2024-10-24,ORD-503417,fake.customer298@example.com,12,7.25
2024-11-12,ORD-503418,fake.customer298@example.com,2,12.0
2024-11-12,ORD-503418,fake.customer298@example.com,9,19.9
2024-11-12,ORD-503418,fake.customer298@example.com,2,3.5
2024-12-31,ORD-503419,fake.customer298@example.com,10,7.25
2023-06-13,ORD-503420,fake.customer299@example.com,2,19.9
2023-06-13,ORD-503420,fake.customer299@example.com,7,7.25
2023-06-13,ORD-503420,fake.customer299@example.com,6,3.5
2023-07-29,ORD-503421,fake.customer299@example.com,3,7.25
2023-07-29,ORD-503421,fake.customer299@example.com,10,3.5
2023-09-08,ORD-503422,fake.customer299@example.com,1,12.0
2023-09-08,ORD-503422,fake.customer299@example.com,7,19.9
2023-09-08,ORD-503422,fake.customer299@example.com,10,7.25
2023-10-17,ORD-503423,fake.customer299@example.com,4,19.9
2023-10-17,ORD-503423,fake.customer299@example.com,12,7.25
2023-10-17,ORD-503423,fake.customer299@example.com,7,3.5
2023-10-22,ORD-503424,fake.customer299@example.com,7,12.0
2023-10-22,ORD-503424,fake.customer299@example.com,9,4.99
2023-10-22,ORD-503424,fake.customer299@example.com,3,19.9
2023-12-21,ORD-503425,fake.customer299@example.com,8,19.9
2023-12-21,ORD-503425,fake.customer299@example.com,7,7.25
2023-12-21,ORD-503425,fake.customer299@example.com,10,4.99
2024-01-02,ORD-503426,fake.customer299@example.com,5,3.5
2024-01-10,ORD-503427,fake.customer299@example.com,10,12.0
2024-01-10,ORD-503427,fake.customer299@example.com,11,7.25
2024-01-10,ORD-503427,fake.customer299@example.com,8,3.5
2024-01-17,ORD-503428,fake.customer300@example.com,12,12.0
2024-01-17,ORD-503428,fake.customer300@example.com,10,19.9
