Tgl,No Nota,Pelanggan,Qty,Harga,Total
04/03/2023,NT-100001,Toko Fiktif 001,1,15000,15000
04/03/2023,NT-100001,Toko Fiktif 001,1,25000,25000
06/03/2023,NT-100002,Toko Fiktif 001,2,7500,15000
06/03/2023,NT-100002,Toko Fiktif 001,8,25000,200000
06/03/2023,NT-100002,Toko Fiktif 001,12,40000,480000
01/04/2023,NT-100003,Toko Fiktif 001,11,5000,55000
27/04/2023,NT-100004,Toko Fiktif 001,1,5000,5000
27/04/2023,NT-100004,Toko Fiktif 001,4,40000,160000
22/06/2023,NT-100005,Toko Fiktif 001,1,40000,40000
24/06/2023,NT-100006,Toko Fiktif 001,1,25000,25000
24/06/2023,NT-100006,Toko Fiktif 001,2,12000,24000
24/06/2023,NT-100006,Toko Fiktif 001,9,40000,360000
13/07/2023,NT-100007,Toko Fiktif 001,9,5000,45000
13/07/2023,NT-100007,Toko Fiktif 001,5,7500,37500
15/07/2023,NT-100008,Toko Fiktif 001,7,15000,105000
15/07/2023,NT-100008,Toko Fiktif 001,6,25000,150000
15/07/2023,NT-100008,Toko Fiktif 001,10,12000,120000
04/08/2023,NT-100009,Toko Fiktif 001,9,40000,360000
04/08/2023,NT-100009,Toko Fiktif 001,8,5000,40000
04/09/2023,NT-100010,Toko Fiktif 001,3,5000,15000
04/09/2023,NT-100010,Toko Fiktif 001,9,12000,108000
11/09/2023,NT-100011,Toko Fiktif 001,8,12000,96000
11/09/2023,NT-100011,Toko Fiktif 001,9,15000,135000
11/09/2023,NT-100011,Toko Fiktif 001,9,7500,67500
03/10/2023,NT-100012,Toko Fiktif 001,7,25000,175000
06/10/2023,NT-100013,Toko Fiktif 001,8,12000,96000
06/10/2023,NT-100013,Toko Fiktif 001,2,25000,50000
06/10/2023,NT-100013,Toko Fiktif 001,5,40000,200000
08/10/2023,NT-100014,Toko Fiktif 001,2,40000,80000
08/10/2023,NT-100014,Toko Fiktif 001,9,15000,135000
14/10/2023,NT-100015,Toko Fiktif 001,2,5000,10000
14/10/2023,NT-100015,Toko Fiktif 001,5,7500,37500
30/10/2023,NT-100016,Toko Fiktif 001,8,5000,40000
30/10/2023,NT-100016,Toko Fiktif 001,3,40000,120000
07/11/2023,NT-100017,Toko Fiktif 001,9,12000,108000
30/11/2023,NT-100018,Toko Fiktif 001,12,15000,180000
30/11/2023,NT-100018,Toko Fiktif 001,7,40000,280000
30/11/2023,NT-100018,Toko Fiktif 001,10,5000,50000
04/12/2023,NT-100019,Toko Fiktif 001,3,7500,22500
06/01/2024,NT-100020,Toko Fiktif 001,2,12000,24000
28/01/2024,NT-100021,Toko Fiktif 001,2,15000,30000
28/01/2024,NT-100021,Toko Fiktif 001,10,25000,250000
28/01/2024,NT-100021,Toko Fiktif 001,9,12000,108000
09/02/2024,NT-100022,Toko Fiktif 001,7,15000,105000
17/02/2024,NT-100023,Toko Fiktif 001,10,5000,50000
26/02/2024,NT-100024,Toko Fiktif 001,3,15000,45000
28/02/2024,NT-100025,Toko Fiktif 001,6,5000,30000
28/02/2024,NT-100025,Toko Fiktif 001,8,12000,96000
03/03/2024,NT-100026,Toko Fiktif 001,10,12000,120000
16/03/2024,NT-100027,Toko Fiktif 001,9,5000,45000
16/03/2024,NT-100027,Toko Fiktif 001,10,40000,400000
23/03/2024,NT-100028,Toko Fiktif 001,10,5000,50000
23/03/2024,NT-100028,Toko Fiktif 001,6,12000,72000
23/03/2024,NT-100028,Toko Fiktif 001,11,25000,275000
15/04/2024,NT-100029,Toko Fiktif 001,5,40000,200000
15/04/2024,NT-100029,Toko Fiktif 001,5,12000,60000
28/04/2024,NT-100030,Toko Fiktif 001,1,15000,15000
28/04/2024,NT-100030,Toko Fiktif 001,9,12000,108000
28/04/2024,NT-100030,Toko Fiktif 001,9,5000,45000
03/05/2024,NT-100031,Toko Fiktif 001,8,5000,40000
12/05/2024,NT-100032,Toko Fiktif 001,10,40000,400000
24/05/2024,NT-100033,Toko Fiktif 001,9,25000,225000
24/05/2024,NT-100033,Toko Fiktif 001,7,5000,35000
24/05/2024,NT-100033,Toko Fiktif 001,4,12000,48000
31/05/2024,NT-100034,Toko Fiktif 001,3,15000,45000
06/06/2024,NT-100035,Toko Fiktif 001,5,7500,37500
06/06/2024,NT-100035,Toko Fiktif 001,8,15000,120000
22/06/2024,NT-100036,Toko Fiktif 001,7,12000,84000
28/06/2024,NT-100037,Toko Fiktif 001,2,15000,30000
22/07/2024,NT-100038,Toko Fiktif 001,4,7500,30000
17/03/2024,NT-100039,Toko Fiktif 002,4,40000,160000
10/05/2024,NT-100040,Toko Fiktif 002,9,25000,225000
10/05/2024,NT-100040,Toko Fiktif 002,7,40000,280000
10/05/2024,NT-100040,Toko Fiktif 002,1,15000,15000
24/05/2024,NT-100041,Toko Fiktif 002,3,40000,120000
24/05/2024,NT-100041,Toko Fiktif 002,4,25000,100000
09/06/2024,NT-100042,Toko Fiktif 002,4,12000,48000
17/06/2024,NT-100043,Toko Fiktif 002,2,7500,15000
17/06/2024,NT-100043,Toko Fiktif 002,11,5000,55000
04/07/2024,NT-100044,Toko Fiktif 002,9,12000,108000
04/07/2024,NT-100044,Toko Fiktif 002,5,15000,75000
04/07/2024,NT-100044,Toko Fiktif 002,6,5000,30000
06/07/2024,NT-100045,Toko Fiktif 002,1,7500,7500
06/07/2024,NT-100045,Toko Fiktif 002,2,15000,30000
14/07/2024,NT-100046,Toko Fiktif 002,8,12000,96000
14/07/2024,NT-100046,Toko Fiktif 002,4,15000,60000
14/07/2024,NT-100046,Toko Fiktif 002,7,25000,175000
15/09/2024,NT-100047,Toko Fiktif 002,9,12000,108000
14/07/2023,NT-100048,Toko Fiktif 003,8,25000,200000
21/07/2023,NT-100049,Toko Fiktif 003,9,5000,45000
10/09/2023,NT-100050,Toko Fiktif 003,4,15000,60000
10/09/2023,NT-100050,Toko Fiktif 003,3,12000,36000
10/09/2023,NT-100050,Toko Fiktif 003,12,25000,300000
14/11/2023,NT-100051,Toko Fiktif 003,8,40000,320000
14/11/2023,NT-100051,Toko Fiktif 003,2,5000,10000
24/01/2024,NT-100052,Toko Fiktif 003,11,15000,165000
24/01/2024,NT-100052,Toko Fiktif 003,3,40000,120000
30/09/2024,NT-100053,Toko Fiktif 003,12,40000,480000
01/07/2024,NT-100054,Toko Fiktif 004,8,5000,40000
02/07/2024,NT-100055,Toko Fiktif 004,12,5000,60000
20/07/2024,NT-100056,Toko Fiktif 004,7,15000,105000
20/07/2024,NT-100056,Toko Fiktif 004,11,5000,55000
01/08/2024,NT-100057,Toko Fiktif 004,10,15000,150000
29/08/2024,NT-100058,Toko Fiktif 004,11,12000,132000
29/08/2024,NT-100058,Toko Fiktif 004,8,25000,200000
05/10/2024,NT-100059,Toko Fiktif 004,8,15000,120000
05/10/2024,NT-100059,Toko Fiktif 004,4,7500,30000
05/10/2024,NT-100059,Toko Fiktif 004,4,25000,100000
12/10/2024,NT-100060,Toko Fiktif 004,7,40000,280000
12/10/2024,NT-100060,Toko Fiktif 004,12,25000,300000
12/10/2024,NT-100060,Toko Fiktif 004,7,5000,35000
13/10/2024,NT-100061,Toko Fiktif 004,1,7500,7500
13/10/2024,NT-100061,Toko Fiktif 004,4,15000,60000
13/10/2024,NT-100061,Toko Fiktif 004,1,40000,40000
30/10/2024,NT-100062,Toko Fiktif 004,6,12000,72000
30/10/2024,NT-100062,Toko Fiktif 004,3,25000,75000
16/12/2024,NT-100063,Toko Fiktif 004,6,12000,72000
16/12/2024,NT-100063,Toko Fiktif 004,10,15000,150000
16/12/2024,NT-100063,Toko Fiktif 004,8,5000,40000
31/12/2024,NT-100064,Toko Fiktif 004,10,40000,400000
31/12/2024,NT-100064,Toko Fiktif 004,5,7500,37500
31/12/2024,NT-100064,Toko Fiktif 004,11,5000,55000
21/12/2023,NT-100065,Toko Fiktif 005,10,12000,120000
27/12/2023,NT-100066,Toko Fiktif 005,10,7500,75000
01/01/2024,NT-100067,Toko Fiktif 005,11,15000,165000
01/01/2024,NT-100067,Toko Fiktif 005,12,40000,480000
04/01/2024,NT-100068,Toko Fiktif 005,2,15000,30000
08/03/2024,NT-100069,Toko Fiktif 005,8,7500,60000
25/03/2024,NT-100070,Toko Fiktif 005,10,25000,250000
25/03/2024,NT-100070,Toko Fiktif 005,12,7500,90000
09/04/2024,NT-100071,Toko Fiktif 005,2,25000,50000
14/05/2024,NT-100072,Toko Fiktif 005,12,12000,144000
14/05/2024,NT-100072,Toko Fiktif 005,11,40000,440000
21/05/2024,NT-100073,Toko Fiktif 005,1,15000,15000
21/05/2024,NT-100073,Toko Fiktif 005,9,5000,45000
01/08/2024,NT-100074,Toko Fiktif 005,9,12000,108000
01/08/2024,NT-100074,Toko Fiktif 005,10,25000,250000
01/08/2024,NT-100074,Toko Fiktif 005,8,7500,60000
19/09/2024,NT-100075,Toko Fiktif 005,8,15000,120000
02/10/2024,NT-100076,Toko Fiktif 005,1,12000,12000
02/10/2024,NT-100076,Toko Fiktif 005,8,15000,120000
02/10/2024,NT-100076,Toko Fiktif 005,6,7500,45000
10/10/2024,NT-100077,Toko Fiktif 005,1,12000,12000
10/10/2024,NT-100077,Toko Fiktif 005,3,40000,120000
10/10/2024,NT-100077,Toko Fiktif 005,1,5000,5000
01/03/2024,NT-100078,Toko Fiktif 006,2,40000,80000
01/03/2024,NT-100078,Toko Fiktif 006,5,25000,125000
11/09/2023,NT-100079,Toko Fiktif 007,3,7500,22500
11/09/2023,NT-100079,Toko Fiktif 007,4,25000,100000
26/08/2023,NT-100080,Toko Fiktif 008,6,25000,150000
29/10/2023,NT-100081,Toko Fiktif 008,1,7500,7500
11/02/2024,NT-100082,Toko Fiktif 008,6,7500,45000
11/02/2024,NT-100082,Toko Fiktif 008,9,15000,135000
24/03/2024,NT-100083,Toko Fiktif 008,11,7500,82500
24/03/2024,NT-100083,Toko Fiktif 008,10,5000,50000
24/05/2024,NT-100084,Toko Fiktif 008,5,12000,60000
24/05/2024,NT-100084,Toko Fiktif 008,9,15000,135000
15/06/2024,NT-100085,Toko Fiktif 008,1,40000,40000
15/06/2024,NT-100085,Toko Fiktif 008,4,25000,100000
28/06/2024,NT-100086,Toko Fiktif 008,12,15000,180000
28/06/2024,NT-100086,Toko Fiktif 008,10,40000,400000
28/06/2024,NT-100086,Toko Fiktif 008,3,5000,15000
28/10/2024,NT-100087,Toko Fiktif 008,7,15000,105000
05/11/2024,NT-100088,Toko Fiktif 008,10,7500,75000
05/11/2024,NT-100088,Toko Fiktif 008,2,25000,50000
05/11/2024,NT-100088,Toko Fiktif 008,9,12000,108000
16/11/2024,NT-100089,Toko Fiktif 008,3,12000,36000
16/11/2024,NT-100089,Toko Fiktif 008,4,40000,160000
04/12/2024,NT-100090,Toko Fiktif 008,1,15000,15000
04/12/2024,NT-100090,Toko Fiktif 008,9,40000,360000
04/12/2024,NT-100090,Toko Fiktif 008,9,5000,45000
05/11/2024,NT-100091,Toko Fiktif 009,9,15000,135000
05/11/2024,NT-100091,Toko Fiktif 009,12,40000,480000
19/05/2024,NT-100092,Toko Fiktif 010,6,40000,240000
19/05/2024,NT-100092,Toko Fiktif 010,11,25000,275000
19/05/2024,NT-100092,Toko Fiktif 010,1,12000,12000
23/05/2024,NT-100093,Toko Fiktif 010,3,5000,15000
23/05/2024,NT-100093,Toko Fiktif 010,11,40000,440000
24/05/2024,NT-100094,Toko Fiktif 010,3,40000,120000
24/05/2024,NT-100094,Toko Fiktif 010,5,25000,125000
02/06/2024,NT-100095,Toko Fiktif 010,12,5000,60000
12/06/2024,NT-100096,Toko Fiktif 010,1,25000,25000
12/06/2024,NT-100096,Toko Fiktif 010,5,7500,37500
12/06/2024,NT-100096,Toko Fiktif 010,6,40000,240000
15/06/2024,NT-100097,Toko Fiktif 010,12,7500,90000
15/06/2024,NT-100097,Toko Fiktif 010,5,40000,200000
16/06/2024,NT-100098,Toko Fiktif 010,4,7500,30000
16/06/2024,NT-100098,Toko Fiktif 010,12,25000,300000
13/07/2024,NT-100099,Toko Fiktif 010,12,7500,90000
13/07/2024,NT-100099,Toko Fiktif 010,2,25000,50000
13/07/2024,NT-100099,Toko Fiktif 010,11,15000,165000
21/07/2024,NT-100100,Toko Fiktif 010,9,7500,67500
21/07/2024,NT-100100,Toko Fiktif 010,6,5000,30000
05/08/2024,NT-100101,Toko Fiktif 010,6,40000,240000
05/08/2024,NT-100101,Toko Fiktif 010,7,7500,52500
05/08/2024,NT-100101,Toko Fiktif 010,7,12000,84000
09/08/2024,NT-100102,Toko Fiktif 010,3,40000,120000
09/08/2024,NT-100102,Toko Fiktif 010,8,15000,120000
26/08/2024,NT-100103,Toko Fiktif 010,2,15000,30000
26/08/2024,NT-100103,Toko Fiktif 010,8,25000,200000
26/08/2024,NT-100103,Toko Fiktif 010,8,40000,320000
12/09/2024,NT-100104,Toko Fiktif 010,11,40000,440000
13/09/2024,NT-100105,Toko Fiktif 010,3,12000,36000
01/03/2023,NT-100106,Toko Fiktif 011,5,7500,37500
25/03/2023,NT-100107,Toko Fiktif 011,6,5000,30000
01/04/2023,NT-100108,Toko Fiktif 011,9,15000,135000
01/04/2023,NT-100108,Toko Fiktif 011,8,7500,60000
10/05/2023,NT-100109,Toko Fiktif 011,3,12000,36000
10/05/2023,NT-100109,Toko Fiktif 011,3,25000,75000
10/05/2023,NT-100109,Toko Fiktif 011,12,5000,60000
22/05/2023,NT-100110,Toko Fiktif 011,3,15000,45000
10/06/2023,NT-100111,Toko Fiktif 011,1,5000,5000
23/06/2023,NT-100112,Toko Fiktif 011,4,5000,20000
23/06/2023,NT-100112,Toko Fiktif 011,7,12000,84000
12/07/2023,NT-100113,Toko Fiktif 011,4,7500,30000
12/07/2023,NT-100113,Toko Fiktif 011,11,25000,275000
12/07/2023,NT-100113,Toko Fiktif 011,6,12000,72000
24/07/2023,NT-100114,Toko Fiktif 011,7,40000,280000
08/08/2023,NT-100115,Toko Fiktif 011,6,25000,150000
08/08/2023,NT-100115,Toko Fiktif 011,10,5000,50000
08/08/2023,NT-100115,Toko Fiktif 011,11,7500,82500
09/08/2023,NT-100116,Toko Fiktif 011,12,5000,60000
09/08/2023,NT-100116,Toko Fiktif 011,7,25000,175000
17/09/2023,NT-100117,Toko Fiktif 011,10,5000,50000
17/09/2023,NT-100117,Toko Fiktif 011,11,7500,82500
17/11/2023,NT-100118,Toko Fiktif 011,6,5000,30000
17/11/2023,NT-100118,Toko Fiktif 011,7,12000,84000
01/12/2023,NT-100119,Toko Fiktif 011,8,12000,96000
21/02/2024,NT-100120,Toko Fiktif 011,4,15000,60000
21/02/2024,NT-100120,Toko Fiktif 011,9,7500,67500
21/02/2024,NT-100120,Toko Fiktif 011,2,12000,24000
26/02/2024,NT-100121,Toko Fiktif 011,11,40000,440000
26/02/2024,NT-100121,Toko Fiktif 011,4,7500,30000
04/05/2024,NT-100122,Toko Fiktif 011,9,15000,135000
13/05/2024,NT-100123,Toko Fiktif 011,2,5000,10000
30/05/2024,NT-100124,Toko Fiktif 011,10,25000,250000
30/05/2024,NT-100124,Toko Fiktif 011,11,5000,55000
28/07/2024,NT-100125,Toko Fiktif 011,5,15000,75000
28/07/2024,NT-100125,Toko Fiktif 011,9,5000,45000
28/07/2024,NT-100125,Toko Fiktif 011,10,25000,250000
01/08/2024,NT-100126,Toko Fiktif 011,6,25000,150000
01/08/2024,NT-100126,Toko Fiktif 011,6,5000,30000
01/08/2024,NT-100126,Toko Fiktif 011,11,7500,82500
06/08/2024,NT-100127,Toko Fiktif 011,6,5000,30000
06/08/2024,NT-100127,Toko Fiktif 011,9,12000,108000
06/08/2024,NT-100127,Toko Fiktif 011,10,40000,400000
08/09/2024,NT-100128,Toko Fiktif 011,5,25000,125000
08/09/2024,NT-100128,Toko Fiktif 011,3,7500,22500
08/09/2024,NT-100128,Toko Fiktif 011,6,12000,72000
02/10/2024,NT-100129,Toko Fiktif 011,11,15000,165000
09/10/2024,NT-100130,Toko Fiktif 011,5,7500,37500
09/10/2024,NT-100130,Toko Fiktif 011,11,40000,440000
09/10/2024,NT-100130,Toko Fiktif 011,5,25000,125000
20/10/2024,NT-100131,Toko Fiktif 011,11,5000,55000
08/11/2024,NT-100132,Toko Fiktif 011,2,25000,50000
24/12/2024,NT-100133,Toko Fiktif 011,1,40000,40000
24/12/2024,NT-100133,Toko Fiktif 011,5,12000,60000
06/11/2024,NT-100134,Toko Fiktif 012,4,12000,48000
06/11/2024,NT-100134,Toko Fiktif 012,8,15000,120000
19/11/2024,NT-100135,Toko Fiktif 012,1,25000,25000
19/11/2024,NT-100135,Toko Fiktif 012,3,12000,36000
07/05/2023,NT-100136,Toko Fiktif 013,5,15000,75000
07/05/2023,NT-100136,Toko Fiktif 013,2,12000,24000
07/05/2023,NT-100136,Toko Fiktif 013,6,7500,45000
26/04/2023,NT-100137,Toko Fiktif 014,4,5000,20000
26/04/2023,NT-100137,Toko Fiktif 014,12,15000,180000
08/06/2024,NT-100138,Toko Fiktif 015,5,15000,75000
08/06/2024,NT-100138,Toko Fiktif 015,9,5000,45000
03/08/2024,NT-100139,Toko Fiktif 015,5,7500,37500
03/08/2024,NT-100139,Toko Fiktif 015,2,5000,10000
03/08/2024,NT-100139,Toko Fiktif 015,4,25000,100000
12/10/2024,NT-100140,Toko Fiktif 015,8,5000,40000
12/10/2024,NT-100140,Toko Fiktif 015,3,25000,75000
29/10/2024,NT-100141,Toko Fiktif 015,3,15000,45000
29/10/2024,NT-100141,Toko Fiktif 015,1,7500,7500
29/10/2024,NT-100141,Toko Fiktif 015,5,25000,125000
01/11/2024,NT-100142,Toko Fiktif 015,8,7500,60000
06/12/2024,NT-100143,Toko Fiktif 015,6,5000,30000
06/12/2024,NT-100143,Toko Fiktif 015,10,7500,75000
27/12/2024,NT-100144,Toko Fiktif 015,3,15000,45000
27/12/2024,NT-100144,Toko Fiktif 015,1,7500,7500
26/10/2024,NT-100145,Toko Fiktif 016,5,12000,60000
26/10/2024,NT-100145,Toko Fiktif 016,11,15000,165000
18/06/2023,NT-100146,Toko Fiktif 017,1,7500,7500
18/06/2023,NT-100146,Toko Fiktif 017,5,25000,125000
18/06/2023,NT-100146,Toko Fiktif 017,3,5000,15000
28/06/2023,NT-100147,Toko Fiktif 017,7,40000,280000
28/06/2023,NT-100147,Toko Fiktif 017,6,25000,150000
25/10/2023,NT-100148,Toko Fiktif 017,1,40000,40000
25/10/2023,NT-100148,Toko Fiktif 017,11,15000,165000
08/11/2023,NT-100149,Toko Fiktif 017,12,40000,480000
08/11/2023,NT-100149,Toko Fiktif 017,10,7500,75000
08/11/2023,NT-100149,Toko Fiktif 017,7,12000,84000
17/11/2023,NT-100150,Toko Fiktif 017,9,12000,108000
03/12/2023,NT-100151,Toko Fiktif 017,8,15000,120000
12/02/2024,NT-100152,Toko Fiktif 017,9,15000,135000
21/03/2024,NT-100153,Toko Fiktif 017,9,15000,135000
28/03/2024,NT-100154,Toko Fiktif 017,4,15000,60000
29/03/2024,NT-100155,Toko Fiktif 017,6,5000,30000
29/03/2024,NT-100155,Toko Fiktif 017,12,15000,180000
13/04/2024,NT-100156,Toko Fiktif 017,1,25000,25000
19/04/2024,NT-100157,Toko Fiktif 017,10,40000,400000
19/04/2024,NT-100157,Toko Fiktif 017,4,12000,48000
29/06/2024,NT-100158,Toko Fiktif 017,12,12000,144000
29/06/2024,NT-100158,Toko Fiktif 017,11,7500,82500
29/06/2024,NT-100158,Toko Fiktif 017,3,25000,75000
03/07/2024,NT-100159,Toko Fiktif 017,11,7500,82500
03/07/2024,NT-100159,Toko Fiktif 017,2,40000,80000
27/07/2024,NT-100160,Toko Fiktif 017,9,25000,225000
31/08/2024,NT-100161,Toko Fiktif 017,6,5000,30000
31/08/2024,NT-100161,Toko Fiktif 017,6,40000,240000
07/12/2024,NT-100162,Toko Fiktif 017,7,5000,35000
07/12/2024,NT-100162,Toko Fiktif 017,4,15000,60000
07/12/2024,NT-100162,Toko Fiktif 017,3,7500,22500
17/12/2024,NT-100163,Toko Fiktif 017,3,40000,120000
18/01/2023,NT-100164,Toko Fiktif 018,7,12000,84000
18/01/2023,NT-100164,Toko Fiktif 018,10,25000,250000
26/01/2023,NT-100165,Toko Fiktif 018,6,5000,30000
26/01/2023,NT-100165,Toko Fiktif 018,1,12000,12000
26/02/2023,NT-100166,Toko Fiktif 018,6,12000,72000
18/03/2023,NT-100167,Toko Fiktif 018,8,15000,120000
18/03/2023,NT-100167,Toko Fiktif 018,6,5000,30000
18/03/2023,NT-100167,Toko Fiktif 018,6,25000,150000
13/04/2023,NT-100168,Toko Fiktif 018,3,12000,36000
13/04/2023,NT-100168,Toko Fiktif 018,9,7500,67500
21/05/2023,NT-100169,Toko Fiktif 018,1,40000,40000
21/05/2023,NT-100169,Toko Fiktif 018,1,12000,12000
21/05/2023,NT-100169,Toko Fiktif 018,3,7500,22500
24/06/2023,NT-100170,Toko Fiktif 018,7,25000,175000
25/07/2023,NT-100171,Toko Fiktif 018,6,12000,72000
25/07/2023,NT-100171,Toko Fiktif 018,4,15000,60000
25/07/2023,NT-100171,Toko Fiktif 018,6,25000,150000
05/09/2023,NT-100172,Toko Fiktif 018,5,7500,37500
05/09/2023,NT-100172,Toko Fiktif 018,4,25000,100000
07/09/2023,NT-100173,Toko Fiktif 018,5,25000,125000
07/09/2023,NT-100173,Toko Fiktif 018,11,7500,82500
22/10/2023,NT-100174,Toko Fiktif 018,4,7500,30000
22/10/2023,NT-100174,Toko Fiktif 018,1,15000,15000
22/10/2023,NT-100174,Toko Fiktif 018,9,25000,225000
30/11/2023,NT-100175,Toko Fiktif 018,9,7500,67500
30/11/2023,NT-100175,Toko Fiktif 018,10,15000,150000
13/12/2023,NT-100176,Toko Fiktif 018,10,12000,120000
13/12/2023,NT-100176,Toko Fiktif 018,2,5000,10000
13/12/2023,NT-100176,Toko Fiktif 018,1,40000,40000
21/12/2023,NT-100177,Toko Fiktif 018,6,15000,90000
21/12/2023,NT-100177,Toko Fiktif 018,4,12000,48000
21/12/2023,NT-100177,Toko Fiktif 018,5,7500,37500
11/01/2024,NT-100178,Toko Fiktif 018,8,7500,60000
11/03/2024,NT-100179,Toko Fiktif 018,8,5000,40000
21/03/2024,NT-100180,Toko Fiktif 018,1,5000,5000
21/03/2024,NT-100180,Toko Fiktif 018,3,25000,75000
03/05/2024,NT-100181,Toko Fiktif 018,4,15000,60000
03/05/2024,NT-100181,Toko Fiktif 018,2,5000,10000
30/07/2024,NT-100182,Toko Fiktif 018,9,40000,360000
30/07/2024,NT-100182,Toko Fiktif 018,8,5000,40000
30/07/2024,NT-100182,Toko Fiktif 018,8,25000,200000
11/08/2024,NT-100183,Toko Fiktif 018,4,15000,60000
16/12/2024,NT-100184,Toko Fiktif 018,12,5000,60000
16/12/2024,NT-100184,Toko Fiktif 018,10,40000,400000
16/12/2024,NT-100184,Toko Fiktif 018,11,12000,132000
18/12/2024,NT-100185,Toko Fiktif 018,4,25000,100000
18/12/2024,NT-100185,Toko Fiktif 018,5,5000,25000
20/12/2024,NT-100186,Toko Fiktif 018,6,7500,45000
16/05/2024,NT-100187,Toko Fiktif 019,7,40000,280000
16/05/2024,NT-100187,Toko Fiktif 019,9,12000,108000
16/05/2024,NT-100187,Toko Fiktif 019,3,7500,22500
05/09/2024,NT-100188,Toko Fiktif 019,7,40000,280000
05/09/2024,NT-100188,Toko Fiktif 019,10,15000,150000
29/02/2024,NT-100189,Toko Fiktif 020,9,15000,135000
26/07/2024,NT-100190,Toko Fiktif 020,11,12000,132000
12/08/2024,NT-100191,Toko Fiktif 020,8,12000,96000
12/08/2024,NT-100191,Toko Fiktif 020,10,5000,50000
08/10/2024,NT-100192,Toko Fiktif 020,11,7500,82500
08/10/2024,NT-100192,Toko Fiktif 020,2,12000,24000
06/11/2024,NT-100193,Toko Fiktif 020,5,15000,75000
06/11/2024,NT-100193,Toko Fiktif 020,8,5000,40000
06/11/2024,NT-100193,Toko Fiktif 020,12,40000,480000
31/08/2024,NT-100194,Toko Fiktif 021,12,7500,90000
10/09/2024,NT-100195,Toko Fiktif 022,6,12000,72000
09/10/2024,NT-100196,Toko Fiktif 023,3,7500,22500
09/10/2024,NT-100196,Toko Fiktif 023,6,25000,150000
14/10/2024,NT-100197,Toko Fiktif 023,12,7500,90000
26/10/2024,NT-100198,Toko Fiktif 023,10,15000,150000
26/10/2024,NT-100198,Toko Fiktif 023,9,40000,360000
28/10/2024,NT-100199,Toko Fiktif 023,3,15000,45000
28/10/2024,NT-100199,Toko Fiktif 023,11,7500,82500
31/10/2024,NT-100200,Toko Fiktif 023,11,40000,440000
31/10/2024,NT-100200,Toko Fiktif 023,7,5000,35000
31/10/2024,NT-100200,Toko Fiktif 023,2,15000,30000
01/11/2024,NT-100201,Toko Fiktif 023,6,25000,150000
07/12/2024,NT-100202,Toko Fiktif 023,2,25000,50000
15/12/2024,NT-100203,Toko Fiktif 023,1,12000,12000
31/12/2024,NT-100204,Toko Fiktif 023,4,25000,100000
31/12/2024,NT-100204,Toko Fiktif 023,1,40000,40000
11/04/2023,NT-100205,Toko Fiktif 024,12,7500,90000
11/04/2023,NT-100205,Toko Fiktif 024,2,15000,30000
11/04/2023,NT-100205,Toko Fiktif 024,5,5000,25000
15/04/2023,NT-100206,Toko Fiktif 024,7,15000,105000
15/04/2023,NT-100206,Toko Fiktif 024,11,7500,82500
15/04/2023,NT-100206,Toko Fiktif 024,8,5000,40000
30/04/2023,NT-100207,Toko Fiktif 024,3,5000,15000
30/04/2023,NT-100207,Toko Fiktif 024,8,12000,96000
04/05/2023,NT-100208,Toko Fiktif 024,4,25000,100000
04/05/2023,NT-100208,Toko Fiktif 024,7,7500,52500
14/05/2023,NT-100209,Toko Fiktif 024,4,25000,100000
14/05/2023,NT-100209,Toko Fiktif 024,6,15000,90000
14/05/2023,NT-100209,Toko Fiktif 024,8,40000,320000
06/06/2023,NT-100210,Toko Fiktif 024,11,25000,275000
06/06/2023,NT-100210,Toko Fiktif 024,9,5000,45000
08/06/2023,NT-100211,Toko Fiktif 024,5,12000,60000
08/06/2023,NT-100211,Toko Fiktif 024,1,7500,7500
08/06/2023,NT-100211,Toko Fiktif 024,3,25000,75000
19/06/2023,NT-100212,Toko Fiktif 024,7,15000,105000
19/06/2023,NT-100212,Toko Fiktif 024,7,40000,280000
06/08/2023,NT-100213,Toko Fiktif 024,8,5000,40000
06/08/2023,NT-100213,Toko Fiktif 024,8,12000,96000
06/08/2023,NT-100213,Toko Fiktif 024,9,40000,360000
09/08/2023,NT-100214,Toko Fiktif 024,8,7500,60000
09/08/2023,NT-100214,Toko Fiktif 024,3,40000,120000
08/09/2023,NT-100215,Toko Fiktif 024,6,25000,150000
08/09/2023,NT-100215,Toko Fiktif 024,11,15000,165000
08/09/2023,NT-100215,Toko Fiktif 024,7,7500,52500
10/09/2023,NT-100216,Toko Fiktif 024,5,5000,25000
30/11/2023,NT-100217,Toko Fiktif 024,1,7500,7500
30/11/2023,NT-100217,Toko Fiktif 024,6,12000,72000
30/11/2023,NT-100217,Toko Fiktif 024,7,5000,35000
08/12/2023,NT-100218,Toko Fiktif 024,3,7500,22500
16/12/2023,NT-100219,Toko Fiktif 024,1,40000,40000
16/12/2023,NT-100219,Toko Fiktif 024,4,5000,20000
18/01/2024,NT-100220,Toko Fiktif 024,7,5000,35000
18/01/2024,NT-100220,Toko Fiktif 024,8,15000,120000
31/01/2023,NT-100221,Toko Fiktif 025,12,5000,60000
31/01/2023,NT-100221,Toko Fiktif 025,7,25000,175000
31/01/2023,NT-100221,Toko Fiktif 025,5,7500,37500
05/02/2023,NT-100222,Toko Fiktif 025,3,5000,15000
05/02/2023,NT-100222,Toko Fiktif 025,10,12000,120000
07/03/2023,NT-100223,Toko Fiktif 025,3,7500,22500
07/03/2023,NT-100223,Toko Fiktif 025,8,25000,200000
07/03/2023,NT-100223,Toko Fiktif 025,4,5000,20000
12/03/2023,NT-100224,Toko Fiktif 025,8,7500,60000
12/03/2023,NT-100224,Toko Fiktif 025,8,40000,320000
12/03/2023,NT-100224,Toko Fiktif 025,7,5000,35000
06/04/2023,NT-100225,Toko Fiktif 025,12,7500,90000
26/04/2023,NT-100226,Toko Fiktif 025,6,5000,30000
05/05/2023,NT-100227,Toko Fiktif 025,11,12000,132000
23/05/2023,NT-100228,Toko Fiktif 025,6,25000,150000
15/06/2023,NT-100229,Toko Fiktif 025,3,40000,120000
15/06/2023,NT-100229,Toko Fiktif 025,12,15000,180000
21/06/2023,NT-100230,Toko Fiktif 025,6,40000,240000
02/07/2023,NT-100231,Toko Fiktif 025,7,15000,105000
02/07/2023,NT-100231,Toko Fiktif 025,8,7500,60000
02/07/2023,NT-100231,Toko Fiktif 025,4,12000,48000
13/07/2023,NT-100232,Toko Fiktif 025,6,40000,240000
13/07/2023,NT-100232,Toko Fiktif 025,8,5000,40000
13/07/2023,NT-100232,Toko Fiktif 025,10,12000,120000
16/07/2023,NT-100233,Toko Fiktif 025,3,25000,75000
16/07/2023,NT-100233,Toko Fiktif 025,3,12000,36000
16/07/2023,NT-100233,Toko Fiktif 025,8,40000,320000
24/07/2023,NT-100234,Toko Fiktif 025,9,5000,45000
24/07/2023,NT-100234,Toko Fiktif 025,10,7500,75000
19/08/2023,NT-100235,Toko Fiktif 025,4,5000,20000
18/09/2023,NT-100236,Toko Fiktif 025,12,12000,144000
18/09/2023,NT-100236,Toko Fiktif 025,6,40000,240000
18/09/2023,NT-100236,Toko Fiktif 025,8,15000,120000
03/10/2023,NT-100237,Toko Fiktif 025,8,25000,200000
03/10/2023,NT-100237,Toko Fiktif 025,4,7500,30000
03/10/2023,NT-100237,Toko Fiktif 025,8,15000,120000
18/10/2023,NT-100238,Toko Fiktif 025,10,15000,150000
28/10/2023,NT-100239,Toko Fiktif 025,8,12000,96000
28/10/2023,NT-100239,Toko Fiktif 025,7,7500,52500
27/11/2023,NT-100240,Toko Fiktif 025,1,5000,5000
08/12/2023,NT-100241,Toko Fiktif 025,4,15000,60000
08/12/2023,NT-100241,Toko Fiktif 025,8,5000,40000
08/12/2023,NT-100241,Toko Fiktif 025,3,40000,120000
01/01/2024,NT-100242,Toko Fiktif 025,11,12000,132000
17/01/2024,NT-100243,Toko Fiktif 025,2,5000,10000
17/01/2024,NT-100243,Toko Fiktif 025,3,12000,36000
17/01/2024,NT-100243,Toko Fiktif 025,3,40000,120000
01/02/2024,NT-100244,Toko Fiktif 025,4,7500,30000
30/06/2024,NT-100245,Toko Fiktif 026,2,12000,24000
30/06/2024,NT-100245,Toko Fiktif 026,12,7500,90000
08/07/2024,NT-100246,Toko Fiktif 026,12,7500,90000
08/07/2024,NT-100246,Toko Fiktif 026,2,25000,50000
30/07/2024,NT-100247,Toko Fiktif 026,11,40000,440000
30/07/2024,NT-100247,Toko Fiktif 026,6,25000,150000
17/08/2024,NT-100248,Toko Fiktif 026,7,25000,175000
17/08/2024,NT-100248,Toko Fiktif 026,10,12000,120000
21/08/2024,NT-100249,Toko Fiktif 026,9,7500,67500
21/08/2024,NT-100249,Toko Fiktif 026,7,5000,35000
13/10/2024,NT-100250,Toko Fiktif 026,9,5000,45000
13/10/2024,NT-100250,Toko Fiktif 026,2,12000,24000
13/10/2024,NT-100250,Toko Fiktif 026,11,25000,275000
14/10/2024,NT-100251,Toko Fiktif 026,2,12000,24000
02/11/2024,NT-100252,Toko Fiktif 026,4,40000,160000
04/11/2024,NT-100253,Toko Fiktif 026,5,15000,75000
04/11/2024,NT-100253,Toko Fiktif 026,5,25000,125000
19/03/2024,NT-100254,Toko Fiktif 027,7,7500,52500
02/01/2024,NT-100255,Toko Fiktif 028,3,12000,36000
02/01/2024,NT-100255,Toko Fiktif 028,6,7500,45000
18/10/2024,NT-100256,Toko Fiktif 029,5,40000,200000
18/10/2024,NT-100256,Toko Fiktif 029,6,12000,72000
18/10/2024,NT-100256,Toko Fiktif 029,6,25000,150000
16/11/2024,NT-100257,Toko Fiktif 029,5,5000,25000
02/07/2024,NT-100258,Toko Fiktif 030,6,12000,72000
02/07/2024,NT-100258,Toko Fiktif 030,6,7500,45000
02/07/2024,NT-100258,Toko Fiktif 030,5,25000,125000
28/04/2023,NT-100259,Toko Fiktif 031,12,40000,480000
18/05/2023,NT-100260,Toko Fiktif 031,7,12000,84000
28/06/2023,NT-100261,Toko Fiktif 031,4,15000,60000
28/06/2023,NT-100261,Toko Fiktif 031,10,12000,120000
28/06/2023,NT-100261,Toko Fiktif 031,5,25000,125000
12/08/2023,NT-100262,Toko Fiktif 031,11,25000,275000
31/08/2023,NT-100263,Toko Fiktif 031,12,40000,480000
31/08/2023,NT-100263,Toko Fiktif 031,1,12000,12000
01/10/2023,NT-100264,Toko Fiktif 031,8,5000,40000
01/10/2023,NT-100264,Toko Fiktif 031,8,25000,200000
15/10/2023,NT-100265,Toko Fiktif 031,4,15000,60000
15/10/2023,NT-100265,Toko Fiktif 031,9,7500,67500
15/10/2023,NT-100265,Toko Fiktif 031,1,25000,25000
18/10/2023,NT-100266,Toko Fiktif 031,11,15000,165000
18/10/2023,NT-100266,Toko Fiktif 031,2,25000,50000
18/10/2023,NT-100266,Toko Fiktif 031,10,12000,120000
29/10/2023,NT-100267,Toko Fiktif 031,7,15000,105000
04/11/2023,NT-100268,Toko Fiktif 031,10,15000,150000
04/11/2023,NT-100268,Toko Fiktif 031,10,40000,400000
04/11/2023,NT-100268,Toko Fiktif 031,5,7500,37500
13/12/2023,NT-100269,Toko Fiktif 031,8,25000,200000
13/12/2023,NT-100269,Toko Fiktif 031,10,5000,50000
13/12/2023,NT-100269,Toko Fiktif 031,10,40000,400000
18/12/2023,NT-100270,Toko Fiktif 031,7,5000,35000
18/12/2023,NT-100270,Toko Fiktif 031,4,12000,48000
18/12/2023,NT-100270,Toko Fiktif 031,2,15000,30000
12/01/2024,NT-100271,Toko Fiktif 031,7,7500,52500
12/01/2024,NT-100271,Toko Fiktif 031,7,15000,105000
26/02/2024,NT-100272,Toko Fiktif 031,6,15000,90000
29/02/2024,NT-100273,Toko Fiktif 031,10,7500,75000
19/03/2024,NT-100274,Toko Fiktif 031,3,7500,22500
19/03/2024,NT-100274,Toko Fiktif 031,8,25000,200000
19/03/2024,NT-100274,Toko Fiktif 031,3,12000,36000
10/05/2024,NT-100275,Toko Fiktif 031,5,12000,60000
21/05/2024,NT-100276,Toko Fiktif 031,1,12000,12000
21/05/2024,NT-100276,Toko Fiktif 031,11,40000,440000
21/05/2024,NT-100276,Toko Fiktif 031,3,15000,45000
31/05/2024,NT-100277,Toko Fiktif 031,1,25000,25000
31/05/2024,NT-100277,Toko Fiktif 031,7,40000,280000
14/06/2024,NT-100278,Toko Fiktif 031,4,7500,30000
14/06/2024,NT-100278,Toko Fiktif 031,4,25000,100000
19/06/2024,NT-100279,Toko Fiktif 031,1,40000,40000
23/06/2024,NT-100280,Toko Fiktif 031,4,15000,60000
23/06/2024,NT-100280,Toko Fiktif 031,1,12000,12000
23/06/2024,NT-100280,Toko Fiktif 031,8,40000,320000
23/08/2024,NT-100281,Toko Fiktif 031,12,5000,60000
10/10/2024,NT-100282,Toko Fiktif 031,1,7500,7500
10/10/2024,NT-100282,Toko Fiktif 031,5,15000,75000
22/10/2024,NT-100283,Toko Fiktif 031,4,12000,48000
29/10/2024,NT-100284,Toko Fiktif 031,1,7500,7500
29/10/2024,NT-100284,Toko Fiktif 031,4,12000,48000
25/11/2024,NT-100285,Toko Fiktif 031,11,40000,440000
25/11/2024,NT-100285,Toko Fiktif 031,5,15000,75000
25/11/2024,NT-100285,Toko Fiktif 031,8,12000,96000
01/05/2023,NT-100286,Toko Fiktif 032,5,7500,37500
01/05/2023,NT-100286,Toko Fiktif 032,4,25000,100000
20/05/2023,NT-100287,Toko Fiktif 032,9,40000,360000
20/05/2023,NT-100287,Toko Fiktif 032,11,25000,275000
20/05/2023,NT-100287,Toko Fiktif 032,8,5000,40000
02/06/2023,NT-100288,Toko Fiktif 032,11,25000,275000
02/06/2023,NT-100288,Toko Fiktif 032,1,15000,15000
02/06/2023,NT-100288,Toko Fiktif 032,3,5000,15000
08/06/2023,NT-100289,Toko Fiktif 032,1,15000,15000
14/06/2023,NT-100290,Toko Fiktif 032,12,15000,180000
02/07/2023,NT-100291,Toko Fiktif 032,5,12000,60000
02/07/2023,NT-100291,Toko Fiktif 032,8,15000,120000
30/08/2023,NT-100292,Toko Fiktif 032,9,7500,67500
03/09/2023,NT-100293,Toko Fiktif 032,4,5000,20000
03/09/2023,NT-100293,Toko Fiktif 032,1,40000,40000
23/09/2023,NT-100294,Toko Fiktif 032,9,40000,360000
23/09/2023,NT-100294,Toko Fiktif 032,8,25000,200000
23/09/2023,NT-100294,Toko Fiktif 032,3,12000,36000
06/11/2023,NT-100295,Toko Fiktif 032,11,5000,55000
06/11/2023,NT-100295,Toko Fiktif 032,2,12000,24000
06/11/2023,NT-100295,Toko Fiktif 032,12,40000,480000
07/11/2023,NT-100296,Toko Fiktif 032,3,7500,22500
07/11/2023,NT-100296,Toko Fiktif 032,7,25000,175000
07/11/2023,NT-100296,Toko Fiktif 032,12,12000,144000
17/11/2023,NT-100297,Toko Fiktif 032,3,25000,75000
10/12/2023,NT-100298,Toko Fiktif 032,8,12000,96000
10/12/2023,NT-100298,Toko Fiktif 032,1,5000,5000
10/12/2023,NT-100298,Toko Fiktif 032,12,7500,90000
17/01/2024,NT-100299,Toko Fiktif 032,12,12000,144000
04/03/2024,NT-100300,Toko Fiktif 032,9,5000,45000
10/03/2024,NT-100301,Toko Fiktif 032,6,40000,240000
12/03/2024,NT-100302,Toko Fiktif 032,4,5000,20000
12/03/2024,NT-100302,Toko Fiktif 032,5,25000,125000
12/03/2024,NT-100302,Toko Fiktif 032,7,40000,280000
18/03/2024,NT-100303,Toko Fiktif 032,1,7500,7500
18/03/2024,NT-100303,Toko Fiktif 032,5,12000,60000
01/04/2024,NT-100304,Toko Fiktif 032,2,5000,10000
06/04/2024,NT-100305,Toko Fiktif 032,11,5000,55000
06/04/2024,NT-100305,Toko Fiktif 032,2,12000,24000
14/04/2024,NT-100306,Toko Fiktif 032,10,12000,120000
14/04/2024,NT-100306,Toko Fiktif 032,6,5000,30000
08/05/2024,NT-100307,Toko Fiktif 032,2,40000,80000
08/05/2024,NT-100307,Toko Fiktif 032,3,5000,15000
08/05/2024,NT-100307,Toko Fiktif 032,12,25000,300000
09/05/2024,NT-100308,Toko Fiktif 032,5,7500,37500
09/05/2024,NT-100308,Toko Fiktif 032,10,5000,50000
09/05/2024,NT-100308,Toko Fiktif 032,9,25000,225000
08/06/2024,NT-100309,Toko Fiktif 032,5,25000,125000
08/06/2024,NT-100309,Toko Fiktif 032,2,15000,30000
09/06/2024,NT-100310,Toko Fiktif 032,12,15000,180000
09/06/2024,NT-100310,Toko Fiktif 032,4,40000,160000
09/06/2024,NT-100310,Toko Fiktif 032,2,7500,15000
25/06/2024,NT-100311,Toko Fiktif 032,4,40000,160000
26/06/2024,NT-100312,Toko Fiktif 032,6,15000,90000
26/06/2024,NT-100312,Toko Fiktif 032,3,25000,75000
26/06/2024,NT-100312,Toko Fiktif 032,7,7500,52500
02/07/2024,NT-100313,Toko Fiktif 032,10,25000,250000
12/07/2024,NT-100314,Toko Fiktif 032,8,12000,96000
18/08/2024,NT-100315,Toko Fiktif 032,4,12000,48000
22/08/2024,NT-100316,Toko Fiktif 032,6,25000,150000
26/10/2024,NT-100317,Toko Fiktif 032,6,40000,240000
26/10/2024,NT-100317,Toko Fiktif 032,10,12000,120000
26/10/2024,NT-100317,Toko Fiktif 032,6,25000,150000
02/12/2024,NT-100318,Toko Fiktif 032,4,5000,20000
02/12/2024,NT-100318,Toko Fiktif 032,8,40000,320000
04/12/2024,NT-100319,Toko Fiktif 032,11,5000,55000
04/12/2024,NT-100319,Toko Fiktif 032,5,40000,200000
05/12/2024,NT-100320,Toko Fiktif 032,9,5000,45000
08/12/2024,NT-100321,Toko Fiktif 032,11,40000,440000
25/12/2024,NT-100322,Toko Fiktif 032,2,40000,80000
06/11/2024,NT-100323,Toko Fiktif 033,11,12000,132000
06/11/2024,NT-100323,Toko Fiktif 033,8,40000,320000
26/03/2023,NT-100324,Toko Fiktif 034,10,15000,150000
26/03/2023,NT-100324,Toko Fiktif 034,12,12000,144000
26/03/2023,NT-100324,Toko Fiktif 034,7,25000,175000
05/04/2023,NT-100325,Toko Fiktif 034,10,12000,120000
05/04/2023,NT-100325,Toko Fiktif 034,12,7500,90000
05/04/2023,NT-100325,Toko Fiktif 034,4,15000,60000
11/04/2023,NT-100326,Toko Fiktif 034,12,40000,480000
17/04/2023,NT-100327,Toko Fiktif 034,12,12000,144000
14/05/2023,NT-100328,Toko Fiktif 034,2,25000,50000
09/06/2023,NT-100329,Toko Fiktif 034,8,25000,200000
23/06/2023,NT-100330,Toko Fiktif 034,8,25000,200000
23/06/2023,NT-100330,Toko Fiktif 034,9,7500,67500
26/06/2023,NT-100331,Toko Fiktif 034,6,15000,90000
10/07/2023,NT-100332,Toko Fiktif 034,12,25000,300000
10/07/2023,NT-100332,Toko Fiktif 034,10,12000,120000
14/07/2023,NT-100333,Toko Fiktif 034,4,40000,160000
14/07/2023,NT-100333,Toko Fiktif 034,4,12000,48000
14/07/2023,NT-100333,Toko Fiktif 034,11,7500,82500
01/08/2023,NT-100334,Toko Fiktif 034,7,25000,175000
04/08/2023,NT-100335,Toko Fiktif 034,10,15000,150000
19/08/2023,NT-100336,Toko Fiktif 034,8,7500,60000
19/08/2023,NT-100336,Toko Fiktif 034,1,5000,5000
19/08/2023,NT-100336,Toko Fiktif 034,12,12000,144000
25/08/2023,NT-100337,Toko Fiktif 034,12,40000,480000
25/08/2023,NT-100337,Toko Fiktif 034,4,7500,30000
27/08/2023,NT-100338,Toko Fiktif 034,12,40000,480000
27/08/2023,NT-100338,Toko Fiktif 034,5,12000,60000
13/09/2023,NT-100339,Toko Fiktif 034,9,15000,135000
15/09/2023,NT-100340,Toko Fiktif 034,1,5000,5000
15/09/2023,NT-100340,Toko Fiktif 034,1,12000,12000
05/11/2023,NT-100341,Toko Fiktif 034,2,12000,24000
05/11/2023,NT-100341,Toko Fiktif 034,10,25000,250000
05/11/2023,NT-100341,Toko Fiktif 034,8,5000,40000
13/11/2023,NT-100342,Toko Fiktif 034,7,5000,35000
13/11/2023,NT-100342,Toko Fiktif 034,2,15000,30000
13/11/2023,NT-100342,Toko Fiktif 034,12,7500,90000
18/11/2023,NT-100343,Toko Fiktif 034,6,7500,45000
18/11/2023,NT-100343,Toko Fiktif 034,2,40000,80000
21/11/2023,NT-100344,Toko Fiktif 034,9,25000,225000
21/11/2023,NT-100344,Toko Fiktif 034,4,12000,48000
30/11/2023,NT-100345,Toko Fiktif 034,2,12000,24000
17/12/2023,NT-100346,Toko Fiktif 034,4,7500,30000
17/12/2023,NT-100346,Toko Fiktif 034,9,40000,360000
08/01/2024,NT-100347,Toko Fiktif 034,11,7500,82500
08/01/2024,NT-100347,Toko Fiktif 034,5,25000,125000
08/01/2024,NT-100347,Toko Fiktif 034,9,12000,108000
19/01/2024,NT-100348,Toko Fiktif 034,11,15000,165000
29/02/2024,NT-100349,Toko Fiktif 034,9,7500,67500
29/02/2024,NT-100349,Toko Fiktif 034,9,12000,108000
29/02/2024,NT-100349,Toko Fiktif 034,10,25000,250000
19/03/2024,NT-100350,Toko Fiktif 034,11,15000,165000
19/03/2024,NT-100350,Toko Fiktif 034,5,25000,125000
19/03/2024,NT-100350,Toko Fiktif 034,10,5000,50000
22/03/2024,NT-100351,Toko Fiktif 034,10,15000,150000
22/03/2024,NT-100351,Toko Fiktif 034,11,40000,440000
30/04/2024,NT-100352,Toko Fiktif 034,8,40000,320000
05/05/2024,NT-100353,Toko Fiktif 034,5,7500,37500
05/05/2024,NT-100353,Toko Fiktif 034,4,12000,48000
15/06/2024,NT-100354,Toko Fiktif 034,2,5000,10000
15/06/2024,NT-100354,Toko Fiktif 034,10,15000,150000
15/06/2024,NT-100354,Toko Fiktif 034,11,7500,82500
19/06/2024,NT-100355,Toko Fiktif 034,3,25000,75000
19/06/2024,NT-100355,Toko Fiktif 034,6,12000,72000
26/06/2024,NT-100356,Toko Fiktif 034,1,15000,15000
26/06/2024,NT-100356,Toko Fiktif 034,4,5000,20000
10/07/2024,NT-100357,Toko Fiktif 034,10,5000,50000
10/07/2024,NT-100357,Toko Fiktif 034,1,12000,12000
11/07/2024,NT-100358,Toko Fiktif 034,7,12000,84000
11/07/2024,NT-100358,Toko Fiktif 034,9,5000,45000
12/08/2024,NT-100359,Toko Fiktif 034,9,7500,67500
18/08/2024,NT-100360,Toko Fiktif 034,3,7500,22500
18/08/2024,NT-100360,Toko Fiktif 034,10,5000,50000
18/08/2024,NT-100360,Toko Fiktif 034,9,15000,135000
22/08/2024,NT-100361,Toko Fiktif 034,1,25000,25000
22/08/2024,NT-100361,Toko Fiktif 034,10,7500,75000
22/08/2024,NT-100361,Toko Fiktif 034,8,15000,120000
23/08/2024,NT-100362,Toko Fiktif 034,3,7500,22500
24/08/2024,NT-100363,Toko Fiktif 034,3,12000,36000
24/08/2024,NT-100363,Toko Fiktif 034,7,7500,52500
25/08/2024,NT-100364,Toko Fiktif 034,1,7500,7500
25/08/2024,NT-100364,Toko Fiktif 034,6,25000,150000
30/08/2024,NT-100365,Toko Fiktif 034,8,12000,96000
04/09/2024,NT-100366,Toko Fiktif 034,4,40000,160000
04/09/2024,NT-100366,Toko Fiktif 034,5,7500,37500
17/09/2024,NT-100367,Toko Fiktif 034,3,25000,75000
17/09/2024,NT-100367,Toko Fiktif 034,8,5000,40000
17/09/2024,NT-100367,Toko Fiktif 034,5,15000,75000
15/10/2024,NT-100368,Toko Fiktif 034,7,5000,35000
15/10/2024,NT-100368,Toko Fiktif 034,5,15000,75000
15/10/2024,NT-100368,Toko Fiktif 034,2,25000,50000
29/10/2024,NT-100369,Toko Fiktif 034,3,25000,75000
11/11/2024,NT-100370,Toko Fiktif 034,2,40000,80000
11/11/2024,NT-100370,Toko Fiktif 034,10,25000,250000
18/11/2024,NT-100371,Toko Fiktif 034,4,7500,30000
18/11/2024,NT-100371,Toko Fiktif 034,6,12000,72000
18/11/2024,NT-100371,Toko Fiktif 034,5,40000,200000
30/11/2024,NT-100372,Toko Fiktif 034,12,5000,60000
10/12/2024,NT-100373,Toko Fiktif 034,12,40000,480000
10/12/2024,NT-100373,Toko Fiktif 034,5,5000,25000
11/12/2024,NT-100374,Toko Fiktif 034,12,15000,180000
11/12/2024,NT-100374,Toko Fiktif 034,12,25000,300000
11/12/2024,NT-100374,Toko Fiktif 034,2,7500,15000
15/12/2024,NT-100375,Toko Fiktif 034,10,40000,400000
15/12/2024,NT-100375,Toko Fiktif 034,8,25000,200000
19/12/2024,NT-100376,Toko Fiktif 034,6,40000,240000
19/12/2024,NT-100376,Toko Fiktif 034,10,5000,50000
19/12/2024,NT-100376,Toko Fiktif 034,8,15000,120000
20/12/2024,NT-100377,Toko Fiktif 034,5,12000,60000
26/12/2024,NT-100378,Toko Fiktif 034,3,5000,15000
26/12/2024,NT-100378,Toko Fiktif 034,1,7500,7500
26/12/2024,NT-100378,Toko Fiktif 034,12,15000,180000
27/12/2024,NT-100379,Toko Fiktif 034,2,5000,10000
27/12/2024,NT-100379,Toko Fiktif 034,10,40000,400000
27/12/2024,NT-100379,Toko Fiktif 034,1,25000,25000
25/06/2024,NT-100380,Toko Fiktif 035,10,25000,250000
25/06/2024,NT-100380,Toko Fiktif 035,5,12000,60000
25/06/2024,NT-100380,Toko Fiktif 035,5,7500,37500
16/09/2024,NT-100381,Toko Fiktif 035,1,15000,15000
16/09/2024,NT-100381,Toko Fiktif 035,7,40000,280000
16/09/2024,NT-100381,Toko Fiktif 035,7,12000,84000
25/09/2024,NT-100382,Toko Fiktif 035,7,15000,105000
25/09/2024,NT-100382,Toko Fiktif 035,3,5000,15000
25/09/2024,NT-100382,Toko Fiktif 035,3,40000,120000
14/10/2024,NT-100383,Toko Fiktif 035,6,15000,90000
31/10/2024,NT-100384,Toko Fiktif 035,1,5000,5000
04/12/2024,NT-100385,Toko Fiktif 035,1,40000,40000
04/12/2024,NT-100385,Toko Fiktif 035,2,15000,30000
20/07/2024,NT-100386,Toko Fiktif 036,2,5000,10000
20/07/2024,NT-100386,Toko Fiktif 036,10,7500,75000
20/07/2024,NT-100386,Toko Fiktif 036,6,12000,72000
04/08/2024,NT-100387,Toko Fiktif 036,7,40000,280000
26/10/2024,NT-100388,Toko Fiktif 036,8,15000,120000
26/10/2024,NT-100388,Toko Fiktif 036,12,5000,60000
26/10/2024,NT-100388,Toko Fiktif 036,10,7500,75000
06/11/2024,NT-100389,Toko Fiktif 036,9,40000,360000
27/09/2023,NT-100390,Toko Fiktif 037,12,5000,60000
13/12/2023,NT-100391,Toko Fiktif 038,6,5000,30000
31/08/2024,NT-100392,Toko Fiktif 039,10,12000,120000
31/08/2024,NT-100392,Toko Fiktif 039,1,15000,15000
13/08/2024,NT-100393,Toko Fiktif 040,5,5000,25000
27/08/2024,NT-100394,Toko Fiktif 040,11,12000,132000
27/08/2024,NT-100394,Toko Fiktif 040,4,25000,100000
10/09/2024,NT-100395,Toko Fiktif 040,5,40000,200000
10/09/2024,NT-100395,Toko Fiktif 040,8,25000,200000
10/09/2024,NT-100395,Toko Fiktif 040,9,15000,135000
11/09/2024,NT-100396,Toko Fiktif 040,11,7500,82500
11/09/2024,NT-100396,Toko Fiktif 040,3,40000,120000
30/10/2024,NT-100397,Toko Fiktif 040,11,40000,440000
30/10/2024,NT-100397,Toko Fiktif 040,12,7500,90000
30/10/2024,NT-100397,Toko Fiktif 040,4,12000,48000
19/10/2023,NT-100398,Toko Fiktif 041,1,7500,7500
07/12/2023,NT-100399,Toko Fiktif 041,8,40000,320000
07/12/2023,NT-100399,Toko Fiktif 041,7,7500,52500
19/03/2024,NT-100400,Toko Fiktif 041,5,5000,25000
19/03/2024,NT-100400,Toko Fiktif 041,11,12000,132000
10/04/2024,NT-100401,Toko Fiktif 041,6,5000,30000
10/04/2024,NT-100401,Toko Fiktif 041,5,7500,37500
15/07/2024,NT-100402,Toko Fiktif 041,8,40000,320000
15/07/2024,NT-100402,Toko Fiktif 041,7,15000,105000
15/07/2024,NT-100402,Toko Fiktif 041,2,5000,10000
10/09/2024,NT-100403,Toko Fiktif 041,2,7500,15000
10/09/2024,NT-100403,Toko Fiktif 041,3,15000,45000
31/10/2024,NT-100404,Toko Fiktif 041,2,5000,10000
31/10/2024,NT-100404,Toko Fiktif 041,8,40000,320000
31/10/2024,NT-100404,Toko Fiktif 041,7,12000,84000
18/09/2023,NT-100405,Toko Fiktif 042,3,7500,22500
18/09/2023,NT-100405,Toko Fiktif 042,6,12000,72000
18/04/2024,NT-100406,Toko Fiktif 043,11,5000,55000
18/04/2024,NT-100406,Toko Fiktif 043,11,15000,165000
23/04/2024,NT-100407,Toko Fiktif 043,11,40000,440000
23/04/2024,NT-100407,Toko Fiktif 043,10,5000,50000
23/04/2024,NT-100407,Toko Fiktif 043,9,7500,67500
05/05/2024,NT-100408,Toko Fiktif 043,7,12000,84000
05/05/2024,NT-100408,Toko Fiktif 043,11,40000,440000
12/05/2024,NT-100409,Toko Fiktif 043,10,40000,400000
12/05/2024,NT-100409,Toko Fiktif 043,6,12000,72000
23/05/2024,NT-100410,Toko Fiktif 043,8,7500,60000
05/06/2024,NT-100411,Toko Fiktif 043,2,25000,50000
05/06/2024,NT-100411,Toko Fiktif 043,12,7500,90000
11/06/2024,NT-100412,Toko Fiktif 043,6,12000,72000
11/06/2024,NT-100412,Toko Fiktif 043,8,5000,40000
30/06/2024,NT-100413,Toko Fiktif 043,7,15000,105000
23/07/2024,NT-100414,Toko Fiktif 043,12,5000,60000
22/08/2024,NT-100415,Toko Fiktif 043,11,15000,165000
22/08/2024,NT-100415,Toko Fiktif 043,4,25000,100000
22/08/2024,NT-100415,Toko Fiktif 043,12,12000,144000
27/08/2024,NT-100416,Toko Fiktif 043,5,7500,37500
15/09/2024,NT-100417,Toko Fiktif 043,4,5000,20000
15/09/2024,NT-100417,Toko Fiktif 043,11,7500,82500
11/10/2024,NT-100418,Toko Fiktif 043,4,7500,30000
11/10/2024,NT-100418,Toko Fiktif 043,2,40000,80000
11/10/2024,NT-100418,Toko Fiktif 043,4,12000,48000
12/10/2024,NT-100419,Toko Fiktif 043,3,25000,75000
12/10/2024,NT-100419,Toko Fiktif 043,12,15000,180000
12/10/2024,NT-100419,Toko Fiktif 043,12,7500,90000
23/10/2024,NT-100420,Toko Fiktif 043,9,15000,135000
23/10/2024,NT-100420,Toko Fiktif 043,3,5000,15000
23/10/2024,NT-100420,Toko Fiktif 043,7,40000,280000
10/11/2024,NT-100421,Toko Fiktif 043,7,40000,280000
10/11/2024,NT-100421,Toko Fiktif 043,5,25000,125000
10/11/2024,NT-100421,Toko Fiktif 043,11,5000,55000
16/11/2024,NT-100422,Toko Fiktif 043,8,40000,320000
16/11/2024,NT-100422,Toko Fiktif 043,9,5000,45000
16/11/2024,NT-100422,Toko Fiktif 043,3,7500,22500
21/12/2024,NT-100423,Toko Fiktif 043,5,12000,60000
21/12/2024,NT-100423,Toko Fiktif 043,8,15000,120000
21/12/2024,NT-100423,Toko Fiktif 043,4,40000,160000
27/05/2023,NT-100424,Toko Fiktif 044,3,12000,36000
27/05/2023,NT-100424,Toko Fiktif 044,7,25000,175000
27/05/2023,NT-100424,Toko Fiktif 044,1,15000,15000
08/07/2023,NT-100425,Toko Fiktif 045,6,15000,90000
09/09/2023,NT-100426,Toko Fiktif 045,4,12000,48000
09/09/2023,NT-100426,Toko Fiktif 045,8,40000,320000
09/09/2023,NT-100426,Toko Fiktif 045,7,25000,175000
24/09/2023,NT-100427,Toko Fiktif 045,7,40000,280000
27/09/2023,NT-100428,Toko Fiktif 045,9,15000,135000
04/10/2023,NT-100429,Toko Fiktif 045,6,5000,30000
04/10/2023,NT-100429,Toko Fiktif 045,12,7500,90000
04/10/2023,NT-100429,Toko Fiktif 045,7,12000,84000
21/10/2023,NT-100430,Toko Fiktif 045,6,5000,30000
21/10/2023,NT-100430,Toko Fiktif 045,11,7500,82500
05/11/2023,NT-100431,Toko Fiktif 045,1,12000,12000
05/11/2023,NT-100431,Toko Fiktif 045,1,40000,40000
21/08/2023,NT-100432,Toko Fiktif 046,4,15000,60000
21/08/2023,NT-100432,Toko Fiktif 046,9,12000,108000
17/09/2023,NT-100433,Toko Fiktif 046,10,5000,50000
17/09/2023,NT-100433,Toko Fiktif 046,4,12000,48000
27/09/2023,NT-100434,Toko Fiktif 046,2,25000,50000
27/09/2023,NT-100434,Toko Fiktif 046,6,12000,72000
27/09/2023,NT-100434,Toko Fiktif 046,2,15000,30000
12/10/2023,NT-100435,Toko Fiktif 046,6,40000,240000
12/10/2023,NT-100435,Toko Fiktif 046,4,25000,100000
12/10/2023,NT-100435,Toko Fiktif 046,4,15000,60000
16/10/2023,NT-100436,Toko Fiktif 046,12,15000,180000
16/10/2023,NT-100436,Toko Fiktif 046,1,5000,5000
18/10/2023,NT-100437,Toko Fiktif 046,1,12000,12000
18/10/2023,NT-100437,Toko Fiktif 046,1,25000,25000
18/10/2023,NT-100437,Toko Fiktif 046,8,7500,60000
25/10/2023,NT-100438,Toko Fiktif 046,6,7500,45000
13/11/2023,NT-100439,Toko Fiktif 046,11,25000,275000
13/11/2023,NT-100439,Toko Fiktif 046,2,12000,24000
13/11/2023,NT-100439,Toko Fiktif 046,6,5000,30000
15/11/2023,NT-100440,Toko Fiktif 046,1,7500,7500
15/11/2023,NT-100440,Toko Fiktif 046,3,12000,36000
15/11/2023,NT-100440,Toko Fiktif 046,7,5000,35000
19/11/2023,NT-100441,Toko Fiktif 046,2,12000,24000
27/11/2023,NT-100442,Toko Fiktif 046,8,5000,40000
27/11/2023,NT-100442,Toko Fiktif 046,10,12000,120000
27/11/2023,NT-100442,Toko Fiktif 046,3,15000,45000
02/12/2023,NT-100443,Toko Fiktif 046,4,25000,100000
02/12/2023,NT-100443,Toko Fiktif 046,3,12000,36000
02/12/2023,NT-100443,Toko Fiktif 046,12,5000,60000
03/12/2023,NT-100444,Toko Fiktif 046,5,25000,125000
03/12/2023,NT-100444,Toko Fiktif 046,5,5000,25000
03/12/2023,NT-100444,Toko Fiktif 046,4,12000,48000
02/01/2024,NT-100445,Toko Fiktif 046,2,5000,10000
02/01/2024,NT-100445,Toko Fiktif 046,2,15000,30000
02/01/2024,NT-100445,Toko Fiktif 046,10,40000,400000
08/01/2024,NT-100446,Toko Fiktif 046,7,25000,175000
08/01/2024,NT-100446,Toko Fiktif 046,2,15000,30000
08/01/2024,NT-100446,Toko Fiktif 046,2,12000,24000
11/01/2024,NT-100447,Toko Fiktif 046,12,7500,90000
15/01/2024,NT-100448,Toko Fiktif 046,8,7500,60000
15/01/2024,NT-100448,Toko Fiktif 046,9,15000,135000
15/01/2024,NT-100448,Toko Fiktif 046,10,40000,400000
16/01/2024,NT-100449,Toko Fiktif 046,8,25000,200000
16/01/2024,NT-100449,Toko Fiktif 046,7,12000,84000
16/01/2024,NT-100449,Toko Fiktif 046,3,40000,120000
22/01/2024,NT-100450,Toko Fiktif 046,2,15000,30000
22/01/2024,NT-100450,Toko Fiktif 046,12,40000,480000
03/02/2024,NT-100451,Toko Fiktif 046,5,25000,125000
03/02/2024,NT-100451,Toko Fiktif 046,11,7500,82500
09/02/2024,NT-100452,Toko Fiktif 046,8,40000,320000
09/02/2024,NT-100452,Toko Fiktif 046,11,7500,82500
09/02/2024,NT-100452,Toko Fiktif 046,6,12000,72000
20/02/2024,NT-100453,Toko Fiktif 046,12,40000,480000
20/02/2024,NT-100453,Toko Fiktif 046,10,5000,50000
20/02/2024,NT-100453,Toko Fiktif 046,2,15000,30000
25/02/2024,NT-100454,Toko Fiktif 046,7,12000,84000
25/02/2024,NT-100454,Toko Fiktif 046,7,5000,35000
25/02/2024,NT-100454,Toko Fiktif 046,11,7500,82500
07/03/2024,NT-100455,Toko Fiktif 046,1,25000,25000
13/03/2024,NT-100456,Toko Fiktif 046,2,7500,15000
21/03/2024,NT-100457,Toko Fiktif 046,8,25000,200000
21/03/2024,NT-100457,Toko Fiktif 046,1,40000,40000
04/04/2024,NT-100458,Toko Fiktif 046,11,5000,55000
04/04/2024,NT-100458,Toko Fiktif 046,1,25000,25000
12/03/2024,NT-100459,Toko Fiktif 047,10,25000,250000
12/03/2024,NT-100459,Toko Fiktif 047,11,40000,440000
12/03/2024,NT-100459,Toko Fiktif 047,6,15000,90000
25/03/2024,NT-100460,Toko Fiktif 047,10,15000,150000
25/03/2024,NT-100460,Toko Fiktif 047,11,40000,440000
25/03/2024,NT-100460,Toko Fiktif 047,7,5000,35000
10/04/2024,NT-100461,Toko Fiktif 047,12,40000,480000
14/05/2024,NT-100462,Toko Fiktif 047,10,40000,400000
14/05/2024,NT-100462,Toko Fiktif 047,3,5000,15000
14/05/2024,NT-100462,Toko Fiktif 047,12,12000,144000
23/05/2024,NT-100463,Toko Fiktif 047,12,5000,60000
08/08/2024,NT-100464,Toko Fiktif 047,10,25000,250000
23/08/2024,NT-100465,Toko Fiktif 047,4,5000,20000
19/09/2024,NT-100466,Toko Fiktif 047,11,25000,275000
06/10/2024,NT-100467,Toko Fiktif 047,12,15000,180000
06/10/2024,NT-100467,Toko Fiktif 047,4,25000,100000
06/10/2024,NT-100467,Toko Fiktif 047,5,40000,200000
20/10/2024,NT-100468,Toko Fiktif 047,11,5000,55000
20/10/2024,NT-100468,Toko Fiktif 047,2,25000,50000
20/10/2024,NT-100468,Toko Fiktif 047,9,7500,67500
28/07/2023,NT-100469,Toko Fiktif 048,11,15000,165000
28/07/2023,NT-100469,Toko Fiktif 048,8,5000,40000
28/07/2023,NT-100469,Toko Fiktif 048,12,25000,300000
17/08/2023,NT-100470,Toko Fiktif 049,9,7500,67500
17/08/2023,NT-100470,Toko Fiktif 049,1,5000,5000
17/08/2023,NT-100470,Toko Fiktif 049,8,25000,200000
02/12/2023,NT-100471,Toko Fiktif 049,7,15000,105000
02/12/2023,NT-100471,Toko Fiktif 049,1,40000,40000
02/12/2023,NT-100471,Toko Fiktif 049,1,7500,7500
24/01/2024,NT-100472,Toko Fiktif 049,12,40000,480000
27/05/2024,NT-100473,Toko Fiktif 049,3,25000,75000
27/05/2024,NT-100473,Toko Fiktif 049,1,5000,5000
13/09/2024,NT-100474,Toko Fiktif 049,3,40000,120000
13/09/2024,NT-100474,Toko Fiktif 049,2,25000,50000
13/09/2024,NT-100474,Toko Fiktif 049,4,7500,30000
15/09/2024,NT-100475,Toko Fiktif 049,6,7500,45000
15/09/2024,NT-100475,Toko Fiktif 049,6,5000,30000
04/12/2024,NT-100476,Toko Fiktif 049,1,5000,5000
11/12/2024,NT-100477,Toko Fiktif 049,5,5000,25000
11/12/2024,NT-100477,Toko Fiktif 049,12,40000,480000
11/12/2024,NT-100477,Toko Fiktif 049,10,7500,75000
15/12/2024,NT-100478,Toko Fiktif 049,5,15000,75000
15/12/2024,NT-100478,Toko Fiktif 049,11,12000,132000
16/11/2024,NT-100479,Toko Fiktif 050,9,15000,135000
16/11/2024,NT-100479,Toko Fiktif 050,10,12000,120000
07/12/2024,NT-100480,Toko Fiktif 050,7,40000,280000
07/12/2024,NT-100480,Toko Fiktif 050,4,25000,100000
07/12/2024,NT-100480,Toko Fiktif 050,3,5000,15000
08/12/2024,NT-100481,Toko Fiktif 050,9,5000,45000
08/12/2024,NT-100481,Toko Fiktif 050,7,25000,175000
14/12/2024,NT-100482,Toko Fiktif 050,5,40000,200000
14/12/2024,NT-100482,Toko Fiktif 050,12,15000,180000
02/06/2024,NT-100483,Toko Fiktif 051,7,12000,84000
02/06/2024,NT-100483,Toko Fiktif 051,3,5000,15000
02/06/2024,NT-100483,Toko Fiktif 051,2,15000,30000
29/10/2024,NT-100484,Toko Fiktif 052,10,15000,150000
29/10/2024,NT-100484,Toko Fiktif 052,12,25000,300000
29/10/2024,NT-100484,Toko Fiktif 052,6,40000,240000
30/11/2024,NT-100485,Toko Fiktif 052,3,25000,75000
30/11/2024,NT-100485,Toko Fiktif 052,2,15000,30000
30/11/2024,NT-100485,Toko Fiktif 052,11,5000,55000
27/12/2023,NT-100486,Toko Fiktif 053,11,5000,55000
27/12/2023,NT-100486,Toko Fiktif 053,7,40000,280000
27/12/2023,NT-100486,Toko Fiktif 053,8,15000,120000
24/09/2024,NT-100487,Toko Fiktif 054,10,40000,400000
24/09/2024,NT-100487,Toko Fiktif 054,8,7500,60000
15/11/2024,NT-100488,Toko Fiktif 054,5,15000,75000
15/11/2024,NT-100488,Toko Fiktif 054,9,40000,360000
15/11/2024,NT-100488,Toko Fiktif 054,11,25000,275000
25/12/2024,NT-100489,Toko Fiktif 054,10,25000,250000
25/12/2024,NT-100489,Toko Fiktif 054,10,12000,120000
25/12/2024,NT-100489,Toko Fiktif 054,7,15000,105000
26/12/2024,NT-100490,Toko Fiktif 054,6,5000,30000
26/12/2024,NT-100490,Toko Fiktif 054,7,25000,175000
26/12/2024,NT-100490,Toko Fiktif 054,8,15000,120000
28/12/2024,NT-100491,Toko Fiktif 054,5,7500,37500
28/12/2024,NT-100491,Toko Fiktif 054,4,12000,48000
28/12/2024,NT-100491,Toko Fiktif 054,5,5000,25000
29/07/2023,NT-100492,Toko Fiktif 055,6,15000,90000
29/07/2023,NT-100492,Toko Fiktif 055,9,7500,67500
05/08/2023,NT-100493,Toko Fiktif 055,6,7500,45000
07/08/2023,NT-100494,Toko Fiktif 055,9,5000,45000
07/08/2023,NT-100494,Toko Fiktif 055,9,12000,108000
19/08/2023,NT-100495,Toko Fiktif 055,7,12000,84000
13/09/2023,NT-100496,Toko Fiktif 055,11,15000,165000
13/09/2023,NT-100496,Toko Fiktif 055,4,12000,48000
16/09/2023,NT-100497,Toko Fiktif 055,3,7500,22500
16/09/2023,NT-100497,Toko Fiktif 055,2,15000,30000
16/09/2023,NT-100497,Toko Fiktif 055,11,25000,275000
21/09/2023,NT-100498,Toko Fiktif 055,3,40000,120000
21/09/2023,NT-100498,Toko Fiktif 055,4,15000,60000
21/09/2023,NT-100498,Toko Fiktif 055,5,12000,60000
26/09/2023,NT-100499,Toko Fiktif 055,2,7500,15000
26/09/2023,NT-100499,Toko Fiktif 055,6,40000,240000
26/09/2023,NT-100499,Toko Fiktif 055,2,15000,30000
29/09/2023,NT-100500,Toko Fiktif 055,2,40000,80000
29/09/2023,NT-100500,Toko Fiktif 055,12,25000,300000
29/09/2023,NT-100500,Toko Fiktif 055,10,12000,120000
03/10/2023,NT-100501,Toko Fiktif 055,12,25000,300000
03/10/2023,NT-100501,Toko Fiktif 055,4,40000,160000
03/10/2023,NT-100501,Toko Fiktif 055,6,15000,90000
06/10/2023,NT-100502,Toko Fiktif 055,10,15000,150000
08/10/2023,NT-100503,Toko Fiktif 055,12,12000,144000
08/10/2023,NT-100503,Toko Fiktif 055,4,40000,160000
08/10/2023,NT-100503,Toko Fiktif 055,6,15000,90000
09/10/2023,NT-100504,Toko Fiktif 055,8,5000,40000
09/10/2023,NT-100504,Toko Fiktif 055,9,12000,108000
12/10/2023,NT-100505,Toko Fiktif 055,10,25000,250000
12/10/2023,NT-100505,Toko Fiktif 055,6,40000,240000
12/10/2023,NT-100505,Toko Fiktif 055,9,15000,135000
28/10/2023,NT-100506,Toko Fiktif 055,3,5000,15000
31/10/2023,NT-100507,Toko Fiktif 055,8,15000,120000
02/11/2023,NT-100508,Toko Fiktif 055,6,15000,90000
02/11/2023,NT-100508,Toko Fiktif 055,2,7500,15000
14/11/2023,NT-100509,Toko Fiktif 055,2,5000,10000
18/11/2023,NT-100510,Toko Fiktif 055,3,15000,45000
18/11/2023,NT-100510,Toko Fiktif 055,1,12000,12000
29/11/2023,NT-100511,Toko Fiktif 055,3,7500,22500
29/11/2023,NT-100511,Toko Fiktif 055,6,40000,240000
29/11/2023,NT-100511,Toko Fiktif 055,10,15000,150000
08/12/2023,NT-100512,Toko Fiktif 055,5,12000,60000
08/12/2023,NT-100512,Toko Fiktif 055,4,15000,60000
08/12/2023,NT-100512,Toko Fiktif 055,6,7500,45000
17/12/2023,NT-100513,Toko Fiktif 055,11,25000,275000
20/12/2023,NT-100514,Toko Fiktif 055,4,5000,20000
20/12/2023,NT-100514,Toko Fiktif 055,7,25000,175000
20/12/2023,NT-100514,Toko Fiktif 055,7,40000,280000
27/12/2023,NT-100515,Toko Fiktif 055,2,5000,10000
27/12/2023,NT-100515,Toko Fiktif 055,2,12000,24000
27/12/2023,NT-100515,Toko Fiktif 055,11,25000,275000
17/01/2024,NT-100516,Toko Fiktif 055,3,40000,120000
17/01/2024,NT-100516,Toko Fiktif 055,10,12000,120000
27/01/2024,NT-100517,Toko Fiktif 055,10,25000,250000
27/01/2024,NT-100517,Toko Fiktif 055,10,5000,50000
05/02/2024,NT-100518,Toko Fiktif 055,2,7500,15000
05/02/2024,NT-100518,Toko Fiktif 055,8,40000,320000
05/02/2024,NT-100518,Toko Fiktif 055,7,25000,175000
10/02/2024,NT-100519,Toko Fiktif 055,2,25000,50000
19/02/2024,NT-100520,Toko Fiktif 055,7,15000,105000
19/02/2024,NT-100520,Toko Fiktif 055,4,5000,20000
19/02/2024,NT-100520,Toko Fiktif 055,8,12000,96000
25/02/2024,NT-100521,Toko Fiktif 055,8,15000,120000
27/02/2024,NT-100522,Toko Fiktif 055,10,15000,150000
27/02/2024,NT-100522,Toko Fiktif 055,11,40000,440000
01/03/2024,NT-100523,Toko Fiktif 055,7,7500,52500
03/03/2024,NT-100524,Toko Fiktif 055,9,5000,45000
03/03/2024,NT-100524,Toko Fiktif 055,10,15000,150000
11/03/2024,NT-100525,Toko Fiktif 055,7,7500,52500
12/03/2024,NT-100526,Toko Fiktif 055,9,5000,45000
12/03/2024,NT-100526,Toko Fiktif 055,10,15000,150000
13/03/2024,NT-100527,Toko Fiktif 055,2,7500,15000
13/03/2024,NT-100527,Toko Fiktif 055,12,25000,300000
15/03/2024,NT-100528,Toko Fiktif 055,8,40000,320000
15/03/2024,NT-100528,Toko Fiktif 055,3,7500,22500
19/03/2024,NT-100529,Toko Fiktif 055,3,7500,22500
21/03/2024,NT-100530,Toko Fiktif 055,5,5000,25000
21/03/2024,NT-100530,Toko Fiktif 055,8,7500,60000
31/03/2024,NT-100531,Toko Fiktif 055,9,40000,360000
31/03/2024,NT-100531,Toko Fiktif 055,8,25000,200000
06/04/2024,NT-100532,Toko Fiktif 055,10,5000,50000
06/04/2024,NT-100532,Toko Fiktif 055,11,15000,165000
13/05/2024,NT-100533,Toko Fiktif 055,4,12000,48000
07/06/2024,NT-100534,Toko Fiktif 055,7,5000,35000
13/06/2024,NT-100535,Toko Fiktif 055,5,12000,60000
13/06/2024,NT-100535,Toko Fiktif 055,3,25000,75000
13/06/2024,NT-100535,Toko Fiktif 055,6,7500,45000
18/06/2024,NT-100536,Toko Fiktif 055,7,25000,175000
18/06/2024,NT-100536,Toko Fiktif 055,6,12000,72000
19/06/2024,NT-100537,Toko Fiktif 055,10,15000,150000
01/07/2024,NT-100538,Toko Fiktif 055,9,40000,360000
01/07/2024,NT-100538,Toko Fiktif 055,4,5000,20000
27/07/2024,NT-100539,Toko Fiktif 055,1,40000,40000
01/08/2024,NT-100540,Toko Fiktif 055,12,5000,60000
13/08/2024,NT-100541,Toko Fiktif 055,9,5000,45000
13/08/2024,NT-100541,Toko Fiktif 055,3,7500,22500
14/08/2024,NT-100542,Toko Fiktif 055,10,5000,50000
06/10/2024,NT-100543,Toko Fiktif 055,5,7500,37500
07/10/2024,NT-100544,Toko Fiktif 055,5,25000,125000
07/10/2024,NT-100544,Toko Fiktif 055,5,15000,75000
18/10/2024,NT-100545,Toko Fiktif 055,7,25000,175000
19/10/2024,NT-100546,Toko Fiktif 055,9,25000,225000
19/10/2024,NT-100546,Toko Fiktif 055,3,7500,22500
22/10/2024,NT-100547,Toko Fiktif 055,1,7500,7500
22/10/2024,NT-100547,Toko Fiktif 055,8,15000,120000
22/10/2024,NT-100547,Toko Fiktif 055,11,12000,132000
25/10/2024,NT-100548,Toko Fiktif 055,10,15000,150000
25/10/2024,NT-100548,Toko Fiktif 055,8,5000,40000
02/11/2024,NT-100549,Toko Fiktif 055,5,15000,75000
02/11/2024,NT-100549,Toko Fiktif 055,7,25000,175000
03/11/2024,NT-100550,Toko Fiktif 055,5,12000,60000
07/11/2024,NT-100551,Toko Fiktif 055,8,40000,320000
07/11/2024,NT-100551,Toko Fiktif 055,2,25000,50000
09/11/2024,NT-100552,Toko Fiktif 055,6,15000,90000
09/11/2024,NT-100552,Toko Fiktif 055,11,25000,275000
10/11/2024,NT-100553,Toko Fiktif 055,12,12000,144000
10/11/2024,NT-100553,Toko Fiktif 055,10,5000,50000
10/11/2024,NT-100553,Toko Fiktif 055,1,40000,40000
23/11/2024,NT-100554,Toko Fiktif 055,2,15000,30000
23/11/2024,NT-100554,Toko Fiktif 055,8,7500,60000
23/11/2024,NT-100554,Toko Fiktif 055,7,25000,175000
27/11/2024,NT-100555,Toko Fiktif 055,2,15000,30000
27/11/2024,NT-100555,Toko Fiktif 055,6,5000,30000
28/11/2024,NT-100556,Toko Fiktif 055,5,15000,75000
28/11/2024,NT-100556,Toko Fiktif 055,10,40000,400000
03/12/2024,NT-100557,Toko Fiktif 055,5,40000,200000
05/12/2024,NT-100558,Toko Fiktif 055,8,25000,200000
05/12/2024,NT-100558,Toko Fiktif 055,7,40000,280000
05/12/2024,NT-100558,Toko Fiktif 055,2,15000,30000
06/12/2024,NT-100559,Toko Fiktif 055,7,5000,35000
06/12/2024,NT-100559,Toko Fiktif 055,9,40000,360000
06/12/2024,NT-100559,Toko Fiktif 055,9,25000,225000
07/12/2024,NT-100560,Toko Fiktif 055,2,7500,15000
07/12/2024,NT-100560,Toko Fiktif 055,8,25000,200000
07/12/2024,NT-100560,Toko Fiktif 055,11,15000,165000
16/12/2024,NT-100561,Toko Fiktif 055,2,40000,80000
17/12/2024,NT-100562,Toko Fiktif 055,12,25000,300000
17/12/2024,NT-100562,Toko Fiktif 055,3,5000,15000
17/12/2024,NT-100562,Toko Fiktif 055,3,15000,45000
21/12/2024,NT-100563,Toko Fiktif 055,4,5000,20000
21/12/2024,NT-100563,Toko Fiktif 055,2,7500,15000
26/12/2024,NT-100564,Toko Fiktif 055,11,5000,55000
29/12/2024,NT-100565,Toko Fiktif 055,4,25000,100000
29/12/2024,NT-100565,Toko Fiktif 055,9,7500,67500
29/12/2024,NT-100565,Toko Fiktif 055,3,12000,36000
22/01/2024,NT-100566,Toko Fiktif 056,10,12000,120000
22/01/2024,NT-100566,Toko Fiktif 056,10,7500,75000
22/01/2024,NT-100566,Toko Fiktif 056,10,40000,400000
12/02/2024,NT-100567,Toko Fiktif 056,5,15000,75000
12/02/2024,NT-100567,Toko Fiktif 056,7,40000,280000
12/02/2024,NT-100567,Toko Fiktif 056,2,12000,24000
27/04/2024,NT-100568,Toko Fiktif 056,6,7500,45000
16/05/2024,NT-100569,Toko Fiktif 056,7,12000,84000
16/05/2024,NT-100569,Toko Fiktif 056,1,15000,15000
09/06/2024,NT-100570,Toko Fiktif 056,1,7500,7500
09/06/2024,NT-100570,Toko Fiktif 056,12,40000,480000
09/06/2024,NT-100570,Toko Fiktif 056,2,15000,30000
10/09/2024,NT-100571,Toko Fiktif 056,2,12000,24000
10/09/2024,NT-100571,Toko Fiktif 056,11,7500,82500
23/09/2024,NT-100572,Toko Fiktif 056,12,25000,300000
23/09/2024,NT-100572,Toko Fiktif 056,5,40000,200000
23/09/2024,NT-100572,Toko Fiktif 056,10,12000,120000
25/09/2024,NT-100573,Toko Fiktif 056,11,40000,440000
02/12/2024,NT-100574,Toko Fiktif 056,10,12000,120000
25/12/2024,NT-100575,Toko Fiktif 056,4,5000,20000
30/12/2024,NT-100576,Toko Fiktif 056,1,5000,5000
30/12/2024,NT-100576,Toko Fiktif 056,1,12000,12000
01/07/2024,NT-100577,Toko Fiktif 057,2,40000,80000
01/07/2024,NT-100577,Toko Fiktif 057,10,5000,50000
15/01/2023,NT-100578,Toko Fiktif 058,9,15000,135000
06/10/2024,NT-100579,Toko Fiktif 059,1,15000,15000
06/10/2024,NT-100579,Toko Fiktif 059,2,12000,24000
24/10/2024,NT-100580,Toko Fiktif 059,7,25000,175000
24/10/2024,NT-100580,Toko Fiktif 059,8,7500,60000
24/10/2024,NT-100580,Toko Fiktif 059,1,5000,5000
25/10/2024,NT-100581,Toko Fiktif 059,2,25000,50000
25/10/2024,NT-100581,Toko Fiktif 059,3,5000,15000
25/10/2024,NT-100581,Toko Fiktif 059,11,15000,165000
27/11/2024,NT-100582,Toko Fiktif 059,1,5000,5000
27/11/2024,NT-100582,Toko Fiktif 059,1,25000,25000
26/04/2024,NT-100583,Toko Fiktif 060,8,5000,40000
18/08/2024,NT-100584,Toko Fiktif 061,3,15000,45000
23/09/2024,NT-100585,Toko Fiktif 061,7,7500,52500
23/09/2024,NT-100585,Toko Fiktif 061,1,40000,40000
23/09/2024,NT-100585,Toko Fiktif 061,8,12000,96000
22/10/2024,NT-100586,Toko Fiktif 061,9,5000,45000
22/10/2024,NT-100586,Toko Fiktif 061,3,15000,45000
28/10/2024,NT-100587,Toko Fiktif 061,9,25000,225000
28/10/2024,NT-100587,Toko Fiktif 061,6,7500,45000
15/11/2024,NT-100588,Toko Fiktif 061,1,7500,7500
15/11/2024,NT-100588,Toko Fiktif 061,5,40000,200000
15/11/2024,NT-100588,Toko Fiktif 061,12,15000,180000
03/12/2024,NT-100589,Toko Fiktif 061,5,15000,75000
03/12/2024,NT-100589,Toko Fiktif 061,6,5000,30000
10/12/2024,NT-100590,Toko Fiktif 061,12,7500,90000
15/12/2024,NT-100591,Toko Fiktif 061,6,12000,72000
15/12/2024,NT-100591,Toko Fiktif 061,5,5000,25000
15/04/2023,NT-100592,Toko Fiktif 062,3,40000,120000
15/04/2023,NT-100592,Toko Fiktif 062,1,5000,5000
15/04/2023,NT-100592,Toko Fiktif 062,7,12000,84000
27/04/2023,NT-100593,Toko Fiktif 062,5,25000,125000
27/04/2023,NT-100593,Toko Fiktif 062,12,5000,60000
05/05/2023,NT-100594,Toko Fiktif 062,4,7500,30000
10/05/2023,NT-100595,Toko Fiktif 062,12,40000,480000
10/05/2023,NT-100595,Toko Fiktif 062,7,7500,52500
11/05/2023,NT-100596,Toko Fiktif 062,2,5000,10000
18/05/2023,NT-100597,Toko Fiktif 062,8,7500,60000
19/05/2023,NT-100598,Toko Fiktif 062,4,25000,100000
25/05/2023,NT-100599,Toko Fiktif 062,4,7500,30000
06/08/2023,NT-100600,Toko Fiktif 062,11,40000,440000
06/08/2023,NT-100600,Toko Fiktif 062,3,5000,15000
06/08/2023,NT-100600,Toko Fiktif 062,2,7500,15000
30/09/2023,NT-100601,Toko Fiktif 062,2,15000,30000
30/09/2023,NT-100601,Toko Fiktif 062,10,7500,75000
22/11/2023,NT-100602,Toko Fiktif 062,8,12000,96000
01/12/2023,NT-100603,Toko Fiktif 062,9,15000,135000
05/02/2024,NT-100604,Toko Fiktif 062,4,7500,30000
05/02/2024,NT-100604,Toko Fiktif 062,9,25000,225000
02/03/2024,NT-100605,Toko Fiktif 062,9,25000,225000
02/03/2024,NT-100605,Toko Fiktif 062,3,15000,45000
02/03/2024,NT-100605,Toko Fiktif 062,5,40000,200000
03/03/2024,NT-100606,Toko Fiktif 062,7,25000,175000
03/03/2024,NT-100606,Toko Fiktif 062,6,12000,72000
03/03/2024,NT-100606,Toko Fiktif 062,7,7500,52500
09/03/2024,NT-100607,Toko Fiktif 062,1,7500,7500
02/04/2024,NT-100608,Toko Fiktif 062,2,40000,80000
06/04/2024,NT-100609,Toko Fiktif 062,7,40000,280000
06/04/2024,NT-100609,Toko Fiktif 062,4,5000,20000
06/04/2024,NT-100609,Toko Fiktif 062,11,12000,132000
09/04/2024,NT-100610,Toko Fiktif 062,12,15000,180000
09/04/2024,NT-100610,Toko Fiktif 062,5,12000,60000
09/04/2024,NT-100610,Toko Fiktif 062,1,40000,40000
11/05/2024,NT-100611,Toko Fiktif 062,5,12000,60000
11/05/2024,NT-100611,Toko Fiktif 062,10,40000,400000
11/05/2024,NT-100611,Toko Fiktif 062,6,25000,150000
12/05/2024,NT-100612,Toko Fiktif 062,8,7500,60000
12/05/2024,NT-100612,Toko Fiktif 062,5,40000,200000
12/05/2024,NT-100612,Toko Fiktif 062,12,25000,300000
13/05/2024,NT-100613,Toko Fiktif 062,1,12000,12000
13/05/2024,NT-100613,Toko Fiktif 062,12,25000,300000
25/06/2024,NT-100614,Toko Fiktif 062,8,7500,60000
25/06/2024,NT-100614,Toko Fiktif 062,9,25000,225000
03/07/2024,NT-100615,Toko Fiktif 062,9,5000,45000
01/09/2024,NT-100616,Toko Fiktif 062,2,25000,50000
05/10/2024,NT-100617,Toko Fiktif 062,8,25000,200000
31/10/2024,NT-100618,Toko Fiktif 062,11,5000,55000
31/10/2024,NT-100618,Toko Fiktif 062,3,40000,120000
31/10/2024,NT-100618,Toko Fiktif 062,7,12000,84000
10/11/2024,NT-100619,Toko Fiktif 062,5,5000,25000
10/11/2024,NT-100619,Toko Fiktif 062,6,15000,90000
14/11/2024,NT-100620,Toko Fiktif 062,12,12000,144000
14/11/2024,NT-100620,Toko Fiktif 062,1,40000,40000
14/11/2024,NT-100620,Toko Fiktif 062,7,5000,35000
16/11/2024,NT-100621,Toko Fiktif 062,6,12000,72000
16/11/2024,NT-100621,Toko Fiktif 062,3,7500,22500
18/12/2024,NT-100622,Toko Fiktif 062,11,5000,55000
21/12/2024,NT-100623,Toko Fiktif 062,1,5000,5000
21/12/2024,NT-100623,Toko Fiktif 062,2,25000,50000
21/12/2024,NT-100623,Toko Fiktif 062,11,7500,82500
26/12/2024,NT-100624,Toko Fiktif 062,5,5000,25000
26/12/2024,NT-100624,Toko Fiktif 062,5,12000,60000
12/08/2023,NT-100625,Toko Fiktif 063,4,40000,160000
12/08/2023,NT-100625,Toko Fiktif 063,2,12000,24000
06/02/2023,NT-100626,Toko Fiktif 064,5,12000,60000
06/02/2023,NT-100626,Toko Fiktif 064,3,40000,120000
13/03/2023,NT-100627,Toko Fiktif 064,11,40000,440000
13/03/2023,NT-100627,Toko Fiktif 064,3,12000,36000
05/05/2023,NT-100628,Toko Fiktif 064,1,15000,15000
25/05/2023,NT-100629,Toko Fiktif 064,7,15000,105000
12/06/2023,NT-100630,Toko Fiktif 064,2,40000,80000
12/06/2023,NT-100630,Toko Fiktif 064,4,5000,20000
17/06/2023,NT-100631,Toko Fiktif 064,6,12000,72000
04/07/2023,NT-100632,Toko Fiktif 064,6,12000,72000
04/07/2023,NT-100632,Toko Fiktif 064,12,40000,480000
22/07/2023,NT-100633,Toko Fiktif 064,1,12000,12000
22/07/2023,NT-100633,Toko Fiktif 064,8,15000,120000
22/07/2023,NT-100633,Toko Fiktif 064,6,7500,45000
12/08/2023,NT-100634,Toko Fiktif 064,12,12000,144000
12/08/2023,NT-100634,Toko Fiktif 064,8,40000,320000
12/08/2023,NT-100634,Toko Fiktif 064,1,5000,5000
05/09/2023,NT-100635,Toko Fiktif 064,1,12000,12000
30/09/2023,NT-100636,Toko Fiktif 064,2,25000,50000
01/10/2023,NT-100637,Toko Fiktif 064,2,15000,30000
19/10/2023,NT-100638,Toko Fiktif 064,8,40000,320000
03/11/2023,NT-100639,Toko Fiktif 064,10,40000,400000
03/11/2023,NT-100639,Toko Fiktif 064,3,7500,22500
03/11/2023,NT-100639,Toko Fiktif 064,3,15000,45000
04/12/2023,NT-100640,Toko Fiktif 064,4,7500,30000
04/12/2023,NT-100640,Toko Fiktif 064,11,12000,132000
06/12/2023,NT-100641,Toko Fiktif 064,10,25000,250000
06/12/2023,NT-100641,Toko Fiktif 064,2,40000,80000
23/12/2023,NT-100642,Toko Fiktif 064,6,40000,240000
23/12/2023,NT-100642,Toko Fiktif 064,2,15000,30000
23/12/2023,NT-100642,Toko Fiktif 064,8,7500,60000
02/01/2024,NT-100643,Toko Fiktif 064,9,12000,108000
12/01/2024,NT-100644,Toko Fiktif 064,2,25000,50000
12/01/2024,NT-100644,Toko Fiktif 064,10,40000,400000
12/01/2024,NT-100644,Toko Fiktif 064,6,7500,45000
15/01/2024,NT-100645,Toko Fiktif 064,1,7500,7500
06/02/2024,NT-100646,Toko Fiktif 064,10,7500,75000
06/02/2024,NT-100646,Toko Fiktif 064,1,40000,40000
06/02/2024,NT-100646,Toko Fiktif 064,1,5000,5000
17/02/2024,NT-100647,Toko Fiktif 064,9,12000,108000
19/02/2024,NT-100648,Toko Fiktif 064,3,7500,22500
19/02/2024,NT-100648,Toko Fiktif 064,9,15000,135000
08/06/2024,NT-100649,Toko Fiktif 064,9,5000,45000
08/06/2024,NT-100649,Toko Fiktif 064,4,12000,48000
22/06/2024,NT-100650,Toko Fiktif 064,3,7500,22500
22/06/2024,NT-100650,Toko Fiktif 064,7,12000,84000
22/06/2024,NT-100650,Toko Fiktif 064,10,5000,50000
30/06/2024,NT-100651,Toko Fiktif 064,5,40000,200000
30/06/2024,NT-100651,Toko Fiktif 064,5,7500,37500
17/08/2024,NT-100652,Toko Fiktif 064,11,12000,132000
17/08/2024,NT-100652,Toko Fiktif 064,12,15000,180000
17/08/2024,NT-100652,Toko Fiktif 064,12,40000,480000
14/09/2024,NT-100653,Toko Fiktif 064,4,5000,20000
14/09/2024,NT-100653,Toko Fiktif 064,10,40000,400000
07/10/2024,NT-100654,Toko Fiktif 064,10,12000,120000
07/10/2024,NT-100654,Toko Fiktif 064,3,7500,22500
07/10/2024,NT-100654,Toko Fiktif 064,12,15000,180000
09/10/2024,NT-100655,Toko Fiktif 064,2,25000,50000
09/10/2024,NT-100655,Toko Fiktif 064,5,15000,75000
26/10/2024,NT-100656,Toko Fiktif 064,11,5000,55000
26/10/2024,NT-100656,Toko Fiktif 064,1,15000,15000
26/10/2024,NT-100656,Toko Fiktif 064,5,40000,200000
27/11/2024,NT-100657,Toko Fiktif 064,11,25000,275000
08/12/2024,NT-100658,Toko Fiktif 064,11,7500,82500
30/12/2024,NT-100659,Toko Fiktif 064,11,40000,440000
22/02/2024,NT-100660,Toko Fiktif 065,9,5000,45000
29/06/2024,NT-100661,Toko Fiktif 066,1,15000,15000
07/08/2024,NT-100662,Toko Fiktif 066,6,7500,45000
07/08/2024,NT-100662,Toko Fiktif 066,8,25000,200000
27/08/2024,NT-100663,Toko Fiktif 066,5,7500,37500
27/08/2024,NT-100663,Toko Fiktif 066,9,25000,225000
31/08/2024,NT-100664,Toko Fiktif 066,3,15000,45000
31/08/2024,NT-100664,Toko Fiktif 066,11,7500,82500
31/08/2024,NT-100664,Toko Fiktif 066,11,5000,55000
21/12/2024,NT-100665,Toko Fiktif 066,6,7500,45000
21/12/2024,NT-100665,Toko Fiktif 066,6,40000,240000
21/12/2024,NT-100665,Toko Fiktif 066,1,12000,12000
25/09/2024,NT-100666,Toko Fiktif 067,9,7500,67500
25/09/2024,NT-100666,Toko Fiktif 067,11,40000,440000
25/09/2024,NT-100666,Toko Fiktif 067,5,12000,60000
23/10/2024,NT-100667,Toko Fiktif 067,7,12000,84000
05/02/2024,NT-100668,Toko Fiktif 068,9,12000,108000
05/02/2024,NT-100668,Toko Fiktif 068,7,5000,35000
03/03/2024,NT-100669,Toko Fiktif 068,6,25000,150000
03/03/2024,NT-100669,Toko Fiktif 068,5,15000,75000
03/03/2024,NT-100669,Toko Fiktif 068,4,5000,20000
07/03/2024,NT-100670,Toko Fiktif 068,7,12000,84000
07/03/2024,NT-100670,Toko Fiktif 068,6,40000,240000
07/03/2024,NT-100670,Toko Fiktif 068,9,25000,225000
10/03/2024,NT-100671,Toko Fiktif 068,10,25000,250000
10/03/2024,NT-100671,Toko Fiktif 068,5,15000,75000
10/03/2024,NT-100671,Toko Fiktif 068,6,40000,240000
18/03/2024,NT-100672,Toko Fiktif 068,6,12000,72000
18/03/2024,NT-100672,Toko Fiktif 068,12,7500,90000
18/03/2024,NT-100672,Toko Fiktif 068,2,25000,50000
22/03/2024,NT-100673,Toko Fiktif 068,5,25000,125000
22/03/2024,NT-100673,Toko Fiktif 068,2,12000,24000
30/03/2024,NT-100674,Toko Fiktif 068,2,15000,30000
30/03/2024,NT-100674,Toko Fiktif 068,12,25000,300000
01/04/2024,NT-100675,Toko Fiktif 068,3,40000,120000
01/04/2024,NT-100675,Toko Fiktif 068,5,15000,75000
01/04/2024,NT-100675,Toko Fiktif 068,7,7500,52500
15/04/2024,NT-100676,Toko Fiktif 068,6,25000,150000
19/04/2024,NT-100677,Toko Fiktif 068,9,5000,45000
19/04/2024,NT-100677,Toko Fiktif 068,11,7500,82500
19/04/2024,NT-100677,Toko Fiktif 068,4,40000,160000
23/04/2024,NT-100678,Toko Fiktif 068,9,12000,108000
23/04/2024,NT-100678,Toko Fiktif 068,11,7500,82500
24/06/2024,NT-100679,Toko Fiktif 068,10,7500,75000
20/07/2024,NT-100680,Toko Fiktif 068,11,25000,275000
20/07/2024,NT-100680,Toko Fiktif 068,5,12000,60000
02/12/2023,NT-100681,Toko Fiktif 069,3,12000,36000
02/12/2023,NT-100681,Toko Fiktif 069,3,25000,75000
09/01/2024,NT-100682,Toko Fiktif 069,12,5000,60000
09/01/2024,NT-100682,Toko Fiktif 069,5,7500,37500
09/01/2024,NT-100682,Toko Fiktif 069,3,12000,36000
10/01/2024,NT-100683,Toko Fiktif 069,12,5000,60000
10/01/2024,NT-100683,Toko Fiktif 069,4,15000,60000
24/01/2024,NT-100684,Toko Fiktif 069,5,5000,25000
01/04/2024,NT-100685,Toko Fiktif 069,10,25000,250000
01/04/2024,NT-100685,Toko Fiktif 069,6,5000,30000
14/11/2024,NT-100686,Toko Fiktif 069,7,5000,35000
01/12/2024,NT-100687,Toko Fiktif 069,4,40000,160000
01/12/2024,NT-100687,Toko Fiktif 069,3,25000,75000
27/12/2024,NT-100688,Toko Fiktif 069,1,5000,5000
22/05/2023,NT-100689,Toko Fiktif 070,9,7500,67500
22/05/2023,NT-100689,Toko Fiktif 070,8,5000,40000
17/06/2023,NT-100690,Toko Fiktif 070,3,12000,36000
17/06/2023,NT-100690,Toko Fiktif 070,6,5000,30000
17/06/2023,NT-100690,Toko Fiktif 070,1,7500,7500
21/06/2023,NT-100691,Toko Fiktif 070,6,40000,240000
21/06/2023,NT-100691,Toko Fiktif 070,12,15000,180000
27/06/2023,NT-100692,Toko Fiktif 070,2,40000,80000
27/06/2023,NT-100692,Toko Fiktif 070,6,12000,72000
18/07/2023,NT-100693,Toko Fiktif 070,2,7500,15000
30/07/2023,NT-100694,Toko Fiktif 070,7,12000,84000
30/07/2023,NT-100694,Toko Fiktif 070,9,5000,45000
30/07/2023,NT-100694,Toko Fiktif 070,9,15000,135000
02/08/2023,NT-100695,Toko Fiktif 070,11,7500,82500
02/08/2023,NT-100695,Toko Fiktif 070,1,15000,15000
27/08/2023,NT-100696,Toko Fiktif 070,3,5000,15000
10/10/2023,NT-100697,Toko Fiktif 070,2,5000,10000
10/10/2023,NT-100697,Toko Fiktif 070,12,12000,144000
22/11/2023,NT-100698,Toko Fiktif 070,2,40000,80000
22/11/2023,NT-100698,Toko Fiktif 070,8,12000,96000
05/12/2023,NT-100699,Toko Fiktif 070,7,15000,105000
05/12/2023,NT-100699,Toko Fiktif 070,11,12000,132000
05/12/2023,NT-100699,Toko Fiktif 070,4,25000,100000
30/12/2023,NT-100700,Toko Fiktif 070,9,7500,67500
30/12/2023,NT-100700,Toko Fiktif 070,11,15000,165000
30/12/2023,NT-100700,Toko Fiktif 070,8,40000,320000
07/01/2024,NT-100701,Toko Fiktif 070,2,25000,50000
07/01/2024,NT-100701,Toko Fiktif 070,3,40000,120000
07/01/2024,NT-100701,Toko Fiktif 070,9,15000,135000
16/01/2024,NT-100702,Toko Fiktif 070,5,12000,60000
16/01/2024,NT-100702,Toko Fiktif 070,10,5000,50000
29/01/2024,NT-100703,Toko Fiktif 070,1,7500,7500
30/04/2024,NT-100704,Toko Fiktif 070,6,40000,240000
18/05/2024,NT-100705,Toko Fiktif 070,12,7500,90000
18/05/2024,NT-100705,Toko Fiktif 070,9,40000,360000
16/06/2024,NT-100706,Toko Fiktif 070,2,7500,15000
16/06/2024,NT-100706,Toko Fiktif 070,9,5000,45000
16/06/2024,NT-100706,Toko Fiktif 070,12,25000,300000
11/07/2024,NT-100707,Toko Fiktif 070,9,5000,45000
24/09/2024,NT-100708,Toko Fiktif 071,9,25000,225000
15/10/2024,NT-100709,Toko Fiktif 071,7,5000,35000
17/10/2024,NT-100710,Toko Fiktif 071,11,12000,132000
17/10/2024,NT-100710,Toko Fiktif 071,9,25000,225000
19/10/2024,NT-100711,Toko Fiktif 071,10,25000,250000
19/10/2024,NT-100711,Toko Fiktif 071,5,40000,200000
27/10/2024,NT-100712,Toko Fiktif 071,10,15000,150000
28/10/2024,NT-100713,Toko Fiktif 071,1,25000,25000
28/10/2024,NT-100713,Toko Fiktif 071,11,15000,165000
28/10/2024,NT-100713,Toko Fiktif 071,10,12000,120000
01/11/2024,NT-100714,Toko Fiktif 071,6,12000,72000
26/03/2023,NT-100715,Toko Fiktif 072,5,12000,60000
09/04/2023,NT-100716,Toko Fiktif 072,10,15000,150000
09/04/2023,NT-100716,Toko Fiktif 072,9,5000,45000
09/04/2023,NT-100716,Toko Fiktif 072,1,12000,12000
13/04/2023,NT-100717,Toko Fiktif 072,8,25000,200000
13/04/2023,NT-100717,Toko Fiktif 072,6,40000,240000
13/04/2023,NT-100717,Toko Fiktif 072,1,12000,12000
29/04/2023,NT-100718,Toko Fiktif 072,5,40000,200000
27/05/2023,NT-100719,Toko Fiktif 072,8,15000,120000
19/06/2023,NT-100720,Toko Fiktif 072,7,40000,280000
27/06/2023,NT-100721,Toko Fiktif 072,11,7500,82500
30/06/2023,NT-100722,Toko Fiktif 072,8,5000,40000
04/07/2023,NT-100723,Toko Fiktif 072,5,12000,60000
04/07/2023,NT-100723,Toko Fiktif 072,3,7500,22500
22/07/2023,NT-100724,Toko Fiktif 072,4,40000,160000
22/07/2023,NT-100724,Toko Fiktif 072,4,15000,60000
02/08/2023,NT-100725,Toko Fiktif 072,10,12000,120000
02/08/2023,NT-100725,Toko Fiktif 072,3,40000,120000
07/08/2023,NT-100726,Toko Fiktif 072,12,40000,480000
08/08/2023,NT-100727,Toko Fiktif 072,9,5000,45000
30/08/2023,NT-100728,Toko Fiktif 072,10,25000,250000
30/08/2023,NT-100728,Toko Fiktif 072,1,15000,15000
01/09/2023,NT-100729,Toko Fiktif 072,3,25000,75000
08/09/2023,NT-100730,Toko Fiktif 072,3,25000,75000
12/09/2023,NT-100731,Toko Fiktif 072,6,5000,30000
17/09/2023,NT-100732,Toko Fiktif 072,10,15000,150000
17/09/2023,NT-100732,Toko Fiktif 072,3,40000,120000
18/09/2023,NT-100733,Toko Fiktif 072,3,7500,22500
18/09/2023,NT-100733,Toko Fiktif 072,6,5000,30000
22/09/2023,NT-100734,Toko Fiktif 072,2,40000,80000
22/09/2023,NT-100734,Toko Fiktif 072,5,5000,25000
20/10/2023,NT-100735,Toko Fiktif 072,3,40000,120000
27/10/2023,NT-100736,Toko Fiktif 072,1,7500,7500
03/11/2023,NT-100737,Toko Fiktif 072,3,15000,45000
13/11/2023,NT-100738,Toko Fiktif 072,4,7500,30000
18/11/2023,NT-100739,Toko Fiktif 072,10,25000,250000
18/11/2023,NT-100739,Toko Fiktif 072,1,7500,7500
23/11/2023,NT-100740,Toko Fiktif 072,6,15000,90000
23/11/2023,NT-100740,Toko Fiktif 072,2,12000,24000
24/11/2023,NT-100741,Toko Fiktif 072,4,12000,48000
24/11/2023,NT-100741,Toko Fiktif 072,11,5000,55000
24/11/2023,NT-100741,Toko Fiktif 072,3,15000,45000
12/12/2023,NT-100742,Toko Fiktif 072,12,5000,60000
26/12/2023,NT-100743,Toko Fiktif 072,12,7500,90000
26/12/2023,NT-100743,Toko Fiktif 072,1,15000,15000
26/12/2023,NT-100743,Toko Fiktif 072,1,12000,12000
01/01/2024,NT-100744,Toko Fiktif 072,4,5000,20000
01/01/2024,NT-100744,Toko Fiktif 072,4,25000,100000
12/01/2024,NT-100745,Toko Fiktif 072,1,7500,7500
12/01/2024,NT-100745,Toko Fiktif 072,10,25000,250000
12/01/2024,NT-100745,Toko Fiktif 072,2,5000,10000
18/01/2024,NT-100746,Toko Fiktif 072,6,12000,72000
20/01/2024,NT-100747,Toko Fiktif 072,3,12000,36000
20/01/2024,NT-100747,Toko Fiktif 072,2,5000,10000
20/01/2024,NT-100747,Toko Fiktif 072,6,15000,90000
22/01/2024,NT-100748,Toko Fiktif 072,7,5000,35000
22/01/2024,NT-100748,Toko Fiktif 072,12,7500,90000
28/02/2024,NT-100749,Toko Fiktif 072,9,12000,108000
28/02/2024,NT-100749,Toko Fiktif 072,7,40000,280000
13/03/2024,NT-100750,Toko Fiktif 072,4,12000,48000
13/03/2024,NT-100750,Toko Fiktif 072,9,15000,135000
13/03/2024,NT-100750,Toko Fiktif 072,1,40000,40000
18/03/2024,NT-100751,Toko Fiktif 072,8,15000,120000
18/03/2024,NT-100751,Toko Fiktif 072,5,25000,125000
03/04/2024,NT-100752,Toko Fiktif 072,6,15000,90000
03/04/2024,NT-100752,Toko Fiktif 072,12,7500,90000
11/04/2024,NT-100753,Toko Fiktif 072,10,25000,250000
11/04/2024,NT-100753,Toko Fiktif 072,12,7500,90000
11/04/2024,NT-100753,Toko Fiktif 072,8,5000,40000
28/04/2024,NT-100754,Toko Fiktif 072,5,7500,37500
28/04/2024,NT-100754,Toko Fiktif 072,6,15000,90000
11/05/2024,NT-100755,Toko Fiktif 072,11,5000,55000
11/05/2024,NT-100755,Toko Fiktif 072,11,12000,132000
11/05/2024,NT-100755,Toko Fiktif 072,4,7500,30000
27/05/2024,NT-100756,Toko Fiktif 072,9,15000,135000
27/05/2024,NT-100756,Toko Fiktif 072,5,7500,37500
28/05/2024,NT-100757,Toko Fiktif 072,12,7500,90000
28/05/2024,NT-100757,Toko Fiktif 072,10,25000,250000
24/06/2023,NT-100758,Toko Fiktif 073,4,15000,60000
24/06/2023,NT-100758,Toko Fiktif 073,5,7500,37500
06/10/2023,NT-100759,Toko Fiktif 074,5,5000,25000
18/11/2023,NT-100760,Toko Fiktif 075,12,40000,480000
18/11/2023,NT-100760,Toko Fiktif 075,4,5000,20000
20/02/2024,NT-100761,Toko Fiktif 075,1,5000,5000
20/02/2024,NT-100761,Toko Fiktif 075,2,25000,50000
07/03/2024,NT-100762,Toko Fiktif 075,7,5000,35000
07/03/2024,NT-100762,Toko Fiktif 075,2,25000,50000
13/06/2024,NT-100763,Toko Fiktif 075,6,5000,30000
12/07/2024,NT-100764,Toko Fiktif 075,2,12000,24000
12/07/2024,NT-100764,Toko Fiktif 075,3,7500,22500
12/07/2024,NT-100764,Toko Fiktif 075,12,25000,300000
29/07/2024,NT-100765,Toko Fiktif 075,12,12000,144000
29/07/2024,NT-100765,Toko Fiktif 075,3,7500,22500
29/07/2024,NT-100765,Toko Fiktif 075,1,5000,5000
28/08/2024,NT-100766,Toko Fiktif 075,10,15000,150000
25/09/2024,NT-100767,Toko Fiktif 075,1,40000,40000
25/09/2024,NT-100767,Toko Fiktif 075,6,7500,45000
05/10/2024,NT-100768,Toko Fiktif 075,12,5000,60000
05/10/2024,NT-100768,Toko Fiktif 075,8,7500,60000
15/10/2024,NT-100769,Toko Fiktif 075,5,40000,200000
15/10/2024,NT-100769,Toko Fiktif 075,9,12000,108000
29/12/2024,NT-100770,Toko Fiktif 075,8,40000,320000
29/12/2024,NT-100770,Toko Fiktif 075,11,15000,165000
23/11/2024,NT-100771,Toko Fiktif 076,6,12000,72000
23/11/2024,NT-100771,Toko Fiktif 076,4,7500,30000
29/11/2024,NT-100772,Toko Fiktif 076,4,5000,20000
29/11/2024,NT-100772,Toko Fiktif 076,10,40000,400000
15/05/2024,NT-100773,Toko Fiktif 077,8,12000,96000
20/05/2024,NT-100774,Toko Fiktif 077,10,25000,250000
11/07/2024,NT-100775,Toko Fiktif 077,9,25000,225000
11/07/2024,NT-100775,Toko Fiktif 077,8,7500,60000
20/08/2023,NT-100776,Toko Fiktif 078,1,5000,5000
27/08/2023,NT-100777,Toko Fiktif 078,1,7500,7500
21/10/2023,NT-100778,Toko Fiktif 078,7,15000,105000
21/10/2023,NT-100778,Toko Fiktif 078,12,5000,60000
21/10/2023,NT-100778,Toko Fiktif 078,8,7500,60000
30/11/2023,NT-100779,Toko Fiktif 078,5,12000,60000
30/11/2023,NT-100779,Toko Fiktif 078,2,7500,15000
30/11/2023,NT-100779,Toko Fiktif 078,8,25000,200000
09/01/2024,NT-100780,Toko Fiktif 078,6,12000,72000
09/01/2024,NT-100780,Toko Fiktif 078,4,25000,100000
09/01/2024,NT-100780,Toko Fiktif 078,9,15000,135000
27/02/2024,NT-100781,Toko Fiktif 078,4,7500,30000
27/02/2024,NT-100781,Toko Fiktif 078,9,5000,45000
27/02/2024,NT-100781,Toko Fiktif 078,9,25000,225000
21/06/2024,NT-100782,Toko Fiktif 078,11,25000,275000
21/06/2024,NT-100782,Toko Fiktif 078,11,12000,132000
21/06/2024,NT-100782,Toko Fiktif 078,1,15000,15000
25/06/2024,NT-100783,Toko Fiktif 078,7,7500,52500
25/06/2024,NT-100783,Toko Fiktif 078,6,40000,240000
21/07/2024,NT-100784,Toko Fiktif 078,2,25000,50000
21/07/2024,NT-100784,Toko Fiktif 078,5,15000,75000
03/08/2024,NT-100785,Toko Fiktif 078,1,25000,25000
03/08/2024,NT-100785,Toko Fiktif 078,2,40000,80000
05/10/2024,NT-100786,Toko Fiktif 078,11,15000,165000
05/10/2024,NT-100786,Toko Fiktif 078,6,12000,72000
21/10/2023,NT-100787,Toko Fiktif 079,3,5000,15000
21/10/2023,NT-100787,Toko Fiktif 079,4,25000,100000
29/11/2023,NT-100788,Toko Fiktif 079,11,5000,55000
29/11/2023,NT-100788,Toko Fiktif 079,5,40000,200000
22/12/2023,NT-100789,Toko Fiktif 079,6,12000,72000
22/12/2023,NT-100789,Toko Fiktif 079,10,40000,400000
20/02/2024,NT-100790,Toko Fiktif 079,11,7500,82500
02/04/2024,NT-100791,Toko Fiktif 079,9,7500,67500
02/04/2024,NT-100791,Toko Fiktif 079,5,12000,60000
02/04/2024,NT-100791,Toko Fiktif 079,6,15000,90000
10/07/2024,NT-100792,Toko Fiktif 079,9,12000,108000
13/08/2024,NT-100793,Toko Fiktif 079,4,40000,160000
13/08/2024,NT-100793,Toko Fiktif 079,8,12000,96000
22/09/2024,NT-100794,Toko Fiktif 079,5,5000,25000
22/09/2024,NT-100794,Toko Fiktif 079,6,25000,150000
23/06/2024,NT-100795,Toko Fiktif 080,8,7500,60000
23/06/2024,NT-100795,Toko Fiktif 080,8,40000,320000
23/06/2024,NT-100795,Toko Fiktif 080,6,12000,72000
24/07/2024,NT-100796,Toko Fiktif 080,2,5000,10000
25/08/2024,NT-100797,Toko Fiktif 080,1,40000,40000
25/08/2024,NT-100797,Toko Fiktif 080,8,25000,200000
28/09/2024,NT-100798,Toko Fiktif 080,5,15000,75000
26/10/2024,NT-100799,Toko Fiktif 080,8,12000,96000
26/10/2024,NT-100799,Toko Fiktif 080,5,15000,75000
26/10/2024,NT-100799,Toko Fiktif 080,6,40000,240000
29/10/2024,NT-100800,Toko Fiktif 080,1,12000,12000
29/10/2024,NT-100800,Toko Fiktif 080,2,7500,15000
29/10/2024,NT-100800,Toko Fiktif 080,4,5000,20000
09/11/2024,NT-100801,Toko Fiktif 080,1,12000,12000
09/11/2024,NT-100801,Toko Fiktif 080,4,5000,20000
05/11/2024,NT-100802,Toko Fiktif 081,10,5000,50000
19/11/2024,NT-100803,Toko Fiktif 081,8,15000,120000
01/12/2024,NT-100804,Toko Fiktif 081,10,25000,250000
01/12/2024,NT-100804,Toko Fiktif 081,6,12000,72000
01/12/2024,NT-100804,Toko Fiktif 081,2,40000,80000
03/12/2024,NT-100805,Toko Fiktif 081,11,5000,55000
03/12/2024,NT-100805,Toko Fiktif 081,8,25000,200000
23/07/2024,NT-100806,Toko Fiktif 082,5,25000,125000
14/09/2024,NT-100807,Toko Fiktif 082,8,7500,60000
15/01/2023,NT-100808,Toko Fiktif 083,4,12000,48000
05/02/2023,NT-100809,Toko Fiktif 083,1,25000,25000
13/02/2023,NT-100810,Toko Fiktif 083,2,5000,10000
13/02/2023,NT-100810,Toko Fiktif 083,7,40000,280000
13/02/2023,NT-100810,Toko Fiktif 083,10,7500,75000
05/04/2023,NT-100811,Toko Fiktif 083,1,25000,25000
05/04/2023,NT-100811,Toko Fiktif 083,6,5000,30000
29/04/2023,NT-100812,Toko Fiktif 083,10,5000,50000
23/05/2023,NT-100813,Toko Fiktif 083,11,12000,132000
23/05/2023,NT-100813,Toko Fiktif 083,1,25000,25000
07/07/2023,NT-100814,Toko Fiktif 083,4,15000,60000
07/07/2023,NT-100814,Toko Fiktif 083,5,7500,37500
14/07/2023,NT-100815,Toko Fiktif 083,8,40000,320000
14/07/2023,NT-100815,Toko Fiktif 083,11,25000,275000
14/07/2023,NT-100815,Toko Fiktif 083,12,5000,60000
22/07/2023,NT-100816,Toko Fiktif 083,10,25000,250000
22/07/2023,NT-100816,Toko Fiktif 083,5,12000,60000
22/07/2023,NT-100816,Toko Fiktif 083,6,7500,45000
16/10/2023,NT-100817,Toko Fiktif 083,1,7500,7500
16/10/2023,NT-100817,Toko Fiktif 083,5,25000,125000
11/11/2023,NT-100818,Toko Fiktif 083,11,15000,165000
05/12/2023,NT-100819,Toko Fiktif 083,7,40000,280000
05/12/2023,NT-100819,Toko Fiktif 083,7,25000,175000
06/12/2023,NT-100820,Toko Fiktif 083,7,12000,84000
06/12/2023,NT-100820,Toko Fiktif 083,3,25000,75000
20/12/2023,NT-100821,Toko Fiktif 083,5,25000,125000
20/12/2023,NT-100821,Toko Fiktif 083,1,12000,12000
23/02/2024,NT-100822,Toko Fiktif 083,1,15000,15000
23/02/2024,NT-100822,Toko Fiktif 083,7,12000,84000
10/04/2024,NT-100823,Toko Fiktif 083,6,15000,90000
10/04/2024,NT-100823,Toko Fiktif 083,8,5000,40000
25/04/2024,NT-100824,Toko Fiktif 083,5,15000,75000
25/04/2024,NT-100824,Toko Fiktif 083,10,12000,120000
25/04/2024,NT-100824,Toko Fiktif 083,4,7500,30000
25/05/2024,NT-100825,Toko Fiktif 083,8,25000,200000
07/06/2024,NT-100826,Toko Fiktif 083,7,15000,105000
07/06/2024,NT-100826,Toko Fiktif 083,7,5000,35000
24/06/2024,NT-100827,Toko Fiktif 083,2,15000,30000
24/06/2024,NT-100827,Toko Fiktif 083,6,40000,240000
24/06/2024,NT-100827,Toko Fiktif 083,5,5000,25000
07/07/2024,NT-100828,Toko Fiktif 083,4,15000,60000
14/07/2024,NT-100829,Toko Fiktif 083,11,12000,132000
14/07/2024,NT-100829,Toko Fiktif 083,4,25000,100000
05/08/2024,NT-100830,Toko Fiktif 083,6,15000,90000
05/08/2024,NT-100830,Toko Fiktif 083,11,12000,132000
05/08/2024,NT-100830,Toko Fiktif 083,10,5000,50000
24/08/2024,NT-100831,Toko Fiktif 083,2,15000,30000
24/08/2024,NT-100831,Toko Fiktif 083,2,7500,15000
24/08/2024,NT-100831,Toko Fiktif 083,9,5000,45000
18/11/2024,NT-100832,Toko Fiktif 083,8,7500,60000
18/11/2024,NT-100832,Toko Fiktif 083,8,40000,320000
22/11/2024,NT-100833,Toko Fiktif 083,2,5000,10000
09/12/2024,NT-100834,Toko Fiktif 083,5,40000,200000
06/06/2024,NT-100835,Toko Fiktif 084,6,40000,240000
06/06/2024,NT-100835,Toko Fiktif 084,6,25000,150000
05/08/2024,NT-100836,Toko Fiktif 084,7,25000,175000
07/08/2024,NT-100837,Toko Fiktif 084,8,25000,200000
07/08/2024,NT-100837,Toko Fiktif 084,11,12000,132000
23/08/2024,NT-100838,Toko Fiktif 084,7,5000,35000
23/08/2024,NT-100838,Toko Fiktif 084,8,12000,96000
23/08/2024,NT-100838,Toko Fiktif 084,2,25000,50000
04/09/2024,NT-100839,Toko Fiktif 084,12,25000,300000
20/03/2023,NT-100840,Toko Fiktif 085,11,12000,132000
01/12/2024,NT-100841,Toko Fiktif 086,1,7500,7500
24/04/2024,NT-100842,Toko Fiktif 087,5,15000,75000
30/04/2024,NT-100843,Toko Fiktif 087,12,15000,180000
30/04/2024,NT-100843,Toko Fiktif 087,2,25000,50000
30/04/2024,NT-100843,Toko Fiktif 087,9,40000,360000
02/05/2024,NT-100844,Toko Fiktif 087,4,12000,48000
05/05/2024,NT-100845,Toko Fiktif 087,3,15000,45000
05/05/2024,NT-100845,Toko Fiktif 087,1,5000,5000
12/05/2024,NT-100846,Toko Fiktif 087,12,7500,90000
12/05/2024,NT-100846,Toko Fiktif 087,5,12000,60000
18/05/2024,NT-100847,Toko Fiktif 087,5,7500,37500
18/05/2024,NT-100847,Toko Fiktif 087,4,15000,60000
18/05/2024,NT-100847,Toko Fiktif 087,2,40000,80000
04/06/2024,NT-100848,Toko Fiktif 087,10,12000,120000
19/06/2024,NT-100849,Toko Fiktif 087,4,7500,30000
04/07/2024,NT-100850,Toko Fiktif 087,4,40000,160000
04/07/2024,NT-100850,Toko Fiktif 087,3,7500,22500
17/07/2024,NT-100851,Toko Fiktif 087,6,7500,45000
17/07/2024,NT-100851,Toko Fiktif 087,7,5000,35000
17/07/2024,NT-100851,Toko Fiktif 087,4,15000,60000
04/08/2024,NT-100852,Toko Fiktif 087,1,7500,7500
04/08/2024,NT-100852,Toko Fiktif 087,6,15000,90000
11/09/2024,NT-100853,Toko Fiktif 087,9,15000,135000
11/09/2024,NT-100853,Toko Fiktif 087,5,40000,200000
16/09/2024,NT-100854,Toko Fiktif 087,5,12000,60000
16/09/2024,NT-100854,Toko Fiktif 087,2,7500,15000
14/10/2024,NT-100855,Toko Fiktif 087,7,12000,84000
15/10/2024,NT-100856,Toko Fiktif 087,12,5000,60000
15/10/2024,NT-100856,Toko Fiktif 087,2,25000,50000
15/10/2024,NT-100856,Toko Fiktif 087,12,7500,90000
23/11/2024,NT-100857,Toko Fiktif 087,8,40000,320000
25/11/2024,NT-100858,Toko Fiktif 087,9,7500,67500
25/11/2024,NT-100858,Toko Fiktif 087,12,5000,60000
27/11/2024,NT-100859,Toko Fiktif 087,10,25000,250000
27/11/2024,NT-100859,Toko Fiktif 087,8,15000,120000
27/11/2024,NT-100859,Toko Fiktif 087,6,12000,72000
05/12/2024,NT-100860,Toko Fiktif 087,4,15000,60000
05/12/2024,NT-100860,Toko Fiktif 087,12,7500,90000
08/12/2024,NT-100861,Toko Fiktif 087,3,25000,75000
09/12/2024,NT-100862,Toko Fiktif 087,2,5000,10000
10/12/2024,NT-100863,Toko Fiktif 087,12,25000,300000
15/12/2024,NT-100864,Toko Fiktif 087,7,5000,35000
15/12/2024,NT-100864,Toko Fiktif 087,12,40000,480000
25/05/2024,NT-100865,Toko Fiktif 088,9,7500,67500
25/05/2024,NT-100865,Toko Fiktif 088,9,25000,225000
25/08/2023,NT-100866,Toko Fiktif 089,4,7500,30000
25/08/2023,NT-100866,Toko Fiktif 089,9,12000,108000
25/08/2023,NT-100866,Toko Fiktif 089,10,5000,50000
04/02/2024,NT-100867,Toko Fiktif 089,9,40000,360000
04/02/2024,NT-100867,Toko Fiktif 089,3,15000,45000
04/02/2024,NT-100867,Toko Fiktif 089,8,25000,200000
14/03/2024,NT-100868,Toko Fiktif 089,1,15000,15000
14/03/2024,NT-100868,Toko Fiktif 089,9,12000,108000
07/04/2024,NT-100869,Toko Fiktif 089,2,12000,24000
07/04/2024,NT-100869,Toko Fiktif 089,4,25000,100000
07/04/2024,NT-100869,Toko Fiktif 089,9,15000,135000
06/06/2024,NT-100870,Toko Fiktif 089,10,25000,250000
06/06/2024,NT-100870,Toko Fiktif 089,8,15000,120000
10/06/2024,NT-100871,Toko Fiktif 089,5,12000,60000
10/06/2024,NT-100871,Toko Fiktif 089,3,15000,45000
30/07/2024,NT-100872,Toko Fiktif 089,4,12000,48000
12/09/2024,NT-100873,Toko Fiktif 089,1,5000,5000
12/09/2024,NT-100873,Toko Fiktif 089,12,25000,300000
27/09/2024,NT-100874,Toko Fiktif 089,4,5000,20000
27/09/2024,NT-100874,Toko Fiktif 089,9,12000,108000
27/09/2024,NT-100874,Toko Fiktif 089,9,25000,225000
09/10/2024,NT-100875,Toko Fiktif 089,11,25000,275000
09/10/2024,NT-100875,Toko Fiktif 089,11,5000,55000
05/11/2024,NT-100876,Toko Fiktif 089,4,15000,60000
05/11/2024,NT-100876,Toko Fiktif 089,4,5000,20000
22/12/2024,NT-100877,Toko Fiktif 089,8,40000,320000
22/12/2024,NT-100877,Toko Fiktif 089,12,15000,180000
22/12/2024,NT-100877,Toko Fiktif 089,5,12000,60000
02/04/2024,NT-100878,Toko Fiktif 090,12,15000,180000
02/04/2024,NT-100878,Toko Fiktif 090,9,25000,225000
02/04/2024,NT-100878,Toko Fiktif 090,11,40000,440000
14/09/2024,NT-100879,Toko Fiktif 090,2,12000,24000
14/09/2024,NT-100879,Toko Fiktif 090,11,15000,165000
14/09/2024,NT-100879,Toko Fiktif 090,8,25000,200000
09/10/2024,NT-100880,Toko Fiktif 090,4,5000,20000
09/10/2024,NT-100880,Toko Fiktif 090,4,15000,60000
11/10/2024,NT-100881,Toko Fiktif 090,4,40000,160000
11/10/2024,NT-100881,Toko Fiktif 090,5,5000,25000
11/10/2024,NT-100881,Toko Fiktif 090,5,12000,60000
10/11/2024,NT-100882,Toko Fiktif 090,7,25000,175000
25/12/2024,NT-100883,Toko Fiktif 090,12,25000,300000
25/12/2024,NT-100883,Toko Fiktif 090,7,7500,52500
12/02/2023,NT-100884,Toko Fiktif 091,11,15000,165000
17/03/2023,NT-100885,Toko Fiktif 091,8,15000,120000
03/04/2023,NT-100886,Toko Fiktif 091,9,15000,135000
03/04/2023,NT-100886,Toko Fiktif 091,3,12000,36000
03/04/2023,NT-100886,Toko Fiktif 091,11,25000,275000
29/04/2023,NT-100887,Toko Fiktif 091,10,25000,250000
29/04/2023,NT-100887,Toko Fiktif 091,11,12000,132000
29/04/2023,NT-100887,Toko Fiktif 091,3,7500,22500
16/07/2023,NT-100888,Toko Fiktif 091,1,15000,15000
16/07/2023,NT-100888,Toko Fiktif 091,12,25000,300000
16/07/2023,NT-100888,Toko Fiktif 091,7,5000,35000
21/08/2023,NT-100889,Toko Fiktif 091,10,12000,120000
29/08/2023,NT-100890,Toko Fiktif 091,10,15000,150000
29/08/2023,NT-100890,Toko Fiktif 091,1,25000,25000
29/08/2023,NT-100890,Toko Fiktif 091,1,7500,7500
03/09/2023,NT-100891,Toko Fiktif 091,1,15000,15000
13/11/2023,NT-100892,Toko Fiktif 091,4,5000,20000
13/11/2023,NT-100892,Toko Fiktif 091,7,25000,175000
13/11/2023,NT-100892,Toko Fiktif 091,10,7500,75000
26/06/2023,NT-100893,Toko Fiktif 092,5,5000,25000
26/06/2023,NT-100893,Toko Fiktif 092,11,25000,275000
26/06/2023,NT-100893,Toko Fiktif 092,11,40000,440000
10/11/2023,NT-100894,Toko Fiktif 092,2,15000,30000
10/11/2023,NT-100894,Toko Fiktif 092,11,12000,132000
14/11/2023,NT-100895,Toko Fiktif 092,1,12000,12000
14/11/2023,NT-100895,Toko Fiktif 092,11,7500,82500
25/11/2023,NT-100896,Toko Fiktif 092,4,25000,100000
25/11/2023,NT-100896,Toko Fiktif 092,1,40000,40000
25/11/2023,NT-100896,Toko Fiktif 092,7,7500,52500
20/12/2023,NT-100897,Toko Fiktif 092,12,12000,144000
20/12/2023,NT-100897,Toko Fiktif 092,8,5000,40000
13/01/2024,NT-100898,Toko Fiktif 092,9,12000,108000
24/01/2024,NT-100899,Toko Fiktif 092,7,40000,280000
24/01/2024,NT-100899,Toko Fiktif 092,1,5000,5000
24/01/2024,NT-100899,Toko Fiktif 092,7,25000,175000
25/03/2024,NT-100900,Toko Fiktif 092,7,5000,35000
25/04/2024,NT-100901,Toko Fiktif 092,10,25000,250000
25/04/2024,NT-100901,Toko Fiktif 092,5,15000,75000
02/09/2023,NT-100902,Toko Fiktif 093,4,5000,20000
02/09/2023,NT-100902,Toko Fiktif 093,8,12000,96000
02/09/2023,NT-100902,Toko Fiktif 093,1,7500,7500
09/09/2023,NT-100903,Toko Fiktif 093,8,15000,120000
21/10/2023,NT-100904,Toko Fiktif 093,4,5000,20000
21/10/2023,NT-100904,Toko Fiktif 093,3,15000,45000
21/10/2023,NT-100904,Toko Fiktif 093,6,25000,150000
09/01/2024,NT-100905,Toko Fiktif 093,2,15000,30000
11/01/2024,NT-100906,Toko Fiktif 093,10,7500,75000
11/01/2024,NT-100906,Toko Fiktif 093,9,15000,135000
12/01/2024,NT-100907,Toko Fiktif 093,3,40000,120000
25/01/2024,NT-100908,Toko Fiktif 093,2,15000,30000
25/01/2024,NT-100908,Toko Fiktif 093,6,40000,240000
25/01/2024,NT-100908,Toko Fiktif 093,3,5000,15000
12/02/2024,NT-100909,Toko Fiktif 093,12,40000,480000
14/03/2024,NT-100910,Toko Fiktif 093,7,7500,52500
14/03/2024,NT-100910,Toko Fiktif 093,6,40000,240000
14/03/2024,NT-100910,Toko Fiktif 093,4,5000,20000
27/03/2024,NT-100911,Toko Fiktif 093,12,40000,480000
27/03/2024,NT-100911,Toko Fiktif 093,6,15000,90000
27/03/2024,NT-100911,Toko Fiktif 093,1,7500,7500
11/04/2024,NT-100912,Toko Fiktif 093,5,5000,25000
03/05/2024,NT-100913,Toko Fiktif 093,11,40000,440000
15/05/2024,NT-100914,Toko Fiktif 093,8,40000,320000
29/11/2023,NT-100915,Toko Fiktif 094,6,12000,72000
13/12/2023,NT-100916,Toko Fiktif 094,1,40000,40000
17/12/2023,NT-100917,Toko Fiktif 094,2,7500,15000
19/12/2023,NT-100918,Toko Fiktif 094,5,12000,60000
21/12/2023,NT-100919,Toko Fiktif 094,11,25000,275000
29/12/2023,NT-100920,Toko Fiktif 094,9,40000,360000
29/12/2023,NT-100920,Toko Fiktif 094,2,12000,24000
29/12/2023,NT-100920,Toko Fiktif 094,8,25000,200000
31/12/2023,NT-100921,Toko Fiktif 094,3,5000,15000
31/12/2023,NT-100921,Toko Fiktif 094,10,7500,75000
31/12/2023,NT-100921,Toko Fiktif 094,5,15000,75000
05/01/2024,NT-100922,Toko Fiktif 094,12,7500,90000
05/01/2024,NT-100922,Toko Fiktif 094,5,25000,125000
14/01/2024,NT-100923,Toko Fiktif 094,12,7500,90000
24/01/2024,NT-100924,Toko Fiktif 094,11,15000,165000
24/01/2024,NT-100924,Toko Fiktif 094,3,40000,120000
24/01/2024,NT-100924,Toko Fiktif 094,12,7500,90000
28/01/2024,NT-100925,Toko Fiktif 094,9,25000,225000
28/01/2024,NT-100925,Toko Fiktif 094,3,15000,45000
29/01/2024,NT-100926,Toko Fiktif 094,3,5000,15000
02/02/2024,NT-100927,Toko Fiktif 094,7,7500,52500
02/02/2024,NT-100927,Toko Fiktif 094,11,25000,275000
02/02/2024,NT-100927,Toko Fiktif 094,6,12000,72000
07/02/2024,NT-100928,Toko Fiktif 094,6,5000,30000
07/02/2024,NT-100928,Toko Fiktif 094,4,25000,100000
07/02/2024,NT-100928,Toko Fiktif 094,5,15000,75000
12/02/2024,NT-100929,Toko Fiktif 094,10,7500,75000
15/02/2024,NT-100930,Toko Fiktif 094,5,40000,200000
18/03/2024,NT-100931,Toko Fiktif 094,10,25000,250000
18/03/2024,NT-100931,Toko Fiktif 094,4,7500,30000
18/03/2024,NT-100931,Toko Fiktif 094,5,15000,75000
29/03/2024,NT-100932,Toko Fiktif 094,8,40000,320000
30/03/2024,NT-100933,Toko Fiktif 094,12,40000,480000
30/03/2024,NT-100933,Toko Fiktif 094,12,12000,144000
30/03/2024,NT-100933,Toko Fiktif 094,7,5000,35000
31/03/2024,NT-100934,Toko Fiktif 094,7,25000,175000
31/03/2024,NT-100934,Toko Fiktif 094,10,15000,150000
05/04/2024,NT-100935,Toko Fiktif 094,9,15000,135000
05/04/2024,NT-100935,Toko Fiktif 094,11,12000,132000
05/04/2024,NT-100935,Toko Fiktif 094,3,25000,75000
18/04/2024,NT-100936,Toko Fiktif 094,10,15000,150000
19/04/2024,NT-100937,Toko Fiktif 094,12,5000,60000
19/04/2024,NT-100937,Toko Fiktif 094,7,15000,105000
02/05/2024,NT-100938,Toko Fiktif 094,4,5000,20000
02/05/2024,NT-100938,Toko Fiktif 094,10,7500,75000
02/05/2024,NT-100938,Toko Fiktif 094,6,40000,240000
11/05/2024,NT-100939,Toko Fiktif 094,6,12000,72000
11/05/2024,NT-100939,Toko Fiktif 094,8,15000,120000
11/05/2024,NT-100939,Toko Fiktif 094,12,7500,90000
24/05/2024,NT-100940,Toko Fiktif 094,6,40000,240000
07/06/2024,NT-100941,Toko Fiktif 094,6,7500,45000
18/06/2024,NT-100942,Toko Fiktif 094,9,5000,45000
18/06/2024,NT-100942,Toko Fiktif 094,10,40000,400000
18/06/2024,NT-100942,Toko Fiktif 094,2,12000,24000
26/06/2024,NT-100943,Toko Fiktif 094,3,12000,36000
26/06/2024,NT-100943,Toko Fiktif 094,10,40000,400000
12/07/2024,NT-100944,Toko Fiktif 094,7,5000,35000
12/07/2024,NT-100944,Toko Fiktif 094,9,25000,225000
20/07/2024,NT-100945,Toko Fiktif 094,5,12000,60000
27/07/2024,NT-100946,Toko Fiktif 094,7,40000,280000
27/07/2024,NT-100946,Toko Fiktif 094,1,7500,7500
27/07/2024,NT-100946,Toko Fiktif 094,9,15000,135000
02/08/2024,NT-100947,Toko Fiktif 094,11,40000,440000
13/08/2024,NT-100948,Toko Fiktif 094,9,40000,360000
13/08/2024,NT-100948,Toko Fiktif 094,5,25000,125000
16/08/2024,NT-100949,Toko Fiktif 094,2,25000,50000
16/08/2024,NT-100949,Toko Fiktif 094,12,12000,144000
16/08/2024,NT-100949,Toko Fiktif 094,8,15000,120000
18/09/2024,NT-100950,Toko Fiktif 094,6,12000,72000
18/09/2024,NT-100950,Toko Fiktif 094,10,7500,75000
01/10/2024,NT-100951,Toko Fiktif 094,1,40000,40000
03/10/2024,NT-100952,Toko Fiktif 094,3,7500,22500
03/10/2024,NT-100952,Toko Fiktif 094,6,25000,150000
13/10/2024,NT-100953,Toko Fiktif 094,7,5000,35000
13/10/2024,NT-100953,Toko Fiktif 094,4,12000,48000
24/10/2024,NT-100954,Toko Fiktif 094,8,25000,200000
24/10/2024,NT-100954,Toko Fiktif 094,11,5000,55000
25/10/2024,NT-100955,Toko Fiktif 094,2,40000,80000
25/10/2024,NT-100955,Toko Fiktif 094,11,5000,55000
30/10/2024,NT-100956,Toko Fiktif 094,4,25000,100000
30/10/2024,NT-100956,Toko Fiktif 094,11,40000,440000
30/10/2024,NT-100956,Toko Fiktif 094,6,15000,90000
02/11/2024,NT-100957,Toko Fiktif 094,3,12000,36000
02/11/2024,NT-100957,Toko Fiktif 094,1,15000,15000
04/11/2024,NT-100958,Toko Fiktif 094,12,12000,144000
07/11/2024,NT-100959,Toko Fiktif 094,4,15000,60000
18/11/2024,NT-100960,Toko Fiktif 094,7,5000,35000
24/11/2024,NT-100961,Toko Fiktif 094,4,15000,60000
24/11/2024,NT-100961,Toko Fiktif 094,9,7500,67500
27/11/2024,NT-100962,Toko Fiktif 094,10,12000,120000
27/11/2024,NT-100962,Toko Fiktif 094,4,5000,20000
29/11/2024,NT-100963,Toko Fiktif 094,9,5000,45000
29/11/2024,NT-100963,Toko Fiktif 094,10,12000,120000
29/11/2024,NT-100963,Toko Fiktif 094,9,40000,360000
13/12/2024,NT-100964,Toko Fiktif 094,5,12000,60000
18/12/2024,NT-100965,Toko Fiktif 094,12,25000,300000
18/12/2024,NT-100965,Toko Fiktif 094,11,5000,55000
28/12/2024,NT-100966,Toko Fiktif 094,7,25000,175000
28/12/2024,NT-100966,Toko Fiktif 094,1,12000,12000
11/02/2023,NT-100967,Toko Fiktif 095,3,40000,120000
12/03/2023,NT-100968,Toko Fiktif 095,12,15000,180000
12/03/2023,NT-100968,Toko Fiktif 095,10,40000,400000
21/04/2023,NT-100969,Toko Fiktif 095,11,12000,132000
21/04/2023,NT-100969,Toko Fiktif 095,1,15000,15000
21/04/2023,NT-100969,Toko Fiktif 095,11,25000,275000
11/05/2023,NT-100970,Toko Fiktif 095,3,25000,75000
11/05/2023,NT-100970,Toko Fiktif 095,4,40000,160000
11/05/2023,NT-100970,Toko Fiktif 095,3,15000,45000
26/05/2023,NT-100971,Toko Fiktif 095,10,5000,50000
26/05/2023,NT-100971,Toko Fiktif 095,2,40000,80000
20/06/2023,NT-100972,Toko Fiktif 095,9,25000,225000
20/06/2023,NT-100972,Toko Fiktif 095,1,15000,15000
25/06/2023,NT-100973,Toko Fiktif 095,11,7500,82500
01/07/2023,NT-100974,Toko Fiktif 095,12,25000,300000
21/07/2023,NT-100975,Toko Fiktif 095,8,5000,40000
21/07/2023,NT-100975,Toko Fiktif 095,5,7500,37500
21/07/2023,NT-100975,Toko Fiktif 095,10,40000,400000
27/07/2023,NT-100976,Toko Fiktif 095,5,12000,60000
27/07/2023,NT-100976,Toko Fiktif 095,7,25000,175000
02/08/2023,NT-100977,Toko Fiktif 095,11,12000,132000
02/08/2023,NT-100977,Toko Fiktif 095,12,25000,300000
04/09/2023,NT-100978,Toko Fiktif 095,9,7500,67500
04/09/2023,NT-100978,Toko Fiktif 095,9,5000,45000
30/09/2023,NT-100979,Toko Fiktif 095,11,12000,132000
30/09/2023,NT-100979,Toko Fiktif 095,1,5000,5000
30/09/2023,NT-100979,Toko Fiktif 095,3,25000,75000
07/10/2023,NT-100980,Toko Fiktif 095,7,15000,105000
07/10/2023,NT-100980,Toko Fiktif 095,7,40000,280000
07/10/2023,NT-100980,Toko Fiktif 095,4,25000,100000
17/10/2023,NT-100981,Toko Fiktif 095,1,7500,7500
17/10/2023,NT-100981,Toko Fiktif 095,4,25000,100000
17/10/2023,NT-100981,Toko Fiktif 095,6,15000,90000
20/11/2023,NT-100982,Toko Fiktif 096,5,25000,125000
20/11/2023,NT-100982,Toko Fiktif 096,1,40000,40000
29/12/2023,NT-100983,Toko Fiktif 096,3,15000,45000
29/12/2023,NT-100983,Toko Fiktif 096,1,12000,12000
29/12/2023,NT-100983,Toko Fiktif 096,10,25000,250000
11/01/2024,NT-100984,Toko Fiktif 096,4,5000,20000
11/01/2024,NT-100984,Toko Fiktif 096,4,40000,160000
15/01/2024,NT-100985,Toko Fiktif 096,5,7500,37500
15/01/2024,NT-100985,Toko Fiktif 096,4,40000,160000
16/01/2024,NT-100986,Toko Fiktif 096,3,40000,120000
16/01/2024,NT-100986,Toko Fiktif 096,11,25000,275000
16/01/2024,NT-100986,Toko Fiktif 096,9,12000,108000
17/01/2024,NT-100987,Toko Fiktif 096,1,25000,25000
25/01/2024,NT-100988,Toko Fiktif 096,8,7500,60000
25/01/2024,NT-100988,Toko Fiktif 096,6,15000,90000
25/02/2024,NT-100989,Toko Fiktif 096,2,40000,80000
25/02/2024,NT-100989,Toko Fiktif 096,10,15000,150000
25/02/2024,NT-100989,Toko Fiktif 096,2,5000,10000
26/02/2024,NT-100990,Toko Fiktif 096,3,40000,120000
24/03/2024,NT-100991,Toko Fiktif 096,7,15000,105000
24/03/2024,NT-100991,Toko Fiktif 096,11,40000,440000
24/03/2024,NT-100991,Toko Fiktif 096,3,7500,22500
08/05/2024,NT-100992,Toko Fiktif 096,3,12000,36000
17/05/2024,NT-100993,Toko Fiktif 096,10,5000,50000
13/06/2024,NT-100994,Toko Fiktif 096,8,5000,40000
13/06/2024,NT-100994,Toko Fiktif 096,9,15000,135000
13/06/2024,NT-100994,Toko Fiktif 096,1,12000,12000
14/06/2024,NT-100995,Toko Fiktif 096,11,15000,165000
17/06/2024,NT-100996,Toko Fiktif 096,10,7500,75000
17/06/2024,NT-100996,Toko Fiktif 096,8,15000,120000
23/06/2024,NT-100997,Toko Fiktif 096,12,40000,480000
04/07/2024,NT-100998,Toko Fiktif 096,6,7500,45000
04/07/2024,NT-100998,Toko Fiktif 096,1,15000,15000
29/07/2024,NT-100999,Toko Fiktif 096,10,25000,250000
02/09/2024,NT-101000,Toko Fiktif 096,7,25000,175000
02/09/2024,NT-101000,Toko Fiktif 096,4,12000,48000
02/09/2024,NT-101000,Toko Fiktif 096,2,5000,10000
12/09/2024,NT-101001,Toko Fiktif 096,4,40000,160000
12/09/2024,NT-101001,Toko Fiktif 096,8,15000,120000
27/09/2024,NT-101002,Toko Fiktif 096,11,40000,440000
16/12/2024,NT-101003,Toko Fiktif 096,1,40000,40000
31/05/2023,NT-101004,Toko Fiktif 097,1,7500,7500
31/05/2023,NT-101004,Toko Fiktif 097,9,15000,135000
08/09/2023,NT-101005,Toko Fiktif 097,5,12000,60000
05/11/2024,NT-101006,Toko Fiktif 098,2,40000,80000
05/11/2024,NT-101006,Toko Fiktif 098,12,15000,180000
05/11/2024,NT-101006,Toko Fiktif 098,5,25000,125000
21/06/2023,NT-101007,Toko Fiktif 099,6,5000,30000
21/06/2023,NT-101007,Toko Fiktif 099,8,7500,60000
23/11/2023,NT-101008,Toko Fiktif 099,11,5000,55000
28/12/2023,NT-101009,Toko Fiktif 099,7,7500,52500
28/12/2023,NT-101009,Toko Fiktif 099,5,40000,200000
14/01/2024,NT-101010,Toko Fiktif 099,1,5000,5000
14/01/2024,NT-101010,Toko Fiktif 099,2,15000,30000
14/01/2024,NT-101010,Toko Fiktif 099,9,40000,360000
13/03/2024,NT-101011,Toko Fiktif 099,11,40000,440000
13/03/2024,NT-101011,Toko Fiktif 099,3,12000,36000
13/03/2024,NT-101011,Toko Fiktif 099,1,5000,5000
02/07/2024,NT-101012,Toko Fiktif 099,1,7500,7500
02/07/2024,NT-101012,Toko Fiktif 099,5,25000,125000
21/07/2024,NT-101013,Toko Fiktif 099,1,12000,12000
21/07/2024,NT-101013,Toko Fiktif 099,1,40000,40000
21/07/2024,NT-101013,Toko Fiktif 099,8,7500,60000
13/09/2024,NT-101014,Toko Fiktif 099,12,15000,180000
08/10/2024,NT-101015,Toko Fiktif 099,10,5000,50000
08/10/2024,NT-101015,Toko Fiktif 099,9,12000,108000
08/10/2024,NT-101015,Toko Fiktif 099,4,40000,160000
10/10/2024,NT-101016,Toko Fiktif 099,4,5000,20000
27/10/2024,NT-101017,Toko Fiktif 099,7,15000,105000
31/01/2024,NT-101018,Toko Fiktif 100,11,15000,165000
31/01/2024,NT-101018,Toko Fiktif 100,5,25000,125000
22/09/2023,NT-101019,Toko Fiktif 101,3,40000,120000
22/09/2023,NT-101019,Toko Fiktif 101,11,5000,55000
22/09/2023,NT-101019,Toko Fiktif 101,10,7500,75000
12/02/2024,NT-101020,Toko Fiktif 102,6,25000,150000
12/02/2024,NT-101020,Toko Fiktif 102,4,40000,160000
04/04/2024,NT-101021,Toko Fiktif 102,11,40000,440000
25/05/2024,NT-101022,Toko Fiktif 102,7,25000,175000
25/05/2024,NT-101022,Toko Fiktif 102,8,5000,40000
07/06/2024,NT-101023,Toko Fiktif 102,1,5000,5000
20/11/2023,NT-101024,Toko Fiktif 103,7,40000,280000
20/11/2023,NT-101024,Toko Fiktif 103,5,15000,75000
20/11/2023,NT-101024,Toko Fiktif 103,8,12000,96000
09/12/2023,NT-101025,Toko Fiktif 103,1,40000,40000
09/12/2023,NT-101025,Toko Fiktif 103,7,15000,105000
21/12/2023,NT-101026,Toko Fiktif 103,10,7500,75000
28/01/2024,NT-101027,Toko Fiktif 103,6,25000,150000
28/01/2024,NT-101027,Toko Fiktif 103,1,12000,12000
12/02/2024,NT-101028,Toko Fiktif 103,3,40000,120000
12/02/2024,NT-101028,Toko Fiktif 103,1,7500,7500
22/02/2024,NT-101029,Toko Fiktif 103,3,7500,22500
23/02/2024,NT-101030,Toko Fiktif 103,5,25000,125000
23/02/2024,NT-101030,Toko Fiktif 103,8,15000,120000
23/02/2024,NT-101030,Toko Fiktif 103,4,40000,160000
26/02/2023,NT-101031,Toko Fiktif 104,12,25000,300000
26/02/2023,NT-101031,Toko Fiktif 104,7,7500,52500
04/03/2023,NT-101032,Toko Fiktif 104,9,40000,360000
04/03/2023,NT-101032,Toko Fiktif 104,7,7500,52500
07/03/2023,NT-101033,Toko Fiktif 104,10,15000,150000
27/03/2023,NT-101034,Toko Fiktif 104,12,5000,60000
28/03/2023,NT-101035,Toko Fiktif 104,10,15000,150000
28/03/2023,NT-101035,Toko Fiktif 104,10,12000,120000
28/03/2023,NT-101035,Toko Fiktif 104,4,25000,100000
14/04/2023,NT-101036,Toko Fiktif 104,8,12000,96000
14/04/2023,NT-101036,Toko Fiktif 104,5,40000,200000
14/04/2023,NT-101036,Toko Fiktif 104,11,5000,55000
09/05/2023,NT-101037,Toko Fiktif 104,9,7500,67500
09/05/2023,NT-101037,Toko Fiktif 104,6,5000,30000
11/05/2023,NT-101038,Toko Fiktif 104,2,5000,10000
12/05/2023,NT-101039,Toko Fiktif 104,3,15000,45000
19/05/2023,NT-101040,Toko Fiktif 104,9,7500,67500
21/05/2023,NT-101041,Toko Fiktif 104,3,25000,75000
21/05/2023,NT-101041,Toko Fiktif 104,9,5000,45000
24/05/2023,NT-101042,Toko Fiktif 104,12,12000,144000
24/05/2023,NT-101042,Toko Fiktif 104,12,7500,90000
24/05/2023,NT-101042,Toko Fiktif 104,10,5000,50000
02/06/2023,NT-101043,Toko Fiktif 104,8,15000,120000
02/06/2023,NT-101043,Toko Fiktif 104,2,25000,50000
15/06/2023,NT-101044,Toko Fiktif 104,6,12000,72000
15/06/2023,NT-101044,Toko Fiktif 104,5,5000,25000
15/06/2023,NT-101044,Toko Fiktif 104,2,40000,80000
21/06/2023,NT-101045,Toko Fiktif 104,11,12000,132000
01/07/2023,NT-101046,Toko Fiktif 104,11,25000,275000
01/07/2023,NT-101046,Toko Fiktif 104,9,40000,360000
02/07/2023,NT-101047,Toko Fiktif 104,10,5000,50000
02/07/2023,NT-101047,Toko Fiktif 104,8,15000,120000
02/07/2023,NT-101047,Toko Fiktif 104,5,40000,200000
17/07/2023,NT-101048,Toko Fiktif 104,6,40000,240000
17/07/2023,NT-101048,Toko Fiktif 104,7,12000,84000
18/07/2023,NT-101049,Toko Fiktif 104,4,15000,60000
19/07/2023,NT-101050,Toko Fiktif 104,2,12000,24000
21/07/2023,NT-101051,Toko Fiktif 104,7,40000,280000
21/07/2023,NT-101051,Toko Fiktif 104,7,15000,105000
26/07/2023,NT-101052,Toko Fiktif 104,8,25000,200000
26/07/2023,NT-101052,Toko Fiktif 104,7,40000,280000
26/07/2023,NT-101052,Toko Fiktif 104,6,12000,72000
28/07/2023,NT-101053,Toko Fiktif 104,9,15000,135000
13/08/2023,NT-101054,Toko Fiktif 104,11,15000,165000
15/08/2023,NT-101055,Toko Fiktif 104,9,12000,108000
15/08/2023,NT-101055,Toko Fiktif 104,3,25000,75000
28/08/2023,NT-101056,Toko Fiktif 104,12,7500,90000
12/09/2023,NT-101057,Toko Fiktif 104,10,40000,400000
12/09/2023,NT-101057,Toko Fiktif 104,5,12000,60000
12/09/2023,NT-101057,Toko Fiktif 104,5,7500,37500
16/09/2023,NT-101058,Toko Fiktif 104,1,7500,7500
16/09/2023,NT-101058,Toko Fiktif 104,6,12000,72000
16/09/2023,NT-101058,Toko Fiktif 104,6,25000,150000
30/09/2023,NT-101059,Toko Fiktif 104,6,12000,72000
10/10/2023,NT-101060,Toko Fiktif 104,4,25000,100000
10/10/2023,NT-101060,Toko Fiktif 104,11,15000,165000
14/10/2023,NT-101061,Toko Fiktif 104,3,15000,45000
24/10/2023,NT-101062,Toko Fiktif 104,4,25000,100000
24/10/2023,NT-101062,Toko Fiktif 104,11,7500,82500
24/10/2023,NT-101062,Toko Fiktif 104,1,5000,5000
31/10/2023,NT-101063,Toko Fiktif 104,3,40000,120000
31/10/2023,NT-101063,Toko Fiktif 104,12,5000,60000
02/11/2023,NT-101064,Toko Fiktif 104,2,25000,50000
02/11/2023,NT-101064,Toko Fiktif 104,2,7500,15000
25/11/2023,NT-101065,Toko Fiktif 104,9,40000,360000
01/12/2023,NT-101066,Toko Fiktif 104,8,15000,120000
01/12/2023,NT-101066,Toko Fiktif 104,6,25000,150000
01/12/2023,NT-101066,Toko Fiktif 104,1,7500,7500
13/12/2023,NT-101067,Toko Fiktif 104,7,15000,105000
17/12/2023,NT-101068,Toko Fiktif 104,7,12000,84000
17/12/2023,NT-101068,Toko Fiktif 104,8,40000,320000
17/12/2023,NT-101068,Toko Fiktif 104,9,5000,45000
24/12/2023,NT-101069,Toko Fiktif 104,9,25000,225000
24/12/2023,NT-101069,Toko Fiktif 104,8,40000,320000
26/12/2023,NT-101070,Toko Fiktif 104,2,15000,30000
29/12/2023,NT-101071,Toko Fiktif 104,1,40000,40000
29/12/2023,NT-101071,Toko Fiktif 104,9,15000,135000
07/01/2024,NT-101072,Toko Fiktif 104,11,25000,275000
07/01/2024,NT-101072,Toko Fiktif 104,6,7500,45000
07/01/2024,NT-101072,Toko Fiktif 104,9,15000,135000
20/01/2024,NT-101073,Toko Fiktif 104,7,15000,105000
20/01/2024,NT-101073,Toko Fiktif 104,5,7500,37500
20/01/2024,NT-101073,Toko Fiktif 104,1,5000,5000
14/02/2024,NT-101074,Toko Fiktif 104,3,7500,22500
14/02/2024,NT-101074,Toko Fiktif 104,2,25000,50000
19/02/2024,NT-101075,Toko Fiktif 104,10,15000,150000
20/02/2024,NT-101076,Toko Fiktif 104,9,25000,225000
20/02/2024,NT-101076,Toko Fiktif 104,2,15000,30000
20/02/2024,NT-101076,Toko Fiktif 104,10,12000,120000
22/02/2024,NT-101077,Toko Fiktif 104,5,7500,37500
24/02/2024,NT-101078,Toko Fiktif 104,8,5000,40000
24/02/2024,NT-101078,Toko Fiktif 104,7,7500,52500
24/02/2024,NT-101078,Toko Fiktif 104,5,12000,60000
15/03/2024,NT-101079,Toko Fiktif 104,12,25000,300000
15/03/2024,NT-101079,Toko Fiktif 104,8,7500,60000
15/03/2024,NT-101079,Toko Fiktif 104,5,5000,25000
18/03/2024,NT-101080,Toko Fiktif 104,4,15000,60000
21/03/2024,NT-101081,Toko Fiktif 104,7,12000,84000
21/03/2024,NT-101081,Toko Fiktif 104,4,40000,160000
21/03/2024,NT-101081,Toko Fiktif 104,1,7500,7500
07/04/2024,NT-101082,Toko Fiktif 104,9,5000,45000
12/04/2024,NT-101083,Toko Fiktif 104,11,7500,82500
15/04/2024,NT-101084,Toko Fiktif 104,8,25000,200000
15/04/2024,NT-101084,Toko Fiktif 104,3,15000,45000
16/04/2024,NT-101085,Toko Fiktif 104,1,15000,15000
16/04/2024,NT-101085,Toko Fiktif 104,4,40000,160000
17/04/2024,NT-101086,Toko Fiktif 104,4,7500,30000
17/04/2024,NT-101086,Toko Fiktif 104,11,15000,165000
19/04/2024,NT-101087,Toko Fiktif 104,1,5000,5000
19/04/2024,NT-101087,Toko Fiktif 104,6,7500,45000
19/04/2024,NT-101087,Toko Fiktif 104,2,15000,30000
21/04/2024,NT-101088,Toko Fiktif 104,11,40000,440000
25/04/2024,NT-101089,Toko Fiktif 104,5,40000,200000
25/04/2024,NT-101089,Toko Fiktif 104,12,15000,180000
25/04/2024,NT-101089,Toko Fiktif 104,2,5000,10000
01/05/2024,NT-101090,Toko Fiktif 104,1,5000,5000
01/05/2024,NT-101090,Toko Fiktif 104,3,40000,120000
03/05/2024,NT-101091,Toko Fiktif 104,12,5000,60000
03/05/2024,NT-101091,Toko Fiktif 104,7,40000,280000
09/05/2024,NT-101092,Toko Fiktif 104,5,25000,125000
09/05/2024,NT-101092,Toko Fiktif 104,2,5000,10000
09/05/2024,NT-101092,Toko Fiktif 104,4,12000,48000
13/05/2024,NT-101093,Toko Fiktif 104,5,15000,75000
13/05/2024,NT-101093,Toko Fiktif 104,7,12000,84000
13/05/2024,NT-101093,Toko Fiktif 104,12,5000,60000
24/05/2024,NT-101094,Toko Fiktif 104,12,5000,60000
24/05/2024,NT-101094,Toko Fiktif 104,9,40000,360000
29/05/2024,NT-101095,Toko Fiktif 104,5,12000,60000
29/05/2024,NT-101095,Toko Fiktif 104,8,7500,60000
03/06/2024,NT-101096,Toko Fiktif 104,8,25000,200000
03/06/2024,NT-101096,Toko Fiktif 104,12,15000,180000
03/06/2024,NT-101096,Toko Fiktif 104,11,5000,55000
06/06/2024,NT-101097,Toko Fiktif 104,7,7500,52500
06/06/2024,NT-101097,Toko Fiktif 104,5,15000,75000
10/06/2024,NT-101098,Toko Fiktif 104,2,12000,24000
10/06/2024,NT-101098,Toko Fiktif 104,12,5000,60000
13/06/2024,NT-101099,Toko Fiktif 104,6,15000,90000
15/06/2024,NT-101100,Toko Fiktif 104,12,40000,480000
15/06/2024,NT-101100,Toko Fiktif 104,9,12000,108000
21/06/2024,NT-101101,Toko Fiktif 104,11,12000,132000
21/06/2024,NT-101101,Toko Fiktif 104,6,25000,150000
21/06/2024,NT-101101,Toko Fiktif 104,10,5000,50000
24/06/2024,NT-101102,Toko Fiktif 104,2,25000,50000
27/06/2024,NT-101103,Toko Fiktif 104,10,7500,75000
27/06/2024,NT-101103,Toko Fiktif 104,5,40000,200000
27/06/2024,NT-101103,Toko Fiktif 104,4,12000,48000
17/07/2024,NT-101104,Toko Fiktif 104,12,15000,180000
17/07/2024,NT-101104,Toko Fiktif 104,11,7500,82500
24/07/2024,NT-101105,Toko Fiktif 104,6,7500,45000
24/07/2024,NT-101105,Toko Fiktif 104,2,40000,80000
28/07/2024,NT-101106,Toko Fiktif 104,3,12000,36000
28/07/2024,NT-101106,Toko Fiktif 104,12,5000,60000
28/07/2024,NT-101106,Toko Fiktif 104,7,25000,175000
04/08/2024,NT-101107,Toko Fiktif 104,7,5000,35000
04/08/2024,NT-101107,Toko Fiktif 104,7,15000,105000
04/08/2024,NT-101107,Toko Fiktif 104,9,12000,108000
15/08/2024,NT-101108,Toko Fiktif 104,9,40000,360000
15/08/2024,NT-101108,Toko Fiktif 104,1,15000,15000
15/08/2024,NT-101108,Toko Fiktif 104,9,25000,225000
08/09/2024,NT-101109,Toko Fiktif 104,7,15000,105000
08/09/2024,NT-101109,Toko Fiktif 104,6,40000,240000
13/09/2024,NT-101110,Toko Fiktif 104,11,5000,55000
13/09/2024,NT-101110,Toko Fiktif 104,1,40000,40000
14/09/2024,NT-101111,Toko Fiktif 104,9,15000,135000
19/09/2024,NT-101112,Toko Fiktif 104,5,7500,37500
19/09/2024,NT-101112,Toko Fiktif 104,5,12000,60000
19/09/2024,NT-101112,Toko Fiktif 104,12,5000,60000
20/09/2024,NT-101113,Toko Fiktif 104,9,40000,360000
11/10/2024,NT-101114,Toko Fiktif 104,12,15000,180000
11/10/2024,NT-101114,Toko Fiktif 104,1,7500,7500
11/10/2024,NT-101114,Toko Fiktif 104,6,25000,150000
12/10/2024,NT-101115,Toko Fiktif 104,10,7500,75000
13/10/2024,NT-101116,Toko Fiktif 104,12,25000,300000
27/10/2024,NT-101117,Toko Fiktif 104,6,5000,30000
27/10/2024,NT-101117,Toko Fiktif 104,3,12000,36000
27/10/2024,NT-101117,Toko Fiktif 104,12,25000,300000
31/10/2024,NT-101118,Toko Fiktif 104,8,40000,320000
31/10/2024,NT-101118,Toko Fiktif 104,6,12000,72000
31/10/2024,NT-101118,Toko Fiktif 104,10,15000,150000
05/11/2024,NT-101119,Toko Fiktif 104,7,7500,52500
05/11/2024,NT-101119,Toko Fiktif 104,7,12000,84000
05/11/2024,NT-101119,Toko Fiktif 104,12,25000,300000
09/11/2024,NT-101120,Toko Fiktif 104,10,7500,75000
25/11/2024,NT-101121,Toko Fiktif 104,7,40000,280000
25/11/2024,NT-101121,Toko Fiktif 104,4,12000,48000
25/11/2024,NT-101121,Toko Fiktif 104,4,25000,100000
01/12/2024,NT-101122,Toko Fiktif 104,7,25000,175000
01/12/2024,NT-101122,Toko Fiktif 104,12,7500,90000
05/12/2024,NT-101123,Toko Fiktif 104,7,25000,175000
05/12/2024,NT-101123,Toko Fiktif 104,6,15000,90000
06/12/2024,NT-101124,Toko Fiktif 104,9,40000,360000
06/12/2024,NT-101124,Toko Fiktif 104,11,25000,275000
24/12/2024,NT-101125,Toko Fiktif 104,5,40000,200000
24/12/2024,NT-101125,Toko Fiktif 104,5,7500,37500
24/12/2024,NT-101125,Toko Fiktif 104,1,25000,25000
26/12/2024,NT-101126,Toko Fiktif 104,6,5000,30000
04/03/2024,NT-101127,Toko Fiktif 105,5,40000,200000
04/03/2024,NT-101127,Toko Fiktif 105,3,12000,36000
17/05/2024,NT-101128,Toko Fiktif 106,4,15000,60000
16/11/2023,NT-101129,Toko Fiktif 107,10,25000,250000
10/01/2024,NT-101130,Toko Fiktif 107,3,5000,15000
03/02/2024,NT-101131,Toko Fiktif 107,7,5000,35000
03/02/2024,NT-101131,Toko Fiktif 107,12,25000,300000
12/03/2024,NT-101132,Toko Fiktif 107,6,15000,90000
12/03/2024,NT-101132,Toko Fiktif 107,10,25000,250000
26/03/2024,NT-101133,Toko Fiktif 107,6,5000,30000
26/03/2024,NT-101133,Toko Fiktif 107,7,7500,52500
17/04/2024,NT-101134,Toko Fiktif 107,6,15000,90000
17/04/2024,NT-101134,Toko Fiktif 107,5,7500,37500
15/05/2024,NT-101135,Toko Fiktif 107,4,25000,100000
15/05/2024,NT-101135,Toko Fiktif 107,10,7500,75000
15/05/2024,NT-101135,Toko Fiktif 107,1,12000,12000
30/05/2024,NT-101136,Toko Fiktif 107,3,15000,45000
18/07/2024,NT-101137,Toko Fiktif 107,3,12000,36000
18/07/2024,NT-101137,Toko Fiktif 107,7,15000,105000
18/07/2024,NT-101137,Toko Fiktif 107,11,25000,275000
24/09/2024,NT-101138,Toko Fiktif 107,7,5000,35000
30/09/2024,NT-101139,Toko Fiktif 107,5,15000,75000
30/09/2024,NT-101139,Toko Fiktif 107,11,40000,440000
21/11/2024,NT-101140,Toko Fiktif 107,4,12000,48000
23/11/2024,NT-101141,Toko Fiktif 107,11,12000,132000
23/11/2024,NT-101141,Toko Fiktif 107,6,7500,45000
23/11/2024,NT-101141,Toko Fiktif 107,2,5000,10000
30/11/2024,NT-101142,Toko Fiktif 107,10,7500,75000
30/11/2024,NT-101142,Toko Fiktif 107,7,15000,105000
24/12/2024,NT-101143,Toko Fiktif 107,6,25000,150000
24/12/2024,NT-101143,Toko Fiktif 107,4,12000,48000
23/03/2024,NT-101144,Toko Fiktif 108,6,5000,30000
14/05/2024,NT-101145,Toko Fiktif 108,8,25000,200000
14/05/2024,NT-101145,Toko Fiktif 108,10,12000,120000
22/05/2024,NT-101146,Toko Fiktif 108,9,25000,225000
22/05/2024,NT-101146,Toko Fiktif 108,7,7500,52500
31/05/2024,NT-101147,Toko Fiktif 108,11,15000,165000
04/06/2024,NT-101148,Toko Fiktif 108,10,5000,50000
04/06/2024,NT-101148,Toko Fiktif 108,6,7500,45000
27/06/2024,NT-101149,Toko Fiktif 108,11,15000,165000
27/06/2024,NT-101149,Toko Fiktif 108,12,7500,90000
27/06/2024,NT-101149,Toko Fiktif 108,6,40000,240000
11/07/2024,NT-101150,Toko Fiktif 108,8,40000,320000
18/09/2024,NT-101151,Toko Fiktif 108,1,15000,15000
31/10/2024,NT-101152,Toko Fiktif 108,6,12000,72000
15/11/2024,NT-101153,Toko Fiktif 108,12,25000,300000
15/11/2024,NT-101153,Toko Fiktif 108,9,12000,108000
28/11/2024,NT-101154,Toko Fiktif 108,4,25000,100000
23/12/2024,NT-101155,Toko Fiktif 108,11,7500,82500
23/12/2024,NT-101155,Toko Fiktif 108,9,15000,135000
30/09/2023,NT-101156,Toko Fiktif 109,4,12000,48000
02/11/2023,NT-101157,Toko Fiktif 109,2,25000,50000
02/11/2023,NT-101157,Toko Fiktif 109,10,12000,120000
02/11/2023,NT-101157,Toko Fiktif 109,2,15000,30000
10/11/2023,NT-101158,Toko Fiktif 109,6,7500,45000
10/11/2023,NT-101158,Toko Fiktif 109,3,15000,45000
10/11/2023,NT-101158,Toko Fiktif 109,6,25000,150000
10/01/2024,NT-101159,Toko Fiktif 109,10,7500,75000
10/01/2024,NT-101159,Toko Fiktif 109,3,12000,36000
10/01/2024,NT-101159,Toko Fiktif 109,4,15000,60000
12/02/2024,NT-101160,Toko Fiktif 110,4,40000,160000
12/02/2024,NT-101160,Toko Fiktif 110,5,12000,60000
19/03/2024,NT-101161,Toko Fiktif 110,9,15000,135000
19/03/2024,NT-101161,Toko Fiktif 110,7,12000,84000
19/03/2024,NT-101161,Toko Fiktif 110,12,25000,300000
03/06/2024,NT-101162,Toko Fiktif 110,9,12000,108000
15/06/2024,NT-101163,Toko Fiktif 110,11,15000,165000
05/07/2024,NT-101164,Toko Fiktif 110,5,25000,125000
21/07/2024,NT-101165,Toko Fiktif 110,11,5000,55000
21/07/2024,NT-101165,Toko Fiktif 110,11,25000,275000
21/07/2024,NT-101165,Toko Fiktif 110,1,12000,12000
02/09/2024,NT-101166,Toko Fiktif 110,3,5000,15000
02/09/2024,NT-101166,Toko Fiktif 110,8,7500,60000
03/05/2023,NT-101167,Toko Fiktif 111,3,25000,75000
03/05/2023,NT-101167,Toko Fiktif 111,9,15000,135000
03/05/2023,NT-101167,Toko Fiktif 111,9,7500,67500
02/06/2023,NT-101168,Toko Fiktif 111,4,25000,100000
02/06/2023,NT-101168,Toko Fiktif 111,12,15000,180000
12/06/2023,NT-101169,Toko Fiktif 111,9,5000,45000
12/06/2023,NT-101169,Toko Fiktif 111,9,15000,135000
12/06/2023,NT-101169,Toko Fiktif 111,8,40000,320000
23/06/2023,NT-101170,Toko Fiktif 111,7,25000,175000
06/08/2023,NT-101171,Toko Fiktif 111,5,7500,37500
06/08/2023,NT-101171,Toko Fiktif 111,8,5000,40000
27/08/2023,NT-101172,Toko Fiktif 111,9,40000,360000
27/08/2023,NT-101172,Toko Fiktif 111,8,25000,200000
23/09/2023,NT-101173,Toko Fiktif 111,6,40000,240000
23/09/2023,NT-101173,Toko Fiktif 111,4,12000,48000
10/10/2023,NT-101174,Toko Fiktif 111,12,15000,180000
10/10/2023,NT-101174,Toko Fiktif 111,10,25000,250000
18/11/2023,NT-101175,Toko Fiktif 111,7,5000,35000
18/11/2023,NT-101175,Toko Fiktif 111,3,12000,36000
21/01/2024,NT-101176,Toko Fiktif 111,6,40000,240000
26/04/2024,NT-101177,Toko Fiktif 111,8,5000,40000
26/04/2024,NT-101177,Toko Fiktif 111,6,7500,45000
26/04/2024,NT-101177,Toko Fiktif 111,5,12000,60000
29/05/2024,NT-101178,Toko Fiktif 111,4,7500,30000
13/06/2024,NT-101179,Toko Fiktif 111,11,40000,440000
13/06/2024,NT-101179,Toko Fiktif 111,5,15000,75000
13/06/2024,NT-101179,Toko Fiktif 111,4,7500,30000
18/06/2024,NT-101180,Toko Fiktif 111,1,12000,12000
18/06/2024,NT-101180,Toko Fiktif 111,4,5000,20000
18/06/2024,NT-101180,Toko Fiktif 111,2,15000,30000
20/06/2024,NT-101181,Toko Fiktif 111,3,7500,22500
20/06/2024,NT-101181,Toko Fiktif 111,1,25000,25000
17/09/2024,NT-101182,Toko Fiktif 111,7,12000,84000
17/09/2024,NT-101182,Toko Fiktif 111,11,7500,82500
17/09/2024,NT-101182,Toko Fiktif 111,6,25000,150000
26/10/2024,NT-101183,Toko Fiktif 111,10,7500,75000
10/11/2024,NT-101184,Toko Fiktif 111,11,40000,440000
10/11/2024,NT-101184,Toko Fiktif 111,1,5000,5000
10/11/2024,NT-101184,Toko Fiktif 111,9,7500,67500
08/12/2024,NT-101185,Toko Fiktif 111,11,25000,275000
08/12/2024,NT-101185,Toko Fiktif 111,6,12000,72000
08/12/2024,NT-101185,Toko Fiktif 111,2,5000,10000
09/08/2023,NT-101186,Toko Fiktif 112,3,7500,22500
09/08/2023,NT-101186,Toko Fiktif 112,11,25000,275000
09/08/2023,NT-101186,Toko Fiktif 112,8,12000,96000
21/08/2023,NT-101187,Toko Fiktif 112,12,25000,300000
21/08/2023,NT-101187,Toko Fiktif 112,4,12000,48000
21/08/2023,NT-101187,Toko Fiktif 112,11,5000,55000
25/09/2023,NT-101188,Toko Fiktif 112,7,12000,84000
06/10/2023,NT-101189,Toko Fiktif 112,1,15000,15000
06/10/2023,NT-101189,Toko Fiktif 112,12,25000,300000
06/10/2023,NT-101189,Toko Fiktif 112,7,5000,35000
14/10/2023,NT-101190,Toko Fiktif 112,4,7500,30000
14/10/2023,NT-101190,Toko Fiktif 112,9,12000,108000
14/10/2023,NT-101190,Toko Fiktif 112,9,5000,45000
23/10/2023,NT-101191,Toko Fiktif 112,8,5000,40000
26/10/2023,NT-101192,Toko Fiktif 112,3,7500,22500
26/10/2023,NT-101192,Toko Fiktif 112,4,15000,60000
04/11/2023,NT-101193,Toko Fiktif 112,11,5000,55000
04/11/2023,NT-101193,Toko Fiktif 112,6,7500,45000
04/11/2023,NT-101193,Toko Fiktif 112,2,15000,30000
19/11/2023,NT-101194,Toko Fiktif 112,6,5000,30000
19/11/2023,NT-101194,Toko Fiktif 112,8,25000,200000
19/11/2023,NT-101194,Toko Fiktif 112,3,12000,36000
22/11/2023,NT-101195,Toko Fiktif 112,12,25000,300000
12/12/2023,NT-101196,Toko Fiktif 112,10,7500,75000
12/12/2023,NT-101196,Toko Fiktif 112,12,25000,300000
12/12/2023,NT-101196,Toko Fiktif 112,5,12000,60000
13/12/2023,NT-101197,Toko Fiktif 112,3,40000,120000
13/12/2023,NT-101197,Toko Fiktif 112,5,12000,60000
17/12/2023,NT-101198,Toko Fiktif 112,7,40000,280000
17/12/2023,NT-101198,Toko Fiktif 112,2,25000,50000
19/12/2023,NT-101199,Toko Fiktif 112,2,40000,80000
19/12/2023,NT-101199,Toko Fiktif 112,9,25000,225000
20/12/2023,NT-101200,Toko Fiktif 112,11,12000,132000
20/12/2023,NT-101200,Toko Fiktif 112,10,40000,400000
17/01/2024,NT-101201,Toko Fiktif 112,12,15000,180000
17/01/2024,NT-101201,Toko Fiktif 112,4,25000,100000
17/01/2024,NT-101201,Toko Fiktif 112,6,12000,72000
20/01/2024,NT-101202,Toko Fiktif 112,11,25000,275000
20/01/2024,NT-101202,Toko Fiktif 112,10,15000,150000
26/01/2024,NT-101203,Toko Fiktif 112,4,5000,20000
26/01/2024,NT-101203,Toko Fiktif 112,3,40000,120000
26/01/2024,NT-101203,Toko Fiktif 112,9,12000,108000
03/02/2024,NT-101204,Toko Fiktif 112,9,5000,45000
03/02/2024,NT-101204,Toko Fiktif 112,10,7500,75000
05/02/2024,NT-101205,Toko Fiktif 112,7,5000,35000
08/02/2024,NT-101206,Toko Fiktif 112,1,7500,7500
08/02/2024,NT-101206,Toko Fiktif 112,4,15000,60000
08/02/2024,NT-101206,Toko Fiktif 112,2,5000,10000
11/02/2024,NT-101207,Toko Fiktif 112,3,25000,75000
14/02/2024,NT-101208,Toko Fiktif 112,2,7500,15000
19/02/2024,NT-101209,Toko Fiktif 112,5,25000,125000
19/02/2024,NT-101209,Toko Fiktif 112,1,7500,7500
22/02/2024,NT-101210,Toko Fiktif 112,4,15000,60000
22/02/2024,NT-101210,Toko Fiktif 112,9,5000,45000
22/02/2024,NT-101210,Toko Fiktif 112,12,12000,144000
06/03/2024,NT-101211,Toko Fiktif 112,11,12000,132000
12/03/2024,NT-101212,Toko Fiktif 112,11,12000,132000
16/03/2024,NT-101213,Toko Fiktif 112,1,40000,40000
16/03/2024,NT-101213,Toko Fiktif 112,1,15000,15000
16/03/2024,NT-101213,Toko Fiktif 112,8,12000,96000
18/03/2024,NT-101214,Toko Fiktif 112,4,12000,48000
18/03/2024,NT-101214,Toko Fiktif 112,6,15000,90000
18/03/2024,NT-101214,Toko Fiktif 112,2,25000,50000
29/03/2024,NT-101215,Toko Fiktif 112,9,40000,360000
02/04/2024,NT-101216,Toko Fiktif 112,4,7500,30000
06/04/2024,NT-101217,Toko Fiktif 112,11,25000,275000
01/05/2024,NT-101218,Toko Fiktif 112,7,7500,52500
01/05/2024,NT-101218,Toko Fiktif 112,7,5000,35000
01/05/2024,NT-101218,Toko Fiktif 112,11,40000,440000
02/05/2024,NT-101219,Toko Fiktif 112,3,5000,15000
02/05/2024,NT-101219,Toko Fiktif 112,2,40000,80000
02/05/2024,NT-101219,Toko Fiktif 112,6,7500,45000
06/05/2024,NT-101220,Toko Fiktif 112,10,5000,50000
06/05/2024,NT-101220,Toko Fiktif 112,9,15000,135000
13/05/2024,NT-101221,Toko Fiktif 112,11,25000,275000
13/05/2024,NT-101221,Toko Fiktif 112,5,15000,75000
13/05/2024,NT-101221,Toko Fiktif 112,6,40000,240000
24/05/2024,NT-101222,Toko Fiktif 112,5,7500,37500
24/05/2024,NT-101222,Toko Fiktif 112,12,40000,480000
24/05/2024,NT-101222,Toko Fiktif 112,8,5000,40000
03/06/2024,NT-101223,Toko Fiktif 112,12,15000,180000
03/06/2024,NT-101223,Toko Fiktif 112,11,7500,82500
03/06/2024,NT-101223,Toko Fiktif 112,8,25000,200000
06/06/2024,NT-101224,Toko Fiktif 112,10,25000,250000
06/06/2024,NT-101224,Toko Fiktif 112,12,7500,90000
07/06/2024,NT-101225,Toko Fiktif 112,5,5000,25000
16/06/2024,NT-101226,Toko Fiktif 112,2,40000,80000
16/06/2024,NT-101226,Toko Fiktif 112,6,12000,72000
16/06/2024,NT-101226,Toko Fiktif 112,6,5000,30000
23/06/2024,NT-101227,Toko Fiktif 112,8,7500,60000
24/06/2024,NT-101228,Toko Fiktif 112,4,15000,60000
24/06/2024,NT-101228,Toko Fiktif 112,5,12000,60000
24/06/2024,NT-101228,Toko Fiktif 112,1,5000,5000
30/06/2024,NT-101229,Toko Fiktif 112,3,15000,45000
30/06/2024,NT-101229,Toko Fiktif 112,10,25000,250000
30/06/2024,NT-101229,Toko Fiktif 112,5,5000,25000
02/07/2024,NT-101230,Toko Fiktif 112,9,5000,45000
02/07/2024,NT-101230,Toko Fiktif 112,2,12000,24000
02/07/2024,NT-101230,Toko Fiktif 112,9,7500,67500
03/07/2024,NT-101231,Toko Fiktif 112,3,12000,36000
10/07/2024,NT-101232,Toko Fiktif 112,3,15000,45000
19/07/2024,NT-101233,Toko Fiktif 112,4,15000,60000
19/07/2024,NT-101233,Toko Fiktif 112,4,7500,30000
27/07/2024,NT-101234,Toko Fiktif 112,7,40000,280000
27/07/2024,NT-101234,Toko Fiktif 112,4,15000,60000
30/07/2024,NT-101235,Toko Fiktif 112,2,40000,80000
06/08/2024,NT-101236,Toko Fiktif 112,6,12000,72000
06/08/2024,NT-101236,Toko Fiktif 112,9,7500,67500
11/08/2024,NT-101237,Toko Fiktif 112,12,40000,480000
11/08/2024,NT-101237,Toko Fiktif 112,11,25000,275000
17/08/2024,NT-101238,Toko Fiktif 112,5,5000,25000
17/08/2024,NT-101238,Toko Fiktif 112,2,15000,30000
27/08/2024,NT-101239,Toko Fiktif 112,1,7500,7500
27/08/2024,NT-101239,Toko Fiktif 112,9,25000,225000
03/09/2024,NT-101240,Toko Fiktif 112,2,15000,30000
03/09/2024,NT-101240,Toko Fiktif 112,3,5000,15000
03/09/2024,NT-101240,Toko Fiktif 112,11,12000,132000
11/09/2024,NT-101241,Toko Fiktif 112,8,40000,320000
11/09/2024,NT-101241,Toko Fiktif 112,11,5000,55000
24/09/2024,NT-101242,Toko Fiktif 112,9,12000,108000
24/09/2024,NT-101242,Toko Fiktif 112,9,7500,67500
24/09/2024,NT-101242,Toko Fiktif 112,3,40000,120000
28/09/2024,NT-101243,Toko Fiktif 112,5,7500,37500
28/09/2024,NT-101243,Toko Fiktif 112,5,12000,60000
28/09/2024,NT-101243,Toko Fiktif 112,10,40000,400000
04/10/2024,NT-101244,Toko Fiktif 112,1,15000,15000
04/10/2024,NT-101244,Toko Fiktif 112,8,25000,200000
04/10/2024,NT-101244,Toko Fiktif 112,1,40000,40000
12/10/2024,NT-101245,Toko Fiktif 112,9,7500,67500
12/10/2024,NT-101245,Toko Fiktif 112,7,40000,280000
26/10/2024,NT-101246,Toko Fiktif 112,7,15000,105000
26/10/2024,NT-101246,Toko Fiktif 112,8,40000,320000
26/10/2024,NT-101246,Toko Fiktif 112,10,5000,50000
29/10/2024,NT-101247,Toko Fiktif 112,1,12000,12000
29/10/2024,NT-101247,Toko Fiktif 112,2,25000,50000
09/11/2024,NT-101248,Toko Fiktif 112,4,40000,160000
09/11/2024,NT-101248,Toko Fiktif 112,12,12000,144000
12/11/2024,NT-101249,Toko Fiktif 112,3,12000,36000
15/11/2024,NT-101250,Toko Fiktif 112,6,7500,45000
15/11/2024,NT-101250,Toko Fiktif 112,10,25000,250000
20/11/2024,NT-101251,Toko Fiktif 112,3,25000,75000
20/11/2024,NT-101251,Toko Fiktif 112,7,12000,84000
20/11/2024,NT-101251,Toko Fiktif 112,12,5000,60000
21/11/2024,NT-101252,Toko Fiktif 112,9,15000,135000
21/11/2024,NT-101252,Toko Fiktif 112,8,25000,200000
07/12/2024,NT-101253,Toko Fiktif 112,8,5000,40000
22/12/2024,NT-101254,Toko Fiktif 112,10,15000,150000
22/12/2024,NT-101254,Toko Fiktif 112,11,5000,55000
22/03/2024,NT-101255,Toko Fiktif 113,2,15000,30000
22/03/2024,NT-101255,Toko Fiktif 113,2,5000,10000
22/03/2024,NT-101255,Toko Fiktif 113,5,25000,125000
03/05/2024,NT-101256,Toko Fiktif 113,6,5000,30000
03/05/2024,NT-101256,Toko Fiktif 113,1,25000,25000
03/05/2024,NT-101256,Toko Fiktif 113,1,7500,7500
10/05/2024,NT-101257,Toko Fiktif 113,6,40000,240000
10/05/2024,NT-101257,Toko Fiktif 113,3,7500,22500
10/05/2024,NT-101257,Toko Fiktif 113,12,5000,60000
19/05/2024,NT-101258,Toko Fiktif 113,1,5000,5000
19/05/2024,NT-101258,Toko Fiktif 113,9,7500,67500
19/05/2024,NT-101258,Toko Fiktif 113,3,15000,45000
20/10/2024,NT-101259,Toko Fiktif 113,11,25000,275000
20/10/2024,NT-101259,Toko Fiktif 113,3,5000,15000
20/10/2024,NT-101259,Toko Fiktif 113,8,7500,60000
26/10/2024,NT-101260,Toko Fiktif 113,8,40000,320000
26/10/2024,NT-101260,Toko Fiktif 113,4,15000,60000
29/10/2024,NT-101261,Toko Fiktif 113,9,5000,45000
29/10/2024,NT-101261,Toko Fiktif 113,12,15000,180000
29/10/2024,NT-101261,Toko Fiktif 113,3,25000,75000
01/11/2024,NT-101262,Toko Fiktif 113,5,12000,60000
01/11/2024,NT-101262,Toko Fiktif 113,5,15000,75000
05/12/2024,NT-101263,Toko Fiktif 113,9,7500,67500
05/12/2024,NT-101263,Toko Fiktif 113,11,40000,440000
05/12/2024,NT-101263,Toko Fiktif 113,3,25000,75000
19/12/2024,NT-101264,Toko Fiktif 113,10,12000,120000
19/12/2024,NT-101264,Toko Fiktif 113,9,15000,135000
19/12/2024,NT-101264,Toko Fiktif 113,3,5000,15000
06/07/2023,NT-101265,Toko Fiktif 114,8,25000,200000
06/07/2023,NT-101265,Toko Fiktif 114,12,12000,144000
08/07/2023,NT-101266,Toko Fiktif 114,4,5000,20000
08/07/2023,NT-101266,Toko Fiktif 114,1,25000,25000
08/07/2023,NT-101266,Toko Fiktif 114,6,7500,45000
11/08/2023,NT-101267,Toko Fiktif 114,1,15000,15000
09/06/2023,NT-101268,Toko Fiktif 115,10,12000,120000
01/07/2023,NT-101269,Toko Fiktif 115,2,7500,15000
01/08/2023,NT-101270,Toko Fiktif 115,4,7500,30000
21/09/2023,NT-101271,Toko Fiktif 115,10,25000,250000
21/09/2023,NT-101271,Toko Fiktif 115,8,7500,60000
15/10/2023,NT-101272,Toko Fiktif 115,12,40000,480000
15/10/2023,NT-101272,Toko Fiktif 115,3,12000,36000
07/11/2023,NT-101273,Toko Fiktif 115,11,25000,275000
17/11/2023,NT-101274,Toko Fiktif 115,7,15000,105000
17/12/2023,NT-101275,Toko Fiktif 115,9,15000,135000
21/12/2023,NT-101276,Toko Fiktif 115,8,40000,320000
21/12/2023,NT-101276,Toko Fiktif 115,4,12000,48000
12/02/2024,NT-101277,Toko Fiktif 115,3,15000,45000
12/02/2024,NT-101277,Toko Fiktif 115,4,25000,100000
12/02/2024,NT-101277,Toko Fiktif 115,5,7500,37500
02/03/2024,NT-101278,Toko Fiktif 115,4,12000,48000
02/03/2024,NT-101278,Toko Fiktif 115,3,15000,45000
02/03/2024,NT-101278,Toko Fiktif 115,12,7500,90000
06/03/2024,NT-101279,Toko Fiktif 115,9,12000,108000
06/03/2024,NT-101279,Toko Fiktif 115,7,25000,175000
16/03/2024,NT-101280,Toko Fiktif 115,12,15000,180000
16/03/2024,NT-101280,Toko Fiktif 115,9,5000,45000
16/03/2024,NT-101280,Toko Fiktif 115,9,7500,67500
02/04/2024,NT-101281,Toko Fiktif 115,3,15000,45000
06/07/2024,NT-101282,Toko Fiktif 115,11,5000,55000
06/07/2024,NT-101282,Toko Fiktif 115,9,40000,360000
06/08/2024,NT-101283,Toko Fiktif 115,7,7500,52500
06/08/2024,NT-101283,Toko Fiktif 115,4,15000,60000
18/09/2024,NT-101284,Toko Fiktif 115,10,25000,250000
18/09/2024,NT-101284,Toko Fiktif 115,11,7500,82500
04/11/2024,NT-101285,Toko Fiktif 116,5,7500,37500
04/11/2024,NT-101285,Toko Fiktif 116,2,5000,10000
12/11/2024,NT-101286,Toko Fiktif 116,8,25000,200000
12/11/2024,NT-101286,Toko Fiktif 116,5,15000,75000
12/11/2024,NT-101286,Toko Fiktif 116,10,7500,75000
16/11/2024,NT-101287,Toko Fiktif 116,12,25000,300000
03/12/2024,NT-101288,Toko Fiktif 116,11,5000,55000
03/12/2024,NT-101288,Toko Fiktif 116,2,25000,50000
03/12/2024,NT-101288,Toko Fiktif 116,7,15000,105000
24/07/2024,NT-101289,Toko Fiktif 117,12,7500,90000
24/07/2024,NT-101289,Toko Fiktif 117,3,12000,36000
24/07/2024,NT-101289,Toko Fiktif 117,4,15000,60000
25/09/2024,NT-101290,Toko Fiktif 117,12,5000,60000
05/06/2023,NT-101291,Toko Fiktif 118,12,15000,180000
05/06/2023,NT-101291,Toko Fiktif 118,5,7500,37500
05/06/2023,NT-101291,Toko Fiktif 118,9,40000,360000
22/10/2023,NT-101292,Toko Fiktif 118,8,15000,120000
22/10/2023,NT-101292,Toko Fiktif 118,4,12000,48000
18/11/2023,NT-101293,Toko Fiktif 118,9,12000,108000
18/11/2023,NT-101293,Toko Fiktif 118,10,25000,250000
18/11/2023,NT-101293,Toko Fiktif 118,8,5000,40000
13/12/2023,NT-101294,Toko Fiktif 118,1,7500,7500
14/01/2024,NT-101295,Toko Fiktif 118,11,25000,275000
09/02/2024,NT-101296,Toko Fiktif 118,2,15000,30000
18/05/2024,NT-101297,Toko Fiktif 118,4,15000,60000
18/05/2024,NT-101297,Toko Fiktif 118,12,25000,300000
04/06/2024,NT-101298,Toko Fiktif 118,4,25000,100000
04/06/2024,NT-101298,Toko Fiktif 118,5,7500,37500
04/06/2024,NT-101298,Toko Fiktif 118,2,5000,10000
09/06/2024,NT-101299,Toko Fiktif 118,6,40000,240000
09/06/2024,NT-101299,Toko Fiktif 118,8,5000,40000
09/06/2024,NT-101299,Toko Fiktif 118,2,12000,24000
07/08/2024,NT-101300,Toko Fiktif 118,3,15000,45000
11/09/2024,NT-101301,Toko Fiktif 118,11,25000,275000
11/09/2024,NT-101301,Toko Fiktif 118,11,7500,82500
13/09/2024,NT-101302,Toko Fiktif 118,12,5000,60000
18/10/2024,NT-101303,Toko Fiktif 118,5,7500,37500
18/10/2024,NT-101303,Toko Fiktif 118,11,12000,132000
18/10/2024,NT-101303,Toko Fiktif 118,1,15000,15000
07/12/2024,NT-101304,Toko Fiktif 118,3,40000,120000
19/12/2024,NT-101305,Toko Fiktif 118,3,25000,75000
19/12/2024,NT-101305,Toko Fiktif 118,6,7500,45000
19/12/2024,NT-101305,Toko Fiktif 118,2,5000,10000
07/03/2023,NT-101306,Toko Fiktif 119,7,12000,84000
07/03/2023,NT-101306,Toko Fiktif 119,5,40000,200000
07/03/2023,NT-101306,Toko Fiktif 119,2,5000,10000
14/11/2023,NT-101307,Toko Fiktif 120,9,25000,225000
27/01/2024,NT-101308,Toko Fiktif 120,10,25000,250000
27/01/2024,NT-101308,Toko Fiktif 120,3,5000,15000
30/01/2024,NT-101309,Toko Fiktif 120,8,40000,320000
30/01/2024,NT-101309,Toko Fiktif 120,10,15000,150000
14/02/2024,NT-101310,Toko Fiktif 120,7,15000,105000
20/02/2024,NT-101311,Toko Fiktif 120,10,5000,50000
20/02/2024,NT-101311,Toko Fiktif 120,6,40000,240000
08/03/2024,NT-101312,Toko Fiktif 120,12,15000,180000
08/03/2024,NT-101312,Toko Fiktif 120,12,25000,300000
08/03/2024,NT-101312,Toko Fiktif 120,3,40000,120000
18/04/2024,NT-101313,Toko Fiktif 120,11,25000,275000
18/04/2024,NT-101313,Toko Fiktif 120,6,15000,90000
15/05/2024,NT-101314,Toko Fiktif 120,9,5000,45000
15/05/2024,NT-101314,Toko Fiktif 120,9,7500,67500
29/05/2024,NT-101315,Toko Fiktif 120,11,15000,165000
29/05/2024,NT-101315,Toko Fiktif 120,9,7500,67500
29/05/2024,NT-101315,Toko Fiktif 120,10,12000,120000
04/06/2024,NT-101316,Toko Fiktif 120,8,40000,320000
04/06/2024,NT-101316,Toko Fiktif 120,6,15000,90000
04/06/2024,NT-101316,Toko Fiktif 120,5,7500,37500
14/09/2024,NT-101317,Toko Fiktif 120,7,15000,105000
22/09/2024,NT-101318,Toko Fiktif 120,3,15000,45000
02/10/2024,NT-101319,Toko Fiktif 120,5,12000,60000
03/10/2024,NT-101320,Toko Fiktif 120,9,25000,225000
03/10/2024,NT-101320,Toko Fiktif 120,12,7500,90000
03/10/2024,NT-101320,Toko Fiktif 120,12,5000,60000
02/09/2023,NT-101321,Toko Fiktif 121,9,12000,108000
19/09/2023,NT-101322,Toko Fiktif 121,9,12000,108000
04/11/2023,NT-101323,Toko Fiktif 121,12,25000,300000
04/11/2023,NT-101323,Toko Fiktif 121,1,40000,40000
04/11/2023,NT-101323,Toko Fiktif 121,2,7500,15000
09/12/2023,NT-101324,Toko Fiktif 121,5,40000,200000
09/12/2023,NT-101324,Toko Fiktif 121,12,25000,300000
12/12/2023,NT-101325,Toko Fiktif 121,6,15000,90000
31/12/2023,NT-101326,Toko Fiktif 121,6,15000,90000
31/12/2023,NT-101326,Toko Fiktif 121,9,5000,45000
31/12/2023,NT-101326,Toko Fiktif 121,8,25000,200000
29/03/2024,NT-101327,Toko Fiktif 121,11,5000,55000
29/03/2024,NT-101327,Toko Fiktif 121,4,40000,160000
24/04/2024,NT-101328,Toko Fiktif 121,1,7500,7500
22/05/2024,NT-101329,Toko Fiktif 121,12,7500,90000
31/05/2024,NT-101330,Toko Fiktif 121,7,15000,105000
18/09/2024,NT-101331,Toko Fiktif 121,9,25000,225000
18/09/2024,NT-101331,Toko Fiktif 121,4,5000,20000
24/11/2024,NT-101332,Toko Fiktif 121,12,5000,60000
24/11/2024,NT-101332,Toko Fiktif 121,1,25000,25000
24/11/2024,NT-101332,Toko Fiktif 121,10,7500,75000
08/01/2024,NT-101333,Toko Fiktif 122,9,40000,360000
08/01/2024,NT-101333,Toko Fiktif 122,1,25000,25000
08/01/2024,NT-101333,Toko Fiktif 122,7,7500,52500
12/01/2024,NT-101334,Toko Fiktif 122,4,40000,160000
12/01/2024,NT-101334,Toko Fiktif 122,3,25000,75000
18/01/2024,NT-101335,Toko Fiktif 122,12,15000,180000
19/01/2024,NT-101336,Toko Fiktif 122,8,25000,200000
27/02/2024,NT-101337,Toko Fiktif 122,4,7500,30000
29/02/2024,NT-101338,Toko Fiktif 122,5,25000,125000
29/02/2024,NT-101338,Toko Fiktif 122,5,12000,60000
29/02/2024,NT-101338,Toko Fiktif 122,9,7500,67500
02/03/2024,NT-101339,Toko Fiktif 122,5,5000,25000
02/03/2024,NT-101339,Toko Fiktif 122,9,7500,67500
10/04/2024,NT-101340,Toko Fiktif 122,4,25000,100000
10/04/2024,NT-101340,Toko Fiktif 122,8,12000,96000
10/04/2024,NT-101340,Toko Fiktif 122,9,7500,67500
26/04/2024,NT-101341,Toko Fiktif 122,1,7500,7500
22/05/2024,NT-101342,Toko Fiktif 122,9,5000,45000
26/06/2024,NT-101343,Toko Fiktif 122,3,7500,22500
26/06/2024,NT-101343,Toko Fiktif 122,7,25000,175000
26/06/2024,NT-101343,Toko Fiktif 122,7,40000,280000
10/07/2024,NT-101344,Toko Fiktif 122,10,15000,150000
10/07/2024,NT-101344,Toko Fiktif 122,2,5000,10000
06/08/2024,NT-101345,Toko Fiktif 122,10,5000,50000
06/08/2024,NT-101345,Toko Fiktif 122,3,25000,75000
21/08/2024,NT-101346,Toko Fiktif 122,5,40000,200000
21/08/2024,NT-101346,Toko Fiktif 122,7,15000,105000
21/08/2024,NT-101346,Toko Fiktif 122,11,12000,132000
04/11/2024,NT-101347,Toko Fiktif 122,5,15000,75000
04/11/2024,NT-101347,Toko Fiktif 122,4,5000,20000
04/11/2024,NT-101347,Toko Fiktif 122,2,7500,15000
08/12/2024,NT-101348,Toko Fiktif 122,5,12000,60000
16/12/2024,NT-101349,Toko Fiktif 122,5,7500,37500
16/12/2024,NT-101349,Toko Fiktif 122,4,40000,160000
31/12/2024,NT-101350,Toko Fiktif 122,9,15000,135000
31/12/2024,NT-101350,Toko Fiktif 122,3,12000,36000
22/10/2023,NT-101351,Toko Fiktif 123,6,7500,45000
22/10/2023,NT-101351,Toko Fiktif 123,2,40000,80000
22/10/2023,NT-101351,Toko Fiktif 123,7,12000,84000
24/11/2023,NT-101352,Toko Fiktif 123,11,5000,55000
06/12/2023,NT-101353,Toko Fiktif 123,3,15000,45000
05/01/2024,NT-101354,Toko Fiktif 123,4,7500,30000
05/01/2024,NT-101354,Toko Fiktif 123,7,5000,35000
19/03/2024,NT-101355,Toko Fiktif 123,1,12000,12000
19/03/2024,NT-101355,Toko Fiktif 123,9,15000,135000
31/03/2024,NT-101356,Toko Fiktif 123,5,12000,60000
17/04/2024,NT-101357,Toko Fiktif 123,1,25000,25000
17/04/2024,NT-101357,Toko Fiktif 123,1,5000,5000
04/06/2024,NT-101358,Toko Fiktif 123,10,15000,150000
04/06/2024,NT-101358,Toko Fiktif 123,11,40000,440000
14/06/2024,NT-101359,Toko Fiktif 123,3,15000,45000
14/06/2024,NT-101359,Toko Fiktif 123,9,12000,108000
14/06/2024,NT-101359,Toko Fiktif 123,8,25000,200000
12/10/2024,NT-101360,Toko Fiktif 123,12,25000,300000
12/10/2024,NT-101360,Toko Fiktif 123,10,40000,400000
09/12/2024,NT-101361,Toko Fiktif 123,4,7500,30000
12/07/2024,NT-101362,Toko Fiktif 124,9,15000,135000
12/07/2024,NT-101362,Toko Fiktif 124,2,25000,50000
12/07/2024,NT-101362,Toko Fiktif 124,7,40000,280000
23/07/2024,NT-101363,Toko Fiktif 124,4,40000,160000
23/07/2024,NT-101363,Toko Fiktif 124,2,15000,30000
12/08/2024,NT-101364,Toko Fiktif 124,8,25000,200000
18/08/2024,NT-101365,Toko Fiktif 124,2,7500,15000
18/08/2024,NT-101365,Toko Fiktif 124,3,15000,45000
18/08/2024,NT-101365,Toko Fiktif 124,4,25000,100000
27/08/2024,NT-101366,Toko Fiktif 124,7,40000,280000
11/03/2024,NT-101367,Toko Fiktif 125,5,40000,200000
11/03/2024,NT-101367,Toko Fiktif 125,4,15000,60000
27/03/2024,NT-101368,Toko Fiktif 125,3,12000,36000
27/03/2024,NT-101368,Toko Fiktif 125,7,25000,175000
22/04/2024,NT-101369,Toko Fiktif 125,1,25000,25000
22/04/2024,NT-101369,Toko Fiktif 125,6,7500,45000
22/04/2024,NT-101369,Toko Fiktif 125,11,12000,132000
17/05/2024,NT-101370,Toko Fiktif 125,8,15000,120000
17/05/2024,NT-101370,Toko Fiktif 125,10,40000,400000
24/07/2024,NT-101371,Toko Fiktif 125,5,12000,60000
24/06/2024,NT-101372,Toko Fiktif 126,10,40000,400000
24/06/2024,NT-101372,Toko Fiktif 126,9,25000,225000
24/06/2024,NT-101372,Toko Fiktif 126,4,7500,30000
14/01/2024,NT-101373,Toko Fiktif 127,6,7500,45000
06/02/2024,NT-101374,Toko Fiktif 127,1,25000,25000
06/02/2024,NT-101374,Toko Fiktif 127,2,40000,80000
28/02/2024,NT-101375,Toko Fiktif 127,2,25000,50000
28/02/2024,NT-101375,Toko Fiktif 127,4,15000,60000
07/03/2024,NT-101376,Toko Fiktif 127,2,40000,80000
07/03/2024,NT-101376,Toko Fiktif 127,4,25000,100000
07/03/2024,NT-101376,Toko Fiktif 127,12,15000,180000
08/03/2024,NT-101377,Toko Fiktif 127,4,15000,60000
08/03/2024,NT-101377,Toko Fiktif 127,12,5000,60000
21/03/2024,NT-101378,Toko Fiktif 127,7,40000,280000
01/04/2024,NT-101379,Toko Fiktif 127,12,40000,480000
01/04/2024,NT-101379,Toko Fiktif 127,6,15000,90000
25/08/2024,NT-101380,Toko Fiktif 127,11,15000,165000
25/08/2024,NT-101380,Toko Fiktif 127,3,12000,36000
15/09/2024,NT-101381,Toko Fiktif 127,5,15000,75000
15/09/2024,NT-101381,Toko Fiktif 127,1,12000,12000
07/10/2024,NT-101382,Toko Fiktif 127,5,15000,75000
07/10/2024,NT-101382,Toko Fiktif 127,4,40000,160000
03/11/2024,NT-101383,Toko Fiktif 127,5,7500,37500
03/11/2024,NT-101383,Toko Fiktif 127,10,25000,250000
02/12/2024,NT-101384,Toko Fiktif 127,4,5000,20000
07/12/2024,NT-101385,Toko Fiktif 127,6,7500,45000
07/12/2024,NT-101385,Toko Fiktif 127,6,15000,90000
23/12/2024,NT-101386,Toko Fiktif 127,10,7500,75000
26/12/2024,NT-101387,Toko Fiktif 127,10,40000,400000
26/12/2024,NT-101387,Toko Fiktif 127,10,25000,250000
26/12/2024,NT-101387,Toko Fiktif 127,7,5000,35000
27/12/2024,NT-101388,Toko Fiktif 127,7,15000,105000
27/12/2024,NT-101388,Toko Fiktif 127,12,25000,300000
16/12/2023,NT-101389,Toko Fiktif 128,5,25000,125000
16/12/2023,NT-101389,Toko Fiktif 128,3,7500,22500
16/12/2023,NT-101389,Toko Fiktif 128,7,5000,35000
23/01/2024,NT-101390,Toko Fiktif 128,8,15000,120000
23/01/2024,NT-101390,Toko Fiktif 128,8,12000,96000
23/01/2024,NT-101390,Toko Fiktif 128,7,5000,35000
15/02/2024,NT-101391,Toko Fiktif 128,2,5000,10000
06/07/2024,NT-101392,Toko Fiktif 128,1,40000,40000
06/07/2024,NT-101392,Toko Fiktif 128,11,12000,132000
06/07/2024,NT-101392,Toko Fiktif 128,10,5000,50000
18/08/2024,NT-101393,Toko Fiktif 128,5,5000,25000
18/08/2024,NT-101393,Toko Fiktif 128,4,15000,60000
18/08/2024,NT-101393,Toko Fiktif 128,4,25000,100000
10/12/2024,NT-101394,Toko Fiktif 128,12,7500,90000
10/12/2024,NT-101394,Toko Fiktif 128,7,15000,105000
05/10/2023,NT-101395,Toko Fiktif 129,7,7500,52500
05/10/2023,NT-101395,Toko Fiktif 129,4,40000,160000
05/10/2023,NT-101395,Toko Fiktif 129,12,25000,300000
17/10/2023,NT-101396,Toko Fiktif 129,8,7500,60000
17/10/2023,NT-101396,Toko Fiktif 129,12,5000,60000
05/11/2023,NT-101397,Toko Fiktif 129,12,5000,60000
26/11/2023,NT-101398,Toko Fiktif 129,8,40000,320000
26/11/2023,NT-101398,Toko Fiktif 129,3,5000,15000
03/12/2023,NT-101399,Toko Fiktif 129,5,40000,200000
03/12/2023,NT-101399,Toko Fiktif 129,5,15000,75000
26/12/2023,NT-101400,Toko Fiktif 129,11,5000,55000
02/02/2024,NT-101401,Toko Fiktif 129,3,25000,75000
11/02/2024,NT-101402,Toko Fiktif 129,8,40000,320000
11/02/2024,NT-101402,Toko Fiktif 129,6,25000,150000
11/02/2024,NT-101402,Toko Fiktif 129,1,15000,15000
12/04/2024,NT-101403,Toko Fiktif 129,8,40000,320000
12/04/2024,NT-101403,Toko Fiktif 129,3,25000,75000
12/04/2024,NT-101403,Toko Fiktif 129,10,5000,50000
02/06/2024,NT-101404,Toko Fiktif 129,12,7500,90000
19/07/2024,NT-101405,Toko Fiktif 129,7,25000,175000
19/07/2024,NT-101405,Toko Fiktif 129,1,7500,7500
19/07/2024,NT-101405,Toko Fiktif 129,4,5000,20000
28/08/2024,NT-101406,Toko Fiktif 129,12,40000,480000
27/09/2024,NT-101407,Toko Fiktif 129,11,7500,82500
27/09/2024,NT-101407,Toko Fiktif 129,7,12000,84000
27/09/2024,NT-101407,Toko Fiktif 129,12,15000,180000
16/10/2024,NT-101408,Toko Fiktif 129,8,40000,320000
16/10/2024,NT-101408,Toko Fiktif 129,4,12000,48000
16/10/2024,NT-101408,Toko Fiktif 129,10,15000,150000
16/11/2024,NT-101409,Toko Fiktif 129,10,15000,150000
16/11/2024,NT-101409,Toko Fiktif 129,2,7500,15000
25/03/2024,NT-101410,Toko Fiktif 130,6,15000,90000
25/03/2024,NT-101410,Toko Fiktif 130,4,40000,160000
04/04/2024,NT-101411,Toko Fiktif 130,12,7500,90000
04/04/2024,NT-101411,Toko Fiktif 130,11,15000,165000
04/04/2024,NT-101411,Toko Fiktif 130,3,25000,75000
17/05/2024,NT-101412,Toko Fiktif 130,5,15000,75000
25/05/2024,NT-101413,Toko Fiktif 130,12,7500,90000
25/05/2024,NT-101413,Toko Fiktif 130,6,25000,150000
03/06/2024,NT-101414,Toko Fiktif 130,9,12000,108000
03/06/2024,NT-101414,Toko Fiktif 130,12,25000,300000
03/06/2024,NT-101414,Toko Fiktif 130,12,5000,60000
29/06/2024,NT-101415,Toko Fiktif 130,7,25000,175000
29/06/2024,NT-101415,Toko Fiktif 130,9,12000,108000
29/06/2024,NT-101415,Toko Fiktif 130,1,40000,40000
09/07/2024,NT-101416,Toko Fiktif 130,1,7500,7500
09/07/2024,NT-101416,Toko Fiktif 130,2,40000,80000
19/07/2024,NT-101417,Toko Fiktif 130,4,5000,20000
19/07/2024,NT-101417,Toko Fiktif 130,7,12000,84000
21/11/2024,NT-101418,Toko Fiktif 131,7,5000,35000
26/11/2024,NT-101419,Toko Fiktif 131,6,7500,45000
26/11/2024,NT-101419,Toko Fiktif 131,8,40000,320000
26/11/2024,NT-101419,Toko Fiktif 131,6,12000,72000
30/11/2024,NT-101420,Toko Fiktif 131,5,15000,75000
30/11/2024,NT-101420,Toko Fiktif 131,11,12000,132000
30/11/2024,NT-101420,Toko Fiktif 131,5,5000,25000
01/12/2024,NT-101421,Toko Fiktif 131,10,5000,50000
01/12/2024,NT-101421,Toko Fiktif 131,12,7500,90000
24/12/2024,NT-101422,Toko Fiktif 131,6,25000,150000
24/12/2024,NT-101422,Toko Fiktif 131,1,15000,15000
29/12/2024,NT-101423,Toko Fiktif 131,1,25000,25000
29/12/2024,NT-101423,Toko Fiktif 131,3,15000,45000
15/03/2023,NT-101424,Toko Fiktif 132,12,12000,144000
01/04/2023,NT-101425,Toko Fiktif 132,12,40000,480000
01/04/2023,NT-101425,Toko Fiktif 132,3,15000,45000
27/04/2023,NT-101426,Toko Fiktif 132,8,25000,200000
06/05/2023,NT-101427,Toko Fiktif 132,2,40000,80000
14/05/2023,NT-101428,Toko Fiktif 132,3,5000,15000
18/05/2023,NT-101429,Toko Fiktif 132,2,40000,80000
18/05/2023,NT-101429,Toko Fiktif 132,12,15000,180000
18/05/2023,NT-101429,Toko Fiktif 132,8,12000,96000
08/07/2023,NT-101430,Toko Fiktif 132,11,7500,82500
08/07/2023,NT-101430,Toko Fiktif 132,9,12000,108000
08/07/2023,NT-101430,Toko Fiktif 132,2,25000,50000
10/07/2023,NT-101431,Toko Fiktif 132,9,40000,360000
10/07/2023,NT-101431,Toko Fiktif 132,9,15000,135000
10/07/2023,NT-101431,Toko Fiktif 132,5,5000,25000
09/09/2023,NT-101432,Toko Fiktif 132,4,5000,20000
09/09/2023,NT-101432,Toko Fiktif 132,5,7500,37500
09/09/2023,NT-101432,Toko Fiktif 132,10,25000,250000
16/09/2023,NT-101433,Toko Fiktif 132,1,7500,7500
16/09/2023,NT-101433,Toko Fiktif 132,12,5000,60000
16/09/2023,NT-101433,Toko Fiktif 132,8,12000,96000
13/11/2023,NT-101434,Toko Fiktif 132,8,40000,320000
13/11/2023,NT-101434,Toko Fiktif 132,4,5000,20000
03/01/2024,NT-101435,Toko Fiktif 132,2,5000,10000
03/01/2024,NT-101435,Toko Fiktif 132,4,15000,60000
03/01/2024,NT-101435,Toko Fiktif 132,7,7500,52500
16/02/2024,NT-101436,Toko Fiktif 132,4,25000,100000
16/02/2024,NT-101436,Toko Fiktif 132,12,7500,90000
16/02/2024,NT-101436,Toko Fiktif 132,5,5000,25000
18/02/2024,NT-101437,Toko Fiktif 132,5,5000,25000
18/02/2024,NT-101437,Toko Fiktif 132,6,15000,90000
07/03/2024,NT-101438,Toko Fiktif 132,4,15000,60000
18/04/2024,NT-101439,Toko Fiktif 132,12,15000,180000
19/04/2024,NT-101440,Toko Fiktif 132,4,12000,48000
19/04/2024,NT-101440,Toko Fiktif 132,3,5000,15000
19/04/2024,NT-101440,Toko Fiktif 132,2,15000,30000
04/05/2024,NT-101441,Toko Fiktif 132,6,15000,90000
25/05/2024,NT-101442,Toko Fiktif 132,11,15000,165000
16/08/2024,NT-101443,Toko Fiktif 132,4,40000,160000
16/08/2024,NT-101443,Toko Fiktif 132,12,7500,90000
27/08/2024,NT-101444,Toko Fiktif 132,8,25000,200000
27/08/2024,NT-101444,Toko Fiktif 132,6,40000,240000
27/08/2024,NT-101444,Toko Fiktif 132,6,7500,45000
05/09/2024,NT-101445,Toko Fiktif 132,3,15000,45000
05/09/2024,NT-101445,Toko Fiktif 132,11,7500,82500
16/06/2024,NT-101446,Toko Fiktif 133,1,5000,5000
27/07/2024,NT-101447,Toko Fiktif 133,3,40000,120000
27/07/2024,NT-101447,Toko Fiktif 133,5,15000,75000
02/10/2024,NT-101448,Toko Fiktif 133,9,12000,108000
31/10/2024,NT-101449,Toko Fiktif 133,3,25000,75000
13/12/2023,NT-101450,Toko Fiktif 134,2,25000,50000
13/12/2023,NT-101450,Toko Fiktif 134,5,15000,75000
13/12/2023,NT-101450,Toko Fiktif 134,8,40000,320000
15/03/2023,NT-101451,Toko Fiktif 135,6,15000,90000
15/03/2023,NT-101451,Toko Fiktif 135,3,7500,22500
05/04/2023,NT-101452,Toko Fiktif 135,2,12000,24000
05/04/2023,NT-101452,Toko Fiktif 135,1,5000,5000
05/04/2023,NT-101452,Toko Fiktif 135,2,25000,50000
17/04/2023,NT-101453,Toko Fiktif 135,1,12000,12000
17/04/2023,NT-101453,Toko Fiktif 135,9,40000,360000
17/04/2023,NT-101453,Toko Fiktif 135,1,15000,15000
22/04/2023,NT-101454,Toko Fiktif 135,7,25000,175000
14/10/2023,NT-101455,Toko Fiktif 135,5,5000,25000
14/10/2023,NT-101455,Toko Fiktif 135,7,7500,52500
08/12/2023,NT-101456,Toko Fiktif 135,2,7500,15000
17/12/2023,NT-101457,Toko Fiktif 135,6,7500,45000
17/12/2023,NT-101457,Toko Fiktif 135,3,40000,120000
07/02/2024,NT-101458,Toko Fiktif 135,7,25000,175000
07/02/2024,NT-101458,Toko Fiktif 135,2,12000,24000
07/02/2024,NT-101458,Toko Fiktif 135,7,7500,52500
19/04/2024,NT-101459,Toko Fiktif 135,1,15000,15000
28/05/2024,NT-101460,Toko Fiktif 135,8,12000,96000
30/05/2024,NT-101461,Toko Fiktif 135,9,5000,45000
30/05/2024,NT-101461,Toko Fiktif 135,5,7500,37500
30/05/2024,NT-101461,Toko Fiktif 135,1,12000,12000
23/06/2024,NT-101462,Toko Fiktif 135,2,40000,80000
23/06/2024,NT-101462,Toko Fiktif 135,7,5000,35000
23/06/2024,NT-101462,Toko Fiktif 135,12,7500,90000
14/07/2024,NT-101463,Toko Fiktif 135,10,12000,120000
05/08/2024,NT-101464,Toko Fiktif 135,11,12000,132000
09/08/2024,NT-101465,Toko Fiktif 135,12,25000,300000
09/08/2024,NT-101465,Toko Fiktif 135,11,7500,82500
09/08/2024,NT-101465,Toko Fiktif 135,12,15000,180000
14/09/2024,NT-101466,Toko Fiktif 135,2,5000,10000
14/09/2024,NT-101466,Toko Fiktif 135,3,7500,22500
14/09/2024,NT-101466,Toko Fiktif 135,1,40000,40000
13/11/2024,NT-101467,Toko Fiktif 135,6,12000,72000
13/11/2024,NT-101467,Toko Fiktif 135,12,40000,480000
16/11/2024,NT-101468,Toko Fiktif 135,5,5000,25000
16/11/2024,NT-101468,Toko Fiktif 135,1,25000,25000
16/11/2024,NT-101468,Toko Fiktif 135,10,7500,75000
25/11/2024,NT-101469,Toko Fiktif 135,9,12000,108000
25/11/2024,NT-101469,Toko Fiktif 135,3,25000,75000
25/11/2024,NT-101469,Toko Fiktif 135,9,5000,45000
26/11/2024,NT-101470,Toko Fiktif 135,9,15000,135000
26/11/2024,NT-101470,Toko Fiktif 135,10,25000,250000
26/11/2024,NT-101470,Toko Fiktif 135,11,12000,132000
04/09/2023,NT-101471,Toko Fiktif 136,10,25000,250000
28/11/2023,NT-101472,Toko Fiktif 136,5,25000,125000
28/11/2023,NT-101472,Toko Fiktif 136,10,12000,120000
18/03/2024,NT-101473,Toko Fiktif 136,3,7500,22500
18/03/2024,NT-101473,Toko Fiktif 136,3,25000,75000
18/03/2024,NT-101473,Toko Fiktif 136,4,5000,20000
05/05/2024,NT-101474,Toko Fiktif 136,3,40000,120000
05/05/2024,NT-101474,Toko Fiktif 136,3,5000,15000
09/05/2024,NT-101475,Toko Fiktif 136,2,5000,10000
09/05/2024,NT-101475,Toko Fiktif 136,8,12000,96000
09/05/2024,NT-101475,Toko Fiktif 136,11,40000,440000
02/06/2024,NT-101476,Toko Fiktif 136,10,12000,120000
02/06/2024,NT-101476,Toko Fiktif 136,12,15000,180000
08/06/2024,NT-101477,Toko Fiktif 136,2,15000,30000
08/06/2024,NT-101477,Toko Fiktif 136,4,12000,48000
08/06/2024,NT-101477,Toko Fiktif 136,12,5000,60000
11/11/2024,NT-101478,Toko Fiktif 137,1,15000,15000
11/11/2024,NT-101478,Toko Fiktif 137,9,12000,108000
31/12/2024,NT-101479,Toko Fiktif 137,7,7500,52500
07/05/2024,NT-101480,Toko Fiktif 138,11,25000,275000
07/05/2024,NT-101480,Toko Fiktif 138,1,5000,5000
19/05/2024,NT-101481,Toko Fiktif 138,8,7500,60000
28/05/2024,NT-101482,Toko Fiktif 138,2,5000,10000
28/05/2024,NT-101482,Toko Fiktif 138,4,15000,60000
04/06/2024,NT-101483,Toko Fiktif 138,3,5000,15000
04/06/2024,NT-101483,Toko Fiktif 138,8,15000,120000
05/06/2024,NT-101484,Toko Fiktif 138,6,15000,90000
10/06/2024,NT-101485,Toko Fiktif 138,10,40000,400000
13/06/2024,NT-101486,Toko Fiktif 138,7,7500,52500
13/06/2024,NT-101486,Toko Fiktif 138,9,40000,360000
13/06/2024,NT-101486,Toko Fiktif 138,7,15000,105000
22/06/2024,NT-101487,Toko Fiktif 138,6,15000,90000
22/06/2024,NT-101487,Toko Fiktif 138,8,7500,60000
12/07/2024,NT-101488,Toko Fiktif 138,5,5000,25000
12/07/2024,NT-101488,Toko Fiktif 138,2,7500,15000
16/07/2024,NT-101489,Toko Fiktif 138,4,40000,160000
21/07/2024,NT-101490,Toko Fiktif 138,3,5000,15000
21/07/2024,NT-101490,Toko Fiktif 138,7,7500,52500
21/07/2024,NT-101490,Toko Fiktif 138,10,25000,250000
27/07/2024,NT-101491,Toko Fiktif 138,10,5000,50000
18/08/2024,NT-101492,Toko Fiktif 138,12,40000,480000
15/09/2024,NT-101493,Toko Fiktif 138,8,25000,200000
15/09/2024,NT-101493,Toko Fiktif 138,1,15000,15000
15/09/2024,NT-101493,Toko Fiktif 138,12,12000,144000
18/09/2024,NT-101494,Toko Fiktif 138,7,12000,84000
18/09/2024,NT-101494,Toko Fiktif 138,11,25000,275000
20/10/2024,NT-101495,Toko Fiktif 138,9,15000,135000
20/10/2024,NT-101495,Toko Fiktif 138,11,7500,82500
28/03/2023,NT-101496,Toko Fiktif 139,2,12000,24000
09/04/2023,NT-101497,Toko Fiktif 139,9,15000,135000
09/04/2023,NT-101497,Toko Fiktif 139,12,40000,480000
01/09/2023,NT-101498,Toko Fiktif 139,12,12000,144000
01/09/2023,NT-101498,Toko Fiktif 139,7,25000,175000
01/09/2023,NT-101498,Toko Fiktif 139,3,5000,15000
18/12/2023,NT-101499,Toko Fiktif 139,7,15000,105000
18/12/2023,NT-101499,Toko Fiktif 139,2,40000,80000
18/12/2023,NT-101499,Toko Fiktif 139,7,5000,35000
31/01/2024,NT-101500,Toko Fiktif 139,1,12000,12000
31/01/2024,NT-101500,Toko Fiktif 139,7,25000,175000
23/04/2024,NT-101501,Toko Fiktif 139,3,7500,22500
23/04/2024,NT-101501,Toko Fiktif 139,7,25000,175000
12/11/2024,NT-101502,Toko Fiktif 139,2,25000,50000
12/11/2024,NT-101502,Toko Fiktif 139,11,12000,132000
12/11/2024,NT-101502,Toko Fiktif 139,8,5000,40000
19/11/2024,NT-101503,Toko Fiktif 139,1,25000,25000
30/06/2023,NT-101504,Toko Fiktif 140,8,25000,200000
30/06/2023,NT-101504,Toko Fiktif 140,10,15000,150000
09/11/2023,NT-101505,Toko Fiktif 141,2,7500,15000
09/11/2023,NT-101505,Toko Fiktif 141,4,5000,20000
09/11/2023,NT-101505,Toko Fiktif 141,2,25000,50000
15/11/2023,NT-101506,Toko Fiktif 141,4,15000,60000
15/11/2023,NT-101506,Toko Fiktif 141,11,12000,132000
15/11/2023,NT-101506,Toko Fiktif 141,1,7500,7500
20/11/2023,NT-101507,Toko Fiktif 141,3,40000,120000
20/11/2023,NT-101507,Toko Fiktif 141,10,7500,75000
20/11/2023,NT-101507,Toko Fiktif 141,5,15000,75000
14/12/2023,NT-101508,Toko Fiktif 141,7,12000,84000
14/12/2023,NT-101508,Toko Fiktif 141,6,40000,240000
14/12/2023,NT-101508,Toko Fiktif 141,5,15000,75000
15/12/2023,NT-101509,Toko Fiktif 141,5,40000,200000
28/12/2023,NT-101510,Toko Fiktif 141,10,12000,120000
28/12/2023,NT-101510,Toko Fiktif 141,7,40000,280000
21/01/2024,NT-101511,Toko Fiktif 141,4,40000,160000
17/02/2024,NT-101512,Toko Fiktif 141,10,5000,50000
28/02/2024,NT-101513,Toko Fiktif 141,12,25000,300000
28/02/2024,NT-101513,Toko Fiktif 141,11,5000,55000
17/03/2024,NT-101514,Toko Fiktif 141,8,25000,200000
27/03/2024,NT-101515,Toko Fiktif 141,6,12000,72000
09/04/2024,NT-101516,Toko Fiktif 141,4,25000,100000
03/06/2024,NT-101517,Toko Fiktif 141,6,25000,150000
03/06/2024,NT-101517,Toko Fiktif 141,10,5000,50000
03/06/2024,NT-101517,Toko Fiktif 141,2,15000,30000
28/06/2024,NT-101518,Toko Fiktif 141,7,5000,35000
28/06/2024,NT-101518,Toko Fiktif 141,1,7500,7500
28/06/2024,NT-101518,Toko Fiktif 141,4,15000,60000
09/12/2023,NT-101519,Toko Fiktif 142,3,15000,45000
09/12/2023,NT-101519,Toko Fiktif 142,3,5000,15000
09/12/2023,NT-101519,Toko Fiktif 142,5,25000,125000
17/10/2023,NT-101520,Toko Fiktif 143,7,15000,105000
17/10/2023,NT-101520,Toko Fiktif 143,4,5000,20000
11/11/2023,NT-101521,Toko Fiktif 143,6,25000,150000
11/11/2023,NT-101521,Toko Fiktif 143,11,40000,440000
11/11/2023,NT-101521,Toko Fiktif 143,3,7500,22500
14/11/2023,NT-101522,Toko Fiktif 143,3,12000,36000
14/11/2023,NT-101522,Toko Fiktif 143,11,7500,82500
14/11/2023,NT-101522,Toko Fiktif 143,5,40000,200000
22/11/2023,NT-101523,Toko Fiktif 143,11,25000,275000
10/12/2023,NT-101524,Toko Fiktif 143,5,15000,75000
10/12/2023,NT-101524,Toko Fiktif 143,4,7500,30000
13/12/2023,NT-101525,Toko Fiktif 143,5,7500,37500
13/12/2023,NT-101525,Toko Fiktif 143,10,15000,150000
03/01/2024,NT-101526,Toko Fiktif 143,7,25000,175000
03/01/2024,NT-101526,Toko Fiktif 143,12,7500,90000
20/01/2024,NT-101527,Toko Fiktif 143,11,7500,82500
12/02/2024,NT-101528,Toko Fiktif 143,4,12000,48000
12/02/2024,NT-101528,Toko Fiktif 143,1,40000,40000
12/02/2024,NT-101528,Toko Fiktif 143,1,25000,25000
14/02/2024,NT-101529,Toko Fiktif 143,6,15000,90000
14/02/2024,NT-101529,Toko Fiktif 143,4,12000,48000
21/02/2024,NT-101530,Toko Fiktif 143,5,12000,60000
21/02/2024,NT-101530,Toko Fiktif 143,11,40000,440000
21/02/2024,NT-101530,Toko Fiktif 143,8,25000,200000
28/03/2024,NT-101531,Toko Fiktif 143,8,7500,60000
28/03/2024,NT-101531,Toko Fiktif 143,10,40000,400000
28/03/2024,NT-101531,Toko Fiktif 143,6,5000,30000
29/03/2024,NT-101532,Toko Fiktif 143,6,40000,240000
29/03/2024,NT-101532,Toko Fiktif 143,4,7500,30000
29/03/2024,NT-101532,Toko Fiktif 143,12,15000,180000
06/05/2024,NT-101533,Toko Fiktif 143,4,40000,160000
06/05/2024,NT-101533,Toko Fiktif 143,1,5000,5000
03/06/2024,NT-101534,Toko Fiktif 143,11,25000,275000
06/06/2024,NT-101535,Toko Fiktif 143,9,40000,360000
06/06/2024,NT-101535,Toko Fiktif 143,5,15000,75000
06/06/2024,NT-101535,Toko Fiktif 143,6,7500,45000
10/06/2024,NT-101536,Toko Fiktif 143,1,7500,7500
10/06/2024,NT-101536,Toko Fiktif 143,7,5000,35000
13/07/2024,NT-101537,Toko Fiktif 143,9,7500,67500
13/07/2024,NT-101537,Toko Fiktif 143,6,40000,240000
28/07/2024,NT-101538,Toko Fiktif 143,7,7500,52500
28/07/2024,NT-101538,Toko Fiktif 143,1,25000,25000
28/07/2024,NT-101538,Toko Fiktif 143,8,40000,320000
09/08/2024,NT-101539,Toko Fiktif 143,5,12000,60000
09/08/2024,NT-101539,Toko Fiktif 143,4,7500,30000
16/08/2024,NT-101540,Toko Fiktif 143,3,15000,45000
16/08/2024,NT-101540,Toko Fiktif 143,12,7500,90000
16/08/2024,NT-101540,Toko Fiktif 143,7,12000,84000
29/08/2024,NT-101541,Toko Fiktif 143,10,7500,75000
29/08/2024,NT-101541,Toko Fiktif 143,7,25000,175000
08/09/2024,NT-101542,Toko Fiktif 143,12,40000,480000
08/09/2024,NT-101542,Toko Fiktif 143,10,25000,250000
20/09/2024,NT-101543,Toko Fiktif 143,1,25000,25000
20/09/2024,NT-101543,Toko Fiktif 143,1,5000,5000
20/09/2024,NT-101543,Toko Fiktif 143,3,7500,22500
28/10/2024,NT-101544,Toko Fiktif 143,7,12000,84000
28/10/2024,NT-101544,Toko Fiktif 143,11,7500,82500
28/10/2024,NT-101544,Toko Fiktif 143,7,15000,105000
29/10/2024,NT-101545,Toko Fiktif 143,12,15000,180000
15/12/2024,NT-101546,Toko Fiktif 143,4,7500,30000
15/12/2024,NT-101546,Toko Fiktif 143,11,12000,132000
15/12/2024,NT-101546,Toko Fiktif 143,12,40000,480000
23/12/2024,NT-101547,Toko Fiktif 143,2,5000,10000
31/12/2024,NT-101548,Toko Fiktif 143,3,5000,15000
31/12/2024,NT-101548,Toko Fiktif 143,10,40000,400000
10/01/2023,NT-101549,Toko Fiktif 144,5,25000,125000
13/01/2023,NT-101550,Toko Fiktif 144,10,12000,120000
24/01/2023,NT-101551,Toko Fiktif 144,12,7500,90000
24/01/2023,NT-101551,Toko Fiktif 144,10,5000,50000
24/01/2023,NT-101551,Toko Fiktif 144,8,25000,200000
26/01/2023,NT-101552,Toko Fiktif 144,6,5000,30000
26/01/2023,NT-101552,Toko Fiktif 144,1,7500,7500
26/01/2023,NT-101552,Toko Fiktif 144,8,15000,120000
04/03/2023,NT-101553,Toko Fiktif 144,9,25000,225000
11/03/2023,NT-101554,Toko Fiktif 144,8,5000,40000
11/03/2023,NT-101554,Toko Fiktif 144,1,25000,25000
11/03/2023,NT-101554,Toko Fiktif 144,9,15000,135000
05/04/2023,NT-101555,Toko Fiktif 144,11,40000,440000
05/04/2023,NT-101555,Toko Fiktif 144,1,25000,25000
06/05/2023,NT-101556,Toko Fiktif 144,12,7500,90000
23/05/2023,NT-101557,Toko Fiktif 144,3,40000,120000
18/06/2023,NT-101558,Toko Fiktif 144,9,5000,45000
18/06/2023,NT-101558,Toko Fiktif 144,11,12000,132000
04/07/2023,NT-101559,Toko Fiktif 144,11,12000,132000
04/07/2023,NT-101559,Toko Fiktif 144,6,7500,45000
04/07/2023,NT-101559,Toko Fiktif 144,6,40000,240000
13/07/2023,NT-101560,Toko Fiktif 144,1,15000,15000
13/07/2023,NT-101560,Toko Fiktif 144,10,7500,75000
13/07/2023,NT-101560,Toko Fiktif 144,12,12000,144000
06/08/2023,NT-101561,Toko Fiktif 144,1,15000,15000
29/08/2023,NT-101562,Toko Fiktif 144,6,7500,45000
29/08/2023,NT-101562,Toko Fiktif 144,5,15000,75000
01/09/2023,NT-101563,Toko Fiktif 144,4,40000,160000
28/09/2023,NT-101564,Toko Fiktif 144,11,5000,55000
28/09/2023,NT-101564,Toko Fiktif 144,4,7500,30000
07/10/2023,NT-101565,Toko Fiktif 144,1,12000,12000
07/10/2023,NT-101565,Toko Fiktif 144,11,25000,275000
27/11/2023,NT-101566,Toko Fiktif 144,2,7500,15000
01/01/2024,NT-101567,Toko Fiktif 144,1,15000,15000
01/01/2024,NT-101567,Toko Fiktif 144,1,40000,40000
01/01/2024,NT-101567,Toko Fiktif 144,6,7500,45000
15/01/2024,NT-101568,Toko Fiktif 144,5,5000,25000
02/02/2024,NT-101569,Toko Fiktif 144,6,15000,90000
02/02/2024,NT-101569,Toko Fiktif 144,2,25000,50000
05/02/2024,NT-101570,Toko Fiktif 144,7,12000,84000
05/02/2024,NT-101570,Toko Fiktif 144,10,5000,50000
18/02/2024,NT-101571,Toko Fiktif 144,5,40000,200000
01/03/2024,NT-101572,Toko Fiktif 144,1,15000,15000
01/03/2024,NT-101572,Toko Fiktif 144,6,12000,72000
01/03/2024,NT-101572,Toko Fiktif 144,11,7500,82500
10/03/2024,NT-101573,Toko Fiktif 144,3,40000,120000
10/03/2024,NT-101573,Toko Fiktif 144,10,15000,150000
10/03/2024,NT-101573,Toko Fiktif 144,4,12000,48000
22/03/2024,NT-101574,Toko Fiktif 144,8,12000,96000
09/06/2024,NT-101575,Toko Fiktif 144,4,12000,48000
12/06/2024,NT-101576,Toko Fiktif 144,5,25000,125000
12/06/2024,NT-101576,Toko Fiktif 144,8,15000,120000
14/06/2024,NT-101577,Toko Fiktif 144,4,5000,20000
26/06/2024,NT-101578,Toko Fiktif 144,7,25000,175000
26/06/2024,NT-101578,Toko Fiktif 144,2,5000,10000
26/06/2024,NT-101578,Toko Fiktif 144,5,12000,60000
04/07/2024,NT-101579,Toko Fiktif 144,5,25000,125000
04/07/2024,NT-101579,Toko Fiktif 144,10,15000,150000
04/07/2024,NT-101579,Toko Fiktif 144,6,7500,45000
24/07/2024,NT-101580,Toko Fiktif 144,11,40000,440000
24/07/2024,NT-101580,Toko Fiktif 144,3,7500,22500
30/07/2024,NT-101581,Toko Fiktif 144,8,40000,320000
30/07/2024,NT-101581,Toko Fiktif 144,10,5000,50000
30/07/2024,NT-101581,Toko Fiktif 144,1,25000,25000
05/09/2024,NT-101582,Toko Fiktif 144,8,15000,120000
05/09/2024,NT-101582,Toko Fiktif 144,1,12000,12000
07/10/2024,NT-101583,Toko Fiktif 144,3,7500,22500
07/10/2024,NT-101583,Toko Fiktif 144,2,5000,10000
11/10/2024,NT-101584,Toko Fiktif 144,8,25000,200000
14/10/2024,NT-101585,Toko Fiktif 144,4,12000,48000
14/10/2024,NT-101585,Toko Fiktif 144,12,5000,60000
14/10/2024,NT-101585,Toko Fiktif 144,5,7500,37500
05/11/2024,NT-101586,Toko Fiktif 144,7,40000,280000
06/11/2024,NT-101587,Toko Fiktif 144,4,12000,48000
12/11/2024,NT-101588,Toko Fiktif 144,3,15000,45000
12/11/2024,NT-101588,Toko Fiktif 144,7,12000,84000
12/11/2024,NT-101588,Toko Fiktif 144,6,40000,240000
21/12/2024,NT-101589,Toko Fiktif 144,11,25000,275000
24/12/2024,NT-101590,Toko Fiktif 144,5,40000,200000
24/12/2024,NT-101590,Toko Fiktif 144,9,15000,135000
27/09/2024,NT-101591,Toko Fiktif 145,6,12000,72000
27/09/2024,NT-101591,Toko Fiktif 145,5,15000,75000
05/01/2024,NT-101592,Toko Fiktif 146,8,5000,40000
05/01/2024,NT-101592,Toko Fiktif 146,10,40000,400000
05/01/2024,NT-101592,Toko Fiktif 146,11,25000,275000
11/03/2024,NT-101593,Toko Fiktif 146,10,15000,150000
11/03/2024,NT-101593,Toko Fiktif 146,11,7500,82500
13/03/2024,NT-101594,Toko Fiktif 146,9,7500,67500
13/03/2024,NT-101594,Toko Fiktif 146,4,40000,160000
13/03/2024,NT-101594,Toko Fiktif 146,5,5000,25000
24/03/2024,NT-101595,Toko Fiktif 146,8,40000,320000
24/03/2024,NT-101595,Toko Fiktif 146,1,7500,7500
01/04/2024,NT-101596,Toko Fiktif 146,9,5000,45000
05/04/2024,NT-101597,Toko Fiktif 146,2,12000,24000
15/04/2024,NT-101598,Toko Fiktif 146,9,40000,360000
15/04/2024,NT-101598,Toko Fiktif 146,2,5000,10000
30/04/2024,NT-101599,Toko Fiktif 146,4,25000,100000
30/04/2024,NT-101599,Toko Fiktif 146,12,15000,180000
15/05/2024,NT-101600,Toko Fiktif 146,6,15000,90000
17/05/2024,NT-101601,Toko Fiktif 146,9,40000,360000
14/06/2024,NT-101602,Toko Fiktif 146,9,5000,45000
21/06/2024,NT-101603,Toko Fiktif 146,6,5000,30000
21/06/2024,NT-101603,Toko Fiktif 146,3,40000,120000
11/07/2024,NT-101604,Toko Fiktif 146,1,12000,12000
05/08/2024,NT-101605,Toko Fiktif 146,5,5000,25000
05/08/2024,NT-101605,Toko Fiktif 146,5,7500,37500
08/09/2024,NT-101606,Toko Fiktif 146,12,40000,480000
08/09/2024,NT-101606,Toko Fiktif 146,9,15000,135000
26/09/2024,NT-101607,Toko Fiktif 146,6,5000,30000
26/09/2024,NT-101607,Toko Fiktif 146,2,40000,80000
30/09/2024,NT-101608,Toko Fiktif 146,3,7500,22500
01/10/2024,NT-101609,Toko Fiktif 146,1,12000,12000
20/10/2024,NT-101610,Toko Fiktif 146,11,40000,440000
19/12/2024,NT-101611,Toko Fiktif 146,12,25000,300000
25/04/2023,NT-101612,Toko Fiktif 147,5,12000,60000
25/04/2023,NT-101612,Toko Fiktif 147,12,7500,90000
20/06/2024,NT-101613,Toko Fiktif 148,2,12000,24000
20/06/2024,NT-101613,Toko Fiktif 148,9,5000,45000
07/07/2024,NT-101614,Toko Fiktif 148,3,7500,22500
15/08/2024,NT-101615,Toko Fiktif 148,4,12000,48000
15/08/2024,NT-101615,Toko Fiktif 148,2,15000,30000
20/08/2024,NT-101616,Toko Fiktif 148,2,25000,50000
20/08/2024,NT-101616,Toko Fiktif 148,6,40000,240000
23/08/2024,NT-101617,Toko Fiktif 148,7,12000,84000
03/09/2024,NT-101618,Toko Fiktif 148,2,7500,15000
03/09/2024,NT-101618,Toko Fiktif 148,8,12000,96000
03/09/2024,NT-101618,Toko Fiktif 148,5,5000,25000
06/09/2024,NT-101619,Toko Fiktif 148,6,25000,150000
06/09/2024,NT-101619,Toko Fiktif 148,9,7500,67500
06/09/2024,NT-101619,Toko Fiktif 148,10,15000,150000
17/09/2024,NT-101620,Toko Fiktif 148,8,25000,200000
17/09/2024,NT-101620,Toko Fiktif 148,8,7500,60000
07/10/2024,NT-101621,Toko Fiktif 148,7,5000,35000
07/10/2024,NT-101621,Toko Fiktif 148,8,7500,60000
19/07/2024,NT-101622,Toko Fiktif 149,6,25000,150000
11/08/2024,NT-101623,Toko Fiktif 149,5,5000,25000
14/08/2024,NT-101624,Toko Fiktif 149,4,40000,160000
14/08/2024,NT-101624,Toko Fiktif 149,9,7500,67500
24/08/2024,NT-101625,Toko Fiktif 149,12,12000,144000
24/08/2024,NT-101625,Toko Fiktif 149,9,5000,45000
30/08/2024,NT-101626,Toko Fiktif 149,1,12000,12000
30/08/2024,NT-101626,Toko Fiktif 149,10,7500,75000
13/10/2024,NT-101627,Toko Fiktif 149,3,40000,120000
13/10/2024,NT-101627,Toko Fiktif 149,3,15000,45000
13/10/2024,NT-101627,Toko Fiktif 149,9,25000,225000
12/11/2024,NT-101628,Toko Fiktif 149,10,40000,400000
10/05/2023,NT-101629,Toko Fiktif 150,2,5000,10000
10/05/2023,NT-101629,Toko Fiktif 150,2,15000,30000
15/05/2023,NT-101630,Toko Fiktif 150,9,25000,225000
22/05/2023,NT-101631,Toko Fiktif 150,9,40000,360000
22/05/2023,NT-101631,Toko Fiktif 150,2,25000,50000
22/05/2023,NT-101631,Toko Fiktif 150,2,15000,30000
27/05/2023,NT-101632,Toko Fiktif 150,9,5000,45000
27/05/2023,NT-101632,Toko Fiktif 150,5,15000,75000
27/05/2023,NT-101632,Toko Fiktif 150,1,7500,7500
17/06/2023,NT-101633,Toko Fiktif 150,10,40000,400000
17/06/2023,NT-101633,Toko Fiktif 150,10,25000,250000
17/06/2023,NT-101633,Toko Fiktif 150,4,15000,60000
22/06/2023,NT-101634,Toko Fiktif 150,10,25000,250000
22/06/2023,NT-101634,Toko Fiktif 150,10,5000,50000
14/07/2023,NT-101635,Toko Fiktif 150,2,15000,30000
14/07/2023,NT-101635,Toko Fiktif 150,3,40000,120000
05/08/2023,NT-101636,Toko Fiktif 150,5,12000,60000
19/08/2023,NT-101637,Toko Fiktif 150,2,25000,50000
26/08/2023,NT-101638,Toko Fiktif 150,6,5000,30000
26/08/2023,NT-101638,Toko Fiktif 150,7,25000,175000
26/08/2023,NT-101638,Toko Fiktif 150,1,12000,12000
29/08/2023,NT-101639,Toko Fiktif 150,6,12000,72000
29/08/2023,NT-101639,Toko Fiktif 150,6,25000,150000
29/08/2023,NT-101639,Toko Fiktif 150,12,7500,90000
08/09/2023,NT-101640,Toko Fiktif 150,10,15000,150000
08/09/2023,NT-101640,Toko Fiktif 150,3,7500,22500
28/09/2023,NT-101641,Toko Fiktif 150,5,5000,25000
13/03/2024,NT-101642,Toko Fiktif 150,4,15000,60000
13/03/2024,NT-101642,Toko Fiktif 150,10,40000,400000
20/03/2024,NT-101643,Toko Fiktif 150,5,7500,37500
23/03/2024,NT-101644,Toko Fiktif 150,5,40000,200000
23/03/2024,NT-101644,Toko Fiktif 150,8,7500,60000
25/03/2024,NT-101645,Toko Fiktif 150,2,40000,80000
25/03/2024,NT-101645,Toko Fiktif 150,9,12000,108000
03/05/2024,NT-101646,Toko Fiktif 150,9,25000,225000
03/05/2024,NT-101646,Toko Fiktif 150,3,12000,36000
03/05/2024,NT-101646,Toko Fiktif 150,6,5000,30000
15/05/2024,NT-101647,Toko Fiktif 150,4,40000,160000
15/05/2024,NT-101647,Toko Fiktif 150,1,12000,12000
15/05/2024,NT-101647,Toko Fiktif 150,9,15000,135000
22/05/2024,NT-101648,Toko Fiktif 150,8,15000,120000
22/05/2024,NT-101648,Toko Fiktif 150,1,5000,5000
22/05/2024,NT-101648,Toko Fiktif 150,1,25000,25000
02/06/2024,NT-101649,Toko Fiktif 150,12,40000,480000
02/06/2024,NT-101649,Toko Fiktif 150,12,15000,180000
02/06/2024,NT-101649,Toko Fiktif 150,7,5000,35000
10/06/2024,NT-101650,Toko Fiktif 150,3,12000,36000
10/06/2024,NT-101650,Toko Fiktif 150,3,5000,15000
10/06/2024,NT-101650,Toko Fiktif 150,6,25000,150000
20/06/2024,NT-101651,Toko Fiktif 150,8,5000,40000
08/07/2024,NT-101652,Toko Fiktif 150,1,40000,40000
08/07/2024,NT-101652,Toko Fiktif 150,12,5000,60000
08/07/2024,NT-101652,Toko Fiktif 150,5,12000,60000
13/07/2024,NT-101653,Toko Fiktif 150,10,40000,400000
06/08/2024,NT-101654,Toko Fiktif 150,5,7500,37500
06/08/2024,NT-101654,Toko Fiktif 150,10,25000,250000
06/08/2024,NT-101654,Toko Fiktif 150,2,5000,10000
03/09/2024,NT-101655,Toko Fiktif 150,4,40000,160000
03/09/2024,NT-101655,Toko Fiktif 150,10,15000,150000
03/09/2024,NT-101655,Toko Fiktif 150,11,5000,55000
06/09/2024,NT-101656,Toko Fiktif 150,7,5000,35000
06/09/2024,NT-101656,Toko Fiktif 150,6,7500,45000
09/09/2024,NT-101657,Toko Fiktif 150,6,25000,150000
19/09/2024,NT-101658,Toko Fiktif 150,7,25000,175000
19/09/2024,NT-101658,Toko Fiktif 150,5,15000,75000
13/10/2024,NT-101659,Toko Fiktif 150,2,12000,24000
13/10/2024,NT-101659,Toko Fiktif 150,4,15000,60000
13/10/2024,NT-101659,Toko Fiktif 150,11,7500,82500
21/10/2024,NT-101660,Toko Fiktif 150,12,7500,90000
21/10/2024,NT-101660,Toko Fiktif 150,6,15000,90000
09/07/2023,NT-101661,Toko Fiktif 151,2,7500,15000
09/07/2023,NT-101661,Toko Fiktif 151,2,15000,30000
09/07/2023,NT-101661,Toko Fiktif 151,9,40000,360000
05/08/2023,NT-101662,Toko Fiktif 151,6,7500,45000
08/08/2023,NT-101663,Toko Fiktif 151,9,7500,67500
15/09/2023,NT-101664,Toko Fiktif 151,12,7500,90000
15/09/2023,NT-101664,Toko Fiktif 151,1,40000,40000
15/09/2023,NT-101664,Toko Fiktif 151,7,15000,105000
20/09/2023,NT-101665,Toko Fiktif 151,8,40000,320000
25/09/2023,NT-101666,Toko Fiktif 151,6,15000,90000
14/10/2023,NT-101667,Toko Fiktif 151,5,40000,200000
16/10/2023,NT-101668,Toko Fiktif 151,5,15000,75000
06/11/2023,NT-101669,Toko Fiktif 151,6,25000,150000
06/11/2023,NT-101669,Toko Fiktif 151,10,5000,50000
12/11/2023,NT-101670,Toko Fiktif 151,4,5000,20000
12/11/2023,NT-101670,Toko Fiktif 151,3,15000,45000
17/11/2023,NT-101671,Toko Fiktif 151,1,40000,40000
11/12/2023,NT-101672,Toko Fiktif 151,9,12000,108000
11/12/2023,NT-101672,Toko Fiktif 151,8,25000,200000
25/12/2023,NT-101673,Toko Fiktif 151,1,15000,15000
19/01/2024,NT-101674,Toko Fiktif 151,9,7500,67500
19/01/2024,NT-101674,Toko Fiktif 151,9,40000,360000
04/02/2024,NT-101675,Toko Fiktif 151,10,5000,50000
18/03/2024,NT-101676,Toko Fiktif 151,9,25000,225000
18/03/2024,NT-101676,Toko Fiktif 151,9,12000,108000
19/04/2024,NT-101677,Toko Fiktif 151,3,25000,75000
29/04/2024,NT-101678,Toko Fiktif 151,12,25000,300000
20/05/2024,NT-101679,Toko Fiktif 151,7,15000,105000
23/05/2024,NT-101680,Toko Fiktif 151,4,15000,60000
23/05/2024,NT-101680,Toko Fiktif 151,2,5000,10000
16/06/2024,NT-101681,Toko Fiktif 151,7,5000,35000
16/06/2024,NT-101681,Toko Fiktif 151,1,15000,15000
19/06/2024,NT-101682,Toko Fiktif 151,10,7500,75000
19/06/2024,NT-101682,Toko Fiktif 151,12,5000,60000
19/06/2024,NT-101682,Toko Fiktif 151,10,12000,120000
20/06/2024,NT-101683,Toko Fiktif 151,3,25000,75000
01/07/2024,NT-101684,Toko Fiktif 151,12,5000,60000
01/07/2024,NT-101684,Toko Fiktif 151,7,15000,105000
01/07/2024,NT-101684,Toko Fiktif 151,7,40000,280000
10/07/2024,NT-101685,Toko Fiktif 151,2,12000,24000
10/07/2024,NT-101685,Toko Fiktif 151,5,40000,200000
10/07/2024,NT-101685,Toko Fiktif 151,2,5000,10000
02/08/2024,NT-101686,Toko Fiktif 151,6,40000,240000
04/08/2024,NT-101687,Toko Fiktif 151,6,40000,240000
04/08/2024,NT-101687,Toko Fiktif 151,12,12000,144000
19/09/2024,NT-101688,Toko Fiktif 151,9,12000,108000
26/10/2024,NT-101689,Toko Fiktif 151,10,40000,400000
26/10/2024,NT-101689,Toko Fiktif 151,3,25000,75000
20/12/2024,NT-101690,Toko Fiktif 151,1,40000,40000
22/12/2024,NT-101691,Toko Fiktif 151,4,15000,60000
22/12/2024,NT-101691,Toko Fiktif 151,7,12000,84000
31/12/2024,NT-101692,Toko Fiktif 151,3,7500,22500
01/09/2024,NT-101693,Toko Fiktif 152,11,5000,55000
01/09/2024,NT-101693,Toko Fiktif 152,1,12000,12000
01/09/2024,NT-101693,Toko Fiktif 152,10,15000,150000
27/09/2024,NT-101694,Toko Fiktif 152,6,12000,72000
27/09/2024,NT-101694,Toko Fiktif 152,7,15000,105000
27/09/2024,NT-101694,Toko Fiktif 152,8,5000,40000
10/11/2024,NT-101695,Toko Fiktif 152,8,25000,200000
10/11/2024,NT-101695,Toko Fiktif 152,10,15000,150000
21/11/2024,NT-101696,Toko Fiktif 152,9,5000,45000
21/11/2024,NT-101696,Toko Fiktif 152,11,15000,165000
15/12/2024,NT-101697,Toko Fiktif 152,5,15000,75000
15/12/2024,NT-101697,Toko Fiktif 152,1,12000,12000
12/01/2024,NT-101698,Toko Fiktif 153,12,15000,180000
24/01/2024,NT-101699,Toko Fiktif 153,10,25000,250000
24/01/2024,NT-101699,Toko Fiktif 153,5,40000,200000
30/01/2024,NT-101700,Toko Fiktif 153,6,15000,90000
30/01/2024,NT-101700,Toko Fiktif 153,12,40000,480000
05/07/2024,NT-101701,Toko Fiktif 153,6,5000,30000
11/11/2024,NT-101702,Toko Fiktif 153,7,12000,84000
25/06/2024,NT-101703,Toko Fiktif 154,12,7500,90000
25/06/2024,NT-101703,Toko Fiktif 154,10,40000,400000
10/07/2024,NT-101704,Toko Fiktif 154,3,7500,22500
10/07/2024,NT-101704,Toko Fiktif 154,9,5000,45000
14/08/2024,NT-101705,Toko Fiktif 154,9,7500,67500
14/08/2024,NT-101705,Toko Fiktif 154,3,25000,75000
19/08/2024,NT-101706,Toko Fiktif 154,3,12000,36000
19/08/2024,NT-101706,Toko Fiktif 154,7,15000,105000
19/08/2024,NT-101706,Toko Fiktif 154,11,40000,440000
23/08/2024,NT-101707,Toko Fiktif 154,10,15000,150000
09/09/2024,NT-101708,Toko Fiktif 154,7,15000,105000
12/09/2024,NT-101709,Toko Fiktif 154,7,7500,52500
15/09/2024,NT-101710,Toko Fiktif 154,7,40000,280000
31/10/2024,NT-101711,Toko Fiktif 154,4,25000,100000
31/10/2024,NT-101711,Toko Fiktif 154,2,7500,15000
31/10/2024,NT-101711,Toko Fiktif 154,7,12000,84000
24/12/2024,NT-101712,Toko Fiktif 154,3,40000,120000
24/12/2024,NT-101712,Toko Fiktif 154,12,12000,144000
24/12/2024,NT-101712,Toko Fiktif 154,4,7500,30000
24/02/2024,NT-101713,Toko Fiktif 155,10,15000,150000
02/06/2024,NT-101714,Toko Fiktif 155,1,15000,15000
02/06/2024,NT-101714,Toko Fiktif 155,2,5000,10000
03/06/2024,NT-101715,Toko Fiktif 155,10,5000,50000
03/06/2024,NT-101715,Toko Fiktif 155,8,7500,60000
11/05/2024,NT-101716,Toko Fiktif 156,5,25000,125000
11/05/2024,NT-101716,Toko Fiktif 156,1,12000,12000
06/06/2024,NT-101717,Toko Fiktif 156,3,7500,22500
13/06/2024,NT-101718,Toko Fiktif 156,12,12000,144000
13/08/2024,NT-101719,Toko Fiktif 156,12,7500,90000
17/08/2024,NT-101720,Toko Fiktif 156,8,25000,200000
19/08/2024,NT-101721,Toko Fiktif 156,12,12000,144000
19/08/2024,NT-101721,Toko Fiktif 156,2,7500,15000
19/08/2024,NT-101721,Toko Fiktif 156,2,25000,50000
07/11/2024,NT-101722,Toko Fiktif 156,1,25000,25000
18/12/2024,NT-101723,Toko Fiktif 156,11,7500,82500
18/12/2024,NT-101723,Toko Fiktif 156,10,25000,250000
18/12/2024,NT-101723,Toko Fiktif 156,8,40000,320000
30/12/2024,NT-101724,Toko Fiktif 156,9,40000,360000
01/06/2023,NT-101725,Toko Fiktif 157,2,15000,30000
01/06/2023,NT-101725,Toko Fiktif 157,8,12000,96000
01/06/2023,NT-101725,Toko Fiktif 157,8,40000,320000
18/06/2023,NT-101726,Toko Fiktif 157,7,40000,280000
18/06/2023,NT-101726,Toko Fiktif 157,2,15000,30000
18/06/2023,NT-101726,Toko Fiktif 157,12,7500,90000
20/06/2023,NT-101727,Toko Fiktif 157,2,15000,30000
20/06/2023,NT-101727,Toko Fiktif 157,11,12000,132000
20/06/2023,NT-101727,Toko Fiktif 157,6,25000,150000
24/09/2023,NT-101728,Toko Fiktif 157,2,5000,10000
24/09/2023,NT-101728,Toko Fiktif 157,10,15000,150000
30/09/2023,NT-101729,Toko Fiktif 157,2,15000,30000
02/10/2023,NT-101730,Toko Fiktif 157,9,15000,135000
02/10/2023,NT-101730,Toko Fiktif 157,8,7500,60000
02/10/2023,NT-101730,Toko Fiktif 157,7,12000,84000
04/08/2023,NT-101731,Toko Fiktif 158,7,7500,52500
04/08/2023,NT-101731,Toko Fiktif 158,11,40000,440000
19/08/2023,NT-101732,Toko Fiktif 158,3,12000,36000
19/08/2023,NT-101732,Toko Fiktif 158,6,15000,90000
05/09/2023,NT-101733,Toko Fiktif 158,6,40000,240000
05/09/2023,NT-101733,Toko Fiktif 158,2,5000,10000
05/09/2023,NT-101733,Toko Fiktif 158,4,25000,100000
14/09/2023,NT-101734,Toko Fiktif 158,6,25000,150000
22/09/2023,NT-101735,Toko Fiktif 158,12,15000,180000
06/10/2023,NT-101736,Toko Fiktif 158,12,12000,144000
06/10/2023,NT-101736,Toko Fiktif 158,2,40000,80000
06/10/2023,NT-101736,Toko Fiktif 158,11,15000,165000
03/12/2023,NT-101737,Toko Fiktif 158,7,40000,280000
03/12/2023,NT-101737,Toko Fiktif 158,12,25000,300000
03/12/2023,NT-101737,Toko Fiktif 158,2,15000,30000
15/03/2024,NT-101738,Toko Fiktif 158,7,5000,35000
15/03/2024,NT-101738,Toko Fiktif 158,10,15000,150000
15/03/2024,NT-101738,Toko Fiktif 158,2,12000,24000
06/05/2024,NT-101739,Toko Fiktif 158,7,12000,84000
15/06/2024,NT-101740,Toko Fiktif 158,6,15000,90000
06/07/2024,NT-101741,Toko Fiktif 158,5,7500,37500
06/07/2024,NT-101741,Toko Fiktif 158,6,12000,72000
06/07/2024,NT-101741,Toko Fiktif 158,11,5000,55000
17/07/2024,NT-101742,Toko Fiktif 158,3,7500,22500
18/08/2024,NT-101743,Toko Fiktif 158,12,5000,60000
18/08/2024,NT-101743,Toko Fiktif 158,4,25000,100000
18/08/2024,NT-101743,Toko Fiktif 158,6,40000,240000
21/08/2024,NT-101744,Toko Fiktif 158,1,12000,12000
21/08/2024,NT-101744,Toko Fiktif 158,4,5000,20000
22/12/2024,NT-101745,Toko Fiktif 158,11,25000,275000
07/03/2024,NT-101746,Toko Fiktif 159,12,15000,180000
07/03/2024,NT-101746,Toko Fiktif 159,3,12000,36000
07/03/2024,NT-101746,Toko Fiktif 159,2,7500,15000
06/10/2024,NT-101747,Toko Fiktif 160,1,15000,15000
19/01/2023,NT-101748,Toko Fiktif 161,2,15000,30000
10/10/2023,NT-101749,Toko Fiktif 162,9,5000,45000
15/12/2023,NT-101750,Toko Fiktif 162,7,15000,105000
15/12/2023,NT-101750,Toko Fiktif 162,6,7500,45000
21/03/2024,NT-101751,Toko Fiktif 162,1,7500,7500
21/03/2024,NT-101751,Toko Fiktif 162,6,15000,90000
21/03/2024,NT-101751,Toko Fiktif 162,8,12000,96000
06/08/2024,NT-101752,Toko Fiktif 163,9,15000,135000
06/08/2024,NT-101752,Toko Fiktif 163,10,12000,120000
06/08/2024,NT-101752,Toko Fiktif 163,4,25000,100000
23/08/2024,NT-101753,Toko Fiktif 163,8,5000,40000
19/09/2024,NT-101754,Toko Fiktif 163,5,5000,25000
19/09/2024,NT-101754,Toko Fiktif 163,6,40000,240000
23/10/2024,NT-101755,Toko Fiktif 163,9,25000,225000
03/11/2024,NT-101756,Toko Fiktif 163,7,5000,35000
07/11/2024,NT-101757,Toko Fiktif 163,6,5000,30000
07/11/2024,NT-101757,Toko Fiktif 163,2,40000,80000
10/11/2024,NT-101758,Toko Fiktif 163,3,5000,15000
10/11/2024,NT-101758,Toko Fiktif 163,1,7500,7500
13/11/2024,NT-101759,Toko Fiktif 163,5,5000,25000
13/11/2024,NT-101759,Toko Fiktif 163,11,12000,132000
13/11/2024,NT-101759,Toko Fiktif 163,1,25000,25000
14/11/2024,NT-101760,Toko Fiktif 163,7,7500,52500
03/12/2024,NT-101761,Toko Fiktif 163,6,15000,90000
03/12/2024,NT-101761,Toko Fiktif 163,2,25000,50000
03/12/2024,NT-101761,Toko Fiktif 163,2,5000,10000
13/12/2024,NT-101762,Toko Fiktif 163,6,40000,240000
13/12/2024,NT-101762,Toko Fiktif 163,3,7500,22500
13/12/2024,NT-101762,Toko Fiktif 163,3,15000,45000
11/02/2024,NT-101763,Toko Fiktif 164,3,7500,22500
11/02/2024,NT-101763,Toko Fiktif 164,7,25000,175000
11/02/2024,NT-101763,Toko Fiktif 164,10,15000,150000
25/11/2024,NT-101764,Toko Fiktif 165,9,7500,67500
05/12/2024,NT-101765,Toko Fiktif 165,6,7500,45000
05/12/2024,NT-101765,Toko Fiktif 165,7,40000,280000
05/12/2024,NT-101765,Toko Fiktif 165,2,25000,50000
27/08/2024,NT-101766,Toko Fiktif 166,5,40000,200000
27/08/2024,NT-101766,Toko Fiktif 166,8,12000,96000
20/09/2024,NT-101767,Toko Fiktif 166,3,40000,120000
20/09/2024,NT-101767,Toko Fiktif 166,4,5000,20000
20/09/2024,NT-101767,Toko Fiktif 166,1,15000,15000
30/10/2024,NT-101768,Toko Fiktif 166,2,12000,24000
15/09/2024,NT-101769,Toko Fiktif 167,1,25000,25000
19/09/2024,NT-101770,Toko Fiktif 167,12,15000,180000
30/10/2024,NT-101771,Toko Fiktif 167,12,25000,300000
30/10/2024,NT-101771,Toko Fiktif 167,11,5000,55000
30/10/2024,NT-101771,Toko Fiktif 167,9,40000,360000
21/11/2024,NT-101772,Toko Fiktif 167,1,5000,5000
21/11/2024,NT-101772,Toko Fiktif 167,5,15000,75000
21/11/2024,NT-101772,Toko Fiktif 167,4,25000,100000
11/12/2024,NT-101773,Toko Fiktif 167,12,7500,90000
11/12/2024,NT-101773,Toko Fiktif 167,9,15000,135000
11/12/2024,NT-101773,Toko Fiktif 167,3,40000,120000
23/12/2024,NT-101774,Toko Fiktif 167,12,25000,300000
23/12/2024,NT-101774,Toko Fiktif 167,7,15000,105000
23/12/2024,NT-101774,Toko Fiktif 167,9,7500,67500
24/11/2024,NT-101775,Toko Fiktif 168,9,25000,225000
24/11/2024,NT-101775,Toko Fiktif 168,3,15000,45000
24/11/2024,NT-101775,Toko Fiktif 168,2,12000,24000
09/12/2024,NT-101776,Toko Fiktif 168,10,15000,150000
09/12/2024,NT-101776,Toko Fiktif 168,6,25000,150000
09/12/2024,NT-101776,Toko Fiktif 168,7,5000,35000
20/06/2024,NT-101777,Toko Fiktif 169,3,15000,45000
20/06/2024,NT-101777,Toko Fiktif 169,1,5000,5000
26/06/2024,NT-101778,Toko Fiktif 169,10,5000,50000
26/06/2024,NT-101778,Toko Fiktif 169,4,40000,160000
28/06/2024,NT-101779,Toko Fiktif 169,9,15000,135000
08/11/2024,NT-101780,Toko Fiktif 170,6,40000,240000
11/11/2024,NT-101781,Toko Fiktif 170,12,40000,480000
11/11/2024,NT-101781,Toko Fiktif 170,7,12000,84000
11/11/2024,NT-101781,Toko Fiktif 170,5,5000,25000
17/08/2024,NT-101782,Toko Fiktif 171,8,7500,60000
17/08/2024,NT-101782,Toko Fiktif 171,4,12000,48000
20/02/2023,NT-101783,Toko Fiktif 172,11,15000,165000
20/02/2023,NT-101783,Toko Fiktif 172,9,25000,225000
09/05/2023,NT-101784,Toko Fiktif 172,12,40000,480000
02/08/2023,NT-101785,Toko Fiktif 172,4,7500,30000
02/08/2023,NT-101785,Toko Fiktif 172,3,25000,75000
02/08/2023,NT-101785,Toko Fiktif 172,12,40000,480000
06/09/2023,NT-101786,Toko Fiktif 172,1,25000,25000
06/09/2023,NT-101786,Toko Fiktif 172,5,15000,75000
12/09/2023,NT-101787,Toko Fiktif 172,3,5000,15000
12/09/2023,NT-101787,Toko Fiktif 172,9,40000,360000
24/01/2024,NT-101788,Toko Fiktif 172,7,5000,35000
24/01/2024,NT-101788,Toko Fiktif 172,7,12000,84000
02/06/2024,NT-101789,Toko Fiktif 172,12,5000,60000
18/07/2024,NT-101790,Toko Fiktif 172,1,40000,40000
18/07/2024,NT-101790,Toko Fiktif 172,6,7500,45000
18/07/2024,NT-101790,Toko Fiktif 172,11,15000,165000
24/11/2023,NT-101791,Toko Fiktif 173,1,12000,12000
24/11/2023,NT-101791,Toko Fiktif 173,6,5000,30000
24/11/2023,NT-101791,Toko Fiktif 173,1,15000,15000
04/01/2024,NT-101792,Toko Fiktif 173,9,12000,108000
03/04/2024,NT-101793,Toko Fiktif 173,11,15000,165000
03/04/2024,NT-101793,Toko Fiktif 173,6,5000,30000
03/04/2024,NT-101793,Toko Fiktif 173,3,25000,75000
14/01/2024,NT-101794,Toko Fiktif 174,3,40000,120000
14/01/2024,NT-101794,Toko Fiktif 174,5,5000,25000
07/02/2024,NT-101795,Toko Fiktif 174,2,15000,30000
12/02/2024,NT-101796,Toko Fiktif 174,1,40000,40000
22/02/2024,NT-101797,Toko Fiktif 174,4,15000,60000
24/03/2024,NT-101798,Toko Fiktif 174,6,5000,30000
27/03/2024,NT-101799,Toko Fiktif 174,8,25000,200000
27/03/2024,NT-101799,Toko Fiktif 174,7,12000,84000
27/03/2024,NT-101799,Toko Fiktif 174,10,40000,400000
08/05/2024,NT-101800,Toko Fiktif 174,6,12000,72000
08/05/2024,NT-101800,Toko Fiktif 174,10,5000,50000
12/05/2024,NT-101801,Toko Fiktif 174,8,15000,120000
12/05/2024,NT-101801,Toko Fiktif 174,2,12000,24000
12/05/2024,NT-101801,Toko Fiktif 174,8,5000,40000
29/05/2024,NT-101802,Toko Fiktif 174,12,5000,60000
29/05/2024,NT-101802,Toko Fiktif 174,1,25000,25000
29/05/2024,NT-101802,Toko Fiktif 174,6,40000,240000
08/07/2024,NT-101803,Toko Fiktif 174,4,12000,48000
16/07/2024,NT-101804,Toko Fiktif 174,3,40000,120000
16/07/2024,NT-101804,Toko Fiktif 174,4,25000,100000
13/08/2024,NT-101805,Toko Fiktif 174,8,12000,96000
16/03/2023,NT-101806,Toko Fiktif 175,10,25000,250000
16/03/2023,NT-101806,Toko Fiktif 175,12,7500,90000
16/03/2023,NT-101806,Toko Fiktif 175,5,15000,75000
17/09/2024,NT-101807,Toko Fiktif 176,1,5000,5000
11/02/2023,NT-101808,Toko Fiktif 177,6,15000,90000
11/02/2023,NT-101808,Toko Fiktif 177,3,12000,36000
01/03/2023,NT-101809,Toko Fiktif 177,4,15000,60000
01/03/2023,NT-101809,Toko Fiktif 177,7,7500,52500
14/03/2023,NT-101810,Toko Fiktif 177,12,7500,90000
14/03/2023,NT-101810,Toko Fiktif 177,8,5000,40000
09/04/2023,NT-101811,Toko Fiktif 177,12,25000,300000
09/04/2023,NT-101811,Toko Fiktif 177,11,5000,55000
09/04/2023,NT-101811,Toko Fiktif 177,5,15000,75000
16/04/2023,NT-101812,Toko Fiktif 177,11,12000,132000
16/04/2023,NT-101812,Toko Fiktif 177,5,5000,25000
16/04/2023,NT-101812,Toko Fiktif 177,4,7500,30000
19/04/2023,NT-101813,Toko Fiktif 177,12,15000,180000
19/04/2023,NT-101813,Toko Fiktif 177,9,5000,45000
19/04/2023,NT-101813,Toko Fiktif 177,1,25000,25000
23/04/2023,NT-101814,Toko Fiktif 177,3,25000,75000
23/04/2023,NT-101814,Toko Fiktif 177,7,5000,35000
11/05/2023,NT-101815,Toko Fiktif 177,4,7500,30000
11/05/2023,NT-101815,Toko Fiktif 177,12,5000,60000
11/05/2023,NT-101815,Toko Fiktif 177,6,40000,240000
25/05/2023,NT-101816,Toko Fiktif 177,12,15000,180000
07/07/2023,NT-101817,Toko Fiktif 177,8,40000,320000
18/07/2023,NT-101818,Toko Fiktif 177,11,12000,132000
18/07/2023,NT-101818,Toko Fiktif 177,5,15000,75000
23/07/2023,NT-101819,Toko Fiktif 177,5,15000,75000
23/07/2023,NT-101819,Toko Fiktif 177,7,5000,35000
21/09/2023,NT-101820,Toko Fiktif 177,5,7500,37500
21/09/2023,NT-101820,Toko Fiktif 177,2,15000,30000
27/10/2023,NT-101821,Toko Fiktif 177,10,15000,150000
20/11/2023,NT-101822,Toko Fiktif 177,7,12000,84000
20/11/2023,NT-101822,Toko Fiktif 177,5,25000,125000
20/11/2023,NT-101822,Toko Fiktif 177,8,7500,60000
23/12/2023,NT-101823,Toko Fiktif 177,6,15000,90000
23/12/2023,NT-101823,Toko Fiktif 177,3,25000,75000
23/12/2023,NT-101823,Toko Fiktif 177,8,5000,40000
31/12/2023,NT-101824,Toko Fiktif 177,11,7500,82500
31/12/2023,NT-101824,Toko Fiktif 177,8,40000,320000
05/01/2024,NT-101825,Toko Fiktif 177,2,40000,80000
11/01/2024,NT-101826,Toko Fiktif 177,11,5000,55000
12/02/2024,NT-101827,Toko Fiktif 177,3,15000,45000
05/03/2024,NT-101828,Toko Fiktif 177,10,15000,150000
06/03/2024,NT-101829,Toko Fiktif 177,4,5000,20000
08/05/2023,NT-101830,Toko Fiktif 178,7,25000,175000
08/05/2023,NT-101830,Toko Fiktif 178,8,12000,96000
08/05/2023,NT-101830,Toko Fiktif 178,3,5000,15000
20/05/2023,NT-101831,Toko Fiktif 178,11,15000,165000
20/05/2023,NT-101831,Toko Fiktif 178,7,7500,52500
20/05/2023,NT-101831,Toko Fiktif 178,9,5000,45000
23/05/2023,NT-101832,Toko Fiktif 178,1,5000,5000
10/06/2023,NT-101833,Toko Fiktif 178,4,7500,30000
10/06/2023,NT-101833,Toko Fiktif 178,6,25000,150000
21/06/2023,NT-101834,Toko Fiktif 178,1,15000,15000
21/06/2023,NT-101834,Toko Fiktif 178,5,40000,200000
17/07/2023,NT-101835,Toko Fiktif 178,1,40000,40000
17/07/2023,NT-101835,Toko Fiktif 178,8,5000,40000
17/07/2023,NT-101835,Toko Fiktif 178,5,7500,37500
23/07/2023,NT-101836,Toko Fiktif 178,9,40000,360000
08/08/2023,NT-101837,Toko Fiktif 178,6,15000,90000
08/08/2023,NT-101837,Toko Fiktif 178,3,40000,120000
08/08/2023,NT-101837,Toko Fiktif 178,5,25000,125000
10/08/2023,NT-101838,Toko Fiktif 178,6,5000,30000
10/08/2023,NT-101838,Toko Fiktif 178,6,40000,240000
14/08/2023,NT-101839,Toko Fiktif 178,3,40000,120000
14/08/2023,NT-101839,Toko Fiktif 178,3,15000,45000
14/08/2023,NT-101839,Toko Fiktif 178,9,7500,67500
18/08/2023,NT-101840,Toko Fiktif 178,1,25000,25000
18/08/2023,NT-101840,Toko Fiktif 178,7,15000,105000
18/08/2023,NT-101840,Toko Fiktif 178,3,5000,15000
25/08/2023,NT-101841,Toko Fiktif 178,7,12000,84000
25/08/2023,NT-101841,Toko Fiktif 178,12,5000,60000
25/09/2023,NT-101842,Toko Fiktif 179,11,25000,275000
25/09/2023,NT-101842,Toko Fiktif 179,3,12000,36000
24/11/2023,NT-101843,Toko Fiktif 179,12,12000,144000
24/11/2023,NT-101843,Toko Fiktif 179,11,7500,82500
24/11/2023,NT-101843,Toko Fiktif 179,6,25000,150000
01/01/2024,NT-101844,Toko Fiktif 179,1,12000,12000
01/01/2024,NT-101844,Toko Fiktif 179,10,7500,75000
07/04/2024,NT-101845,Toko Fiktif 179,9,12000,108000
08/06/2024,NT-101846,Toko Fiktif 179,6,25000,150000
08/06/2024,NT-101846,Toko Fiktif 179,2,7500,15000
25/06/2024,NT-101847,Toko Fiktif 179,3,5000,15000
25/06/2024,NT-101847,Toko Fiktif 179,8,40000,320000
16/09/2024,NT-101848,Toko Fiktif 179,2,12000,24000
16/09/2024,NT-101848,Toko Fiktif 179,2,7500,15000
19/11/2024,NT-101849,Toko Fiktif 179,6,7500,45000
19/11/2024,NT-101849,Toko Fiktif 179,12,12000,144000
27/12/2024,NT-101850,Toko Fiktif 179,4,12000,48000
27/12/2024,NT-101850,Toko Fiktif 179,10,5000,50000
27/12/2024,NT-101850,Toko Fiktif 179,4,25000,100000
30/12/2024,NT-101851,Toko Fiktif 179,12,5000,60000
21/12/2023,NT-101852,Toko Fiktif 180,4,5000,20000
21/12/2023,NT-101852,Toko Fiktif 180,3,40000,120000
21/12/2023,NT-101852,Toko Fiktif 180,9,25000,225000
21/01/2024,NT-101853,Toko Fiktif 180,5,12000,60000
26/02/2024,NT-101854,Toko Fiktif 180,9,25000,225000
27/02/2024,NT-101855,Toko Fiktif 180,3,12000,36000
27/02/2024,NT-101855,Toko Fiktif 180,9,7500,67500
27/02/2024,NT-101855,Toko Fiktif 180,2,5000,10000
21/04/2024,NT-101856,Toko Fiktif 180,8,40000,320000
21/04/2024,NT-101856,Toko Fiktif 180,11,12000,132000
21/04/2024,NT-101856,Toko Fiktif 180,3,25000,75000
17/06/2024,NT-101857,Toko Fiktif 180,11,15000,165000
17/06/2024,NT-101857,Toko Fiktif 180,2,25000,50000
17/06/2024,NT-101857,Toko Fiktif 180,7,12000,84000
23/06/2024,NT-101858,Toko Fiktif 180,5,12000,60000
23/06/2024,NT-101858,Toko Fiktif 180,7,5000,35000
23/06/2024,NT-101858,Toko Fiktif 180,12,40000,480000
03/07/2024,NT-101859,Toko Fiktif 180,9,15000,135000
03/07/2024,NT-101859,Toko Fiktif 180,4,12000,48000
03/07/2024,NT-101859,Toko Fiktif 180,12,40000,480000
05/07/2024,NT-101860,Toko Fiktif 180,5,7500,37500
08/08/2024,NT-101861,Toko Fiktif 180,9,15000,135000
29/05/2023,NT-101862,Toko Fiktif 181,1,40000,40000
29/05/2023,NT-101862,Toko Fiktif 181,7,15000,105000
29/05/2023,NT-101862,Toko Fiktif 181,12,12000,144000
16/06/2023,NT-101863,Toko Fiktif 181,2,7500,15000
16/06/2023,NT-101863,Toko Fiktif 181,7,12000,84000
16/06/2023,NT-101863,Toko Fiktif 181,8,40000,320000
25/06/2023,NT-101864,Toko Fiktif 181,6,7500,45000
25/06/2023,NT-101864,Toko Fiktif 181,4,15000,60000
25/06/2023,NT-101864,Toko Fiktif 181,5,40000,200000
12/07/2023,NT-101865,Toko Fiktif 181,2,12000,24000
12/07/2023,NT-101865,Toko Fiktif 181,10,7500,75000
17/07/2023,NT-101866,Toko Fiktif 181,8,7500,60000
17/07/2023,NT-101866,Toko Fiktif 181,9,15000,135000
17/07/2023,NT-101866,Toko Fiktif 181,1,25000,25000
14/11/2023,NT-101867,Toko Fiktif 181,2,5000,10000
30/11/2023,NT-101868,Toko Fiktif 181,10,15000,150000
30/11/2023,NT-101868,Toko Fiktif 181,6,25000,150000
30/11/2023,NT-101868,Toko Fiktif 181,7,12000,84000
10/12/2023,NT-101869,Toko Fiktif 181,1,25000,25000
10/12/2023,NT-101869,Toko Fiktif 181,3,5000,15000
10/12/2023,NT-101869,Toko Fiktif 181,3,15000,45000
23/12/2023,NT-101870,Toko Fiktif 181,4,7500,30000
23/12/2023,NT-101870,Toko Fiktif 181,9,40000,360000
23/12/2023,NT-101870,Toko Fiktif 181,10,5000,50000
06/01/2024,NT-101871,Toko Fiktif 181,10,15000,150000
06/01/2024,NT-101871,Toko Fiktif 181,3,40000,120000
26/01/2024,NT-101872,Toko Fiktif 181,5,15000,75000
26/01/2024,NT-101872,Toko Fiktif 181,4,7500,30000
16/02/2024,NT-101873,Toko Fiktif 181,9,5000,45000
27/02/2024,NT-101874,Toko Fiktif 181,7,5000,35000
27/02/2024,NT-101874,Toko Fiktif 181,12,12000,144000
27/02/2024,NT-101874,Toko Fiktif 181,1,7500,7500
19/03/2024,NT-101875,Toko Fiktif 181,10,25000,250000
19/03/2024,NT-101875,Toko Fiktif 181,6,12000,72000
13/07/2024,NT-101876,Toko Fiktif 181,8,25000,200000
17/07/2024,NT-101877,Toko Fiktif 181,2,25000,50000
17/07/2024,NT-101877,Toko Fiktif 181,1,5000,5000
24/07/2024,NT-101878,Toko Fiktif 181,6,12000,72000
24/07/2024,NT-101878,Toko Fiktif 181,10,5000,50000
03/11/2024,NT-101879,Toko Fiktif 181,12,5000,60000
03/11/2024,NT-101879,Toko Fiktif 181,8,12000,96000
22/12/2024,NT-101880,Toko Fiktif 181,1,15000,15000
08/03/2024,NT-101881,Toko Fiktif 182,8,12000,96000
08/04/2024,NT-101882,Toko Fiktif 182,7,7500,52500
08/04/2024,NT-101882,Toko Fiktif 182,11,15000,165000
27/06/2024,NT-101883,Toko Fiktif 182,5,12000,60000
27/06/2024,NT-101883,Toko Fiktif 182,8,5000,40000
27/06/2024,NT-101883,Toko Fiktif 182,8,40000,320000
01/08/2024,NT-101884,Toko Fiktif 182,1,5000,5000
01/08/2024,NT-101884,Toko Fiktif 182,2,25000,50000
01/08/2024,NT-101884,Toko Fiktif 182,10,12000,120000
02/08/2024,NT-101885,Toko Fiktif 182,4,12000,48000
17/08/2024,NT-101886,Toko Fiktif 182,12,5000,60000
17/08/2024,NT-101886,Toko Fiktif 182,8,40000,320000
17/08/2024,NT-101886,Toko Fiktif 182,10,7500,75000
26/08/2024,NT-101887,Toko Fiktif 182,5,12000,60000
26/08/2024,NT-101887,Toko Fiktif 182,7,25000,175000
26/08/2024,NT-101887,Toko Fiktif 182,5,15000,75000
31/12/2023,NT-101888,Toko Fiktif 183,8,12000,96000
31/12/2023,NT-101888,Toko Fiktif 183,5,7500,37500
06/01/2024,NT-101889,Toko Fiktif 183,12,12000,144000
06/01/2024,NT-101889,Toko Fiktif 183,6,5000,30000
09/01/2024,NT-101890,Toko Fiktif 183,9,7500,67500
29/01/2024,NT-101891,Toko Fiktif 183,5,5000,25000
07/02/2024,NT-101892,Toko Fiktif 183,3,12000,36000
07/02/2024,NT-101892,Toko Fiktif 183,9,5000,45000
23/02/2024,NT-101893,Toko Fiktif 183,9,12000,108000
23/02/2024,NT-101893,Toko Fiktif 183,4,7500,30000
16/03/2024,NT-101894,Toko Fiktif 183,3,12000,36000
16/03/2024,NT-101894,Toko Fiktif 183,12,5000,60000
08/04/2024,NT-101895,Toko Fiktif 183,7,7500,52500
15/04/2024,NT-101896,Toko Fiktif 183,9,12000,108000
25/04/2024,NT-101897,Toko Fiktif 183,1,15000,15000
26/04/2024,NT-101898,Toko Fiktif 183,2,5000,10000
10/05/2024,NT-101899,Toko Fiktif 183,12,40000,480000
10/05/2024,NT-101899,Toko Fiktif 183,8,25000,200000
15/06/2024,NT-101900,Toko Fiktif 183,7,12000,84000
15/06/2024,NT-101900,Toko Fiktif 183,9,15000,135000
16/06/2024,NT-101901,Toko Fiktif 183,1,25000,25000
16/06/2024,NT-101901,Toko Fiktif 183,12,5000,60000
16/06/2024,NT-101901,Toko Fiktif 183,8,7500,60000
02/08/2024,NT-101902,Toko Fiktif 183,2,5000,10000
30/09/2024,NT-101903,Toko Fiktif 183,3,40000,120000
22/10/2024,NT-101904,Toko Fiktif 183,11,40000,440000
08/12/2024,NT-101905,Toko Fiktif 183,7,15000,105000
24/12/2024,NT-101906,Toko Fiktif 183,9,7500,67500
24/12/2024,NT-101906,Toko Fiktif 183,11,25000,275000
27/08/2023,NT-101907,Toko Fiktif 184,12,15000,180000
23/05/2024,NT-101908,Toko Fiktif 185,12,25000,300000
23/05/2024,NT-101908,Toko Fiktif 185,8,12000,96000
06/06/2024,NT-101909,Toko Fiktif 185,3,7500,22500
06/06/2024,NT-101909,Toko Fiktif 185,6,12000,72000
06/06/2024,NT-101909,Toko Fiktif 185,5,15000,75000
15/07/2024,NT-101910,Toko Fiktif 185,4,15000,60000
15/07/2024,NT-101910,Toko Fiktif 185,9,7500,67500
02/08/2024,NT-101911,Toko Fiktif 185,6,40000,240000
02/08/2024,NT-101911,Toko Fiktif 185,12,15000,180000
31/08/2024,NT-101912,Toko Fiktif 185,1,12000,12000
31/08/2024,NT-101912,Toko Fiktif 185,4,15000,60000
31/08/2024,NT-101912,Toko Fiktif 185,9,5000,45000
17/09/2024,NT-101913,Toko Fiktif 185,8,40000,320000
17/09/2024,NT-101913,Toko Fiktif 185,1,7500,7500
17/09/2024,NT-101913,Toko Fiktif 185,11,25000,275000
03/10/2024,NT-101914,Toko Fiktif 185,12,25000,300000
03/10/2024,NT-101914,Toko Fiktif 185,10,15000,150000
11/10/2024,NT-101915,Toko Fiktif 185,1,12000,12000
11/10/2024,NT-101915,Toko Fiktif 185,4,5000,20000
11/10/2024,NT-101915,Toko Fiktif 185,7,40000,280000
28/10/2024,NT-101916,Toko Fiktif 185,4,5000,20000
28/10/2024,NT-101916,Toko Fiktif 185,12,25000,300000
03/11/2024,NT-101917,Toko Fiktif 185,4,7500,30000
04/11/2024,NT-101918,Toko Fiktif 185,7,15000,105000
18/11/2024,NT-101919,Toko Fiktif 185,5,12000,60000
18/11/2024,NT-101919,Toko Fiktif 185,10,25000,250000
20/11/2024,NT-101920,Toko Fiktif 185,3,5000,15000
20/11/2024,NT-101920,Toko Fiktif 185,7,25000,175000
30/11/2024,NT-101921,Toko Fiktif 185,8,5000,40000
30/11/2024,NT-101921,Toko Fiktif 185,9,40000,360000
01/12/2024,NT-101922,Toko Fiktif 185,8,40000,320000
01/12/2024,NT-101922,Toko Fiktif 185,2,12000,24000
18/12/2024,NT-101923,Toko Fiktif 185,2,40000,80000
25/12/2024,NT-101924,Toko Fiktif 185,9,12000,108000
25/12/2024,NT-101924,Toko Fiktif 185,11,25000,275000
28/12/2024,NT-101925,Toko Fiktif 185,9,12000,108000
28/12/2024,NT-101925,Toko Fiktif 185,10,7500,75000
28/12/2024,NT-101925,Toko Fiktif 185,2,5000,10000
12/03/2023,NT-101926,Toko Fiktif 186,7,5000,35000
16/03/2023,NT-101927,Toko Fiktif 186,8,40000,320000
16/03/2023,NT-101927,Toko Fiktif 186,10,5000,50000
23/03/2023,NT-101928,Toko Fiktif 186,12,40000,480000
31/08/2023,NT-101929,Toko Fiktif 186,10,5000,50000
31/08/2023,NT-101929,Toko Fiktif 186,10,40000,400000
31/08/2023,NT-101929,Toko Fiktif 186,6,7500,45000
14/09/2023,NT-101930,Toko Fiktif 186,4,40000,160000
14/09/2023,NT-101930,Toko Fiktif 186,10,15000,150000
14/09/2023,NT-101930,Toko Fiktif 186,4,25000,100000
27/09/2023,NT-101931,Toko Fiktif 186,6,40000,240000
09/11/2023,NT-101932,Toko Fiktif 186,4,12000,48000
09/11/2023,NT-101932,Toko Fiktif 186,10,7500,75000
09/11/2023,NT-101932,Toko Fiktif 186,4,25000,100000
21/12/2023,NT-101933,Toko Fiktif 186,1,12000,12000
21/12/2023,NT-101933,Toko Fiktif 186,6,25000,150000
25/12/2023,NT-101934,Toko Fiktif 186,4,25000,100000
25/12/2023,NT-101934,Toko Fiktif 186,6,5000,30000
17/01/2024,NT-101935,Toko Fiktif 186,7,5000,35000
17/01/2024,NT-101935,Toko Fiktif 186,3,7500,22500
21/01/2024,NT-101936,Toko Fiktif 186,1,5000,5000
07/03/2024,NT-101937,Toko Fiktif 186,2,12000,24000
09/03/2024,NT-101938,Toko Fiktif 186,4,7500,30000
29/03/2024,NT-101939,Toko Fiktif 186,12,5000,60000
21/05/2024,NT-101940,Toko Fiktif 186,10,5000,50000
21/05/2024,NT-101940,Toko Fiktif 186,2,7500,15000
21/05/2024,NT-101940,Toko Fiktif 186,6,12000,72000
05/06/2024,NT-101941,Toko Fiktif 186,7,40000,280000
05/06/2024,NT-101941,Toko Fiktif 186,4,15000,60000
07/07/2024,NT-101942,Toko Fiktif 186,9,7500,67500
30/07/2024,NT-101943,Toko Fiktif 186,12,25000,300000
30/07/2024,NT-101943,Toko Fiktif 186,1,15000,15000
02/04/2024,NT-101944,Toko Fiktif 187,11,7500,82500
02/04/2024,NT-101944,Toko Fiktif 187,2,5000,10000
02/04/2024,NT-101944,Toko Fiktif 187,9,25000,225000
10/07/2023,NT-101945,Toko Fiktif 188,1,7500,7500
10/07/2023,NT-101945,Toko Fiktif 188,2,40000,80000
16/07/2023,NT-101946,Toko Fiktif 188,6,12000,72000
20/08/2023,NT-101947,Toko Fiktif 188,4,12000,48000
20/08/2023,NT-101947,Toko Fiktif 188,1,5000,5000
20/08/2023,NT-101947,Toko Fiktif 188,2,40000,80000
24/08/2023,NT-101948,Toko Fiktif 188,5,40000,200000
24/08/2023,NT-101948,Toko Fiktif 188,4,12000,48000
30/08/2023,NT-101949,Toko Fiktif 188,4,25000,100000
30/08/2023,NT-101949,Toko Fiktif 188,11,5000,55000
05/09/2023,NT-101950,Toko Fiktif 188,5,40000,200000
05/09/2023,NT-101950,Toko Fiktif 188,7,5000,35000
05/09/2023,NT-101950,Toko Fiktif 188,7,25000,175000
06/09/2023,NT-101951,Toko Fiktif 188,10,5000,50000
16/09/2023,NT-101952,Toko Fiktif 188,11,15000,165000
16/09/2023,NT-101952,Toko Fiktif 188,2,25000,50000
16/09/2023,NT-101952,Toko Fiktif 188,2,12000,24000
22/09/2023,NT-101953,Toko Fiktif 188,10,40000,400000
22/09/2023,NT-101953,Toko Fiktif 188,11,12000,132000
24/09/2023,NT-101954,Toko Fiktif 188,5,5000,25000
24/09/2023,NT-101954,Toko Fiktif 188,2,7500,15000
24/09/2023,NT-101954,Toko Fiktif 188,7,40000,280000
25/09/2023,NT-101955,Toko Fiktif 188,11,7500,82500
25/09/2023,NT-101955,Toko Fiktif 188,4,15000,60000
25/09/2023,NT-101955,Toko Fiktif 188,8,25000,200000
02/10/2023,NT-101956,Toko Fiktif 188,9,40000,360000
02/10/2023,NT-101956,Toko Fiktif 188,2,5000,10000
02/10/2023,NT-101956,Toko Fiktif 188,9,7500,67500
21/10/2023,NT-101957,Toko Fiktif 188,3,12000,36000
21/10/2023,NT-101957,Toko Fiktif 188,7,25000,175000
07/11/2023,NT-101958,Toko Fiktif 188,12,5000,60000
10/11/2023,NT-101959,Toko Fiktif 188,10,15000,150000
10/11/2023,NT-101959,Toko Fiktif 188,1,7500,7500
10/11/2023,NT-101959,Toko Fiktif 188,5,5000,25000
14/11/2023,NT-101960,Toko Fiktif 188,8,7500,60000
14/11/2023,NT-101960,Toko Fiktif 188,1,5000,5000
14/11/2023,NT-101960,Toko Fiktif 188,10,12000,120000
22/11/2023,NT-101961,Toko Fiktif 188,7,25000,175000
22/11/2023,NT-101961,Toko Fiktif 188,6,40000,240000
22/11/2023,NT-101961,Toko Fiktif 188,8,12000,96000
24/11/2023,NT-101962,Toko Fiktif 188,3,40000,120000
24/11/2023,NT-101962,Toko Fiktif 188,12,5000,60000
24/11/2023,NT-101962,Toko Fiktif 188,4,12000,48000
06/12/2023,NT-101963,Toko Fiktif 188,10,12000,120000
10/12/2023,NT-101964,Toko Fiktif 188,6,12000,72000
03/01/2024,NT-101965,Toko Fiktif 188,4,15000,60000
03/01/2024,NT-101965,Toko Fiktif 188,7,25000,175000
03/01/2024,NT-101965,Toko Fiktif 188,1,5000,5000
15/01/2024,NT-101966,Toko Fiktif 188,9,5000,45000
15/01/2024,NT-101966,Toko Fiktif 188,6,7500,45000
15/01/2024,NT-101966,Toko Fiktif 188,10,12000,120000
20/01/2024,NT-101967,Toko Fiktif 188,8,25000,200000
08/02/2024,NT-101968,Toko Fiktif 188,9,25000,225000
08/02/2024,NT-101968,Toko Fiktif 188,6,40000,240000
05/03/2024,NT-101969,Toko Fiktif 188,1,25000,25000
05/03/2024,NT-101969,Toko Fiktif 188,2,40000,80000
05/03/2024,NT-101969,Toko Fiktif 188,5,15000,75000
14/03/2024,NT-101970,Toko Fiktif 188,6,12000,72000
14/03/2024,NT-101970,Toko Fiktif 188,5,40000,200000
18/03/2024,NT-101971,Toko Fiktif 188,8,25000,200000
18/03/2024,NT-101971,Toko Fiktif 188,10,7500,75000
18/03/2024,NT-101971,Toko Fiktif 188,1,40000,40000
24/04/2024,NT-101972,Toko Fiktif 188,5,15000,75000
17/05/2024,NT-101973,Toko Fiktif 188,3,40000,120000
17/05/2024,NT-101973,Toko Fiktif 188,3,7500,22500
17/05/2024,NT-101973,Toko Fiktif 188,10,25000,250000
13/06/2024,NT-101974,Toko Fiktif 188,10,7500,75000
13/06/2024,NT-101974,Toko Fiktif 188,12,40000,480000
26/06/2024,NT-101975,Toko Fiktif 188,5,40000,200000
08/07/2024,NT-101976,Toko Fiktif 188,2,40000,80000
08/07/2024,NT-101976,Toko Fiktif 188,12,15000,180000
08/07/2024,NT-101976,Toko Fiktif 188,9,5000,45000
22/07/2024,NT-101977,Toko Fiktif 188,4,7500,30000
22/07/2024,NT-101977,Toko Fiktif 188,2,15000,30000
22/07/2024,NT-101977,Toko Fiktif 188,11,12000,132000
24/07/2024,NT-101978,Toko Fiktif 188,6,12000,72000
04/08/2024,NT-101979,Toko Fiktif 188,11,15000,165000
04/08/2024,NT-101979,Toko Fiktif 188,2,40000,80000
07/08/2024,NT-101980,Toko Fiktif 188,4,40000,160000
07/08/2024,NT-101980,Toko Fiktif 188,10,25000,250000
07/08/2024,NT-101980,Toko Fiktif 188,6,5000,30000
11/08/2024,NT-101981,Toko Fiktif 188,3,12000,36000
16/08/2024,NT-101982,Toko Fiktif 188,10,15000,150000
01/09/2024,NT-101983,Toko Fiktif 188,3,7500,22500
01/09/2024,NT-101983,Toko Fiktif 188,11,25000,275000
09/09/2024,NT-101984,Toko Fiktif 188,4,40000,160000
09/09/2024,NT-101984,Toko Fiktif 188,2,12000,24000
09/09/2024,NT-101984,Toko Fiktif 188,2,7500,15000
17/09/2024,NT-101985,Toko Fiktif 188,12,40000,480000
17/09/2024,NT-101985,Toko Fiktif 188,8,12000,96000
17/09/2024,NT-101985,Toko Fiktif 188,9,5000,45000
29/09/2024,NT-101986,Toko Fiktif 188,10,40000,400000
07/10/2024,NT-101987,Toko Fiktif 188,3,15000,45000
07/10/2024,NT-101987,Toko Fiktif 188,4,40000,160000
21/10/2024,NT-101988,Toko Fiktif 188,11,7500,82500
22/10/2024,NT-101989,Toko Fiktif 188,4,40000,160000
28/10/2024,NT-101990,Toko Fiktif 188,4,5000,20000
28/10/2024,NT-101990,Toko Fiktif 188,1,12000,12000
06/11/2024,NT-101991,Toko Fiktif 188,1,12000,12000
06/11/2024,NT-101991,Toko Fiktif 188,6,40000,240000
06/11/2024,NT-101991,Toko Fiktif 188,8,25000,200000
08/11/2024,NT-101992,Toko Fiktif 188,4,40000,160000
08/11/2024,NT-101992,Toko Fiktif 188,7,15000,105000
15/11/2024,NT-101993,Toko Fiktif 188,5,7500,37500
15/11/2024,NT-101993,Toko Fiktif 188,8,25000,200000
15/11/2024,NT-101993,Toko Fiktif 188,12,15000,180000
24/09/2024,NT-101994,Toko Fiktif 189,8,40000,320000
24/09/2024,NT-101994,Toko Fiktif 189,2,7500,15000
27/11/2023,NT-101995,Toko Fiktif 190,9,5000,45000
27/11/2023,NT-101995,Toko Fiktif 190,3,12000,36000
10/12/2023,NT-101996,Toko Fiktif 190,1,5000,5000
29/12/2023,NT-101997,Toko Fiktif 190,7,12000,84000
29/12/2023,NT-101997,Toko Fiktif 190,12,15000,180000
07/01/2024,NT-101998,Toko Fiktif 190,1,25000,25000
16/02/2024,NT-101999,Toko Fiktif 190,12,5000,60000
16/02/2024,NT-101999,Toko Fiktif 190,3,7500,22500
16/02/2024,NT-101999,Toko Fiktif 190,6,25000,150000
23/03/2024,NT-102000,Toko Fiktif 190,10,25000,250000
23/03/2024,NT-102000,Toko Fiktif 190,7,15000,105000
23/03/2024,NT-102000,Toko Fiktif 190,5,40000,200000
21/04/2024,NT-102001,Toko Fiktif 190,1,15000,15000
08/05/2024,NT-102002,Toko Fiktif 190,3,40000,120000
08/05/2024,NT-102002,Toko Fiktif 190,11,5000,55000
08/05/2024,NT-102002,Toko Fiktif 190,10,7500,75000
14/05/2024,NT-102003,Toko Fiktif 190,7,5000,35000
14/05/2024,NT-102003,Toko Fiktif 190,8,40000,320000
21/08/2024,NT-102004,Toko Fiktif 191,3,12000,36000
07/09/2024,NT-102005,Toko Fiktif 191,9,25000,225000
07/09/2024,NT-102005,Toko Fiktif 191,12,15000,180000
07/10/2024,NT-102006,Toko Fiktif 191,4,7500,30000
09/10/2024,NT-102007,Toko Fiktif 191,1,7500,7500
09/10/2024,NT-102007,Toko Fiktif 191,12,15000,180000
09/10/2024,NT-102007,Toko Fiktif 191,12,12000,144000
05/09/2024,NT-102008,Toko Fiktif 192,12,12000,144000
29/09/2023,NT-102009,Toko Fiktif 193,5,7500,37500
29/09/2023,NT-102009,Toko Fiktif 193,4,5000,20000
29/09/2023,NT-102009,Toko Fiktif 193,10,12000,120000
07/10/2023,NT-102010,Toko Fiktif 193,4,12000,48000
07/10/2023,NT-102010,Toko Fiktif 193,7,7500,52500
16/10/2023,NT-102011,Toko Fiktif 193,10,12000,120000
16/10/2023,NT-102011,Toko Fiktif 193,6,40000,240000
16/10/2023,NT-102011,Toko Fiktif 193,4,7500,30000
23/10/2023,NT-102012,Toko Fiktif 193,9,5000,45000
23/10/2023,NT-102012,Toko Fiktif 193,6,25000,150000
29/10/2023,NT-102013,Toko Fiktif 193,9,40000,360000
29/10/2023,NT-102013,Toko Fiktif 193,7,25000,175000
29/10/2023,NT-102013,Toko Fiktif 193,1,12000,12000
03/11/2023,NT-102014,Toko Fiktif 193,1,40000,40000
03/11/2023,NT-102014,Toko Fiktif 193,6,5000,30000
03/11/2023,NT-102014,Toko Fiktif 193,1,25000,25000
05/11/2023,NT-102015,Toko Fiktif 193,2,25000,50000
05/11/2023,NT-102015,Toko Fiktif 193,1,7500,7500
05/11/2023,NT-102015,Toko Fiktif 193,3,12000,36000
09/11/2023,NT-102016,Toko Fiktif 193,11,25000,275000
11/11/2023,NT-102017,Toko Fiktif 193,7,40000,280000
11/11/2023,NT-102017,Toko Fiktif 193,7,25000,175000
11/11/2023,NT-102017,Toko Fiktif 193,1,12000,12000
19/11/2023,NT-102018,Toko Fiktif 193,10,15000,150000
19/11/2023,NT-102018,Toko Fiktif 193,1,12000,12000
29/12/2023,NT-102019,Toko Fiktif 193,2,12000,24000
29/12/2023,NT-102019,Toko Fiktif 193,8,25000,200000
29/12/2023,NT-102019,Toko Fiktif 193,11,15000,165000
08/01/2024,NT-102020,Toko Fiktif 193,3,15000,45000
08/01/2024,NT-102020,Toko Fiktif 193,7,5000,35000
17/01/2024,NT-102021,Toko Fiktif 193,7,40000,280000
17/01/2024,NT-102021,Toko Fiktif 193,9,15000,135000
17/01/2024,NT-102021,Toko Fiktif 193,8,25000,200000
26/01/2024,NT-102022,Toko Fiktif 193,6,7500,45000
26/01/2024,NT-102022,Toko Fiktif 193,5,12000,60000
29/01/2024,NT-102023,Toko Fiktif 193,7,25000,175000
29/01/2024,NT-102023,Toko Fiktif 193,12,40000,480000
06/02/2024,NT-102024,Toko Fiktif 193,1,5000,5000
06/02/2024,NT-102024,Toko Fiktif 193,3,15000,45000
06/02/2024,NT-102024,Toko Fiktif 193,2,40000,80000
09/02/2024,NT-102025,Toko Fiktif 193,10,5000,50000
11/06/2023,NT-102026,Toko Fiktif 194,6,15000,90000
11/06/2023,NT-102026,Toko Fiktif 194,4,40000,160000
12/08/2023,NT-102027,Toko Fiktif 194,9,15000,135000
12/08/2023,NT-102027,Toko Fiktif 194,7,5000,35000
12/08/2023,NT-102027,Toko Fiktif 194,4,12000,48000
13/08/2023,NT-102028,Toko Fiktif 194,12,15000,180000
26/08/2023,NT-102029,Toko Fiktif 194,5,15000,75000
26/08/2023,NT-102029,Toko Fiktif 194,9,7500,67500
26/08/2023,NT-102029,Toko Fiktif 194,12,5000,60000
01/09/2023,NT-102030,Toko Fiktif 194,3,15000,45000
06/09/2023,NT-102031,Toko Fiktif 194,7,12000,84000
25/10/2023,NT-102032,Toko Fiktif 194,8,40000,320000
29/11/2023,NT-102033,Toko Fiktif 194,8,40000,320000
29/11/2023,NT-102033,Toko Fiktif 194,10,12000,120000
18/12/2023,NT-102034,Toko Fiktif 194,4,12000,48000
18/12/2023,NT-102034,Toko Fiktif 194,1,40000,40000
02/02/2024,NT-102035,Toko Fiktif 194,10,15000,150000
02/02/2024,NT-102035,Toko Fiktif 194,4,7500,30000
02/02/2024,NT-102035,Toko Fiktif 194,7,12000,84000
14/03/2024,NT-102036,Toko Fiktif 194,12,5000,60000
14/03/2024,NT-102036,Toko Fiktif 194,12,7500,90000
14/03/2024,NT-102036,Toko Fiktif 194,6,40000,240000
17/03/2024,NT-102037,Toko Fiktif 194,7,7500,52500
20/03/2024,NT-102038,Toko Fiktif 194,8,40000,320000
20/03/2024,NT-102038,Toko Fiktif 194,12,5000,60000
29/04/2024,NT-102039,Toko Fiktif 194,11,15000,165000
29/04/2024,NT-102039,Toko Fiktif 194,12,5000,60000
02/05/2024,NT-102040,Toko Fiktif 194,1,7500,7500
24/06/2024,NT-102041,Toko Fiktif 194,4,7500,30000
24/06/2024,NT-102041,Toko Fiktif 194,10,12000,120000
24/06/2024,NT-102041,Toko Fiktif 194,4,40000,160000
23/07/2024,NT-102042,Toko Fiktif 194,5,5000,25000
28/08/2024,NT-102043,Toko Fiktif 194,5,15000,75000
28/08/2024,NT-102043,Toko Fiktif 194,3,40000,120000
12/09/2024,NT-102044,Toko Fiktif 194,9,7500,67500
12/09/2024,NT-102044,Toko Fiktif 194,8,15000,120000
12/09/2024,NT-102044,Toko Fiktif 194,2,40000,80000
21/09/2024,NT-102045,Toko Fiktif 194,9,15000,135000
03/10/2024,NT-102046,Toko Fiktif 194,12,12000,144000
03/10/2024,NT-102046,Toko Fiktif 194,3,40000,120000
03/10/2024,NT-102046,Toko Fiktif 194,4,7500,30000
07/10/2024,NT-102047,Toko Fiktif 194,3,15000,45000
07/10/2024,NT-102047,Toko Fiktif 194,5,7500,37500
19/10/2024,NT-102048,Toko Fiktif 194,11,5000,55000
19/10/2024,NT-102048,Toko Fiktif 194,4,25000,100000
21/11/2024,NT-102049,Toko Fiktif 194,6,5000,30000
21/11/2024,NT-102049,Toko Fiktif 194,6,25000,150000
17/03/2023,NT-102050,Toko Fiktif 195,11,15000,165000
17/03/2023,NT-102050,Toko Fiktif 195,3,7500,22500
17/04/2023,NT-102051,Toko Fiktif 195,8,7500,60000
17/04/2023,NT-102051,Toko Fiktif 195,10,5000,50000
17/04/2023,NT-102051,Toko Fiktif 195,4,12000,48000
02/02/2024,NT-102052,Toko Fiktif 196,4,5000,20000
02/02/2024,NT-102052,Toko Fiktif 196,12,40000,480000
02/02/2024,NT-102052,Toko Fiktif 196,3,12000,36000
07/05/2024,NT-102053,Toko Fiktif 196,6,25000,150000
07/05/2024,NT-102053,Toko Fiktif 196,4,7500,30000
12/05/2024,NT-102054,Toko Fiktif 196,11,12000,132000
12/05/2024,NT-102054,Toko Fiktif 196,4,25000,100000
12/05/2024,NT-102054,Toko Fiktif 196,5,40000,200000
15/07/2024,NT-102055,Toko Fiktif 196,10,25000,250000
04/01/2024,NT-102056,Toko Fiktif 197,5,25000,125000
04/01/2024,NT-102056,Toko Fiktif 197,9,12000,108000
15/01/2024,NT-102057,Toko Fiktif 197,3,40000,120000
27/02/2024,NT-102058,Toko Fiktif 197,5,12000,60000
27/02/2024,NT-102058,Toko Fiktif 197,8,40000,320000
27/02/2024,NT-102058,Toko Fiktif 197,11,25000,275000
01/03/2024,NT-102059,Toko Fiktif 197,1,12000,12000
17/03/2024,NT-102060,Toko Fiktif 197,5,15000,75000
17/03/2024,NT-102060,Toko Fiktif 197,10,5000,50000
24/04/2023,NT-102061,Toko Fiktif 198,2,5000,10000
29/04/2023,NT-102062,Toko Fiktif 198,3,40000,120000
29/04/2023,NT-102062,Toko Fiktif 198,9,12000,108000
30/04/2023,NT-102063,Toko Fiktif 198,8,12000,96000
13/05/2023,NT-102064,Toko Fiktif 198,6,15000,90000
04/06/2023,NT-102065,Toko Fiktif 198,1,25000,25000
04/06/2023,NT-102065,Toko Fiktif 198,9,7500,67500
04/06/2023,NT-102065,Toko Fiktif 198,6,15000,90000
16/06/2023,NT-102066,Toko Fiktif 198,4,40000,160000
26/06/2023,NT-102067,Toko Fiktif 198,8,15000,120000
26/06/2023,NT-102067,Toko Fiktif 198,2,40000,80000
30/07/2023,NT-102068,Toko Fiktif 198,7,25000,175000
18/10/2023,NT-102069,Toko Fiktif 198,12,25000,300000
09/11/2023,NT-102070,Toko Fiktif 198,5,25000,125000
02/12/2023,NT-102071,Toko Fiktif 198,12,7500,90000
02/12/2023,NT-102071,Toko Fiktif 198,5,15000,75000
12/12/2023,NT-102072,Toko Fiktif 198,3,25000,75000
26/12/2023,NT-102073,Toko Fiktif 198,12,5000,60000
26/12/2023,NT-102073,Toko Fiktif 198,3,12000,36000
26/12/2023,NT-102073,Toko Fiktif 198,6,40000,240000
07/01/2024,NT-102074,Toko Fiktif 198,10,25000,250000
07/01/2024,NT-102074,Toko Fiktif 198,11,5000,55000
07/01/2024,NT-102074,Toko Fiktif 198,4,40000,160000
04/04/2024,NT-102075,Toko Fiktif 198,7,12000,84000
04/04/2024,NT-102075,Toko Fiktif 198,7,5000,35000
10/05/2024,NT-102076,Toko Fiktif 198,3,40000,120000
10/05/2024,NT-102076,Toko Fiktif 198,3,15000,45000
23/06/2024,NT-102077,Toko Fiktif 198,12,5000,60000
23/06/2024,NT-102077,Toko Fiktif 198,3,25000,75000
23/06/2024,NT-102077,Toko Fiktif 198,5,40000,200000
30/06/2024,NT-102078,Toko Fiktif 198,2,5000,10000
30/06/2024,NT-102078,Toko Fiktif 198,11,40000,440000
19/08/2024,NT-102079,Toko Fiktif 198,3,7500,22500
19/08/2024,NT-102079,Toko Fiktif 198,10,40000,400000
05/09/2024,NT-102080,Toko Fiktif 198,11,15000,165000
05/09/2024,NT-102080,Toko Fiktif 198,3,40000,120000
05/09/2024,NT-102080,Toko Fiktif 198,9,5000,45000
10/09/2024,NT-102081,Toko Fiktif 198,7,7500,52500
10/09/2024,NT-102081,Toko Fiktif 198,7,15000,105000
10/09/2024,NT-102081,Toko Fiktif 198,7,40000,280000
10/10/2024,NT-102082,Toko Fiktif 198,8,40000,320000
10/10/2024,NT-102082,Toko Fiktif 198,10,12000,120000
15/10/2024,NT-102083,Toko Fiktif 198,5,15000,75000
15/10/2024,NT-102083,Toko Fiktif 198,6,12000,72000
02/11/2024,NT-102084,Toko Fiktif 198,9,7500,67500
06/11/2024,NT-102085,Toko Fiktif 198,10,7500,75000
29/11/2024,NT-102086,Toko Fiktif 198,3,12000,36000
29/11/2024,NT-102086,Toko Fiktif 198,6,7500,45000
29/11/2024,NT-102086,Toko Fiktif 198,4,15000,60000
06/12/2024,NT-102087,Toko Fiktif 198,2,5000,10000
06/12/2024,NT-102087,Toko Fiktif 198,12,15000,180000
06/12/2024,NT-102087,Toko Fiktif 198,7,40000,280000
13/12/2024,NT-102088,Toko Fiktif 198,6,5000,30000
13/12/2024,NT-102088,Toko Fiktif 198,8,7500,60000
18/12/2024,NT-102089,Toko Fiktif 198,11,25000,275000
18/12/2024,NT-102089,Toko Fiktif 198,3,40000,120000
18/12/2024,NT-102089,Toko Fiktif 198,4,7500,30000
20/12/2024,NT-102090,Toko Fiktif 198,11,40000,440000
20/12/2024,NT-102090,Toko Fiktif 198,3,5000,15000
24/12/2024,NT-102091,Toko Fiktif 198,10,15000,150000
24/12/2024,NT-102091,Toko Fiktif 198,10,7500,75000
24/12/2024,NT-102091,Toko Fiktif 198,6,40000,240000
01/01/2024,NT-102092,Toko Fiktif 199,10,5000,50000
01/01/2024,NT-102092,Toko Fiktif 199,12,12000,144000
01/01/2024,NT-102092,Toko Fiktif 199,12,40000,480000
07/01/2024,NT-102093,Toko Fiktif 199,11,7500,82500
07/01/2024,NT-102093,Toko Fiktif 199,2,25000,50000
07/01/2024,NT-102093,Toko Fiktif 199,2,12000,24000
02/03/2024,NT-102094,Toko Fiktif 199,3,5000,15000
02/03/2024,NT-102094,Toko Fiktif 199,4,12000,48000
10/03/2024,NT-102095,Toko Fiktif 199,6,25000,150000
13/11/2024,NT-102096,Toko Fiktif 200,6,5000,30000
13/11/2024,NT-102096,Toko Fiktif 200,8,40000,320000
13/11/2024,NT-102096,Toko Fiktif 200,11,15000,165000
02/12/2024,NT-102097,Toko Fiktif 200,3,40000,120000
02/12/2024,NT-102097,Toko Fiktif 200,9,12000,108000
18/11/2024,NT-102098,Toko Fiktif 201,8,40000,320000
18/11/2024,NT-102098,Toko Fiktif 201,8,15000,120000
18/11/2024,NT-102098,Toko Fiktif 201,8,5000,40000
24/11/2024,NT-102099,Toko Fiktif 201,4,40000,160000
15/12/2024,NT-102100,Toko Fiktif 201,6,40000,240000
15/12/2024,NT-102100,Toko Fiktif 201,1,7500,7500
15/12/2024,NT-102100,Toko Fiktif 201,9,15000,135000
24/12/2024,NT-102101,Toko Fiktif 201,4,5000,20000
24/12/2024,NT-102101,Toko Fiktif 201,9,40000,360000
24/12/2024,NT-102101,Toko Fiktif 201,9,25000,225000
13/12/2023,NT-102102,Toko Fiktif 202,8,25000,200000
13/12/2023,NT-102102,Toko Fiktif 202,12,40000,480000
07/01/2024,NT-102103,Toko Fiktif 202,11,7500,82500
07/01/2024,NT-102103,Toko Fiktif 202,6,15000,90000
23/02/2024,NT-102104,Toko Fiktif 202,1,7500,7500
23/02/2024,NT-102104,Toko Fiktif 202,3,25000,75000
25/02/2024,NT-102105,Toko Fiktif 202,3,7500,22500
25/02/2024,NT-102105,Toko Fiktif 202,10,15000,150000
28/02/2024,NT-102106,Toko Fiktif 202,11,15000,165000
28/02/2024,NT-102106,Toko Fiktif 202,4,5000,20000
01/03/2024,NT-102107,Toko Fiktif 202,2,5000,10000
01/03/2024,NT-102107,Toko Fiktif 202,6,12000,72000
01/03/2024,NT-102107,Toko Fiktif 202,8,25000,200000
06/03/2024,NT-102108,Toko Fiktif 202,9,12000,108000
07/03/2024,NT-102109,Toko Fiktif 202,6,25000,150000
07/03/2024,NT-102109,Toko Fiktif 202,3,7500,22500
18/05/2024,NT-102110,Toko Fiktif 203,2,25000,50000
18/05/2024,NT-102110,Toko Fiktif 203,3,12000,36000
18/05/2024,NT-102110,Toko Fiktif 203,8,7500,60000
17/06/2024,NT-102111,Toko Fiktif 203,3,25000,75000
11/07/2023,NT-102112,Toko Fiktif 204,6,7500,45000
11/07/2023,NT-102112,Toko Fiktif 204,12,25000,300000
11/07/2023,NT-102112,Toko Fiktif 204,3,15000,45000
20/07/2023,NT-102113,Toko Fiktif 204,10,12000,120000
20/07/2023,NT-102113,Toko Fiktif 204,8,5000,40000
08/08/2023,NT-102114,Toko Fiktif 204,6,12000,72000
25/08/2023,NT-102115,Toko Fiktif 204,11,7500,82500
25/08/2023,NT-102115,Toko Fiktif 204,11,25000,275000
25/08/2023,NT-102115,Toko Fiktif 204,12,12000,144000
27/08/2023,NT-102116,Toko Fiktif 204,11,12000,132000
27/08/2023,NT-102116,Toko Fiktif 204,9,25000,225000
27/08/2023,NT-102116,Toko Fiktif 204,6,7500,45000
31/08/2023,NT-102117,Toko Fiktif 204,9,40000,360000
22/09/2023,NT-102118,Toko Fiktif 204,3,5000,15000
22/09/2023,NT-102118,Toko Fiktif 204,1,25000,25000
22/09/2023,NT-102118,Toko Fiktif 204,10,12000,120000
23/09/2023,NT-102119,Toko Fiktif 204,1,12000,12000
23/09/2023,NT-102119,Toko Fiktif 204,8,5000,40000
14/10/2023,NT-102120,Toko Fiktif 204,1,25000,25000
14/10/2023,NT-102120,Toko Fiktif 204,10,5000,50000
27/10/2023,NT-102121,Toko Fiktif 204,9,7500,67500
27/10/2023,NT-102121,Toko Fiktif 204,3,5000,15000
27/10/2023,NT-102121,Toko Fiktif 204,1,25000,25000
01/01/2024,NT-102122,Toko Fiktif 204,7,12000,84000
01/01/2024,NT-102122,Toko Fiktif 204,8,40000,320000
02/01/2024,NT-102123,Toko Fiktif 204,10,25000,250000
02/01/2024,NT-102123,Toko Fiktif 204,11,12000,132000
13/01/2024,NT-102124,Toko Fiktif 204,3,12000,36000
13/01/2024,NT-102124,Toko Fiktif 204,5,40000,200000
27/02/2024,NT-102125,Toko Fiktif 204,7,7500,52500
27/02/2024,NT-102125,Toko Fiktif 204,8,15000,120000
28/02/2024,NT-102126,Toko Fiktif 204,3,12000,36000
28/02/2024,NT-102126,Toko Fiktif 204,6,5000,30000
28/02/2024,NT-102126,Toko Fiktif 204,4,25000,100000
14/03/2024,NT-102127,Toko Fiktif 204,8,5000,40000
14/03/2024,NT-102127,Toko Fiktif 204,12,7500,90000
14/03/2024,NT-102127,Toko Fiktif 204,1,25000,25000
21/03/2024,NT-102128,Toko Fiktif 204,11,15000,165000
21/03/2024,NT-102128,Toko Fiktif 204,6,5000,30000
21/03/2024,NT-102128,Toko Fiktif 204,7,7500,52500
26/03/2024,NT-102129,Toko Fiktif 204,12,5000,60000
26/03/2024,NT-102129,Toko Fiktif 204,12,7500,90000
14/04/2024,NT-102130,Toko Fiktif 204,5,12000,60000
14/04/2024,NT-102130,Toko Fiktif 204,5,7500,37500
23/04/2024,NT-102131,Toko Fiktif 204,8,25000,200000
23/04/2024,NT-102131,Toko Fiktif 204,12,7500,90000
23/04/2024,NT-102131,Toko Fiktif 204,12,5000,60000
05/05/2024,NT-102132,Toko Fiktif 204,10,12000,120000
05/05/2024,NT-102132,Toko Fiktif 204,12,5000,60000
05/05/2024,NT-102132,Toko Fiktif 204,7,15000,105000
06/05/2024,NT-102133,Toko Fiktif 204,4,12000,48000
17/05/2024,NT-102134,Toko Fiktif 204,4,12000,48000
17/05/2024,NT-102134,Toko Fiktif 204,3,40000,120000
17/05/2024,NT-102134,Toko Fiktif 204,4,15000,60000
19/05/2024,NT-102135,Toko Fiktif 204,7,12000,84000
19/05/2024,NT-102135,Toko Fiktif 204,6,25000,150000
19/05/2024,NT-102135,Toko Fiktif 204,7,7500,52500
29/05/2024,NT-102136,Toko Fiktif 204,11,25000,275000
29/05/2024,NT-102136,Toko Fiktif 204,8,12000,96000
29/05/2024,NT-102136,Toko Fiktif 204,3,40000,120000
31/05/2024,NT-102137,Toko Fiktif 204,1,12000,12000
31/05/2024,NT-102137,Toko Fiktif 204,8,7500,60000
31/05/2024,NT-102137,Toko Fiktif 204,2,40000,80000
16/06/2024,NT-102138,Toko Fiktif 204,3,15000,45000
19/06/2024,NT-102139,Toko Fiktif 204,2,12000,24000
19/06/2024,NT-102139,Toko Fiktif 204,10,15000,150000
20/06/2024,NT-102140,Toko Fiktif 204,6,5000,30000
14/07/2024,NT-102141,Toko Fiktif 204,6,7500,45000
18/07/2024,NT-102142,Toko Fiktif 204,10,15000,150000
18/07/2024,NT-102142,Toko Fiktif 204,11,5000,55000
18/07/2024,NT-102142,Toko Fiktif 204,2,12000,24000
19/07/2024,NT-102143,Toko Fiktif 204,6,25000,150000
19/07/2024,NT-102143,Toko Fiktif 204,11,7500,82500
05/08/2024,NT-102144,Toko Fiktif 204,4,15000,60000
05/08/2024,NT-102144,Toko Fiktif 204,12,40000,480000
16/08/2024,NT-102145,Toko Fiktif 204,12,40000,480000
30/08/2024,NT-102146,Toko Fiktif 204,1,25000,25000
30/08/2024,NT-102146,Toko Fiktif 204,2,40000,80000
28/09/2024,NT-102147,Toko Fiktif 204,11,5000,55000
01/10/2024,NT-102148,Toko Fiktif 204,12,5000,60000
05/10/2024,NT-102149,Toko Fiktif 204,12,25000,300000
25/10/2024,NT-102150,Toko Fiktif 204,2,40000,80000
25/10/2024,NT-102150,Toko Fiktif 204,5,25000,125000
01/11/2024,NT-102151,Toko Fiktif 204,4,7500,30000
01/11/2024,NT-102151,Toko Fiktif 204,4,15000,60000
06/11/2024,NT-102152,Toko Fiktif 204,3,5000,15000
06/11/2024,NT-102152,Toko Fiktif 204,1,25000,25000
06/11/2024,NT-102152,Toko Fiktif 204,8,7500,60000
04/08/2023,NT-102153,Toko Fiktif 205,5,5000,25000
20/02/2024,NT-102154,Toko Fiktif 206,4,15000,60000
20/02/2024,NT-102154,Toko Fiktif 206,5,12000,60000
27/02/2024,NT-102155,Toko Fiktif 206,3,15000,45000
17/04/2023,NT-102156,Toko Fiktif 207,6,15000,90000
17/04/2023,NT-102156,Toko Fiktif 207,8,25000,200000
20/05/2023,NT-102157,Toko Fiktif 207,8,25000,200000
20/05/2023,NT-102157,Toko Fiktif 207,1,7500,7500
20/05/2023,NT-102157,Toko Fiktif 207,8,5000,40000
24/05/2023,NT-102158,Toko Fiktif 207,5,40000,200000
24/05/2023,NT-102158,Toko Fiktif 207,12,15000,180000
24/05/2023,NT-102158,Toko Fiktif 207,12,5000,60000
17/07/2023,NT-102159,Toko Fiktif 207,9,7500,67500
17/07/2023,NT-102159,Toko Fiktif 207,4,5000,20000
17/07/2023,NT-102159,Toko Fiktif 207,3,25000,75000
18/09/2023,NT-102160,Toko Fiktif 207,7,25000,175000
18/09/2023,NT-102160,Toko Fiktif 207,12,15000,180000
24/09/2023,NT-102161,Toko Fiktif 207,10,12000,120000
24/09/2023,NT-102161,Toko Fiktif 207,6,25000,150000
13/11/2023,NT-102162,Toko Fiktif 207,4,5000,20000
15/11/2023,NT-102163,Toko Fiktif 207,8,25000,200000
28/02/2024,NT-102164,Toko Fiktif 207,1,5000,5000
24/03/2024,NT-102165,Toko Fiktif 207,12,5000,60000
24/03/2024,NT-102165,Toko Fiktif 207,9,7500,67500
24/03/2024,NT-102165,Toko Fiktif 207,4,25000,100000
08/05/2024,NT-102166,Toko Fiktif 207,10,5000,50000
08/05/2024,NT-102166,Toko Fiktif 207,1,15000,15000
08/05/2024,NT-102166,Toko Fiktif 207,3,7500,22500
21/06/2024,NT-102167,Toko Fiktif 207,5,25000,125000
21/06/2024,NT-102167,Toko Fiktif 207,1,40000,40000
27/07/2024,NT-102168,Toko Fiktif 207,3,12000,36000
27/07/2024,NT-102168,Toko Fiktif 207,6,40000,240000
27/07/2024,NT-102168,Toko Fiktif 207,2,15000,30000
26/08/2024,NT-102169,Toko Fiktif 207,11,7500,82500
26/08/2024,NT-102169,Toko Fiktif 207,3,25000,75000
27/08/2024,NT-102170,Toko Fiktif 207,8,7500,60000
03/11/2024,NT-102171,Toko Fiktif 207,10,25000,250000
04/12/2024,NT-102172,Toko Fiktif 207,10,15000,150000
04/12/2024,NT-102172,Toko Fiktif 207,11,5000,55000
04/12/2024,NT-102172,Toko Fiktif 207,4,12000,48000
14/12/2024,NT-102173,Toko Fiktif 207,5,7500,37500
29/12/2024,NT-102174,Toko Fiktif 207,1,7500,7500
29/12/2024,NT-102174,Toko Fiktif 207,2,15000,30000
17/04/2024,NT-102175,Toko Fiktif 208,9,7500,67500
02/10/2024,NT-102176,Toko Fiktif 209,8,12000,96000
02/10/2024,NT-102176,Toko Fiktif 209,10,15000,150000
02/10/2024,NT-102176,Toko Fiktif 209,7,40000,280000
21/06/2023,NT-102177,Toko Fiktif 210,12,15000,180000
25/08/2023,NT-102178,Toko Fiktif 210,1,15000,15000
31/08/2023,NT-102179,Toko Fiktif 210,6,25000,150000
28/09/2023,NT-102180,Toko Fiktif 210,2,12000,24000
09/12/2023,NT-102181,Toko Fiktif 210,10,15000,150000
09/12/2023,NT-102181,Toko Fiktif 210,9,5000,45000
09/12/2023,NT-102181,Toko Fiktif 210,11,7500,82500
26/07/2024,NT-102182,Toko Fiktif 210,1,40000,40000
26/07/2024,NT-102182,Toko Fiktif 210,7,25000,175000
29/04/2023,NT-102183,Toko Fiktif 211,9,5000,45000
29/04/2023,NT-102183,Toko Fiktif 211,4,15000,60000
29/04/2023,NT-102183,Toko Fiktif 211,1,12000,12000
12/06/2023,NT-102184,Toko Fiktif 211,11,25000,275000
11/07/2023,NT-102185,Toko Fiktif 211,3,12000,36000
16/07/2023,NT-102186,Toko Fiktif 211,10,25000,250000
16/07/2023,NT-102186,Toko Fiktif 211,6,12000,72000
16/07/2023,NT-102186,Toko Fiktif 211,1,15000,15000
27/07/2023,NT-102187,Toko Fiktif 211,9,40000,360000
27/07/2023,NT-102187,Toko Fiktif 211,5,5000,25000
27/07/2023,NT-102187,Toko Fiktif 211,5,25000,125000
28/07/2023,NT-102188,Toko Fiktif 211,1,7500,7500
28/07/2023,NT-102188,Toko Fiktif 211,9,25000,225000
08/08/2023,NT-102189,Toko Fiktif 211,12,12000,144000
08/08/2023,NT-102189,Toko Fiktif 211,4,5000,20000
08/08/2023,NT-102189,Toko Fiktif 211,9,25000,225000
25/08/2023,NT-102190,Toko Fiktif 211,12,12000,144000
25/08/2023,NT-102190,Toko Fiktif 211,8,7500,60000
08/09/2023,NT-102191,Toko Fiktif 211,8,5000,40000
08/09/2023,NT-102191,Toko Fiktif 211,8,15000,120000
08/09/2023,NT-102191,Toko Fiktif 211,10,40000,400000
06/10/2023,NT-102192,Toko Fiktif 211,8,5000,40000
06/10/2023,NT-102192,Toko Fiktif 211,2,7500,15000
06/10/2023,NT-102192,Toko Fiktif 211,9,25000,225000
10/10/2023,NT-102193,Toko Fiktif 211,8,25000,200000
10/10/2023,NT-102193,Toko Fiktif 211,3,7500,22500
16/11/2023,NT-102194,Toko Fiktif 211,4,12000,48000
16/11/2023,NT-102194,Toko Fiktif 211,11,15000,165000
26/11/2023,NT-102195,Toko Fiktif 211,8,7500,60000
26/11/2023,NT-102195,Toko Fiktif 211,9,40000,360000
26/11/2023,NT-102195,Toko Fiktif 211,2,5000,10000
07/12/2023,NT-102196,Toko Fiktif 211,2,25000,50000
07/12/2023,NT-102196,Toko Fiktif 211,12,12000,144000
15/12/2023,NT-102197,Toko Fiktif 211,12,40000,480000
15/12/2023,NT-102197,Toko Fiktif 211,2,12000,24000
15/12/2023,NT-102197,Toko Fiktif 211,8,15000,120000
16/01/2024,NT-102198,Toko Fiktif 211,12,40000,480000
27/01/2024,NT-102199,Toko Fiktif 211,12,40000,480000
27/01/2024,NT-102199,Toko Fiktif 211,4,12000,48000
04/02/2024,NT-102200,Toko Fiktif 211,6,25000,150000
04/02/2024,NT-102200,Toko Fiktif 211,4,12000,48000
04/02/2024,NT-102200,Toko Fiktif 211,3,15000,45000
26/02/2024,NT-102201,Toko Fiktif 211,12,12000,144000
19/03/2024,NT-102202,Toko Fiktif 211,12,7500,90000
19/03/2024,NT-102202,Toko Fiktif 211,11,12000,132000
19/03/2024,NT-102202,Toko Fiktif 211,12,15000,180000
28/03/2024,NT-102203,Toko Fiktif 211,8,40000,320000
08/05/2024,NT-102204,Toko Fiktif 211,12,12000,144000
08/05/2024,NT-102204,Toko Fiktif 211,5,5000,25000
19/05/2024,NT-102205,Toko Fiktif 211,3,40000,120000
16/06/2024,NT-102206,Toko Fiktif 211,9,15000,135000
16/06/2024,NT-102206,Toko Fiktif 211,2,7500,15000
16/06/2024,NT-102206,Toko Fiktif 211,7,25000,175000
24/06/2024,NT-102207,Toko Fiktif 211,8,12000,96000
24/06/2024,NT-102207,Toko Fiktif 211,5,40000,200000
26/07/2024,NT-102208,Toko Fiktif 211,11,15000,165000
26/07/2024,NT-102208,Toko Fiktif 211,10,5000,50000
27/08/2024,NT-102209,Toko Fiktif 211,4,40000,160000
27/08/2024,NT-102209,Toko Fiktif 211,9,15000,135000
27/08/2024,NT-102209,Toko Fiktif 211,6,12000,72000
23/09/2024,NT-102210,Toko Fiktif 211,1,5000,5000
23/09/2024,NT-102210,Toko Fiktif 211,5,12000,60000
23/09/2024,NT-102210,Toko Fiktif 211,11,15000,165000
27/10/2024,NT-102211,Toko Fiktif 211,2,12000,24000
14/11/2024,NT-102212,Toko Fiktif 211,4,7500,30000
14/11/2024,NT-102212,Toko Fiktif 211,2,5000,10000
14/11/2024,NT-102212,Toko Fiktif 211,6,25000,150000
19/11/2024,NT-102213,Toko Fiktif 211,8,7500,60000
19/11/2024,NT-102213,Toko Fiktif 211,10,25000,250000
19/11/2024,NT-102213,Toko Fiktif 211,9,12000,108000
04/12/2024,NT-102214,Toko Fiktif 211,5,15000,75000
04/12/2024,NT-102214,Toko Fiktif 211,11,12000,132000
09/12/2024,NT-102215,Toko Fiktif 211,7,25000,175000
30/12/2024,NT-102216,Toko Fiktif 211,7,25000,175000
30/12/2024,NT-102216,Toko Fiktif 211,2,5000,10000
06/11/2024,NT-102217,Toko Fiktif 212,11,15000,165000
06/11/2024,NT-102217,Toko Fiktif 212,3,25000,75000
06/11/2024,NT-102217,Toko Fiktif 212,12,5000,60000
09/04/2023,NT-102218,Toko Fiktif 213,8,12000,96000
09/04/2023,NT-102218,Toko Fiktif 213,8,5000,40000
09/04/2023,NT-102218,Toko Fiktif 213,10,7500,75000
02/05/2023,NT-102219,Toko Fiktif 213,7,5000,35000
02/05/2023,NT-102219,Toko Fiktif 213,7,40000,280000
10/05/2023,NT-102220,Toko Fiktif 213,12,40000,480000
10/05/2023,NT-102220,Toko Fiktif 213,3,25000,75000
10/05/2023,NT-102220,Toko Fiktif 213,7,15000,105000
04/06/2023,NT-102221,Toko Fiktif 213,11,25000,275000
04/06/2023,NT-102221,Toko Fiktif 213,9,40000,360000
04/06/2023,NT-102221,Toko Fiktif 213,7,12000,84000
09/06/2023,NT-102222,Toko Fiktif 213,12,12000,144000
09/06/2023,NT-102222,Toko Fiktif 213,10,40000,400000
13/08/2023,NT-102223,Toko Fiktif 213,1,12000,12000
13/08/2023,NT-102223,Toko Fiktif 213,12,7500,90000
13/08/2023,NT-102223,Toko Fiktif 213,10,15000,150000
15/09/2023,NT-102224,Toko Fiktif 213,3,12000,36000
15/09/2023,NT-102224,Toko Fiktif 213,5,5000,25000
02/10/2023,NT-102225,Toko Fiktif 213,11,7500,82500
02/10/2023,NT-102225,Toko Fiktif 213,7,15000,105000
31/10/2023,NT-102226,Toko Fiktif 213,4,40000,160000
05/11/2023,NT-102227,Toko Fiktif 213,7,40000,280000
05/11/2023,NT-102227,Toko Fiktif 213,5,7500,37500
05/11/2023,NT-102227,Toko Fiktif 213,11,12000,132000
24/12/2023,NT-102228,Toko Fiktif 213,1,7500,7500
24/12/2023,NT-102228,Toko Fiktif 213,9,25000,225000
20/02/2024,NT-102229,Toko Fiktif 213,11,7500,82500
26/02/2024,NT-102230,Toko Fiktif 213,11,12000,132000
26/02/2024,NT-102230,Toko Fiktif 213,8,25000,200000
27/02/2024,NT-102231,Toko Fiktif 213,4,5000,20000
27/02/2024,NT-102231,Toko Fiktif 213,9,12000,108000
09/03/2024,NT-102232,Toko Fiktif 213,5,5000,25000
06/04/2024,NT-102233,Toko Fiktif 213,5,40000,200000
04/07/2024,NT-102234,Toko Fiktif 213,9,12000,108000
04/07/2024,NT-102234,Toko Fiktif 213,2,7500,15000
15/07/2024,NT-102235,Toko Fiktif 213,4,5000,20000
25/07/2024,NT-102236,Toko Fiktif 213,1,12000,12000
25/07/2024,NT-102236,Toko Fiktif 213,5,25000,125000
29/07/2024,NT-102237,Toko Fiktif 213,2,15000,30000
17/09/2024,NT-102238,Toko Fiktif 213,4,15000,60000
04/12/2024,NT-102239,Toko Fiktif 213,4,5000,20000
04/12/2024,NT-102239,Toko Fiktif 213,11,7500,82500
06/12/2024,NT-102240,Toko Fiktif 213,10,12000,120000
06/12/2024,NT-102240,Toko Fiktif 213,12,7500,90000
06/12/2024,NT-102240,Toko Fiktif 213,5,25000,125000
09/12/2024,NT-102241,Toko Fiktif 213,11,5000,55000
17/12/2024,NT-102242,Toko Fiktif 213,6,7500,45000
17/12/2024,NT-102242,Toko Fiktif 213,4,15000,60000
05/08/2023,NT-102243,Toko Fiktif 214,9,25000,225000
05/08/2023,NT-102243,Toko Fiktif 214,10,15000,150000
05/08/2023,NT-102243,Toko Fiktif 214,3,5000,15000
07/09/2023,NT-102244,Toko Fiktif 214,3,25000,75000
07/09/2023,NT-102244,Toko Fiktif 214,8,40000,320000
09/08/2023,NT-102245,Toko Fiktif 215,9,7500,67500
09/08/2023,NT-102245,Toko Fiktif 215,7,5000,35000
09/08/2023,NT-102245,Toko Fiktif 215,8,40000,320000
17/11/2023,NT-102246,Toko Fiktif 215,9,25000,225000
17/11/2023,NT-102246,Toko Fiktif 215,7,12000,84000
29/11/2023,NT-102247,Toko Fiktif 215,6,25000,150000
29/11/2023,NT-102247,Toko Fiktif 215,1,5000,5000
29/11/2023,NT-102247,Toko Fiktif 215,12,40000,480000
20/01/2024,NT-102248,Toko Fiktif 215,2,7500,15000
20/01/2024,NT-102248,Toko Fiktif 215,12,5000,60000
20/01/2024,NT-102248,Toko Fiktif 215,6,25000,150000
14/04/2024,NT-102249,Toko Fiktif 215,11,15000,165000
14/04/2024,NT-102249,Toko Fiktif 215,8,12000,96000
14/04/2024,NT-102249,Toko Fiktif 215,11,5000,55000
08/06/2024,NT-102250,Toko Fiktif 215,6,25000,150000
08/06/2024,NT-102250,Toko Fiktif 215,10,5000,50000
08/06/2024,NT-102250,Toko Fiktif 215,6,40000,240000
09/06/2024,NT-102251,Toko Fiktif 215,2,12000,24000
16/06/2024,NT-102252,Toko Fiktif 215,2,15000,30000
16/06/2024,NT-102252,Toko Fiktif 215,10,40000,400000
05/12/2024,NT-102253,Toko Fiktif 215,6,15000,90000
05/12/2024,NT-102253,Toko Fiktif 215,6,7500,45000
15/06/2023,NT-102254,Toko Fiktif 216,5,40000,200000
11/08/2023,NT-102255,Toko Fiktif 216,12,12000,144000
19/08/2023,NT-102256,Toko Fiktif 216,9,5000,45000
19/08/2023,NT-102256,Toko Fiktif 216,11,12000,132000
19/08/2023,NT-102256,Toko Fiktif 216,1,25000,25000
29/08/2023,NT-102257,Toko Fiktif 216,6,40000,240000
16/09/2023,NT-102258,Toko Fiktif 216,5,5000,25000
24/09/2023,NT-102259,Toko Fiktif 216,3,7500,22500
10/11/2023,NT-102260,Toko Fiktif 216,10,40000,400000
15/11/2023,NT-102261,Toko Fiktif 216,3,40000,120000
15/11/2023,NT-102261,Toko Fiktif 216,12,5000,60000
15/11/2023,NT-102261,Toko Fiktif 216,5,7500,37500
07/12/2023,NT-102262,Toko Fiktif 216,11,5000,55000
07/12/2023,NT-102262,Toko Fiktif 216,5,25000,125000
07/12/2023,NT-102262,Toko Fiktif 216,6,40000,240000
09/01/2024,NT-102263,Toko Fiktif 216,10,7500,75000
31/01/2024,NT-102264,Toko Fiktif 216,4,5000,20000
08/02/2024,NT-102265,Toko Fiktif 216,9,5000,45000
08/02/2024,NT-102265,Toko Fiktif 216,2,15000,30000
25/02/2024,NT-102266,Toko Fiktif 216,9,40000,360000
25/02/2024,NT-102266,Toko Fiktif 216,1,15000,15000
29/02/2024,NT-102267,Toko Fiktif 216,7,5000,35000
18/03/2024,NT-102268,Toko Fiktif 216,3,5000,15000
18/03/2024,NT-102268,Toko Fiktif 216,9,40000,360000
18/03/2024,NT-102268,Toko Fiktif 216,10,12000,120000
07/04/2024,NT-102269,Toko Fiktif 216,3,5000,15000
07/04/2024,NT-102269,Toko Fiktif 216,11,25000,275000
07/04/2024,NT-102269,Toko Fiktif 216,7,40000,280000
24/04/2024,NT-102270,Toko Fiktif 216,4,7500,30000
13/05/2024,NT-102271,Toko Fiktif 216,10,25000,250000
13/05/2024,NT-102271,Toko Fiktif 216,12,40000,480000
13/05/2024,NT-102271,Toko Fiktif 216,7,5000,35000
20/05/2024,NT-102272,Toko Fiktif 216,11,12000,132000
20/05/2024,NT-102272,Toko Fiktif 216,2,25000,50000
20/05/2024,NT-102272,Toko Fiktif 216,9,15000,135000
10/08/2024,NT-102273,Toko Fiktif 216,5,40000,200000
10/08/2024,NT-102273,Toko Fiktif 216,9,15000,135000
11/09/2024,NT-102274,Toko Fiktif 216,5,15000,75000
11/09/2024,NT-102274,Toko Fiktif 216,7,25000,175000
11/09/2024,NT-102274,Toko Fiktif 216,10,40000,400000
05/10/2024,NT-102275,Toko Fiktif 216,12,40000,480000
05/10/2024,NT-102275,Toko Fiktif 216,11,25000,275000
01/11/2024,NT-102276,Toko Fiktif 216,1,5000,5000
01/11/2024,NT-102276,Toko Fiktif 216,6,7500,45000
13/11/2024,NT-102277,Toko Fiktif 216,1,7500,7500
13/11/2024,NT-102277,Toko Fiktif 216,4,40000,160000
16/02/2023,NT-102278,Toko Fiktif 217,7,40000,280000
16/02/2023,NT-102278,Toko Fiktif 217,7,7500,52500
11/11/2023,NT-102279,Toko Fiktif 218,5,15000,75000
05/12/2023,NT-102280,Toko Fiktif 218,8,12000,96000
19/12/2023,NT-102281,Toko Fiktif 218,8,25000,200000
01/09/2024,NT-102282,Toko Fiktif 219,4,15000,60000
10/09/2024,NT-102283,Toko Fiktif 219,1,15000,15000
10/09/2024,NT-102283,Toko Fiktif 219,4,5000,20000
04/11/2024,NT-102284,Toko Fiktif 219,2,12000,24000
27/11/2024,NT-102285,Toko Fiktif 219,11,5000,55000
27/12/2024,NT-102286,Toko Fiktif 219,3,5000,15000
27/12/2024,NT-102286,Toko Fiktif 219,5,25000,125000
27/12/2024,NT-102286,Toko Fiktif 219,2,40000,80000
13/10/2024,NT-102287,Toko Fiktif 220,12,5000,60000
13/10/2024,NT-102287,Toko Fiktif 220,8,40000,320000
29/04/2023,NT-102288,Toko Fiktif 221,10,5000,50000
29/04/2023,NT-102288,Toko Fiktif 221,10,25000,250000
29/04/2023,NT-102288,Toko Fiktif 221,9,15000,135000
30/04/2023,NT-102289,Toko Fiktif 221,1,12000,12000
09/05/2023,NT-102290,Toko Fiktif 221,12,5000,60000
13/07/2023,NT-102291,Toko Fiktif 221,11,12000,132000
01/09/2023,NT-102292,Toko Fiktif 221,7,7500,52500
01/09/2023,NT-102292,Toko Fiktif 221,5,12000,60000
01/09/2023,NT-102292,Toko Fiktif 221,5,15000,75000
19/09/2023,NT-102293,Toko Fiktif 221,6,25000,150000
19/09/2023,NT-102293,Toko Fiktif 221,2,5000,10000
08/10/2023,NT-102294,Toko Fiktif 221,3,12000,36000
12/01/2024,NT-102295,Toko Fiktif 221,11,7500,82500
13/02/2024,NT-102296,Toko Fiktif 221,1,15000,15000
13/02/2024,NT-102296,Toko Fiktif 221,4,5000,20000
13/02/2024,NT-102296,Toko Fiktif 221,12,12000,144000
21/05/2024,NT-102297,Toko Fiktif 221,7,5000,35000
21/05/2024,NT-102297,Toko Fiktif 221,9,40000,360000
17/08/2024,NT-102298,Toko Fiktif 221,11,15000,165000
23/09/2024,NT-102299,Toko Fiktif 221,9,5000,45000
23/09/2024,NT-102299,Toko Fiktif 221,8,25000,200000
18/11/2024,NT-102300,Toko Fiktif 221,10,5000,50000
15/12/2024,NT-102301,Toko Fiktif 221,11,5000,55000
15/12/2024,NT-102301,Toko Fiktif 221,10,15000,150000
15/12/2024,NT-102301,Toko Fiktif 221,2,12000,24000
04/10/2024,NT-102302,Toko Fiktif 222,6,25000,150000
04/10/2024,NT-102302,Toko Fiktif 222,7,7500,52500
22/10/2024,NT-102303,Toko Fiktif 222,7,40000,280000
09/11/2024,NT-102304,Toko Fiktif 222,4,12000,48000
09/11/2024,NT-102304,Toko Fiktif 222,3,5000,15000
14/11/2024,NT-102305,Toko Fiktif 222,10,15000,150000
14/11/2024,NT-102305,Toko Fiktif 222,3,5000,15000
14/11/2024,NT-102305,Toko Fiktif 222,11,12000,132000
05/04/2024,NT-102306,Toko Fiktif 223,4,12000,48000
05/04/2024,NT-102306,Toko Fiktif 223,9,5000,45000
07/04/2024,NT-102307,Toko Fiktif 223,7,40000,280000
07/04/2024,NT-102307,Toko Fiktif 223,1,15000,15000
21/04/2024,NT-102308,Toko Fiktif 223,1,25000,25000
01/05/2024,NT-102309,Toko Fiktif 223,8,5000,40000
01/05/2024,NT-102309,Toko Fiktif 223,9,40000,360000
26/05/2024,NT-102310,Toko Fiktif 223,5,5000,25000
01/07/2024,NT-102311,Toko Fiktif 223,4,7500,30000
05/08/2024,NT-102312,Toko Fiktif 223,5,5000,25000
05/08/2024,NT-102312,Toko Fiktif 223,1,40000,40000
05/08/2024,NT-102312,Toko Fiktif 223,11,7500,82500
14/08/2024,NT-102313,Toko Fiktif 223,2,15000,30000
14/08/2024,NT-102313,Toko Fiktif 223,3,5000,15000
12/10/2024,NT-102314,Toko Fiktif 223,2,25000,50000
12/10/2024,NT-102314,Toko Fiktif 223,4,7500,30000
29/03/2023,NT-102315,Toko Fiktif 224,1,12000,12000
29/03/2023,NT-102315,Toko Fiktif 224,9,15000,135000
02/06/2023,NT-102316,Toko Fiktif 224,12,15000,180000
02/06/2023,NT-102316,Toko Fiktif 224,11,7500,82500
02/06/2023,NT-102316,Toko Fiktif 224,6,12000,72000
04/10/2023,NT-102317,Toko Fiktif 224,4,7500,30000
26/02/2024,NT-102318,Toko Fiktif 224,7,40000,280000
26/02/2024,NT-102318,Toko Fiktif 224,12,25000,300000
26/02/2024,NT-102318,Toko Fiktif 224,6,7500,45000
29/02/2024,NT-102319,Toko Fiktif 224,9,25000,225000
29/02/2024,NT-102319,Toko Fiktif 224,11,40000,440000
23/04/2024,NT-102320,Toko Fiktif 224,6,15000,90000
23/04/2024,NT-102320,Toko Fiktif 224,12,7500,90000
23/04/2024,NT-102320,Toko Fiktif 224,7,12000,84000
24/05/2024,NT-102321,Toko Fiktif 224,7,25000,175000
24/05/2024,NT-102321,Toko Fiktif 224,6,15000,90000
24/05/2024,NT-102321,Toko Fiktif 224,4,7500,30000
25/05/2024,NT-102322,Toko Fiktif 224,12,12000,144000
25/05/2024,NT-102322,Toko Fiktif 224,5,5000,25000
25/05/2024,NT-102322,Toko Fiktif 224,1,15000,15000
19/06/2024,NT-102323,Toko Fiktif 224,3,15000,45000
19/06/2024,NT-102323,Toko Fiktif 224,11,25000,275000
03/07/2024,NT-102324,Toko Fiktif 224,3,40000,120000
08/08/2024,NT-102325,Toko Fiktif 224,1,12000,12000
01/10/2024,NT-102326,Toko Fiktif 224,9,7500,67500
06/11/2024,NT-102327,Toko Fiktif 224,11,12000,132000
06/11/2024,NT-102327,Toko Fiktif 224,7,5000,35000
06/11/2024,NT-102327,Toko Fiktif 224,7,15000,105000
22/12/2024,NT-102328,Toko Fiktif 224,9,7500,67500
22/12/2024,NT-102328,Toko Fiktif 224,6,12000,72000
22/12/2024,NT-102328,Toko Fiktif 224,1,5000,5000
27/10/2023,NT-102329,Toko Fiktif 225,12,25000,300000
27/10/2023,NT-102329,Toko Fiktif 225,8,40000,320000
26/04/2023,NT-102330,Toko Fiktif 226,2,25000,50000
26/04/2023,NT-102330,Toko Fiktif 226,2,15000,30000
26/04/2023,NT-102330,Toko Fiktif 226,7,12000,84000
30/04/2023,NT-102331,Toko Fiktif 226,3,5000,15000
02/05/2023,NT-102332,Toko Fiktif 226,12,12000,144000
02/05/2023,NT-102332,Toko Fiktif 226,3,15000,45000
04/05/2023,NT-102333,Toko Fiktif 226,1,7500,7500
04/05/2023,NT-102333,Toko Fiktif 226,4,15000,60000
14/05/2023,NT-102334,Toko Fiktif 226,4,7500,30000
16/05/2023,NT-102335,Toko Fiktif 226,1,12000,12000
16/05/2023,NT-102335,Toko Fiktif 226,7,15000,105000
16/05/2023,NT-102335,Toko Fiktif 226,6,5000,30000
06/06/2023,NT-102336,Toko Fiktif 226,2,40000,80000
17/06/2023,NT-102337,Toko Fiktif 226,6,15000,90000
21/06/2023,NT-102338,Toko Fiktif 226,9,12000,108000
21/06/2023,NT-102338,Toko Fiktif 226,2,40000,80000
21/06/2023,NT-102338,Toko Fiktif 226,11,5000,55000
10/07/2023,NT-102339,Toko Fiktif 226,3,40000,120000
10/07/2023,NT-102339,Toko Fiktif 226,10,12000,120000
27/07/2023,NT-102340,Toko Fiktif 226,10,40000,400000
07/09/2023,NT-102341,Toko Fiktif 226,6,15000,90000
07/09/2023,NT-102341,Toko Fiktif 226,8,40000,320000
07/09/2023,NT-102341,Toko Fiktif 226,9,7500,67500
10/09/2023,NT-102342,Toko Fiktif 226,8,5000,40000
10/09/2023,NT-102342,Toko Fiktif 226,7,7500,52500
10/09/2023,NT-102342,Toko Fiktif 226,10,40000,400000
13/09/2023,NT-102343,Toko Fiktif 226,9,7500,67500
16/09/2023,NT-102344,Toko Fiktif 226,12,5000,60000
16/09/2023,NT-102344,Toko Fiktif 226,11,25000,275000
23/09/2023,NT-102345,Toko Fiktif 226,1,25000,25000
20/10/2023,NT-102346,Toko Fiktif 226,2,40000,80000
05/12/2023,NT-102347,Toko Fiktif 226,8,5000,40000
19/12/2023,NT-102348,Toko Fiktif 226,4,7500,30000
13/01/2024,NT-102349,Toko Fiktif 226,6,7500,45000
13/01/2024,NT-102349,Toko Fiktif 226,5,12000,60000
14/03/2024,NT-102350,Toko Fiktif 226,4,7500,30000
14/03/2024,NT-102350,Toko Fiktif 226,4,12000,48000
15/03/2024,NT-102351,Toko Fiktif 226,9,25000,225000
19/04/2024,NT-102352,Toko Fiktif 226,5,12000,60000
19/04/2024,NT-102352,Toko Fiktif 226,6,5000,30000
19/04/2024,NT-102352,Toko Fiktif 226,10,7500,75000
25/04/2024,NT-102353,Toko Fiktif 226,9,15000,135000
25/04/2024,NT-102353,Toko Fiktif 226,11,12000,132000
25/04/2024,NT-102353,Toko Fiktif 226,11,25000,275000
26/04/2024,NT-102354,Toko Fiktif 226,6,25000,150000
04/05/2024,NT-102355,Toko Fiktif 226,12,12000,144000
15/06/2024,NT-102356,Toko Fiktif 226,4,25000,100000
15/06/2024,NT-102356,Toko Fiktif 226,3,15000,45000
15/06/2024,NT-102356,Toko Fiktif 226,12,40000,480000
23/06/2024,NT-102357,Toko Fiktif 226,9,12000,108000
23/06/2024,NT-102357,Toko Fiktif 226,7,25000,175000
04/07/2024,NT-102358,Toko Fiktif 226,3,15000,45000
04/07/2024,NT-102358,Toko Fiktif 226,1,7500,7500
08/07/2024,NT-102359,Toko Fiktif 226,1,7500,7500
09/07/2024,NT-102360,Toko Fiktif 226,3,25000,75000
13/08/2024,NT-102361,Toko Fiktif 226,9,40000,360000
13/08/2024,NT-102361,Toko Fiktif 226,8,5000,40000
26/08/2024,NT-102362,Toko Fiktif 226,12,25000,300000
26/08/2024,NT-102362,Toko Fiktif 226,12,12000,144000
26/08/2024,NT-102362,Toko Fiktif 226,9,40000,360000
27/08/2024,NT-102363,Toko Fiktif 226,10,12000,120000
27/08/2024,NT-102363,Toko Fiktif 226,1,5000,5000
27/08/2024,NT-102363,Toko Fiktif 226,5,15000,75000
11/09/2024,NT-102364,Toko Fiktif 226,1,25000,25000
11/09/2024,NT-102364,Toko Fiktif 226,9,40000,360000
11/09/2024,NT-102364,Toko Fiktif 226,11,7500,82500
15/09/2024,NT-102365,Toko Fiktif 226,6,7500,45000
15/09/2024,NT-102365,Toko Fiktif 226,9,5000,45000
16/09/2024,NT-102366,Toko Fiktif 226,4,40000,160000
23/09/2024,NT-102367,Toko Fiktif 226,5,40000,200000
23/09/2024,NT-102367,Toko Fiktif 226,6,15000,90000
19/10/2024,NT-102368,Toko Fiktif 226,10,7500,75000
19/11/2024,NT-102369,Toko Fiktif 226,8,7500,60000
19/11/2024,NT-102369,Toko Fiktif 226,4,40000,160000
19/11/2024,NT-102369,Toko Fiktif 226,9,15000,135000
07/12/2024,NT-102370,Toko Fiktif 226,4,12000,48000
23/12/2024,NT-102371,Toko Fiktif 226,11,5000,55000
23/12/2024,NT-102371,Toko Fiktif 226,4,12000,48000
27/12/2024,NT-102372,Toko Fiktif 226,5,15000,75000
27/12/2024,NT-102372,Toko Fiktif 226,11,12000,132000
30/12/2024,NT-102373,Toko Fiktif 226,4,40000,160000
30/12/2024,NT-102373,Toko Fiktif 226,2,25000,50000
24/02/2024,NT-102374,Toko Fiktif 227,10,12000,120000
24/02/2024,NT-102374,Toko Fiktif 227,3,15000,45000
19/03/2024,NT-102375,Toko Fiktif 227,9,5000,45000
19/03/2024,NT-102375,Toko Fiktif 227,1,40000,40000
03/04/2024,NT-102376,Toko Fiktif 227,9,12000,108000
04/04/2024,NT-102377,Toko Fiktif 227,4,25000,100000
04/04/2024,NT-102377,Toko Fiktif 227,9,15000,135000
08/04/2024,NT-102378,Toko Fiktif 227,5,5000,25000
08/04/2024,NT-102378,Toko Fiktif 227,3,40000,120000
08/04/2024,NT-102378,Toko Fiktif 227,10,15000,150000
14/04/2024,NT-102379,Toko Fiktif 227,4,25000,100000
16/04/2024,NT-102380,Toko Fiktif 227,1,15000,15000
16/04/2024,NT-102380,Toko Fiktif 227,1,12000,12000
20/04/2024,NT-102381,Toko Fiktif 227,1,7500,7500
09/05/2024,NT-102382,Toko Fiktif 227,12,25000,300000
09/05/2024,NT-102382,Toko Fiktif 227,11,5000,55000
30/05/2024,NT-102383,Toko Fiktif 227,6,15000,90000
30/05/2024,NT-102383,Toko Fiktif 227,8,40000,320000
30/05/2024,NT-102383,Toko Fiktif 227,5,25000,125000
27/06/2024,NT-102384,Toko Fiktif 227,9,40000,360000
02/07/2024,NT-102385,Toko Fiktif 227,12,40000,480000
02/07/2024,NT-102385,Toko Fiktif 227,11,15000,165000
02/07/2024,NT-102385,Toko Fiktif 227,6,7500,45000
07/08/2024,NT-102386,Toko Fiktif 227,9,5000,45000
13/08/2024,NT-102387,Toko Fiktif 227,12,15000,180000
13/08/2024,NT-102387,Toko Fiktif 227,3,5000,15000
13/08/2024,NT-102387,Toko Fiktif 227,5,40000,200000
14/08/2024,NT-102388,Toko Fiktif 227,12,7500,90000
14/08/2024,NT-102388,Toko Fiktif 227,4,40000,160000
14/08/2024,NT-102388,Toko Fiktif 227,7,15000,105000
26/08/2024,NT-102389,Toko Fiktif 227,9,7500,67500
26/08/2024,NT-102389,Toko Fiktif 227,7,25000,175000
31/08/2024,NT-102390,Toko Fiktif 227,3,7500,22500
31/08/2024,NT-102390,Toko Fiktif 227,4,15000,60000
31/08/2024,NT-102390,Toko Fiktif 227,4,40000,160000
21/09/2024,NT-102391,Toko Fiktif 227,11,12000,132000
21/09/2024,NT-102391,Toko Fiktif 227,8,5000,40000
31/03/2024,NT-102392,Toko Fiktif 228,4,25000,100000
01/04/2024,NT-102393,Toko Fiktif 228,12,40000,480000
22/04/2024,NT-102394,Toko Fiktif 228,4,5000,20000
22/04/2024,NT-102394,Toko Fiktif 228,9,40000,360000
28/04/2024,NT-102395,Toko Fiktif 228,6,12000,72000
28/04/2024,NT-102395,Toko Fiktif 228,5,40000,200000
15/05/2024,NT-102396,Toko Fiktif 228,7,15000,105000
18/05/2024,NT-102397,Toko Fiktif 228,8,12000,96000
25/05/2024,NT-102398,Toko Fiktif 228,11,40000,440000
26/05/2024,NT-102399,Toko Fiktif 228,1,5000,5000
26/05/2024,NT-102399,Toko Fiktif 228,10,15000,150000
04/06/2024,NT-102400,Toko Fiktif 228,7,5000,35000
04/06/2024,NT-102400,Toko Fiktif 228,8,7500,60000
04/06/2024,NT-102400,Toko Fiktif 228,7,25000,175000
09/06/2024,NT-102401,Toko Fiktif 228,1,5000,5000
09/06/2024,NT-102401,Toko Fiktif 228,10,15000,150000
24/06/2024,NT-102402,Toko Fiktif 228,6,7500,45000
24/06/2024,NT-102402,Toko Fiktif 228,5,25000,125000
24/06/2024,NT-102402,Toko Fiktif 228,2,5000,10000
03/07/2024,NT-102403,Toko Fiktif 228,11,15000,165000
03/07/2024,NT-102403,Toko Fiktif 228,11,40000,440000
12/07/2024,NT-102404,Toko Fiktif 228,9,12000,108000
12/07/2024,NT-102404,Toko Fiktif 228,11,5000,55000
16/07/2024,NT-102405,Toko Fiktif 228,10,7500,75000
16/07/2024,NT-102405,Toko Fiktif 228,8,25000,200000
26/07/2024,NT-102406,Toko Fiktif 228,4,12000,48000
26/07/2024,NT-102406,Toko Fiktif 228,8,7500,60000
07/08/2024,NT-102407,Toko Fiktif 228,6,5000,30000
07/08/2024,NT-102407,Toko Fiktif 228,7,40000,280000
14/08/2024,NT-102408,Toko Fiktif 228,9,40000,360000
14/08/2024,NT-102408,Toko Fiktif 228,3,5000,15000
14/08/2024,NT-102408,Toko Fiktif 228,4,25000,100000
30/08/2024,NT-102409,Toko Fiktif 228,11,40000,440000
30/08/2024,NT-102409,Toko Fiktif 228,10,7500,75000
30/08/2024,NT-102409,Toko Fiktif 228,7,15000,105000
02/09/2024,NT-102410,Toko Fiktif 228,6,12000,72000
08/09/2024,NT-102411,Toko Fiktif 228,2,12000,24000
17/09/2024,NT-102412,Toko Fiktif 228,2,7500,15000
17/09/2024,NT-102412,Toko Fiktif 228,6,15000,90000
17/09/2024,NT-102412,Toko Fiktif 228,9,12000,108000
21/09/2024,NT-102413,Toko Fiktif 228,12,25000,300000
21/09/2024,NT-102413,Toko Fiktif 228,9,7500,67500
23/09/2024,NT-102414,Toko Fiktif 228,11,7500,82500
24/09/2024,NT-102415,Toko Fiktif 228,9,40000,360000
24/09/2024,NT-102415,Toko Fiktif 228,5,25000,125000
02/10/2024,NT-102416,Toko Fiktif 228,4,5000,20000
02/10/2024,NT-102416,Toko Fiktif 228,6,15000,90000
02/10/2024,NT-102416,Toko Fiktif 228,12,25000,300000
05/10/2024,NT-102417,Toko Fiktif 228,11,15000,165000
05/10/2024,NT-102417,Toko Fiktif 228,2,40000,80000
05/10/2024,NT-102417,Toko Fiktif 228,12,7500,90000
06/10/2024,NT-102418,Toko Fiktif 228,12,40000,480000
06/10/2024,NT-102418,Toko Fiktif 228,2,15000,30000
14/10/2024,NT-102419,Toko Fiktif 228,4,15000,60000
14/10/2024,NT-102419,Toko Fiktif 228,11,12000,132000
14/10/2024,NT-102419,Toko Fiktif 228,10,5000,50000
15/10/2024,NT-102420,Toko Fiktif 228,5,40000,200000
15/10/2024,NT-102420,Toko Fiktif 228,5,25000,125000
15/10/2024,NT-102420,Toko Fiktif 228,6,12000,72000
02/11/2024,NT-102421,Toko Fiktif 228,12,5000,60000
02/11/2024,NT-102421,Toko Fiktif 228,2,15000,30000
02/11/2024,NT-102421,Toko Fiktif 228,11,12000,132000
03/11/2024,NT-102422,Toko Fiktif 228,12,40000,480000
15/11/2024,NT-102423,Toko Fiktif 228,5,25000,125000
15/11/2024,NT-102423,Toko Fiktif 228,8,5000,40000
24/11/2024,NT-102424,Toko Fiktif 228,10,12000,120000
25/11/2024,NT-102425,Toko Fiktif 228,1,12000,12000
29/11/2024,NT-102426,Toko Fiktif 228,3,5000,15000
29/11/2024,NT-102426,Toko Fiktif 228,3,7500,22500
14/12/2024,NT-102427,Toko Fiktif 228,11,40000,440000
14/12/2024,NT-102427,Toko Fiktif 228,5,15000,75000
14/12/2024,NT-102427,Toko Fiktif 228,4,5000,20000
16/12/2024,NT-102428,Toko Fiktif 228,4,40000,160000
22/12/2024,NT-102429,Toko Fiktif 228,7,7500,52500
22/12/2024,NT-102429,Toko Fiktif 228,5,40000,200000
14/02/2023,NT-102430,Toko Fiktif 229,1,12000,12000
14/02/2023,NT-102430,Toko Fiktif 229,10,40000,400000
17/02/2023,NT-102431,Toko Fiktif 229,6,7500,45000
12/05/2023,NT-102432,Toko Fiktif 229,12,40000,480000
26/05/2023,NT-102433,Toko Fiktif 229,5,7500,37500
09/07/2023,NT-102434,Toko Fiktif 229,3,5000,15000
09/07/2023,NT-102434,Toko Fiktif 229,10,12000,120000
09/07/2023,NT-102434,Toko Fiktif 229,2,15000,30000
03/02/2024,NT-102435,Toko Fiktif 230,9,12000,108000
17/02/2024,NT-102436,Toko Fiktif 230,9,25000,225000
17/02/2024,NT-102436,Toko Fiktif 230,3,5000,15000
18/02/2024,NT-102437,Toko Fiktif 230,1,7500,7500
18/02/2024,NT-102437,Toko Fiktif 230,2,25000,50000
18/02/2024,NT-102437,Toko Fiktif 230,5,12000,60000
19/02/2024,NT-102438,Toko Fiktif 230,2,15000,30000
21/02/2024,NT-102439,Toko Fiktif 230,7,40000,280000
21/02/2024,NT-102439,Toko Fiktif 230,5,7500,37500
24/02/2024,NT-102440,Toko Fiktif 230,11,12000,132000
24/02/2024,NT-102440,Toko Fiktif 230,7,7500,52500
28/02/2024,NT-102441,Toko Fiktif 230,7,15000,105000
28/02/2024,NT-102441,Toko Fiktif 230,3,40000,120000
22/03/2024,NT-102442,Toko Fiktif 230,8,7500,60000
22/03/2024,NT-102442,Toko Fiktif 230,11,15000,165000
09/05/2024,NT-102443,Toko Fiktif 230,2,12000,24000
09/05/2024,NT-102443,Toko Fiktif 230,5,15000,75000
12/05/2024,NT-102444,Toko Fiktif 230,4,5000,20000
12/05/2024,NT-102444,Toko Fiktif 230,11,15000,165000
12/05/2024,NT-102444,Toko Fiktif 230,5,25000,125000
13/05/2024,NT-102445,Toko Fiktif 230,10,25000,250000
16/05/2024,NT-102446,Toko Fiktif 230,11,25000,275000
16/05/2024,NT-102446,Toko Fiktif 230,4,40000,160000
01/06/2024,NT-102447,Toko Fiktif 230,6,25000,150000
01/06/2024,NT-102447,Toko Fiktif 230,2,12000,24000
24/06/2024,NT-102448,Toko Fiktif 230,10,12000,120000
24/06/2024,NT-102448,Toko Fiktif 230,6,5000,30000
01/07/2024,NT-102449,Toko Fiktif 230,3,15000,45000
08/07/2024,NT-102450,Toko Fiktif 230,4,7500,30000
08/07/2024,NT-102450,Toko Fiktif 230,7,5000,35000
20/07/2024,NT-102451,Toko Fiktif 230,1,25000,25000
20/07/2024,NT-102451,Toko Fiktif 230,11,7500,82500
20/07/2024,NT-102451,Toko Fiktif 230,11,12000,132000
06/08/2024,NT-102452,Toko Fiktif 230,3,5000,15000
06/08/2024,NT-102452,Toko Fiktif 230,5,25000,125000
06/08/2024,NT-102452,Toko Fiktif 230,4,12000,48000
17/08/2024,NT-102453,Toko Fiktif 230,5,15000,75000
18/08/2024,NT-102454,Toko Fiktif 230,9,7500,67500
18/08/2024,NT-102454,Toko Fiktif 230,3,15000,45000
30/11/2023,NT-102455,Toko Fiktif 231,4,15000,60000
02/12/2023,NT-102456,Toko Fiktif 231,7,7500,52500
16/12/2023,NT-102457,Toko Fiktif 231,10,40000,400000
16/12/2023,NT-102457,Toko Fiktif 231,4,15000,60000
16/12/2023,NT-102457,Toko Fiktif 231,10,25000,250000
18/12/2023,NT-102458,Toko Fiktif 231,12,15000,180000
18/12/2023,NT-102458,Toko Fiktif 231,7,7500,52500
18/12/2023,NT-102458,Toko Fiktif 231,1,25000,25000
15/02/2024,NT-102459,Toko Fiktif 231,6,25000,150000
28/02/2024,NT-102460,Toko Fiktif 231,8,15000,120000
11/03/2024,NT-102461,Toko Fiktif 231,6,12000,72000
15/04/2024,NT-102462,Toko Fiktif 231,12,5000,60000
15/04/2024,NT-102462,Toko Fiktif 231,2,12000,24000
15/04/2024,NT-102462,Toko Fiktif 231,8,15000,120000
27/04/2024,NT-102463,Toko Fiktif 231,11,15000,165000
27/04/2024,NT-102463,Toko Fiktif 231,10,40000,400000
01/05/2024,NT-102464,Toko Fiktif 231,9,12000,108000
22/05/2024,NT-102465,Toko Fiktif 231,7,15000,105000
23/05/2024,NT-102466,Toko Fiktif 231,8,5000,40000
23/05/2024,NT-102466,Toko Fiktif 231,3,40000,120000
23/05/2024,NT-102466,Toko Fiktif 231,4,25000,100000
26/05/2024,NT-102467,Toko Fiktif 231,9,25000,225000
26/05/2024,NT-102467,Toko Fiktif 231,6,5000,30000
12/06/2024,NT-102468,Toko Fiktif 231,6,25000,150000
12/06/2024,NT-102468,Toko Fiktif 231,11,40000,440000
12/06/2024,NT-102468,Toko Fiktif 231,10,12000,120000
13/06/2024,NT-102469,Toko Fiktif 231,2,7500,15000
13/06/2024,NT-102469,Toko Fiktif 231,3,40000,120000
28/06/2024,NT-102470,Toko Fiktif 231,10,25000,250000
28/06/2024,NT-102470,Toko Fiktif 231,11,15000,165000
28/06/2024,NT-102470,Toko Fiktif 231,5,5000,25000
05/08/2024,NT-102471,Toko Fiktif 231,1,25000,25000
28/10/2024,NT-102472,Toko Fiktif 231,12,7500,90000
28/10/2024,NT-102472,Toko Fiktif 231,5,12000,60000
26/11/2024,NT-102473,Toko Fiktif 231,5,40000,200000
01/12/2024,NT-102474,Toko Fiktif 231,12,40000,480000
09/12/2024,NT-102475,Toko Fiktif 231,2,5000,10000
15/12/2024,NT-102476,Toko Fiktif 231,1,7500,7500
15/12/2024,NT-102476,Toko Fiktif 231,11,15000,165000
22/12/2024,NT-102477,Toko Fiktif 231,9,5000,45000
12/08/2023,NT-102478,Toko Fiktif 232,9,15000,135000
12/08/2023,NT-102478,Toko Fiktif 232,10,25000,250000
25/08/2023,NT-102479,Toko Fiktif 232,4,40000,160000
25/08/2023,NT-102479,Toko Fiktif 232,3,7500,22500
25/08/2023,NT-102479,Toko Fiktif 232,7,25000,175000
22/09/2023,NT-102480,Toko Fiktif 232,11,12000,132000
22/09/2023,NT-102480,Toko Fiktif 232,2,7500,15000
22/09/2023,NT-102480,Toko Fiktif 232,2,25000,50000
02/10/2023,NT-102481,Toko Fiktif 232,10,40000,400000
02/10/2023,NT-102481,Toko Fiktif 232,9,12000,108000
02/10/2023,NT-102481,Toko Fiktif 232,1,5000,5000
19/10/2023,NT-102482,Toko Fiktif 232,3,25000,75000
19/10/2023,NT-102482,Toko Fiktif 232,7,7500,52500
24/12/2023,NT-102483,Toko Fiktif 232,6,7500,45000
24/12/2023,NT-102483,Toko Fiktif 232,3,40000,120000
04/01/2024,NT-102484,Toko Fiktif 232,9,40000,360000
04/01/2024,NT-102484,Toko Fiktif 232,5,5000,25000
29/01/2024,NT-102485,Toko Fiktif 232,1,5000,5000
29/01/2024,NT-102485,Toko Fiktif 232,7,7500,52500
29/01/2024,NT-102485,Toko Fiktif 232,12,40000,480000
25/02/2024,NT-102486,Toko Fiktif 232,8,25000,200000
25/02/2024,NT-102486,Toko Fiktif 232,5,5000,25000
05/05/2024,NT-102487,Toko Fiktif 232,8,5000,40000
24/05/2024,NT-102488,Toko Fiktif 232,2,7500,15000
24/05/2024,NT-102488,Toko Fiktif 232,3,5000,15000
24/06/2024,NT-102489,Toko Fiktif 232,12,15000,180000
24/06/2024,NT-102489,Toko Fiktif 232,8,40000,320000
10/07/2024,NT-102490,Toko Fiktif 232,5,5000,25000
10/07/2024,NT-102490,Toko Fiktif 232,6,25000,150000
10/07/2024,NT-102490,Toko Fiktif 232,2,40000,80000
27/07/2024,NT-102491,Toko Fiktif 232,4,5000,20000
27/07/2024,NT-102491,Toko Fiktif 232,6,15000,90000
07/04/2023,NT-102492,Toko Fiktif 233,9,15000,135000
07/04/2023,NT-102492,Toko Fiktif 233,7,12000,84000
07/04/2023,NT-102492,Toko Fiktif 233,9,25000,225000
11/04/2023,NT-102493,Toko Fiktif 233,9,25000,225000
13/04/2023,NT-102494,Toko Fiktif 233,3,5000,15000
13/04/2023,NT-102494,Toko Fiktif 233,10,15000,150000
18/05/2023,NT-102495,Toko Fiktif 233,12,12000,144000
18/05/2023,NT-102495,Toko Fiktif 233,2,40000,80000
18/05/2023,NT-102495,Toko Fiktif 233,12,25000,300000
14/06/2023,NT-102496,Toko Fiktif 233,12,12000,144000
22/06/2023,NT-102497,Toko Fiktif 233,1,40000,40000
22/06/2023,NT-102497,Toko Fiktif 233,12,15000,180000
22/06/2023,NT-102497,Toko Fiktif 233,6,7500,45000
03/08/2023,NT-102498,Toko Fiktif 233,1,25000,25000
27/09/2023,NT-102499,Toko Fiktif 233,10,7500,75000
24/10/2023,NT-102500,Toko Fiktif 233,9,15000,135000
24/10/2023,NT-102500,Toko Fiktif 233,4,5000,20000
12/11/2023,NT-102501,Toko Fiktif 233,8,15000,120000
12/11/2023,NT-102501,Toko Fiktif 233,2,7500,15000
12/11/2023,NT-102501,Toko Fiktif 233,1,40000,40000
26/11/2023,NT-102502,Toko Fiktif 233,3,40000,120000
04/12/2023,NT-102503,Toko Fiktif 233,8,40000,320000
04/12/2023,NT-102503,Toko Fiktif 233,11,12000,132000
04/12/2023,NT-102503,Toko Fiktif 233,11,5000,55000
27/12/2023,NT-102504,Toko Fiktif 233,8,40000,320000
27/12/2023,NT-102504,Toko Fiktif 233,10,25000,250000
27/01/2024,NT-102505,Toko Fiktif 233,11,15000,165000
18/02/2024,NT-102506,Toko Fiktif 233,12,40000,480000
14/03/2024,NT-102507,Toko Fiktif 233,6,40000,240000
14/03/2024,NT-102507,Toko Fiktif 233,7,15000,105000
09/07/2024,NT-102508,Toko Fiktif 233,7,40000,280000
09/07/2024,NT-102508,Toko Fiktif 233,3,25000,75000
07/10/2024,NT-102509,Toko Fiktif 233,1,12000,12000
24/10/2024,NT-102510,Toko Fiktif 233,9,7500,67500
24/10/2024,NT-102510,Toko Fiktif 233,11,40000,440000
24/10/2024,NT-102510,Toko Fiktif 233,3,5000,15000
03/11/2024,NT-102511,Toko Fiktif 233,4,12000,48000
18/02/2024,NT-102512,Toko Fiktif 234,10,5000,50000
18/02/2024,NT-102512,Toko Fiktif 234,7,15000,105000
18/02/2024,NT-102512,Toko Fiktif 234,6,12000,72000
19/02/2024,NT-102513,Toko Fiktif 234,10,15000,150000
19/02/2024,NT-102513,Toko Fiktif 234,9,25000,225000
19/02/2024,NT-102513,Toko Fiktif 234,5,5000,25000
23/04/2024,NT-102514,Toko Fiktif 234,11,12000,132000
23/04/2024,NT-102514,Toko Fiktif 234,3,25000,75000
23/04/2024,NT-102514,Toko Fiktif 234,11,40000,440000
06/05/2024,NT-102515,Toko Fiktif 234,1,40000,40000
30/05/2024,NT-102516,Toko Fiktif 234,7,15000,105000
03/06/2024,NT-102517,Toko Fiktif 234,5,7500,37500
03/06/2024,NT-102517,Toko Fiktif 234,11,15000,165000
03/06/2024,NT-102517,Toko Fiktif 234,10,5000,50000
11/08/2024,NT-102518,Toko Fiktif 234,3,5000,15000
18/09/2024,NT-102519,Toko Fiktif 234,8,25000,200000
25/10/2023,NT-102520,Toko Fiktif 235,6,12000,72000
25/10/2023,NT-102520,Toko Fiktif 235,8,25000,200000
02/11/2023,NT-102521,Toko Fiktif 235,11,40000,440000
02/11/2023,NT-102521,Toko Fiktif 235,5,25000,125000
09/12/2023,NT-102522,Toko Fiktif 235,2,5000,10000
09/12/2023,NT-102522,Toko Fiktif 235,1,25000,25000
09/12/2023,NT-102522,Toko Fiktif 235,4,15000,60000
25/12/2023,NT-102523,Toko Fiktif 235,8,40000,320000
25/12/2023,NT-102523,Toko Fiktif 235,7,5000,35000
14/01/2024,NT-102524,Toko Fiktif 235,5,5000,25000
14/01/2024,NT-102524,Toko Fiktif 235,9,25000,225000
14/01/2024,NT-102524,Toko Fiktif 235,4,15000,60000
01/07/2024,NT-102525,Toko Fiktif 235,9,40000,360000
01/07/2024,NT-102525,Toko Fiktif 235,6,7500,45000
01/07/2024,NT-102525,Toko Fiktif 235,5,25000,125000
08/07/2024,NT-102526,Toko Fiktif 235,4,7500,30000
08/07/2024,NT-102526,Toko Fiktif 235,6,40000,240000
13/10/2024,NT-102527,Toko Fiktif 235,5,15000,75000
13/10/2024,NT-102527,Toko Fiktif 235,1,5000,5000
13/10/2024,NT-102527,Toko Fiktif 235,8,40000,320000
24/10/2024,NT-102528,Toko Fiktif 236,3,40000,120000
26/05/2024,NT-102529,Toko Fiktif 237,12,25000,300000
26/05/2024,NT-102529,Toko Fiktif 237,9,40000,360000
26/05/2024,NT-102529,Toko Fiktif 237,10,7500,75000
03/06/2024,NT-102530,Toko Fiktif 237,11,15000,165000
03/06/2024,NT-102530,Toko Fiktif 237,12,40000,480000
09/06/2024,NT-102531,Toko Fiktif 237,12,12000,144000
09/06/2024,NT-102531,Toko Fiktif 237,9,15000,135000
09/07/2024,NT-102532,Toko Fiktif 237,12,25000,300000
09/07/2024,NT-102532,Toko Fiktif 237,5,12000,60000
09/07/2024,NT-102532,Toko Fiktif 237,10,40000,400000
08/08/2024,NT-102533,Toko Fiktif 237,9,12000,108000
08/08/2024,NT-102533,Toko Fiktif 237,1,25000,25000
09/09/2024,NT-102534,Toko Fiktif 237,2,7500,15000
09/09/2024,NT-102534,Toko Fiktif 237,6,40000,240000
09/09/2024,NT-102534,Toko Fiktif 237,8,15000,120000
22/11/2024,NT-102535,Toko Fiktif 237,11,40000,440000
22/11/2024,NT-102535,Toko Fiktif 237,12,7500,90000
22/11/2024,NT-102535,Toko Fiktif 237,6,15000,90000
25/11/2024,NT-102536,Toko Fiktif 237,7,25000,175000
25/11/2024,NT-102536,Toko Fiktif 237,8,15000,120000
13/12/2024,NT-102537,Toko Fiktif 237,3,40000,120000
13/12/2024,NT-102537,Toko Fiktif 237,4,7500,30000
29/12/2024,NT-102538,Toko Fiktif 237,8,12000,96000
19/03/2023,NT-102539,Toko Fiktif 238,8,25000,200000
19/03/2023,NT-102539,Toko Fiktif 238,7,5000,35000
14/01/2024,NT-102540,Toko Fiktif 239,11,12000,132000
14/01/2024,NT-102540,Toko Fiktif 239,6,25000,150000
25/12/2023,NT-102541,Toko Fiktif 240,4,5000,20000
25/12/2023,NT-102541,Toko Fiktif 240,11,12000,132000
01/01/2024,NT-102542,Toko Fiktif 240,3,25000,75000
01/01/2024,NT-102542,Toko Fiktif 240,10,40000,400000
01/01/2024,NT-102542,Toko Fiktif 240,6,12000,72000
05/07/2024,NT-102543,Toko Fiktif 241,6,5000,30000
07/07/2024,NT-102544,Toko Fiktif 241,10,5000,50000
07/07/2024,NT-102544,Toko Fiktif 241,3,40000,120000
10/10/2023,NT-102545,Toko Fiktif 242,12,12000,144000
10/10/2023,NT-102545,Toko Fiktif 242,9,7500,67500
03/09/2024,NT-102546,Toko Fiktif 243,10,25000,250000
03/09/2024,NT-102546,Toko Fiktif 243,10,15000,150000
03/09/2024,NT-102546,Toko Fiktif 243,9,7500,67500
24/09/2024,NT-102547,Toko Fiktif 243,12,15000,180000
26/09/2024,NT-102548,Toko Fiktif 243,1,7500,7500
03/10/2024,NT-102549,Toko Fiktif 243,3,40000,120000
17/10/2024,NT-102550,Toko Fiktif 243,12,5000,60000
04/12/2024,NT-102551,Toko Fiktif 243,11,15000,165000
04/12/2024,NT-102551,Toko Fiktif 243,9,7500,67500
05/12/2024,NT-102552,Toko Fiktif 243,6,7500,45000
05/12/2024,NT-102552,Toko Fiktif 243,1,40000,40000
10/08/2023,NT-102553,Toko Fiktif 244,3,12000,36000
02/10/2023,NT-102554,Toko Fiktif 244,7,40000,280000
02/10/2023,NT-102554,Toko Fiktif 244,3,7500,22500
28/10/2023,NT-102555,Toko Fiktif 244,10,25000,250000
28/10/2023,NT-102555,Toko Fiktif 244,12,40000,480000
07/12/2023,NT-102556,Toko Fiktif 244,3,12000,36000
07/12/2023,NT-102556,Toko Fiktif 244,2,7500,15000
07/12/2023,NT-102556,Toko Fiktif 244,5,40000,200000
28/12/2023,NT-102557,Toko Fiktif 244,10,40000,400000
28/12/2023,NT-102557,Toko Fiktif 244,5,12000,60000
28/12/2023,NT-102557,Toko Fiktif 244,8,5000,40000
12/01/2024,NT-102558,Toko Fiktif 244,4,15000,60000
12/01/2024,NT-102558,Toko Fiktif 244,12,12000,144000
12/01/2024,NT-102558,Toko Fiktif 244,6,40000,240000
05/05/2024,NT-102559,Toko Fiktif 244,4,12000,48000
14/06/2024,NT-102560,Toko Fiktif 244,1,7500,7500
14/06/2024,NT-102560,Toko Fiktif 244,10,12000,120000
02/08/2024,NT-102561,Toko Fiktif 244,9,12000,108000
03/08/2024,NT-102562,Toko Fiktif 244,1,7500,7500
03/08/2024,NT-102562,Toko Fiktif 244,7,5000,35000
03/08/2024,NT-102562,Toko Fiktif 244,5,25000,125000
05/08/2024,NT-102563,Toko Fiktif 244,1,5000,5000
05/08/2024,NT-102563,Toko Fiktif 244,11,7500,82500
26/08/2024,NT-102564,Toko Fiktif 244,12,40000,480000
26/08/2024,NT-102564,Toko Fiktif 244,4,12000,48000
15/10/2024,NT-102565,Toko Fiktif 244,10,15000,150000
15/10/2024,NT-102565,Toko Fiktif 244,1,12000,12000
12/11/2024,NT-102566,Toko Fiktif 244,9,15000,135000
12/11/2024,NT-102566,Toko Fiktif 244,11,40000,440000
13/11/2024,NT-102567,Toko Fiktif 244,7,12000,84000
13/12/2024,NT-102568,Toko Fiktif 244,3,25000,75000
13/12/2024,NT-102568,Toko Fiktif 244,5,15000,75000
05/07/2023,NT-102569,Toko Fiktif 245,2,25000,50000
05/07/2023,NT-102569,Toko Fiktif 245,5,12000,60000
04/09/2023,NT-102570,Toko Fiktif 245,11,25000,275000
11/10/2023,NT-102571,Toko Fiktif 245,9,12000,108000
11/10/2023,NT-102571,Toko Fiktif 245,9,7500,67500
27/10/2023,NT-102572,Toko Fiktif 245,7,12000,84000
27/10/2023,NT-102572,Toko Fiktif 245,12,7500,90000
27/10/2023,NT-102572,Toko Fiktif 245,4,5000,20000
18/11/2023,NT-102573,Toko Fiktif 245,2,15000,30000
14/12/2023,NT-102574,Toko Fiktif 245,6,25000,150000
02/03/2024,NT-102575,Toko Fiktif 245,7,15000,105000
02/03/2024,NT-102575,Toko Fiktif 245,7,12000,84000
04/05/2024,NT-102576,Toko Fiktif 245,2,12000,24000
04/05/2024,NT-102576,Toko Fiktif 245,3,15000,45000
04/05/2024,NT-102576,Toko Fiktif 245,6,7500,45000
26/05/2024,NT-102577,Toko Fiktif 245,10,25000,250000
26/05/2024,NT-102577,Toko Fiktif 245,11,40000,440000
26/05/2024,NT-102577,Toko Fiktif 245,12,15000,180000
14/06/2024,NT-102578,Toko Fiktif 245,2,15000,30000
14/06/2024,NT-102578,Toko Fiktif 245,1,12000,12000
30/06/2024,NT-102579,Toko Fiktif 245,4,15000,60000
30/06/2024,NT-102579,Toko Fiktif 245,3,5000,15000
30/06/2024,NT-102579,Toko Fiktif 245,6,12000,72000
28/07/2024,NT-102580,Toko Fiktif 245,1,5000,5000
28/07/2024,NT-102580,Toko Fiktif 245,2,25000,50000
16/09/2024,NT-102581,Toko Fiktif 245,7,25000,175000
16/09/2024,NT-102581,Toko Fiktif 245,5,12000,60000
16/09/2024,NT-102581,Toko Fiktif 245,11,40000,440000
30/10/2024,NT-102582,Toko Fiktif 245,7,5000,35000
02/05/2023,NT-102583,Toko Fiktif 246,3,40000,120000
02/05/2023,NT-102583,Toko Fiktif 246,2,12000,24000
02/05/2023,NT-102583,Toko Fiktif 246,7,15000,105000
16/12/2023,NT-102584,Toko Fiktif 246,11,40000,440000
16/12/2023,NT-102584,Toko Fiktif 246,3,12000,36000
11/01/2024,NT-102585,Toko Fiktif 246,9,5000,45000
13/03/2024,NT-102586,Toko Fiktif 246,9,25000,225000
13/03/2024,NT-102586,Toko Fiktif 246,2,5000,10000
13/03/2024,NT-102586,Toko Fiktif 246,2,15000,30000
25/03/2024,NT-102587,Toko Fiktif 246,8,25000,200000
09/05/2024,NT-102588,Toko Fiktif 246,10,15000,150000
19/07/2024,NT-102589,Toko Fiktif 246,4,15000,60000
06/08/2024,NT-102590,Toko Fiktif 246,5,12000,60000
07/09/2024,NT-102591,Toko Fiktif 246,5,7500,37500
07/09/2024,NT-102591,Toko Fiktif 246,8,12000,96000
26/11/2024,NT-102592,Toko Fiktif 247,11,5000,55000
02/01/2023,NT-102593,Toko Fiktif 248,12,25000,300000
02/01/2023,NT-102593,Toko Fiktif 248,6,15000,90000
28/01/2023,NT-102594,Toko Fiktif 248,12,15000,180000
28/01/2023,NT-102594,Toko Fiktif 248,8,12000,96000
28/01/2023,NT-102594,Toko Fiktif 248,1,7500,7500
17/02/2023,NT-102595,Toko Fiktif 248,1,25000,25000
17/02/2023,NT-102595,Toko Fiktif 248,10,7500,75000
17/02/2023,NT-102595,Toko Fiktif 248,6,5000,30000
22/03/2023,NT-102596,Toko Fiktif 248,9,12000,108000
23/03/2023,NT-102597,Toko Fiktif 248,4,7500,30000
23/03/2023,NT-102597,Toko Fiktif 248,2,40000,80000
23/03/2023,NT-102597,Toko Fiktif 248,5,5000,25000
04/04/2023,NT-102598,Toko Fiktif 248,9,25000,225000
27/04/2023,NT-102599,Toko Fiktif 248,5,15000,75000
22/05/2023,NT-102600,Toko Fiktif 248,4,7500,30000
22/05/2023,NT-102600,Toko Fiktif 248,3,15000,45000
10/06/2023,NT-102601,Toko Fiktif 248,12,40000,480000
10/06/2023,NT-102601,Toko Fiktif 248,4,12000,48000
10/06/2023,NT-102601,Toko Fiktif 248,2,15000,30000
13/08/2023,NT-102602,Toko Fiktif 248,11,25000,275000
13/08/2023,NT-102602,Toko Fiktif 248,1,5000,5000
16/09/2023,NT-102603,Toko Fiktif 248,4,7500,30000
16/09/2023,NT-102603,Toko Fiktif 248,2,5000,10000
14/10/2023,NT-102604,Toko Fiktif 248,6,5000,30000
14/10/2023,NT-102604,Toko Fiktif 248,6,7500,45000
14/10/2023,NT-102604,Toko Fiktif 248,10,25000,250000
20/01/2024,NT-102605,Toko Fiktif 248,9,25000,225000
19/03/2024,NT-102606,Toko Fiktif 248,11,7500,82500
19/03/2024,NT-102606,Toko Fiktif 248,1,15000,15000
19/03/2024,NT-102606,Toko Fiktif 248,2,25000,50000
28/05/2024,NT-102607,Toko Fiktif 248,9,12000,108000
28/05/2024,NT-102607,Toko Fiktif 248,10,5000,50000
28/05/2024,NT-102607,Toko Fiktif 248,11,7500,82500
22/07/2024,NT-102608,Toko Fiktif 248,7,7500,52500
27/08/2024,NT-102609,Toko Fiktif 248,2,5000,10000
27/08/2024,NT-102609,Toko Fiktif 248,10,12000,120000
11/10/2024,NT-102610,Toko Fiktif 248,8,12000,96000
11/10/2024,NT-102610,Toko Fiktif 248,2,15000,30000
25/10/2024,NT-102611,Toko Fiktif 248,1,40000,40000
31/10/2024,NT-102612,Toko Fiktif 248,1,5000,5000
31/10/2024,NT-102612,Toko Fiktif 248,1,12000,12000
31/10/2024,NT-102612,Toko Fiktif 248,8,40000,320000
09/12/2024,NT-102613,Toko Fiktif 248,6,15000,90000
09/12/2024,NT-102613,Toko Fiktif 248,1,25000,25000
09/12/2024,NT-102613,Toko Fiktif 248,2,5000,10000
13/12/2024,NT-102614,Toko Fiktif 248,4,25000,100000
13/12/2024,NT-102614,Toko Fiktif 248,4,40000,160000
13/08/2024,NT-102615,Toko Fiktif 249,11,5000,55000
13/08/2024,NT-102615,Toko Fiktif 249,1,15000,15000
23/08/2024,NT-102616,Toko Fiktif 249,7,7500,52500
12/09/2024,NT-102617,Toko Fiktif 249,12,40000,480000
27/09/2024,NT-102618,Toko Fiktif 249,6,12000,72000
01/10/2024,NT-102619,Toko Fiktif 249,10,40000,400000
05/10/2024,NT-102620,Toko Fiktif 249,5,15000,75000
07/10/2024,NT-102621,Toko Fiktif 249,2,7500,15000
29/10/2024,NT-102622,Toko Fiktif 249,8,12000,96000
29/10/2024,NT-102622,Toko Fiktif 249,12,5000,60000
29/10/2024,NT-102622,Toko Fiktif 249,5,25000,125000
01/11/2024,NT-102623,Toko Fiktif 249,6,5000,30000
13/11/2024,NT-102624,Toko Fiktif 249,2,5000,10000
25/11/2024,NT-102625,Toko Fiktif 249,6,5000,30000
08/12/2024,NT-102626,Toko Fiktif 249,2,7500,15000
08/12/2024,NT-102626,Toko Fiktif 249,9,5000,45000
18/03/2023,NT-102627,Toko Fiktif 250,2,7500,15000
18/03/2023,NT-102627,Toko Fiktif 250,7,12000,84000
14/08/2023,NT-102628,Toko Fiktif 250,4,25000,100000
16/09/2023,NT-102629,Toko Fiktif 250,7,12000,84000
16/09/2023,NT-102629,Toko Fiktif 250,11,15000,165000
03/10/2023,NT-102630,Toko Fiktif 250,5,25000,125000
14/11/2023,NT-102631,Toko Fiktif 250,7,40000,280000
14/11/2023,NT-102631,Toko Fiktif 250,2,12000,24000
11/12/2023,NT-102632,Toko Fiktif 250,4,12000,48000
11/12/2023,NT-102632,Toko Fiktif 250,6,5000,30000
06/04/2024,NT-102633,Toko Fiktif 250,2,12000,24000
17/01/2024,NT-102634,Toko Fiktif 251,12,5000,60000
17/01/2024,NT-102634,Toko Fiktif 251,11,12000,132000
17/01/2024,NT-102634,Toko Fiktif 251,5,15000,75000
30/01/2024,NT-102635,Toko Fiktif 251,6,5000,30000
30/01/2024,NT-102635,Toko Fiktif 251,6,40000,240000
02/02/2024,NT-102636,Toko Fiktif 251,9,7500,67500
02/02/2024,NT-102636,Toko Fiktif 251,5,40000,200000
11/03/2024,NT-102637,Toko Fiktif 251,9,12000,108000
11/03/2024,NT-102637,Toko Fiktif 251,8,7500,60000
11/03/2024,NT-102637,Toko Fiktif 251,1,5000,5000
17/03/2024,NT-102638,Toko Fiktif 251,9,12000,108000
17/03/2024,NT-102638,Toko Fiktif 251,7,7500,52500
23/03/2024,NT-102639,Toko Fiktif 251,2,25000,50000
23/03/2024,NT-102639,Toko Fiktif 251,7,15000,105000
16/05/2024,NT-102640,Toko Fiktif 251,4,25000,100000
16/05/2024,NT-102640,Toko Fiktif 251,12,15000,180000
16/05/2024,NT-102640,Toko Fiktif 251,10,7500,75000
26/06/2024,NT-102641,Toko Fiktif 251,12,25000,300000
26/06/2024,NT-102641,Toko Fiktif 251,2,15000,30000
26/06/2024,NT-102641,Toko Fiktif 251,10,7500,75000
18/07/2024,NT-102642,Toko Fiktif 251,2,40000,80000
18/07/2024,NT-102642,Toko Fiktif 251,7,15000,105000
22/07/2024,NT-102643,Toko Fiktif 251,4,15000,60000
22/07/2024,NT-102643,Toko Fiktif 251,7,40000,280000
22/07/2024,NT-102643,Toko Fiktif 251,7,7500,52500
08/08/2024,NT-102644,Toko Fiktif 251,2,7500,15000
08/08/2024,NT-102644,Toko Fiktif 251,11,15000,165000
08/08/2024,NT-102644,Toko Fiktif 251,2,12000,24000
24/08/2024,NT-102645,Toko Fiktif 251,6,25000,150000
24/08/2024,NT-102645,Toko Fiktif 251,11,5000,55000
24/08/2024,NT-102645,Toko Fiktif 251,10,15000,150000
27/08/2024,NT-102646,Toko Fiktif 251,10,25000,250000
27/08/2024,NT-102646,Toko Fiktif 251,9,5000,45000
27/08/2024,NT-102646,Toko Fiktif 251,6,15000,90000
30/08/2024,NT-102647,Toko Fiktif 251,5,15000,75000
30/08/2024,NT-102647,Toko Fiktif 251,3,12000,36000
03/09/2024,NT-102648,Toko Fiktif 251,3,40000,120000
03/09/2024,NT-102648,Toko Fiktif 251,7,15000,105000
16/09/2024,NT-102649,Toko Fiktif 251,9,7500,67500
16/09/2024,NT-102649,Toko Fiktif 251,11,40000,440000
16/09/2024,NT-102649,Toko Fiktif 251,6,5000,30000
19/09/2024,NT-102650,Toko Fiktif 251,4,40000,160000
23/09/2024,NT-102651,Toko Fiktif 251,5,5000,25000
01/10/2024,NT-102652,Toko Fiktif 251,8,7500,60000
01/10/2024,NT-102652,Toko Fiktif 251,6,12000,72000
01/10/2024,NT-102652,Toko Fiktif 251,7,40000,280000
12/10/2024,NT-102653,Toko Fiktif 251,9,12000,108000
12/10/2024,NT-102653,Toko Fiktif 251,12,25000,300000
12/10/2024,NT-102653,Toko Fiktif 251,7,5000,35000
31/10/2024,NT-102654,Toko Fiktif 251,8,15000,120000
04/11/2024,NT-102655,Toko Fiktif 251,4,7500,30000
19/12/2024,NT-102656,Toko Fiktif 251,12,25000,300000
19/12/2024,NT-102656,Toko Fiktif 251,9,5000,45000
25/12/2024,NT-102657,Toko Fiktif 251,9,25000,225000
25/12/2024,NT-102657,Toko Fiktif 251,7,7500,52500
19/04/2023,NT-102658,Toko Fiktif 252,8,40000,320000
03/06/2023,NT-102659,Toko Fiktif 252,5,15000,75000
25/06/2023,NT-102660,Toko Fiktif 252,3,25000,75000
25/06/2023,NT-102660,Toko Fiktif 252,6,40000,240000
25/06/2023,NT-102660,Toko Fiktif 252,2,7500,15000
13/10/2023,NT-102661,Toko Fiktif 252,12,15000,180000
13/10/2023,NT-102661,Toko Fiktif 252,11,5000,55000
16/10/2023,NT-102662,Toko Fiktif 252,2,12000,24000
16/10/2023,NT-102662,Toko Fiktif 252,5,25000,125000
04/11/2023,NT-102663,Toko Fiktif 252,8,7500,60000
04/11/2023,NT-102663,Toko Fiktif 252,5,5000,25000
04/11/2023,NT-102663,Toko Fiktif 252,5,40000,200000
14/11/2023,NT-102664,Toko Fiktif 252,6,12000,72000
14/11/2023,NT-102664,Toko Fiktif 252,7,7500,52500
14/11/2023,NT-102664,Toko Fiktif 252,9,15000,135000
02/12/2023,NT-102665,Toko Fiktif 252,1,7500,7500
02/12/2023,NT-102665,Toko Fiktif 252,6,5000,30000
02/12/2023,NT-102665,Toko Fiktif 252,8,40000,320000
07/12/2023,NT-102666,Toko Fiktif 252,2,40000,80000
07/12/2023,NT-102666,Toko Fiktif 252,10,12000,120000
07/12/2023,NT-102666,Toko Fiktif 252,5,25000,125000
07/01/2024,NT-102667,Toko Fiktif 252,10,40000,400000
07/01/2024,NT-102667,Toko Fiktif 252,2,25000,50000
07/01/2024,NT-102667,Toko Fiktif 252,7,7500,52500
05/02/2024,NT-102668,Toko Fiktif 252,7,25000,175000
14/02/2024,NT-102669,Toko Fiktif 252,5,7500,37500
14/02/2024,NT-102669,Toko Fiktif 252,9,40000,360000
19/02/2024,NT-102670,Toko Fiktif 252,2,7500,15000
06/03/2024,NT-102671,Toko Fiktif 252,6,7500,45000
25/03/2024,NT-102672,Toko Fiktif 252,11,5000,55000
13/04/2024,NT-102673,Toko Fiktif 252,8,25000,200000
13/04/2024,NT-102673,Toko Fiktif 252,11,15000,165000
01/05/2024,NT-102674,Toko Fiktif 252,2,25000,50000
01/05/2024,NT-102674,Toko Fiktif 252,8,40000,320000
05/05/2024,NT-102675,Toko Fiktif 252,2,12000,24000
05/05/2024,NT-102675,Toko Fiktif 252,6,15000,90000
05/05/2024,NT-102675,Toko Fiktif 252,2,25000,50000
23/05/2024,NT-102676,Toko Fiktif 252,9,40000,360000
23/05/2024,NT-102676,Toko Fiktif 252,11,25000,275000
05/06/2024,NT-102677,Toko Fiktif 252,5,12000,60000
05/06/2024,NT-102677,Toko Fiktif 252,3,5000,15000
05/06/2024,NT-102677,Toko Fiktif 252,8,40000,320000
19/07/2024,NT-102678,Toko Fiktif 252,3,40000,120000
19/07/2024,NT-102678,Toko Fiktif 252,12,12000,144000
20/07/2024,NT-102679,Toko Fiktif 252,7,25000,175000
20/07/2024,NT-102679,Toko Fiktif 252,1,40000,40000
20/07/2024,NT-102679,Toko Fiktif 252,3,7500,22500
23/07/2024,NT-102680,Toko Fiktif 252,5,40000,200000
23/07/2024,NT-102680,Toko Fiktif 252,12,15000,180000
23/07/2024,NT-102680,Toko Fiktif 252,10,12000,120000
04/08/2024,NT-102681,Toko Fiktif 252,7,7500,52500
22/08/2024,NT-102682,Toko Fiktif 252,10,7500,75000
22/08/2024,NT-102682,Toko Fiktif 252,3,40000,120000
06/09/2024,NT-102683,Toko Fiktif 252,3,40000,120000
06/09/2024,NT-102683,Toko Fiktif 252,3,5000,15000
06/09/2024,NT-102683,Toko Fiktif 252,3,12000,36000
01/10/2024,NT-102684,Toko Fiktif 252,11,15000,165000
07/10/2024,NT-102685,Toko Fiktif 252,7,25000,175000
17/10/2024,NT-102686,Toko Fiktif 252,10,5000,50000
29/10/2024,NT-102687,Toko Fiktif 252,1,12000,12000
22/11/2024,NT-102688,Toko Fiktif 252,5,15000,75000
22/11/2024,NT-102688,Toko Fiktif 252,5,40000,200000
22/11/2024,NT-102688,Toko Fiktif 252,3,7500,22500
21/02/2023,NT-102689,Toko Fiktif 253,9,15000,135000
12/03/2023,NT-102690,Toko Fiktif 253,7,40000,280000
12/03/2023,NT-102690,Toko Fiktif 253,4,12000,48000
12/03/2023,NT-102690,Toko Fiktif 253,10,15000,150000
15/03/2023,NT-102691,Toko Fiktif 253,6,5000,30000
20/03/2023,NT-102692,Toko Fiktif 253,5,7500,37500
09/04/2023,NT-102693,Toko Fiktif 253,7,7500,52500
23/04/2023,NT-102694,Toko Fiktif 253,8,25000,200000
23/04/2023,NT-102694,Toko Fiktif 253,8,5000,40000
05/06/2023,NT-102695,Toko Fiktif 253,5,7500,37500
05/06/2023,NT-102695,Toko Fiktif 253,9,5000,45000
05/06/2023,NT-102695,Toko Fiktif 253,12,15000,180000
11/07/2023,NT-102696,Toko Fiktif 253,12,25000,300000
11/07/2023,NT-102696,Toko Fiktif 253,8,12000,96000
11/07/2023,NT-102696,Toko Fiktif 253,8,15000,120000
01/09/2023,NT-102697,Toko Fiktif 253,10,40000,400000
01/09/2023,NT-102697,Toko Fiktif 253,9,25000,225000
05/09/2023,NT-102698,Toko Fiktif 253,12,15000,180000
05/09/2023,NT-102698,Toko Fiktif 253,7,5000,35000
05/09/2023,NT-102698,Toko Fiktif 253,11,25000,275000
13/10/2023,NT-102699,Toko Fiktif 253,12,15000,180000
13/10/2023,NT-102699,Toko Fiktif 253,4,5000,20000
13/10/2023,NT-102699,Toko Fiktif 253,6,25000,150000
17/10/2023,NT-102700,Toko Fiktif 253,6,40000,240000
20/10/2023,NT-102701,Toko Fiktif 253,12,5000,60000
29/10/2023,NT-102702,Toko Fiktif 253,1,25000,25000
03/11/2023,NT-102703,Toko Fiktif 253,8,40000,320000
03/11/2023,NT-102703,Toko Fiktif 253,6,7500,45000
03/11/2023,NT-102703,Toko Fiktif 253,1,12000,12000
04/12/2023,NT-102704,Toko Fiktif 253,11,5000,55000
07/12/2023,NT-102705,Toko Fiktif 253,2,5000,10000
14/01/2024,NT-102706,Toko Fiktif 253,2,15000,30000
14/01/2024,NT-102706,Toko Fiktif 253,10,5000,50000
14/01/2024,NT-102706,Toko Fiktif 253,1,25000,25000
23/01/2024,NT-102707,Toko Fiktif 253,4,12000,48000
23/01/2024,NT-102707,Toko Fiktif 253,8,25000,200000
23/01/2024,NT-102707,Toko Fiktif 253,6,40000,240000
01/03/2024,NT-102708,Toko Fiktif 253,6,7500,45000
01/03/2024,NT-102708,Toko Fiktif 253,10,15000,150000
18/03/2024,NT-102709,Toko Fiktif 253,9,12000,108000
13/04/2024,NT-102710,Toko Fiktif 253,11,15000,165000
13/04/2024,NT-102710,Toko Fiktif 253,6,40000,240000
15/04/2024,NT-102711,Toko Fiktif 253,7,7500,52500
15/04/2024,NT-102711,Toko Fiktif 253,9,12000,108000
19/05/2024,NT-102712,Toko Fiktif 253,12,15000,180000
19/05/2024,NT-102712,Toko Fiktif 253,11,25000,275000
30/05/2024,NT-102713,Toko Fiktif 253,12,7500,90000
03/06/2024,NT-102714,Toko Fiktif 253,2,7500,15000
03/06/2024,NT-102714,Toko Fiktif 253,2,25000,50000
13/06/2024,NT-102715,Toko Fiktif 253,1,40000,40000
13/06/2024,NT-102715,Toko Fiktif 253,8,7500,60000
13/06/2024,NT-102715,Toko Fiktif 253,11,15000,165000
26/06/2024,NT-102716,Toko Fiktif 253,4,12000,48000
26/06/2024,NT-102716,Toko Fiktif 253,2,15000,30000
03/07/2024,NT-102717,Toko Fiktif 253,10,7500,75000
21/07/2024,NT-102718,Toko Fiktif 253,9,5000,45000
30/08/2024,NT-102719,Toko Fiktif 253,10,25000,250000
30/08/2024,NT-102719,Toko Fiktif 253,1,7500,7500
13/09/2024,NT-102720,Toko Fiktif 253,5,12000,60000
13/09/2024,NT-102720,Toko Fiktif 253,8,40000,320000
17/09/2024,NT-102721,Toko Fiktif 253,10,15000,150000
30/09/2024,NT-102722,Toko Fiktif 253,8,7500,60000
30/09/2024,NT-102722,Toko Fiktif 253,10,12000,120000
30/09/2024,NT-102722,Toko Fiktif 253,2,40000,80000
09/10/2024,NT-102723,Toko Fiktif 253,11,15000,165000
09/10/2024,NT-102723,Toko Fiktif 253,3,25000,75000
09/10/2024,NT-102723,Toko Fiktif 253,8,40000,320000
12/10/2024,NT-102724,Toko Fiktif 253,3,25000,75000
12/10/2024,NT-102724,Toko Fiktif 253,6,40000,240000
18/10/2024,NT-102725,Toko Fiktif 253,4,40000,160000
30/10/2024,NT-102726,Toko Fiktif 253,10,12000,120000
30/10/2024,NT-102726,Toko Fiktif 253,8,40000,320000
20/11/2024,NT-102727,Toko Fiktif 253,1,40000,40000
11/01/2024,NT-102728,Toko Fiktif 254,3,7500,22500
11/01/2024,NT-102728,Toko Fiktif 254,7,12000,84000
29/01/2024,NT-102729,Toko Fiktif 254,9,40000,360000
25/06/2023,NT-102730,Toko Fiktif 255,5,40000,200000
25/06/2023,NT-102730,Toko Fiktif 255,11,5000,55000
09/08/2023,NT-102731,Toko Fiktif 255,5,15000,75000
30/08/2023,NT-102732,Toko Fiktif 255,9,15000,135000
08/11/2023,NT-102733,Toko Fiktif 255,12,40000,480000
08/11/2023,NT-102733,Toko Fiktif 255,1,7500,7500
08/11/2023,NT-102733,Toko Fiktif 255,12,12000,144000
09/11/2023,NT-102734,Toko Fiktif 255,4,12000,48000
22/02/2024,NT-102735,Toko Fiktif 255,6,25000,150000
25/06/2024,NT-102736,Toko Fiktif 255,7,12000,84000
25/06/2024,NT-102736,Toko Fiktif 255,2,25000,50000
30/06/2024,NT-102737,Toko Fiktif 255,2,12000,24000
10/07/2024,NT-102738,Toko Fiktif 255,12,7500,90000
26/07/2024,NT-102739,Toko Fiktif 255,12,25000,300000
26/07/2024,NT-102739,Toko Fiktif 255,9,15000,135000
30/07/2024,NT-102740,Toko Fiktif 255,8,7500,60000
26/08/2024,NT-102741,Toko Fiktif 255,1,5000,5000
02/09/2024,NT-102742,Toko Fiktif 255,2,7500,15000
02/09/2024,NT-102742,Toko Fiktif 255,11,25000,275000
02/09/2024,NT-102742,Toko Fiktif 255,3,5000,15000
01/10/2024,NT-102743,Toko Fiktif 255,1,7500,7500
01/10/2024,NT-102743,Toko Fiktif 255,6,12000,72000
23/10/2024,NT-102744,Toko Fiktif 255,2,12000,24000
23/10/2024,NT-102744,Toko Fiktif 255,7,40000,280000
23/10/2024,NT-102744,Toko Fiktif 255,3,7500,22500
11/11/2024,NT-102745,Toko Fiktif 255,7,15000,105000
11/11/2024,NT-102745,Toko Fiktif 255,1,40000,40000
11/11/2024,NT-102745,Toko Fiktif 255,1,7500,7500
16/11/2024,NT-102746,Toko Fiktif 255,5,7500,37500
16/11/2024,NT-102746,Toko Fiktif 255,10,12000,120000
29/11/2024,NT-102747,Toko Fiktif 255,5,7500,37500
29/11/2024,NT-102747,Toko Fiktif 255,1,25000,25000
22/10/2023,NT-102748,Toko Fiktif 256,12,25000,300000
22/10/2023,NT-102748,Toko Fiktif 256,8,15000,120000
22/10/2023,NT-102748,Toko Fiktif 256,7,7500,52500
06/11/2023,NT-102749,Toko Fiktif 256,5,12000,60000
06/11/2023,NT-102749,Toko Fiktif 256,12,40000,480000
10/11/2023,NT-102750,Toko Fiktif 256,4,7500,30000
03/01/2024,NT-102751,Toko Fiktif 256,6,7500,45000
03/01/2024,NT-102751,Toko Fiktif 256,5,12000,60000
03/01/2024,NT-102751,Toko Fiktif 256,11,25000,275000
28/02/2024,NT-102752,Toko Fiktif 256,3,5000,15000
28/02/2024,NT-102752,Toko Fiktif 256,1,15000,15000
28/02/2024,NT-102752,Toko Fiktif 256,6,25000,150000
06/04/2024,NT-102753,Toko Fiktif 256,1,25000,25000
06/04/2024,NT-102753,Toko Fiktif 256,9,7500,67500
06/04/2024,NT-102753,Toko Fiktif 256,9,40000,360000
20/04/2024,NT-102754,Toko Fiktif 256,8,5000,40000
20/04/2024,NT-102754,Toko Fiktif 256,6,25000,150000
20/04/2024,NT-102754,Toko Fiktif 256,5,15000,75000
24/04/2024,NT-102755,Toko Fiktif 256,1,40000,40000
24/04/2024,NT-102755,Toko Fiktif 256,6,7500,45000
24/04/2024,NT-102755,Toko Fiktif 256,12,5000,60000
26/04/2024,NT-102756,Toko Fiktif 256,3,7500,22500
30/05/2024,NT-102757,Toko Fiktif 256,4,15000,60000
30/06/2024,NT-102758,Toko Fiktif 256,1,15000,15000
30/06/2024,NT-102758,Toko Fiktif 256,6,5000,30000
30/06/2024,NT-102758,Toko Fiktif 256,6,7500,45000
11/07/2024,NT-102759,Toko Fiktif 256,1,12000,12000
11/07/2024,NT-102759,Toko Fiktif 256,8,25000,200000
11/08/2024,NT-102760,Toko Fiktif 256,11,7500,82500
11/08/2024,NT-102760,Toko Fiktif 256,8,15000,120000
11/08/2024,NT-102760,Toko Fiktif 256,10,25000,250000
05/09/2024,NT-102761,Toko Fiktif 256,8,15000,120000
05/09/2024,NT-102761,Toko Fiktif 256,11,40000,440000
05/09/2024,NT-102761,Toko Fiktif 256,5,25000,125000
08/09/2024,NT-102762,Toko Fiktif 256,12,25000,300000
17/09/2024,NT-102763,Toko Fiktif 256,3,25000,75000
17/09/2024,NT-102763,Toko Fiktif 256,12,40000,480000
17/09/2024,NT-102763,Toko Fiktif 256,10,5000,50000
22/10/2024,NT-102764,Toko Fiktif 256,2,15000,30000
22/10/2024,NT-102764,Toko Fiktif 256,4,12000,48000
11/11/2024,NT-102765,Toko Fiktif 256,7,40000,280000
10/09/2024,NT-102766,Toko Fiktif 257,9,40000,360000
10/09/2024,NT-102766,Toko Fiktif 257,10,5000,50000
10/09/2024,NT-102766,Toko Fiktif 257,2,15000,30000
24/10/2024,NT-102767,Toko Fiktif 257,5,5000,25000
24/10/2024,NT-102767,Toko Fiktif 257,4,15000,60000
24/10/2024,NT-102767,Toko Fiktif 257,7,40000,280000
21/09/2024,NT-102768,Toko Fiktif 258,10,15000,150000
21/09/2024,NT-102768,Toko Fiktif 258,4,12000,48000
21/09/2024,NT-102768,Toko Fiktif 258,8,25000,200000
27/09/2024,NT-102769,Toko Fiktif 258,9,40000,360000
14/10/2024,NT-102770,Toko Fiktif 258,4,12000,48000
14/10/2024,NT-102770,Toko Fiktif 258,10,15000,150000
24/11/2024,NT-102771,Toko Fiktif 258,9,5000,45000
15/04/2023,NT-102772,Toko Fiktif 259,11,7500,82500
15/04/2023,NT-102772,Toko Fiktif 259,6,15000,90000
15/04/2023,NT-102772,Toko Fiktif 259,3,25000,75000
01/05/2023,NT-102773,Toko Fiktif 259,8,15000,120000
07/06/2023,NT-102774,Toko Fiktif 259,1,5000,5000
07/06/2023,NT-102774,Toko Fiktif 259,6,15000,90000
07/06/2023,NT-102774,Toko Fiktif 259,8,25000,200000
23/06/2023,NT-102775,Toko Fiktif 259,4,12000,48000
23/06/2023,NT-102775,Toko Fiktif 259,8,15000,120000
17/08/2023,NT-102776,Toko Fiktif 259,5,12000,60000
02/09/2023,NT-102777,Toko Fiktif 259,1,25000,25000
02/09/2023,NT-102777,Toko Fiktif 259,3,15000,45000
02/09/2023,NT-102777,Toko Fiktif 259,12,5000,60000
10/10/2023,NT-102778,Toko Fiktif 259,10,7500,75000
10/10/2023,NT-102778,Toko Fiktif 259,5,5000,25000
29/10/2023,NT-102779,Toko Fiktif 259,8,12000,96000
01/11/2023,NT-102780,Toko Fiktif 259,1,7500,7500
04/06/2023,NT-102781,Toko Fiktif 260,9,7500,67500
04/06/2023,NT-102781,Toko Fiktif 260,6,5000,30000
20/06/2023,NT-102782,Toko Fiktif 260,4,7500,30000
20/06/2023,NT-102782,Toko Fiktif 260,8,25000,200000
20/06/2023,NT-102782,Toko Fiktif 260,7,40000,280000
04/07/2023,NT-102783,Toko Fiktif 260,2,25000,50000
31/08/2023,NT-102784,Toko Fiktif 260,6,25000,150000
04/10/2023,NT-102785,Toko Fiktif 260,8,5000,40000
09/10/2023,NT-102786,Toko Fiktif 260,4,5000,20000
09/10/2023,NT-102786,Toko Fiktif 260,7,12000,84000
09/10/2023,NT-102786,Toko Fiktif 260,12,40000,480000
22/10/2023,NT-102787,Toko Fiktif 260,12,5000,60000
22/10/2023,NT-102787,Toko Fiktif 260,4,7500,30000
14/11/2023,NT-102788,Toko Fiktif 260,5,7500,37500
19/01/2024,NT-102789,Toko Fiktif 260,8,5000,40000
21/01/2024,NT-102790,Toko Fiktif 260,11,5000,55000
21/01/2024,NT-102790,Toko Fiktif 260,4,12000,48000
21/01/2024,NT-102790,Toko Fiktif 260,12,15000,180000
01/02/2024,NT-102791,Toko Fiktif 260,2,40000,80000
07/02/2024,NT-102792,Toko Fiktif 260,2,5000,10000
27/02/2024,NT-102793,Toko Fiktif 260,4,25000,100000
27/02/2024,NT-102793,Toko Fiktif 260,2,15000,30000
17/03/2024,NT-102794,Toko Fiktif 260,8,25000,200000
19/04/2024,NT-102795,Toko Fiktif 260,12,7500,90000
07/05/2024,NT-102796,Toko Fiktif 260,4,40000,160000
07/05/2024,NT-102796,Toko Fiktif 260,9,7500,67500
30/05/2024,NT-102797,Toko Fiktif 260,9,25000,225000
30/05/2024,NT-102797,Toko Fiktif 260,5,5000,25000
19/06/2024,NT-102798,Toko Fiktif 260,7,40000,280000
19/06/2024,NT-102798,Toko Fiktif 260,6,15000,90000
19/06/2024,NT-102798,Toko Fiktif 260,9,25000,225000
23/06/2024,NT-102799,Toko Fiktif 260,6,25000,150000
30/06/2024,NT-102800,Toko Fiktif 260,3,25000,75000
30/06/2024,NT-102800,Toko Fiktif 260,6,7500,45000
30/06/2024,NT-102800,Toko Fiktif 260,2,40000,80000
09/07/2024,NT-102801,Toko Fiktif 260,6,40000,240000
09/07/2024,NT-102801,Toko Fiktif 260,3,25000,75000
09/07/2024,NT-102801,Toko Fiktif 260,11,7500,82500
22/11/2024,NT-102802,Toko Fiktif 260,2,12000,24000
22/11/2024,NT-102802,Toko Fiktif 260,10,15000,150000
25/11/2024,NT-102803,Toko Fiktif 260,7,5000,35000
30/11/2024,NT-102804,Toko Fiktif 260,10,40000,400000
30/11/2024,NT-102804,Toko Fiktif 260,4,12000,48000
30/11/2024,NT-102804,Toko Fiktif 260,3,7500,22500
01/12/2024,NT-102805,Toko Fiktif 260,1,25000,25000
19/12/2024,NT-102806,Toko Fiktif 260,5,5000,25000
19/12/2024,NT-102806,Toko Fiktif 260,11,15000,165000
19/12/2024,NT-102806,Toko Fiktif 260,2,40000,80000
28/06/2023,NT-102807,Toko Fiktif 261,8,7500,60000
28/06/2023,NT-102807,Toko Fiktif 261,4,12000,48000
13/07/2023,NT-102808,Toko Fiktif 261,11,40000,440000
13/07/2023,NT-102808,Toko Fiktif 261,1,5000,5000
13/07/2023,NT-102808,Toko Fiktif 261,10,12000,120000
06/08/2023,NT-102809,Toko Fiktif 261,5,7500,37500
06/08/2023,NT-102809,Toko Fiktif 261,5,25000,125000
06/08/2023,NT-102809,Toko Fiktif 261,9,15000,135000
08/11/2023,NT-102810,Toko Fiktif 261,3,25000,75000
08/11/2023,NT-102810,Toko Fiktif 261,8,40000,320000
08/11/2023,NT-102810,Toko Fiktif 261,7,15000,105000
25/12/2023,NT-102811,Toko Fiktif 261,12,15000,180000
25/12/2023,NT-102811,Toko Fiktif 261,5,25000,125000
25/12/2023,NT-102811,Toko Fiktif 261,10,5000,50000
30/01/2024,NT-102812,Toko Fiktif 261,11,12000,132000
30/01/2024,NT-102812,Toko Fiktif 261,3,5000,15000
18/03/2024,NT-102813,Toko Fiktif 261,7,15000,105000
21/03/2024,NT-102814,Toko Fiktif 261,2,5000,10000
21/03/2024,NT-102814,Toko Fiktif 261,10,12000,120000
26/04/2024,NT-102815,Toko Fiktif 261,11,7500,82500
17/06/2024,NT-102816,Toko Fiktif 261,5,15000,75000
19/06/2024,NT-102817,Toko Fiktif 261,7,12000,84000
19/06/2024,NT-102817,Toko Fiktif 261,7,40000,280000
20/10/2024,NT-102818,Toko Fiktif 262,7,25000,175000
20/10/2024,NT-102818,Toko Fiktif 262,2,7500,15000
20/10/2024,NT-102818,Toko Fiktif 262,2,40000,80000
12/10/2024,NT-102819,Toko Fiktif 263,4,15000,60000
11/10/2024,NT-102820,Toko Fiktif 264,5,15000,75000
13/10/2024,NT-102821,Toko Fiktif 264,7,15000,105000
31/10/2024,NT-102822,Toko Fiktif 264,3,7500,22500
01/12/2024,NT-102823,Toko Fiktif 264,1,5000,5000
01/12/2024,NT-102823,Toko Fiktif 264,11,7500,82500
01/12/2024,NT-102823,Toko Fiktif 264,4,25000,100000
22/12/2024,NT-102824,Toko Fiktif 264,8,7500,60000
22/12/2024,NT-102824,Toko Fiktif 264,10,5000,50000
02/09/2023,NT-102825,Toko Fiktif 265,8,5000,40000
02/09/2023,NT-102825,Toko Fiktif 265,8,12000,96000
03/09/2023,NT-102826,Toko Fiktif 265,8,12000,96000
03/09/2023,NT-102826,Toko Fiktif 265,5,40000,200000
06/09/2023,NT-102827,Toko Fiktif 265,8,15000,120000
06/09/2023,NT-102827,Toko Fiktif 265,10,40000,400000
04/10/2023,NT-102828,Toko Fiktif 265,3,7500,22500
06/10/2023,NT-102829,Toko Fiktif 265,6,5000,30000
06/10/2023,NT-102829,Toko Fiktif 265,12,15000,180000
07/10/2023,NT-102830,Toko Fiktif 265,3,40000,120000
17/10/2023,NT-102831,Toko Fiktif 265,9,15000,135000
21/11/2023,NT-102832,Toko Fiktif 265,8,12000,96000
21/11/2023,NT-102832,Toko Fiktif 265,4,5000,20000
21/11/2023,NT-102832,Toko Fiktif 265,12,25000,300000
13/12/2023,NT-102833,Toko Fiktif 265,7,15000,105000
15/01/2024,NT-102834,Toko Fiktif 265,2,15000,30000
24/01/2024,NT-102835,Toko Fiktif 265,4,5000,20000
24/01/2024,NT-102835,Toko Fiktif 265,12,15000,180000
06/02/2024,NT-102836,Toko Fiktif 265,7,40000,280000
17/02/2024,NT-102837,Toko Fiktif 265,8,7500,60000
17/02/2024,NT-102837,Toko Fiktif 265,6,15000,90000
17/02/2024,NT-102837,Toko Fiktif 265,1,40000,40000
11/03/2024,NT-102838,Toko Fiktif 265,11,40000,440000
11/03/2024,NT-102838,Toko Fiktif 265,12,7500,90000
11/03/2024,NT-102838,Toko Fiktif 265,10,25000,250000
22/03/2024,NT-102839,Toko Fiktif 265,3,40000,120000
22/03/2024,NT-102839,Toko Fiktif 265,9,15000,135000
22/03/2024,NT-102839,Toko Fiktif 265,4,7500,30000
16/04/2024,NT-102840,Toko Fiktif 265,7,5000,35000
16/04/2024,NT-102840,Toko Fiktif 265,8,15000,120000
26/04/2024,NT-102841,Toko Fiktif 265,5,12000,60000
26/04/2024,NT-102841,Toko Fiktif 265,9,15000,135000
26/04/2024,NT-102841,Toko Fiktif 265,7,40000,280000
04/05/2024,NT-102842,Toko Fiktif 265,5,12000,60000
19/05/2024,NT-102843,Toko Fiktif 265,11,5000,55000
19/05/2024,NT-102843,Toko Fiktif 265,4,40000,160000
19/05/2024,NT-102843,Toko Fiktif 265,8,12000,96000
24/05/2024,NT-102844,Toko Fiktif 265,12,12000,144000
09/10/2024,NT-102845,Toko Fiktif 265,3,7500,22500
09/10/2024,NT-102845,Toko Fiktif 265,12,25000,300000
23/10/2024,NT-102846,Toko Fiktif 265,9,12000,108000
23/10/2024,NT-102846,Toko Fiktif 265,3,40000,120000
23/10/2024,NT-102846,Toko Fiktif 265,7,5000,35000
08/11/2024,NT-102847,Toko Fiktif 265,7,12000,84000
23/11/2024,NT-102848,Toko Fiktif 265,7,12000,84000
23/11/2024,NT-102848,Toko Fiktif 265,1,40000,40000
24/11/2024,NT-102849,Toko Fiktif 265,12,25000,300000
24/11/2024,NT-102849,Toko Fiktif 265,2,15000,30000
24/11/2024,NT-102849,Toko Fiktif 265,3,12000,36000
11/12/2024,NT-102850,Toko Fiktif 265,12,40000,480000
20/07/2023,NT-102851,Toko Fiktif 266,3,15000,45000
13/08/2023,NT-102852,Toko Fiktif 266,1,7500,7500
01/09/2023,NT-102853,Toko Fiktif 266,11,40000,440000
01/09/2023,NT-102853,Toko Fiktif 266,11,5000,55000
01/09/2023,NT-102853,Toko Fiktif 266,10,15000,150000
01/10/2023,NT-102854,Toko Fiktif 266,2,7500,15000
09/11/2023,NT-102855,Toko Fiktif 266,8,15000,120000
10/12/2023,NT-102856,Toko Fiktif 266,2,7500,15000
10/12/2023,NT-102856,Toko Fiktif 266,6,5000,30000
10/12/2023,NT-102856,Toko Fiktif 266,3,25000,75000
14/05/2024,NT-102857,Toko Fiktif 267,9,7500,67500
14/05/2024,NT-102857,Toko Fiktif 267,1,25000,25000
25/04/2024,NT-102858,Toko Fiktif 268,11,40000,440000
25/04/2024,NT-102858,Toko Fiktif 268,10,15000,150000
25/04/2024,NT-102858,Toko Fiktif 268,3,12000,36000
15/05/2024,NT-102859,Toko Fiktif 268,8,15000,120000
19/06/2024,NT-102860,Toko Fiktif 268,4,7500,30000
19/06/2024,NT-102860,Toko Fiktif 268,4,5000,20000
19/06/2024,NT-102860,Toko Fiktif 268,6,12000,72000
15/10/2024,NT-102861,Toko Fiktif 268,4,25000,100000
15/10/2024,NT-102861,Toko Fiktif 268,6,12000,72000
15/10/2024,NT-102861,Toko Fiktif 268,3,5000,15000
13/11/2024,NT-102862,Toko Fiktif 268,6,15000,90000
13/11/2024,NT-102862,Toko Fiktif 268,10,12000,120000
13/11/2024,NT-102862,Toko Fiktif 268,3,40000,120000
26/03/2024,NT-102863,Toko Fiktif 269,2,5000,10000
16/04/2024,NT-102864,Toko Fiktif 269,11,15000,165000
12/07/2024,NT-102865,Toko Fiktif 269,8,7500,60000
12/07/2024,NT-102865,Toko Fiktif 269,2,12000,24000
16/09/2024,NT-102866,Toko Fiktif 269,9,25000,225000
16/09/2024,NT-102866,Toko Fiktif 269,6,5000,30000
16/09/2024,NT-102866,Toko Fiktif 269,10,7500,75000
09/11/2024,NT-102867,Toko Fiktif 269,2,40000,80000
09/11/2024,NT-102867,Toko Fiktif 269,11,25000,275000
01/12/2024,NT-102868,Toko Fiktif 269,8,25000,200000
23/09/2023,NT-102869,Toko Fiktif 270,7,25000,175000
23/09/2023,NT-102869,Toko Fiktif 270,3,15000,45000
23/09/2023,NT-102869,Toko Fiktif 270,4,7500,30000
30/09/2023,NT-102870,Toko Fiktif 270,3,25000,75000
30/09/2023,NT-102870,Toko Fiktif 270,12,7500,90000
30/09/2023,NT-102870,Toko Fiktif 270,1,40000,40000
01/10/2023,NT-102871,Toko Fiktif 270,4,12000,48000
01/10/2023,NT-102871,Toko Fiktif 270,7,40000,280000
06/11/2023,NT-102872,Toko Fiktif 270,12,15000,180000
06/11/2023,NT-102872,Toko Fiktif 270,7,25000,175000
09/11/2023,NT-102873,Toko Fiktif 270,3,7500,22500
23/11/2023,NT-102874,Toko Fiktif 270,7,15000,105000
23/11/2023,NT-102874,Toko Fiktif 270,1,12000,12000
23/11/2023,NT-102874,Toko Fiktif 270,12,5000,60000
07/12/2023,NT-102875,Toko Fiktif 270,8,15000,120000
25/12/2023,NT-102876,Toko Fiktif 270,5,12000,60000
25/12/2023,NT-102876,Toko Fiktif 270,6,40000,240000
29/12/2023,NT-102877,Toko Fiktif 270,5,5000,25000
29/12/2023,NT-102877,Toko Fiktif 270,4,40000,160000
29/12/2023,NT-102877,Toko Fiktif 270,5,12000,60000
26/01/2024,NT-102878,Toko Fiktif 270,10,12000,120000
03/02/2024,NT-102879,Toko Fiktif 270,3,25000,75000
03/02/2024,NT-102879,Toko Fiktif 270,8,40000,320000
03/02/2024,NT-102879,Toko Fiktif 270,1,7500,7500
14/02/2024,NT-102880,Toko Fiktif 270,4,15000,60000
14/02/2024,NT-102880,Toko Fiktif 270,10,7500,75000
14/02/2024,NT-102880,Toko Fiktif 270,7,12000,84000
17/02/2024,NT-102881,Toko Fiktif 270,6,7500,45000
21/02/2024,NT-102882,Toko Fiktif 270,3,12000,36000
21/02/2024,NT-102882,Toko Fiktif 270,10,7500,75000
21/02/2024,NT-102882,Toko Fiktif 270,7,15000,105000
23/02/2024,NT-102883,Toko Fiktif 270,10,40000,400000
24/02/2024,NT-102884,Toko Fiktif 270,4,5000,20000
31/03/2024,NT-102885,Toko Fiktif 270,9,12000,108000
31/03/2024,NT-102885,Toko Fiktif 270,11,25000,275000
01/04/2024,NT-102886,Toko Fiktif 270,11,5000,55000
12/04/2024,NT-102887,Toko Fiktif 270,10,25000,250000
12/04/2024,NT-102887,Toko Fiktif 270,11,7500,82500
25/05/2024,NT-102888,Toko Fiktif 270,8,15000,120000
25/05/2024,NT-102888,Toko Fiktif 270,4,25000,100000
06/06/2024,NT-102889,Toko Fiktif 270,1,12000,12000
09/06/2024,NT-102890,Toko Fiktif 270,2,15000,30000
09/06/2024,NT-102890,Toko Fiktif 270,10,5000,50000
09/06/2024,NT-102890,Toko Fiktif 270,8,7500,60000
23/07/2024,NT-102891,Toko Fiktif 270,9,40000,360000
23/07/2024,NT-102891,Toko Fiktif 270,10,5000,50000
23/07/2024,NT-102891,Toko Fiktif 270,6,15000,90000
15/08/2024,NT-102892,Toko Fiktif 270,2,5000,10000
16/08/2024,NT-102893,Toko Fiktif 270,9,7500,67500
16/08/2024,NT-102893,Toko Fiktif 270,11,5000,55000
16/08/2024,NT-102893,Toko Fiktif 270,8,12000,96000
12/09/2024,NT-102894,Toko Fiktif 270,10,40000,400000
12/09/2024,NT-102894,Toko Fiktif 270,1,25000,25000
12/09/2024,NT-102894,Toko Fiktif 270,3,7500,22500
04/10/2024,NT-102895,Toko Fiktif 270,6,15000,90000
04/10/2024,NT-102895,Toko Fiktif 270,9,7500,67500
06/11/2024,NT-102896,Toko Fiktif 270,3,40000,120000
06/11/2024,NT-102896,Toko Fiktif 270,3,12000,36000
25/11/2024,NT-102897,Toko Fiktif 270,5,25000,125000
25/11/2024,NT-102897,Toko Fiktif 270,5,7500,37500
25/11/2024,NT-102897,Toko Fiktif 270,11,40000,440000
30/11/2024,NT-102898,Toko Fiktif 270,12,40000,480000
30/11/2024,NT-102898,Toko Fiktif 270,10,7500,75000
30/11/2024,NT-102898,Toko Fiktif 270,4,12000,48000
20/12/2024,NT-102899,Toko Fiktif 270,7,25000,175000
20/12/2024,NT-102899,Toko Fiktif 270,6,12000,72000
17/07/2024,NT-102900,Toko Fiktif 271,10,12000,120000
17/07/2024,NT-102900,Toko Fiktif 271,8,7500,60000
28/07/2024,NT-102901,Toko Fiktif 271,8,25000,200000
28/07/2024,NT-102901,Toko Fiktif 271,11,12000,132000
06/08/2024,NT-102902,Toko Fiktif 271,3,40000,120000
06/08/2024,NT-102902,Toko Fiktif 271,11,25000,275000
06/08/2024,NT-102902,Toko Fiktif 271,9,7500,67500
11/08/2024,NT-102903,Toko Fiktif 271,5,15000,75000
11/08/2024,NT-102903,Toko Fiktif 271,3,12000,36000
14/08/2024,NT-102904,Toko Fiktif 271,9,40000,360000
31/08/2024,NT-102905,Toko Fiktif 271,2,25000,50000
31/08/2024,NT-102905,Toko Fiktif 271,7,15000,105000
24/09/2024,NT-102906,Toko Fiktif 271,1,25000,25000
05/10/2024,NT-102907,Toko Fiktif 271,3,5000,15000
05/10/2024,NT-102907,Toko Fiktif 271,3,7500,22500
16/10/2024,NT-102908,Toko Fiktif 271,9,12000,108000
16/10/2024,NT-102908,Toko Fiktif 271,2,5000,10000
16/10/2024,NT-102908,Toko Fiktif 271,12,7500,90000
07/08/2023,NT-102909,Toko Fiktif 272,1,15000,15000
03/09/2023,NT-102910,Toko Fiktif 272,11,12000,132000
03/09/2023,NT-102910,Toko Fiktif 272,2,25000,50000
03/09/2023,NT-102910,Toko Fiktif 272,8,40000,320000
30/09/2023,NT-102911,Toko Fiktif 272,2,15000,30000
30/09/2023,NT-102911,Toko Fiktif 272,11,7500,82500
30/09/2023,NT-102911,Toko Fiktif 272,9,25000,225000
19/11/2023,NT-102912,Toko Fiktif 272,6,25000,150000
19/11/2023,NT-102912,Toko Fiktif 272,8,7500,60000
27/11/2023,NT-102913,Toko Fiktif 272,9,15000,135000
17/01/2024,NT-102914,Toko Fiktif 272,10,5000,50000
17/01/2024,NT-102914,Toko Fiktif 272,3,40000,120000
17/01/2024,NT-102914,Toko Fiktif 272,2,7500,15000
22/02/2024,NT-102915,Toko Fiktif 272,8,12000,96000
07/03/2024,NT-102916,Toko Fiktif 272,3,12000,36000
17/03/2024,NT-102917,Toko Fiktif 272,1,7500,7500
17/03/2024,NT-102917,Toko Fiktif 272,7,5000,35000
17/03/2024,NT-102917,Toko Fiktif 272,4,15000,60000
22/04/2024,NT-102918,Toko Fiktif 272,12,40000,480000
15/05/2024,NT-102919,Toko Fiktif 272,7,15000,105000
21/05/2024,NT-102920,Toko Fiktif 272,10,7500,75000
21/05/2024,NT-102920,Toko Fiktif 272,9,5000,45000
21/05/2024,NT-102920,Toko Fiktif 272,10,15000,150000
09/06/2024,NT-102921,Toko Fiktif 272,3,5000,15000
18/07/2024,NT-102922,Toko Fiktif 272,2,5000,10000
18/07/2024,NT-102922,Toko Fiktif 272,9,15000,135000
28/07/2024,NT-102923,Toko Fiktif 273,1,7500,7500
28/07/2024,NT-102923,Toko Fiktif 273,9,25000,225000
01/08/2024,NT-102924,Toko Fiktif 273,9,5000,45000
01/08/2024,NT-102924,Toko Fiktif 273,12,12000,144000
01/08/2024,NT-102924,Toko Fiktif 273,12,25000,300000
15/08/2024,NT-102925,Toko Fiktif 273,10,12000,120000
15/08/2024,NT-102925,Toko Fiktif 273,8,7500,60000
15/08/2024,NT-102925,Toko Fiktif 273,1,40000,40000
23/08/2024,NT-102926,Toko Fiktif 273,5,25000,125000
23/08/2024,NT-102926,Toko Fiktif 273,1,5000,5000
09/09/2024,NT-102927,Toko Fiktif 273,11,25000,275000
22/09/2024,NT-102928,Toko Fiktif 273,7,25000,175000
23/09/2024,NT-102929,Toko Fiktif 273,6,12000,72000
23/09/2024,NT-102929,Toko Fiktif 273,5,25000,125000
30/09/2024,NT-102930,Toko Fiktif 273,1,40000,40000
30/09/2024,NT-102930,Toko Fiktif 273,8,12000,96000
30/09/2024,NT-102930,Toko Fiktif 273,3,7500,22500
05/10/2024,NT-102931,Toko Fiktif 273,12,7500,90000
05/10/2024,NT-102931,Toko Fiktif 273,1,15000,15000
09/10/2024,NT-102932,Toko Fiktif 273,2,12000,24000
09/10/2024,NT-102932,Toko Fiktif 273,5,25000,125000
09/10/2024,NT-102932,Toko Fiktif 273,7,5000,35000
19/10/2024,NT-102933,Toko Fiktif 273,10,12000,120000
19/10/2024,NT-102933,Toko Fiktif 273,8,7500,60000
19/10/2024,NT-102933,Toko Fiktif 273,2,25000,50000
23/10/2024,NT-102934,Toko Fiktif 273,12,25000,300000
23/10/2024,NT-102934,Toko Fiktif 273,1,7500,7500
23/10/2024,NT-102934,Toko Fiktif 273,7,5000,35000
25/10/2024,NT-102935,Toko Fiktif 273,11,12000,132000
27/10/2024,NT-102936,Toko Fiktif 273,5,12000,60000
27/10/2024,NT-102936,Toko Fiktif 273,7,5000,35000
30/10/2024,NT-102937,Toko Fiktif 273,3,12000,36000
30/10/2024,NT-102937,Toko Fiktif 273,5,7500,37500
30/10/2024,NT-102937,Toko Fiktif 273,10,15000,150000
08/11/2024,NT-102938,Toko Fiktif 273,8,40000,320000
08/11/2024,NT-102938,Toko Fiktif 273,11,25000,275000
08/11/2024,NT-102938,Toko Fiktif 273,8,15000,120000
03/08/2024,NT-102939,Toko Fiktif 274,10,15000,150000
15/08/2024,NT-102940,Toko Fiktif 274,8,15000,120000
02/10/2024,NT-102941,Toko Fiktif 274,12,5000,60000
02/10/2024,NT-102941,Toko Fiktif 274,7,15000,105000
05/11/2024,NT-102942,Toko Fiktif 274,8,5000,40000
09/12/2024,NT-102943,Toko Fiktif 274,4,25000,100000
09/12/2024,NT-102943,Toko Fiktif 274,8,12000,96000
09/12/2024,NT-102943,Toko Fiktif 274,10,5000,50000
18/03/2024,NT-102944,Toko Fiktif 275,10,25000,250000
01/04/2024,NT-102945,Toko Fiktif 275,3,40000,120000
17/04/2024,NT-102946,Toko Fiktif 275,6,12000,72000
17/04/2024,NT-102946,Toko Fiktif 275,12,15000,180000
17/04/2024,NT-102946,Toko Fiktif 275,2,25000,50000
21/04/2024,NT-102947,Toko Fiktif 275,7,25000,175000
29/04/2024,NT-102948,Toko Fiktif 275,5,7500,37500
29/04/2024,NT-102948,Toko Fiktif 275,10,40000,400000
30/04/2024,NT-102949,Toko Fiktif 275,4,7500,30000
30/04/2024,NT-102949,Toko Fiktif 275,11,40000,440000
04/05/2024,NT-102950,Toko Fiktif 275,6,12000,72000
04/05/2024,NT-102950,Toko Fiktif 275,6,25000,150000
10/05/2024,NT-102951,Toko Fiktif 275,1,40000,40000
10/05/2024,NT-102951,Toko Fiktif 275,1,25000,25000
15/05/2024,NT-102952,Toko Fiktif 275,1,7500,7500
15/05/2024,NT-102952,Toko Fiktif 275,4,25000,100000
15/05/2024,NT-102952,Toko Fiktif 275,2,5000,10000
30/05/2024,NT-102953,Toko Fiktif 275,4,15000,60000
30/05/2024,NT-102953,Toko Fiktif 275,1,7500,7500
04/06/2024,NT-102954,Toko Fiktif 275,12,15000,180000
04/06/2024,NT-102954,Toko Fiktif 275,1,7500,7500
16/07/2024,NT-102955,Toko Fiktif 275,11,7500,82500
20/07/2024,NT-102956,Toko Fiktif 275,7,12000,84000
27/07/2024,NT-102957,Toko Fiktif 275,2,5000,10000
28/07/2024,NT-102958,Toko Fiktif 275,12,15000,180000
05/08/2024,NT-102959,Toko Fiktif 275,12,7500,90000
05/08/2024,NT-102959,Toko Fiktif 275,8,40000,320000
10/08/2024,NT-102960,Toko Fiktif 275,2,40000,80000
10/08/2024,NT-102960,Toko Fiktif 275,9,5000,45000
14/09/2024,NT-102961,Toko Fiktif 275,8,5000,40000
21/09/2024,NT-102962,Toko Fiktif 275,8,7500,60000
22/09/2024,NT-102963,Toko Fiktif 275,2,25000,50000
23/09/2024,NT-102964,Toko Fiktif 275,10,5000,50000
23/09/2024,NT-102964,Toko Fiktif 275,4,25000,100000
24/09/2024,NT-102965,Toko Fiktif 275,9,40000,360000
28/09/2024,NT-102966,Toko Fiktif 275,5,5000,25000
02/10/2024,NT-102967,Toko Fiktif 275,12,7500,90000
02/10/2024,NT-102967,Toko Fiktif 275,11,25000,275000
03/11/2024,NT-102968,Toko Fiktif 275,4,12000,48000
03/11/2024,NT-102968,Toko Fiktif 275,5,25000,125000
05/11/2024,NT-102969,Toko Fiktif 275,9,15000,135000
05/11/2024,NT-102969,Toko Fiktif 275,4,40000,160000
05/11/2024,NT-102969,Toko Fiktif 275,10,5000,50000
15/11/2024,NT-102970,Toko Fiktif 275,5,7500,37500
15/11/2024,NT-102970,Toko Fiktif 275,7,12000,84000
20/11/2024,NT-102971,Toko Fiktif 275,9,12000,108000
20/11/2024,NT-102971,Toko Fiktif 275,10,5000,50000
20/11/2024,NT-102971,Toko Fiktif 275,5,25000,125000
01/12/2024,NT-102972,Toko Fiktif 275,3,12000,36000
01/12/2024,NT-102972,Toko Fiktif 275,3,15000,45000
01/12/2024,NT-102972,Toko Fiktif 275,11,7500,82500
05/12/2024,NT-102973,Toko Fiktif 275,7,12000,84000
05/12/2024,NT-102973,Toko Fiktif 275,8,40000,320000
05/12/2024,NT-102973,Toko Fiktif 275,7,25000,175000
06/12/2024,NT-102974,Toko Fiktif 275,10,7500,75000
06/12/2024,NT-102974,Toko Fiktif 275,7,15000,105000
06/12/2024,NT-102974,Toko Fiktif 275,1,12000,12000
09/12/2024,NT-102975,Toko Fiktif 275,7,25000,175000
09/12/2024,NT-102975,Toko Fiktif 275,1,15000,15000
13/12/2024,NT-102976,Toko Fiktif 275,9,5000,45000
16/01/2024,NT-102977,Toko Fiktif 276,6,7500,45000
16/01/2024,NT-102977,Toko Fiktif 276,8,15000,120000
16/01/2024,NT-102977,Toko Fiktif 276,4,40000,160000
24/10/2023,NT-102978,Toko Fiktif 277,9,7500,67500
24/10/2023,NT-102978,Toko Fiktif 277,4,25000,100000
24/10/2023,NT-102978,Toko Fiktif 277,3,15000,45000
07/11/2023,NT-102979,Toko Fiktif 277,4,15000,60000
07/11/2023,NT-102979,Toko Fiktif 277,4,5000,20000
22/02/2024,NT-102980,Toko Fiktif 277,8,5000,40000
22/02/2024,NT-102980,Toko Fiktif 277,12,15000,180000
22/02/2024,NT-102980,Toko Fiktif 277,2,40000,80000
08/05/2024,NT-102981,Toko Fiktif 277,2,5000,10000
08/05/2024,NT-102981,Toko Fiktif 277,3,7500,22500
08/05/2024,NT-102981,Toko Fiktif 277,10,15000,150000
18/06/2024,NT-102982,Toko Fiktif 277,1,15000,15000
18/06/2024,NT-102982,Toko Fiktif 277,3,5000,15000
17/09/2024,NT-102983,Toko Fiktif 277,6,40000,240000
17/09/2024,NT-102983,Toko Fiktif 277,9,12000,108000
17/09/2024,NT-102983,Toko Fiktif 277,3,5000,15000
24/10/2024,NT-102984,Toko Fiktif 278,11,25000,275000
17/12/2024,NT-102985,Toko Fiktif 278,8,12000,96000
22/12/2024,NT-102986,Toko Fiktif 278,3,40000,120000
20/08/2024,NT-102987,Toko Fiktif 279,2,25000,50000
20/08/2024,NT-102987,Toko Fiktif 279,7,7500,52500
25/10/2024,NT-102988,Toko Fiktif 279,12,15000,180000
25/10/2024,NT-102988,Toko Fiktif 279,10,40000,400000
25/10/2024,NT-102988,Toko Fiktif 279,9,12000,108000
30/10/2024,NT-102989,Toko Fiktif 279,8,15000,120000
23/11/2024,NT-102990,Toko Fiktif 279,3,40000,120000
23/11/2024,NT-102990,Toko Fiktif 279,8,25000,200000
30/03/2024,NT-102991,Toko Fiktif 280,1,15000,15000
30/03/2024,NT-102991,Toko Fiktif 280,4,25000,100000
30/03/2024,NT-102991,Toko Fiktif 280,5,40000,200000
18/04/2024,NT-102992,Toko Fiktif 280,1,40000,40000
18/04/2024,NT-102992,Toko Fiktif 280,6,7500,45000
03/05/2024,NT-102993,Toko Fiktif 280,8,7500,60000
03/05/2024,NT-102993,Toko Fiktif 280,3,25000,75000
03/05/2024,NT-102993,Toko Fiktif 280,11,40000,440000
17/05/2024,NT-102994,Toko Fiktif 280,12,40000,480000
07/06/2024,NT-102995,Toko Fiktif 280,10,25000,250000
07/06/2024,NT-102995,Toko Fiktif 280,8,40000,320000
28/06/2023,NT-102996,Toko Fiktif 281,3,15000,45000
28/06/2023,NT-102996,Toko Fiktif 281,4,7500,30000
13/09/2023,NT-102997,Toko Fiktif 281,4,40000,160000
20/10/2023,NT-102998,Toko Fiktif 281,6,7500,45000
20/10/2023,NT-102998,Toko Fiktif 281,8,25000,200000
20/10/2023,NT-102998,Toko Fiktif 281,10,40000,400000
31/10/2023,NT-102999,Toko Fiktif 281,12,12000,144000
31/10/2023,NT-102999,Toko Fiktif 281,2,40000,80000
17/11/2023,NT-103000,Toko Fiktif 281,12,15000,180000
17/11/2023,NT-103000,Toko Fiktif 281,11,40000,440000
17/11/2023,NT-103000,Toko Fiktif 281,3,5000,15000
18/12/2023,NT-103001,Toko Fiktif 281,10,15000,150000
18/12/2023,NT-103001,Toko Fiktif 281,7,5000,35000
21/12/2023,NT-103002,Toko Fiktif 281,8,12000,96000
21/12/2023,NT-103002,Toko Fiktif 281,10,15000,150000
09/01/2024,NT-103003,Toko Fiktif 281,10,40000,400000
09/01/2024,NT-103003,Toko Fiktif 281,4,5000,20000
03/02/2024,NT-103004,Toko Fiktif 281,1,25000,25000
03/02/2024,NT-103004,Toko Fiktif 281,3,7500,22500
03/02/2024,NT-103004,Toko Fiktif 281,11,12000,132000
16/03/2024,NT-103005,Toko Fiktif 281,10,5000,50000
01/05/2024,NT-103006,Toko Fiktif 281,2,25000,50000
01/05/2024,NT-103006,Toko Fiktif 281,8,7500,60000
13/07/2024,NT-103007,Toko Fiktif 281,5,40000,200000
02/08/2024,NT-103008,Toko Fiktif 281,1,40000,40000
20/09/2024,NT-103009,Toko Fiktif 281,6,15000,90000
20/09/2024,NT-103009,Toko Fiktif 281,6,12000,72000
20/09/2024,NT-103009,Toko Fiktif 281,4,7500,30000
28/09/2024,NT-103010,Toko Fiktif 281,6,5000,30000
18/10/2024,NT-103011,Toko Fiktif 281,11,40000,440000
18/10/2024,NT-103011,Toko Fiktif 281,11,7500,82500
13/11/2024,NT-103012,Toko Fiktif 281,3,25000,75000
28/11/2024,NT-103013,Toko Fiktif 281,2,40000,80000
21/12/2024,NT-103014,Toko Fiktif 281,2,5000,10000
25/10/2024,NT-103015,Toko Fiktif 282,1,40000,40000
13/04/2024,NT-103016,Toko Fiktif 283,4,5000,20000
13/04/2024,NT-103016,Toko Fiktif 283,10,40000,400000
13/04/2024,NT-103016,Toko Fiktif 283,3,25000,75000
21/04/2024,NT-103017,Toko Fiktif 283,9,40000,360000
21/04/2024,NT-103017,Toko Fiktif 283,11,25000,275000
12/05/2024,NT-103018,Toko Fiktif 283,10,15000,150000
12/05/2024,NT-103018,Toko Fiktif 283,3,12000,36000
12/05/2024,NT-103018,Toko Fiktif 283,7,25000,175000
21/05/2024,NT-103019,Toko Fiktif 283,6,40000,240000
21/05/2024,NT-103019,Toko Fiktif 283,6,7500,45000
30/05/2024,NT-103020,Toko Fiktif 283,11,15000,165000
30/05/2024,NT-103020,Toko Fiktif 283,1,5000,5000
25/07/2023,NT-103021,Toko Fiktif 284,5,7500,37500
31/07/2023,NT-103022,Toko Fiktif 284,5,40000,200000
31/07/2023,NT-103022,Toko Fiktif 284,4,7500,30000
31/07/2023,NT-103022,Toko Fiktif 284,4,12000,48000
30/10/2023,NT-103023,Toko Fiktif 284,7,25000,175000
20/12/2023,NT-103024,Toko Fiktif 284,7,15000,105000
20/12/2023,NT-103024,Toko Fiktif 284,9,5000,45000
22/12/2023,NT-103025,Toko Fiktif 284,9,25000,225000
10/02/2024,NT-103026,Toko Fiktif 284,10,25000,250000
10/02/2024,NT-103026,Toko Fiktif 284,3,15000,45000
09/04/2024,NT-103027,Toko Fiktif 284,3,12000,36000
09/04/2024,NT-103027,Toko Fiktif 284,4,25000,100000
09/04/2024,NT-103027,Toko Fiktif 284,5,5000,25000
22/04/2024,NT-103028,Toko Fiktif 284,1,15000,15000
22/04/2024,NT-103028,Toko Fiktif 284,4,7500,30000
05/05/2024,NT-103029,Toko Fiktif 284,3,7500,22500
05/05/2024,NT-103029,Toko Fiktif 284,12,12000,144000
11/05/2024,NT-103030,Toko Fiktif 284,10,15000,150000
11/05/2024,NT-103030,Toko Fiktif 284,3,12000,36000
11/05/2024,NT-103030,Toko Fiktif 284,11,40000,440000
15/06/2024,NT-103031,Toko Fiktif 284,2,25000,50000
15/06/2024,NT-103031,Toko Fiktif 284,1,15000,15000
16/08/2024,NT-103032,Toko Fiktif 284,6,5000,30000
16/08/2024,NT-103032,Toko Fiktif 284,5,25000,125000
10/02/2023,NT-103033,Toko Fiktif 285,11,15000,165000
11/05/2023,NT-103034,Toko Fiktif 285,3,5000,15000
12/06/2023,NT-103035,Toko Fiktif 285,2,12000,24000
18/06/2023,NT-103036,Toko Fiktif 285,1,25000,25000
18/06/2023,NT-103036,Toko Fiktif 285,1,5000,5000
26/09/2023,NT-103037,Toko Fiktif 285,8,7500,60000
26/09/2023,NT-103037,Toko Fiktif 285,6,12000,72000
14/11/2023,NT-103038,Toko Fiktif 285,3,12000,36000
14/04/2024,NT-103039,Toko Fiktif 285,12,40000,480000
14/04/2024,NT-103039,Toko Fiktif 285,4,7500,30000
14/04/2024,NT-103039,Toko Fiktif 285,8,15000,120000
28/04/2024,NT-103040,Toko Fiktif 285,4,40000,160000
08/05/2024,NT-103041,Toko Fiktif 285,12,40000,480000
20/05/2024,NT-103042,Toko Fiktif 285,7,7500,52500
20/05/2024,NT-103042,Toko Fiktif 285,8,25000,200000
20/04/2023,NT-103043,Toko Fiktif 286,12,25000,300000
20/04/2023,NT-103043,Toko Fiktif 286,2,15000,30000
01/07/2023,NT-103044,Toko Fiktif 286,5,40000,200000
01/07/2023,NT-103044,Toko Fiktif 286,1,12000,12000
11/08/2023,NT-103045,Toko Fiktif 286,12,12000,144000
11/08/2023,NT-103045,Toko Fiktif 286,6,7500,45000
11/08/2023,NT-103045,Toko Fiktif 286,12,5000,60000
04/09/2023,NT-103046,Toko Fiktif 286,8,7500,60000
04/09/2023,NT-103046,Toko Fiktif 286,10,12000,120000
04/09/2023,NT-103046,Toko Fiktif 286,2,25000,50000
03/10/2023,NT-103047,Toko Fiktif 286,4,15000,60000
03/10/2023,NT-103047,Toko Fiktif 286,4,7500,30000
01/03/2024,NT-103048,Toko Fiktif 286,2,25000,50000
21/05/2024,NT-103049,Toko Fiktif 286,3,25000,75000
19/10/2024,NT-103050,Toko Fiktif 286,5,7500,37500
27/11/2023,NT-103051,Toko Fiktif 287,2,40000,80000
07/12/2023,NT-103052,Toko Fiktif 287,12,40000,480000
07/12/2023,NT-103052,Toko Fiktif 287,12,7500,90000
08/02/2024,NT-103053,Toko Fiktif 287,11,7500,82500
17/02/2024,NT-103054,Toko Fiktif 287,7,40000,280000
17/02/2024,NT-103054,Toko Fiktif 287,8,5000,40000
28/02/2024,NT-103055,Toko Fiktif 287,4,12000,48000
16/09/2024,NT-103056,Toko Fiktif 288,7,7500,52500
16/09/2024,NT-103056,Toko Fiktif 288,6,40000,240000
25/10/2024,NT-103057,Toko Fiktif 288,10,5000,50000
13/11/2024,NT-103058,Toko Fiktif 288,2,5000,10000
13/11/2024,NT-103058,Toko Fiktif 288,6,40000,240000
13/11/2024,NT-103058,Toko Fiktif 288,6,12000,72000
03/12/2024,NT-103059,Toko Fiktif 288,9,7500,67500
03/12/2024,NT-103059,Toko Fiktif 288,3,15000,45000
21/12/2024,NT-103060,Toko Fiktif 288,3,40000,120000
24/06/2024,NT-103061,Toko Fiktif 289,7,25000,175000
09/11/2024,NT-103062,Toko Fiktif 289,3,40000,120000
18/07/2024,NT-103063,Toko Fiktif 290,12,25000,300000
18/07/2024,NT-103063,Toko Fiktif 290,2,12000,24000
18/07/2024,NT-103063,Toko Fiktif 290,4,40000,160000
25/09/2024,NT-103064,Toko Fiktif 290,6,15000,90000
25/09/2024,NT-103064,Toko Fiktif 290,5,7500,37500
10/04/2023,NT-103065,Toko Fiktif 291,12,25000,300000
10/04/2023,NT-103065,Toko Fiktif 291,5,12000,60000
24/08/2023,NT-103066,Toko Fiktif 291,4,12000,48000
24/08/2023,NT-103066,Toko Fiktif 291,12,5000,60000
11/09/2023,NT-103067,Toko Fiktif 291,5,40000,200000
27/09/2023,NT-103068,Toko Fiktif 291,12,5000,60000
27/09/2023,NT-103068,Toko Fiktif 291,2,25000,50000
28/10/2023,NT-103069,Toko Fiktif 291,1,15000,15000
26/11/2023,NT-103070,Toko Fiktif 291,10,15000,150000
26/11/2023,NT-103070,Toko Fiktif 291,12,5000,60000
26/11/2023,NT-103070,Toko Fiktif 291,5,7500,37500
01/12/2023,NT-103071,Toko Fiktif 291,8,15000,120000
06/01/2024,NT-103072,Toko Fiktif 291,6,7500,45000
06/01/2024,NT-103072,Toko Fiktif 291,6,40000,240000
11/01/2024,NT-103073,Toko Fiktif 291,9,40000,360000
19/01/2024,NT-103074,Toko Fiktif 291,12,15000,180000
19/01/2024,NT-103074,Toko Fiktif 291,3,7500,22500
19/01/2024,NT-103074,Toko Fiktif 291,1,25000,25000
21/01/2024,NT-103075,Toko Fiktif 291,8,7500,60000
04/07/2024,NT-103076,Toko Fiktif 292,5,5000,25000
06/07/2024,NT-103077,Toko Fiktif 292,5,25000,125000
06/07/2024,NT-103077,Toko Fiktif 292,10,7500,75000
06/07/2024,NT-103077,Toko Fiktif 292,5,40000,200000
07/07/2024,NT-103078,Toko Fiktif 292,8,15000,120000
07/07/2024,NT-103078,Toko Fiktif 292,3,7500,22500
10/07/2024,NT-103079,Toko Fiktif 292,4,40000,160000
27/07/2024,NT-103080,Toko Fiktif 292,5,5000,25000
27/07/2024,NT-103080,Toko Fiktif 292,12,12000,144000
09/08/2024,NT-103081,Toko Fiktif 292,11,12000,132000
09/08/2024,NT-103081,Toko Fiktif 292,1,15000,15000
18/08/2024,NT-103082,Toko Fiktif 292,4,12000,48000
18/08/2024,NT-103082,Toko Fiktif 292,11,7500,82500
02/09/2024,NT-103083,Toko Fiktif 292,9,15000,135000
03/10/2024,NT-103084,Toko Fiktif 292,11,5000,55000
03/10/2024,NT-103084,Toko Fiktif 292,8,40000,320000
17/10/2024,NT-103085,Toko Fiktif 292,6,25000,150000
09/11/2024,NT-103086,Toko Fiktif 292,3,12000,36000
20/11/2024,NT-103087,Toko Fiktif 292,2,5000,10000
20/11/2024,NT-103087,Toko Fiktif 292,9,40000,360000
20/11/2024,NT-103087,Toko Fiktif 292,1,15000,15000
21/11/2024,NT-103088,Toko Fiktif 292,2,7500,15000
21/11/2024,NT-103088,Toko Fiktif 292,11,5000,55000
21/11/2024,NT-103088,Toko Fiktif 292,12,40000,480000
30/11/2024,NT-103089,Toko Fiktif 292,9,40000,360000
30/11/2024,NT-103089,Toko Fiktif 292,2,5000,10000
01/11/2023,NT-103090,Toko Fiktif 293,12,25000,300000
01/11/2023,NT-103090,Toko Fiktif 293,4,5000,20000
01/12/2023,NT-103091,Toko Fiktif 293,4,7500,30000
28/11/2024,NT-103092,Toko Fiktif 294,2,40000,80000
18/12/2024,NT-103093,Toko Fiktif 294,1,25000,25000
03/04/2024,NT-103094,Toko Fiktif 295,12,7500,90000
09/09/2024,NT-103095,Toko Fiktif 296,2,15000,30000
09/09/2024,NT-103095,Toko Fiktif 296,12,5000,60000
09/09/2024,NT-103095,Toko Fiktif 296,8,25000,200000
12/09/2024,NT-103096,Toko Fiktif 296,1,5000,5000
12/09/2024,NT-103096,Toko Fiktif 296,4,15000,60000
12/09/2024,NT-103096,Toko Fiktif 296,10,7500,75000
28/09/2024,NT-103097,Toko Fiktif 296,12,7500,90000
28/09/2024,NT-103097,Toko Fiktif 296,9,40000,360000
01/10/2024,NT-103098,Toko Fiktif 296,4,5000,20000
01/10/2024,NT-103098,Toko Fiktif 296,5,12000,60000
16/10/2024,NT-103099,Toko Fiktif 296,5,5000,25000
16/10/2024,NT-103099,Toko Fiktif 296,12,7500,90000
16/10/2024,NT-103099,Toko Fiktif 296,3,15000,45000
17/10/2024,NT-103100,Toko Fiktif 296,5,7500,37500
17/10/2024,NT-103100,Toko Fiktif 296,1,12000,12000
17/10/2024,NT-103100,Toko Fiktif 296,12,40000,480000
28/11/2024,NT-103101,Toko Fiktif 297,5,12000,60000
28/11/2024,NT-103101,Toko Fiktif 297,4,7500,30000
28/11/2024,NT-103101,Toko Fiktif 297,12,15000,180000
03/12/2024,NT-103102,Toko Fiktif 297,7,7500,52500
03/12/2024,NT-103102,Toko Fiktif 297,12,15000,180000
16/04/2024,NT-103103,Toko Fiktif 298,8,7500,60000
16/04/2024,NT-103103,Toko Fiktif 298,3,12000,36000
16/04/2024,NT-103103,Toko Fiktif 298,7,40000,280000
03/05/2023,NT-103104,Toko Fiktif 299,11,5000,55000
03/05/2023,NT-103104,Toko Fiktif 299,2,15000,30000
03/05/2023,NT-103104,Toko Fiktif 299,7,12000,84000
05/06/2023,NT-103105,Toko Fiktif 299,10,12000,120000
05/06/2023,NT-103105,Toko Fiktif 299,6,40000,240000
05/06/2023,NT-103105,Toko Fiktif 299,5,15000,75000
20/06/2023,NT-103106,Toko Fiktif 299,3,15000,45000
20/06/2023,NT-103106,Toko Fiktif 299,1,40000,40000
06/08/2023,NT-103107,Toko Fiktif 299,10,25000,250000
06/08/2023,NT-103107,Toko Fiktif 299,8,40000,320000
06/08/2023,NT-103107,Toko Fiktif 299,8,7500,60000
07/08/2023,NT-103108,Toko Fiktif 299,12,25000,300000
08/08/2023,NT-103109,Toko Fiktif 299,3,7500,22500
08/08/2023,NT-103109,Toko Fiktif 299,6,15000,90000
08/08/2023,NT-103109,Toko Fiktif 299,3,40000,120000
14/08/2023,NT-103110,Toko Fiktif 299,11,7500,82500
14/08/2023,NT-103110,Toko Fiktif 299,3,25000,75000
15/08/2023,NT-103111,Toko Fiktif 299,1,25000,25000
13/09/2023,NT-103112,Toko Fiktif 299,12,12000,144000
13/09/2023,NT-103112,Toko Fiktif 299,9,25000,225000
06/10/2023,NT-103113,Toko Fiktif 299,8,15000,120000
16/10/2023,NT-103114,Toko Fiktif 299,12,40000,480000
16/10/2023,NT-103114,Toko Fiktif 299,12,25000,300000
20/10/2023,NT-103115,Toko Fiktif 299,8,7500,60000
04/11/2023,NT-103116,Toko Fiktif 299,7,7500,52500
04/11/2023,NT-103116,Toko Fiktif 299,6,25000,150000
04/11/2023,NT-103116,Toko Fiktif 299,12,12000,144000
19/11/2023,NT-103117,Toko Fiktif 299,11,7500,82500
17/12/2023,NT-103118,Toko Fiktif 299,11,40000,440000
21/12/2023,NT-103119,Toko Fiktif 299,10,12000,120000
14/01/2024,NT-103120,Toko Fiktif 299,3,5000,15000
14/01/2024,NT-103120,Toko Fiktif 299,4,7500,30000
04/02/2024,NT-103121,Toko Fiktif 299,7,40000,280000
14/02/2024,NT-103122,Toko Fiktif 299,2,5000,10000
15/02/2024,NT-103123,Toko Fiktif 299,1,25000,25000
18/02/2024,NT-103124,Toko Fiktif 299,3,5000,15000
18/02/2024,NT-103124,Toko Fiktif 299,2,12000,24000
20/02/2024,NT-103125,Toko Fiktif 299,2,15000,30000
20/02/2024,NT-103125,Toko Fiktif 299,12,25000,300000
20/02/2024,NT-103125,Toko Fiktif 299,6,40000,240000
05/03/2024,NT-103126,Toko Fiktif 299,1,12000,12000
05/03/2024,NT-103126,Toko Fiktif 299,3,15000,45000
08/04/2024,NT-103127,Toko Fiktif 299,10,12000,120000
27/04/2024,NT-103128,Toko Fiktif 299,12,12000,144000
27/04/2024,NT-103128,Toko Fiktif 299,4,7500,30000
02/05/2024,NT-103129,Toko Fiktif 299,2,15000,30000
02/05/2024,NT-103129,Toko Fiktif 299,12,25000,300000
19/05/2024,NT-103130,Toko Fiktif 299,12,5000,60000
19/05/2024,NT-103130,Toko Fiktif 299,3,15000,45000
08/06/2024,NT-103131,Toko Fiktif 299,4,25000,100000
08/06/2024,NT-103131,Toko Fiktif 299,10,40000,400000
18/08/2024,NT-103132,Toko Fiktif 299,8,40000,320000
18/08/2024,NT-103132,Toko Fiktif 299,1,12000,12000
19/08/2024,NT-103133,Toko Fiktif 299,3,12000,36000
19/08/2024,NT-103133,Toko Fiktif 299,2,25000,50000
19/08/2024,NT-103133,Toko Fiktif 299,3,7500,22500
03/09/2024,NT-103134,Toko Fiktif 299,11,15000,165000
12/10/2024,NT-103135,Toko Fiktif 299,7,25000,175000
12/10/2024,NT-103135,Toko Fiktif 299,10,15000,150000
12/10/2024,NT-103135,Toko Fiktif 299,1,12000,12000
13/10/2024,NT-103136,Toko Fiktif 299,3,7500,22500
19/10/2024,NT-103137,Toko Fiktif 299,1,5000,5000
05/11/2024,NT-103138,Toko Fiktif 299,12,5000,60000
05/11/2024,NT-103138,Toko Fiktif 299,3,15000,45000
14/11/2024,NT-103139,Toko Fiktif 299,2,15000,30000
14/11/2024,NT-103139,Toko Fiktif 299,4,7500,30000
14/11/2024,NT-103139,Toko Fiktif 299,11,12000,132000
27/11/2024,NT-103140,Toko Fiktif 299,9,15000,135000
09/12/2024,NT-103141,Toko Fiktif 299,7,5000,35000
29/12/2024,NT-103142,Toko Fiktif 299,3,40000,120000
05/04/2023,NT-103143,Toko Fiktif 300,4,7500,30000
22/04/2023,NT-103144,Toko Fiktif 300,5,15000,75000
23/04/2023,NT-103145,Toko Fiktif 300,1,5000,5000
23/04/2023,NT-103145,Toko Fiktif 300,11,7500,82500
29/04/2023,NT-103146,Toko Fiktif 300,7,7500,52500
10/05/2023,NT-103147,Toko Fiktif 300,7,15000,105000
14/05/2023,NT-103148,Toko Fiktif 300,7,40000,280000
14/05/2023,NT-103148,Toko Fiktif 300,6,5000,30000
14/05/2023,NT-103148,Toko Fiktif 300,12,25000,300000
17/05/2023,NT-103149,Toko Fiktif 300,8,25000,200000
17/05/2023,NT-103149,Toko Fiktif 300,5,5000,25000
17/05/2023,NT-103149,Toko Fiktif 300,12,12000,144000
18/05/2023,NT-103150,Toko Fiktif 300,4,7500,30000
18/05/2023,NT-103150,Toko Fiktif 300,2,40000,80000
23/05/2023,NT-103151,Toko Fiktif 300,12,15000,180000
12/06/2023,NT-103152,Toko Fiktif 300,8,7500,60000
13/06/2023,NT-103153,Toko Fiktif 300,8,5000,40000
14/06/2023,NT-103154,Toko Fiktif 300,9,7500,67500
14/06/2023,NT-103154,Toko Fiktif 300,8,5000,40000
02/07/2023,NT-103155,Toko Fiktif 300,6,5000,30000
02/07/2023,NT-103155,Toko Fiktif 300,10,25000,250000
02/07/2023,NT-103155,Toko Fiktif 300,9,7500,67500
09/08/2023,NT-103156,Toko Fiktif 300,4,5000,20000
09/08/2023,NT-103156,Toko Fiktif 300,6,25000,150000
09/08/2023,NT-103156,Toko Fiktif 300,5,40000,200000
17/08/2023,NT-103157,Toko Fiktif 300,11,25000,275000
17/08/2023,NT-103157,Toko Fiktif 300,2,15000,30000
23/09/2023,NT-103158,Toko Fiktif 300,12,40000,480000
23/09/2023,NT-103158,Toko Fiktif 300,1,12000,12000
23/09/2023,NT-103158,Toko Fiktif 300,8,25000,200000
29/09/2023,NT-103159,Toko Fiktif 300,11,12000,132000
29/09/2023,NT-103159,Toko Fiktif 300,9,40000,360000
29/09/2023,NT-103159,Toko Fiktif 300,11,15000,165000
06/10/2023,NT-103160,Toko Fiktif 300,11,40000,440000
06/10/2023,NT-103160,Toko Fiktif 300,9,15000,135000
16/10/2023,NT-103161,Toko Fiktif 300,7,15000,105000
16/10/2023,NT-103161,Toko Fiktif 300,11,7500,82500
13/11/2023,NT-103162,Toko Fiktif 300,11,12000,132000
13/11/2023,NT-103162,Toko Fiktif 300,10,15000,150000
16/11/2023,NT-103163,Toko Fiktif 300,4,15000,60000
22/11/2023,NT-103164,Toko Fiktif 300,11,40000,440000
13/12/2023,NT-103165,Toko Fiktif 300,6,12000,72000
13/12/2023,NT-103165,Toko Fiktif 300,8,25000,200000
13/12/2023,NT-103165,Toko Fiktif 300,6,7500,45000
01/01/2024,NT-103166,Toko Fiktif 300,12,15000,180000
18/01/2024,NT-103167,Toko Fiktif 300,4,12000,48000
27/01/2024,NT-103168,Toko Fiktif 300,5,15000,75000
05/02/2024,NT-103169,Toko Fiktif 300,5,15000,75000
05/02/2024,NT-103169,Toko Fiktif 300,11,5000,55000
11/02/2024,NT-103170,Toko Fiktif 300,12,15000,180000
11/02/2024,NT-103170,Toko Fiktif 300,11,12000,132000
12/02/2024,NT-103171,Toko Fiktif 300,7,7500,52500
12/02/2024,NT-103171,Toko Fiktif 300,9,15000,135000
16/02/2024,NT-103172,Toko Fiktif 300,11,15000,165000
16/02/2024,NT-103172,Toko Fiktif 300,4,40000,160000
16/02/2024,NT-103172,Toko Fiktif 300,2,7500,15000
27/02/2024,NT-103173,Toko Fiktif 300,3,15000,45000
02/03/2024,NT-103174,Toko Fiktif 300,9,7500,67500
02/03/2024,NT-103174,Toko Fiktif 300,7,40000,280000
05/03/2024,NT-103175,Toko Fiktif 300,11,7500,82500
06/03/2024,NT-103176,Toko Fiktif 300,7,15000,105000
06/03/2024,NT-103176,Toko Fiktif 300,3,25000,75000
19/03/2024,NT-103177,Toko Fiktif 300,4,5000,20000
25/03/2024,NT-103178,Toko Fiktif 300,11,25000,275000
25/03/2024,NT-103178,Toko Fiktif 300,9,12000,108000
29/03/2024,NT-103179,Toko Fiktif 300,8,7500,60000
07/04/2024,NT-103180,Toko Fiktif 300,8,7500,60000
09/04/2024,NT-103181,Toko Fiktif 300,5,7500,37500
09/04/2024,NT-103181,Toko Fiktif 300,8,5000,40000
25/04/2024,NT-103182,Toko Fiktif 300,8,7500,60000
02/05/2024,NT-103183,Toko Fiktif 300,9,7500,67500
17/05/2024,NT-103184,Toko Fiktif 300,8,7500,60000
17/05/2024,NT-103184,Toko Fiktif 300,5,40000,200000
17/05/2024,NT-103184,Toko Fiktif 300,1,5000,5000
18/05/2024,NT-103185,Toko Fiktif 300,6,5000,30000
20/05/2024,NT-103186,Toko Fiktif 300,8,5000,40000
21/05/2024,NT-103187,Toko Fiktif 300,9,12000,108000
21/05/2024,NT-103187,Toko Fiktif 300,9,25000,225000
23/05/2024,NT-103188,Toko Fiktif 300,10,12000,120000
23/05/2024,NT-103188,Toko Fiktif 300,12,7500,90000
23/05/2024,NT-103188,Toko Fiktif 300,10,25000,250000
02/06/2024,NT-103189,Toko Fiktif 300,4,12000,48000
02/06/2024,NT-103189,Toko Fiktif 300,1,40000,40000
03/06/2024,NT-103190,Toko Fiktif 300,4,5000,20000
03/06/2024,NT-103190,Toko Fiktif 300,1,25000,25000
03/06/2024,NT-103190,Toko Fiktif 300,11,40000,440000
26/06/2024,NT-103191,Toko Fiktif 300,10,5000,50000
04/07/2024,NT-103192,Toko Fiktif 300,5,15000,75000
04/07/2024,NT-103192,Toko Fiktif 300,1,5000,5000
04/07/2024,NT-103192,Toko Fiktif 300,1,7500,7500
16/07/2024,NT-103193,Toko Fiktif 300,10,25000,250000
16/07/2024,NT-103193,Toko Fiktif 300,11,5000,55000
16/07/2024,NT-103193,Toko Fiktif 300,5,40000,200000
09/08/2024,NT-103194,Toko Fiktif 300,5,7500,37500
09/08/2024,NT-103194,Toko Fiktif 300,2,15000,30000
09/08/2024,NT-103194,Toko Fiktif 300,7,40000,280000
13/08/2024,NT-103195,Toko Fiktif 300,11,15000,165000
23/08/2024,NT-103196,Toko Fiktif 300,8,40000,320000
24/08/2024,NT-103197,Toko Fiktif 300,1,25000,25000
25/08/2024,NT-103198,Toko Fiktif 300,2,25000,50000
25/08/2024,NT-103198,Toko Fiktif 300,5,12000,60000
30/08/2024,NT-103199,Toko Fiktif 300,3,7500,22500
30/08/2024,NT-103199,Toko Fiktif 300,10,15000,150000
30/08/2024,NT-103199,Toko Fiktif 300,6,12000,72000
07/09/2024,NT-103200,Toko Fiktif 300,9,15000,135000
07/09/2024,NT-103200,Toko Fiktif 300,5,12000,60000
17/09/2024,NT-103201,Toko Fiktif 300,2,5000,10000
17/09/2024,NT-103201,Toko Fiktif 300,11,40000,440000
02/10/2024,NT-103202,Toko Fiktif 300,2,15000,30000
02/10/2024,NT-103202,Toko Fiktif 300,6,25000,150000
02/10/2024,NT-103202,Toko Fiktif 300,3,7500,22500
15/10/2024,NT-103203,Toko Fiktif 300,2,40000,80000
15/10/2024,NT-103203,Toko Fiktif 300,8,5000,40000
15/10/2024,NT-103203,Toko Fiktif 300,2,12000,24000
22/10/2024,NT-103204,Toko Fiktif 300,9,15000,135000
22/10/2024,NT-103204,Toko Fiktif 300,2,12000,24000
27/10/2024,NT-103205,Toko Fiktif 300,6,12000,72000
27/10/2024,NT-103205,Toko Fiktif 300,11,15000,165000
27/10/2024,NT-103205,Toko Fiktif 300,8,7500,60000
31/10/2024,NT-103206,Toko Fiktif 300,3,5000,15000
31/10/2024,NT-103206,Toko Fiktif 300,12,12000,144000
31/10/2024,NT-103206,Toko Fiktif 300,4,7500,30000
01/11/2024,NT-103207,Toko Fiktif 300,2,25000,50000
10/11/2024,NT-103208,Toko Fiktif 300,9,7500,67500
25/11/2024,NT-103209,Toko Fiktif 300,7,12000,84000
25/11/2024,NT-103209,Toko Fiktif 300,7,5000,35000
25/11/2024,NT-103209,Toko Fiktif 300,1,40000,40000
06/12/2024,NT-103210,Toko Fiktif 300,11,12000,132000
06/12/2024,NT-103210,Toko Fiktif 300,5,40000,200000
10/12/2024,NT-103211,Toko Fiktif 300,11,15000,165000
10/12/2024,NT-103211,Toko Fiktif 300,6,5000,30000
10/12/2024,NT-103211,Toko Fiktif 300,11,40000,440000
15/12/2024,NT-103212,Toko Fiktif 300,4,7500,30000
15/12/2024,NT-103212,Toko Fiktif 300,10,12000,120000
19/12/2024,NT-103213,Toko Fiktif 300,10,12000,120000
19/12/2024,NT-103213,Toko Fiktif 300,5,7500,37500
24/12/2024,NT-103214,Toko Fiktif 300,1,15000,15000
24/12/2024,NT-103214,Toko Fiktif 300,9,12000,108000
30/12/2024,NT-103215,Toko Fiktif 300,12,15000,180000
30/12/2024,NT-103215,Toko Fiktif 300,1,40000,40000
31/12/2024,NT-103216,Toko Fiktif 300,11,40000,440000
