No. Struk,Waktu Transaksi,Kode Barang,Barang,Pembeli,Banyaknya,Harga/Pcs
STR/20001,04-02-2023 17:14,BRG106,Sabun Cuci,Pembeli Fiktif 001,9,4500
STR/20001,04-02-2023 17:14,BRG103,Beras 5kg,Pembeli Fiktif 001,2,68000
STR/20002,12-02-2023 20:46,BRG104,Kopi Bubuk,Pembeli Fiktif 001,2,9500
STR/20002,12-02-2023 20:46,BRG103,Beras 5kg,Pembeli Fiktif 001,9,68000
STR/20002,12-02-2023 20:46,BRG102,Minyak 2L,Pembeli Fiktif 001,2,32000
STR/20003,28-02-2023 19:05,BRG102,Minyak 2L,Pembeli Fiktif 001,10,32000
STR/20003,28-02-2023 19:05,BRG104,Kopi Bubuk,Pembeli Fiktif 001,10,9500
STR/20004,13-12-2023 15:01,BRG105,Teh Celup,Pembeli Fiktif 002,4,7000
STR/20004,13-12-2023 15:01,BRG104,Kopi Bubuk,Pembeli Fiktif 002,4,9500
STR/20004,13-12-2023 15:01,BRG106,Sabun Cuci,Pembeli Fiktif 002,8,4500
STR/20005,18-02-2023 08:08,BRG103,Beras 5kg,Pembeli Fiktif 003,7,68000
STR/20005,18-02-2023 08:08,BRG106,Sabun Cuci,Pembeli Fiktif 003,1,4500
STR/20006,26-02-2023 20:34,BRG102,Minyak 2L,Pembeli Fiktif 003,5,32000
STR/20007,25-03-2023 12:59,BRG101,Gula 1kg,Pembeli Fiktif 003,11,14500
STR/20007,25-03-2023 12:59,BRG103,Beras 5kg,Pembeli Fiktif 003,1,68000
STR/20007,25-03-2023 12:59,BRG102,Minyak 2L,Pembeli Fiktif 003,6,32000
STR/20008,06-04-2023 16:01,BRG101,Gula 1kg,Pembeli Fiktif 003,7,14500
STR/20008,06-04-2023 16:01,BRG103,Beras 5kg,Pembeli Fiktif 003,4,68000
STR/20008,06-04-2023 16:01,BRG106,Sabun Cuci,Pembeli Fiktif 003,3,4500
STR/20009,12-04-2023 13:30,BRG101,Gula 1kg,Pembeli Fiktif 003,7,14500
STR/20009,12-04-2023 13:30,BRG106,Sabun Cuci,Pembeli Fiktif 003,2,4500
STR/20009,12-04-2023 13:30,BRG103,Beras 5kg,Pembeli Fiktif 003,4,68000
STR/20010,02-05-2023 11:48,BRG105,Teh Celup,Pembeli Fiktif 003,9,7000
STR/20011,11-05-2023 11:56,BRG104,Kopi Bubuk,Pembeli Fiktif 003,6,9500
STR/20012,16-06-2023 15:37,BRG105,Teh Celup,Pembeli Fiktif 003,7,7000
STR/20012,16-06-2023 15:37,BRG101,Gula 1kg,Pembeli Fiktif 003,4,14500
STR/20013,30-07-2023 13:35,BRG101,Gula 1kg,Pembeli Fiktif 003,8,14500
STR/20014,05-08-2023 10:01,BRG102,Minyak 2L,Pembeli Fiktif 003,9,32000
STR/20014,05-08-2023 10:01,BRG103,Beras 5kg,Pembeli Fiktif 003,8,68000
STR/20015,07-08-2023 12:54,BRG104,Kopi Bubuk,Pembeli Fiktif 003,5,9500
STR/20016,13-08-2023 13:49,BRG101,Gula 1kg,Pembeli Fiktif 003,8,14500
STR/20016,13-08-2023 13:49,BRG105,Teh Celup,Pembeli Fiktif 003,11,7000
STR/20016,13-08-2023 13:49,BRG106,Sabun Cuci,Pembeli Fiktif 003,11,4500
STR/20017,08-09-2023 16:08,BRG105,Teh Celup,Pembeli Fiktif 003,5,7000
STR/20017,08-09-2023 16:08,BRG103,Beras 5kg,Pembeli Fiktif 003,7,68000
STR/20017,08-09-2023 16:08,BRG101,Gula 1kg,Pembeli Fiktif 003,12,14500
STR/20018,15-10-2023 13:45,BRG104,Kopi Bubuk,Pembeli Fiktif 003,11,9500
STR/20018,15-10-2023 13:45,BRG102,Minyak 2L,Pembeli Fiktif 003,4,32000
STR/20018,15-10-2023 13:45,BRG101,Gula 1kg,Pembeli Fiktif 003,9,14500
STR/20019,08-01-2024 10:32,BRG106,Sabun Cuci,Pembeli Fiktif 004,11,4500
STR/20019,08-01-2024 10:32,BRG102,Minyak 2L,Pembeli Fiktif 004,7,32000
STR/20020,24-01-2024 15:29,BRG102,Minyak 2L,Pembeli Fiktif 004,9,32000
STR/20020,24-01-2024 15:29,BRG101,Gula 1kg,Pembeli Fiktif 004,11,14500
STR/20021,18-05-2024 18:52,BRG102,Minyak 2L,Pembeli Fiktif 004,9,32000
STR/20021,18-05-2024 18:52,BRG106,Sabun Cuci,Pembeli Fiktif 004,12,4500
STR/20021,18-05-2024 18:52,BRG103,Beras 5kg,Pembeli Fiktif 004,5,68000
STR/20022,10-06-2024 13:02,BRG106,Sabun Cuci,Pembeli Fiktif 004,6,4500
STR/20023,19-06-2024 16:14,BRG104,Kopi Bubuk,Pembeli Fiktif 004,11,9500
STR/20024,13-08-2024 13:55,BRG105,Teh Celup,Pembeli Fiktif 004,3,7000
STR/20024,13-08-2024 13:55,BRG102,Minyak 2L,Pembeli Fiktif 004,4,32000
STR/20024,13-08-2024 13:55,BRG101,Gula 1kg,Pembeli Fiktif 004,6,14500
STR/20025,08-09-2024 11:51,BRG105,Teh Celup,Pembeli Fiktif 004,2,7000
STR/20026,24-10-2024 19:23,BRG101,Gula 1kg,Pembeli Fiktif 004,12,14500
STR/20027,08-11-2024 20:31,BRG105,Teh Celup,Pembeli Fiktif 004,8,7000
STR/20028,14-11-2024 10:20,BRG103,Beras 5kg,Pembeli Fiktif 004,6,68000
STR/20028,14-11-2024 10:20,BRG105,Teh Celup,Pembeli Fiktif 004,1,7000
STR/20028,14-11-2024 10:20,BRG102,Minyak 2L,Pembeli Fiktif 004,8,32000
STR/20029,12-06-2023 16:05,BRG105,Teh Celup,Pembeli Fiktif 005,2,7000
STR/20030,19-06-2023 19:59,BRG104,Kopi Bubuk,Pembeli Fiktif 005,4,9500
STR/20030,19-06-2023 19:59,BRG106,Sabun Cuci,Pembeli Fiktif 005,6,4500
STR/20030,19-06-2023 19:59,BRG101,Gula 1kg,Pembeli Fiktif 005,5,14500
STR/20031,25-07-2023 14:59,BRG104,Kopi Bubuk,Pembeli Fiktif 005,11,9500
STR/20031,25-07-2023 14:59,BRG105,Teh Celup,Pembeli Fiktif 005,2,7000
STR/20032,06-09-2023 15:00,BRG104,Kopi Bubuk,Pembeli Fiktif 005,5,9500
STR/20032,06-09-2023 15:00,BRG102,Minyak 2L,Pembeli Fiktif 005,1,32000
STR/20032,06-09-2023 15:00,BRG106,Sabun Cuci,Pembeli Fiktif 005,8,4500
STR/20033,08-09-2023 20:28,BRG104,Kopi Bubuk,Pembeli Fiktif 005,2,9500
STR/20033,08-09-2023 20:28,BRG105,Teh Celup,Pembeli Fiktif 005,4,7000
STR/20034,27-09-2023 16:10,BRG104,Kopi Bubuk,Pembeli Fiktif 005,1,9500
STR/20034,27-09-2023 16:10,BRG101,Gula 1kg,Pembeli Fiktif 005,3,14500
STR/20034,27-09-2023 16:10,BRG105,Teh Celup,Pembeli Fiktif 005,7,7000
STR/20035,28-09-2023 19:02,BRG105,Teh Celup,Pembeli Fiktif 005,5,7000
STR/20035,28-09-2023 19:02,BRG102,Minyak 2L,Pembeli Fiktif 005,10,32000
STR/20036,04-10-2023 09:21,BRG101,Gula 1kg,Pembeli Fiktif 005,4,14500
STR/20037,29-10-2023 15:39,BRG103,Beras 5kg,Pembeli Fiktif 005,2,68000
STR/20038,16-11-2023 09:53,BRG102,Minyak 2L,Pembeli Fiktif 005,8,32000
STR/20038,16-11-2023 09:53,BRG101,Gula 1kg,Pembeli Fiktif 005,5,14500
STR/20039,19-11-2023 10:38,BRG102,Minyak 2L,Pembeli Fiktif 005,7,32000
STR/20039,19-11-2023 10:38,BRG104,Kopi Bubuk,Pembeli Fiktif 005,12,9500
STR/20039,19-11-2023 10:38,BRG101,Gula 1kg,Pembeli Fiktif 005,8,14500
STR/20040,28-11-2023 17:31,BRG105,Teh Celup,Pembeli Fiktif 005,6,7000
STR/20040,28-11-2023 17:31,BRG102,Minyak 2L,Pembeli Fiktif 005,5,32000
STR/20041,04-12-2023 19:18,BRG102,Minyak 2L,Pembeli Fiktif 005,3,32000
STR/20042,29-12-2023 19:42,BRG105,Teh Celup,Pembeli Fiktif 005,9,7000
STR/20043,01-03-2024 17:56,BRG104,Kopi Bubuk,Pembeli Fiktif 005,6,9500
STR/20043,01-03-2024 17:56,BRG101,Gula 1kg,Pembeli Fiktif 005,2,14500
STR/20043,01-03-2024 17:56,BRG103,Beras 5kg,Pembeli Fiktif 005,1,68000
STR/20044,22-03-2024 14:44,BRG102,Minyak 2L,Pembeli Fiktif 005,5,32000
STR/20044,22-03-2024 14:44,BRG101,Gula 1kg,Pembeli Fiktif 005,5,14500
STR/20044,22-03-2024 14:44,BRG106,Sabun Cuci,Pembeli Fiktif 005,8,4500
STR/20045,20-04-2024 13:38,BRG103,Beras 5kg,Pembeli Fiktif 005,1,68000
STR/20045,20-04-2024 13:38,BRG101,Gula 1kg,Pembeli Fiktif 005,8,14500
STR/20045,20-04-2024 13:38,BRG102,Minyak 2L,Pembeli Fiktif 005,11,32000
STR/20046,22-04-2024 10:10,BRG102,Minyak 2L,Pembeli Fiktif 005,10,32000
STR/20046,22-04-2024 10:10,BRG104,Kopi Bubuk,Pembeli Fiktif 005,11,9500
STR/20046,22-04-2024 10:10,BRG101,Gula 1kg,Pembeli Fiktif 005,8,14500
STR/20047,15-05-2024 18:13,BRG102,Minyak 2L,Pembeli Fiktif 005,5,32000
STR/20047,15-05-2024 18:13,BRG103,Beras 5kg,Pembeli Fiktif 005,3,68000
STR/20048,27-05-2024 18:21,BRG105,Teh Celup,Pembeli Fiktif 005,11,7000
STR/20049,03-06-2024 09:39,BRG103,Beras 5kg,Pembeli Fiktif 005,2,68000
STR/20049,03-06-2024 09:39,BRG105,Teh Celup,Pembeli Fiktif 005,8,7000
STR/20049,03-06-2024 09:39,BRG104,Kopi Bubuk,Pembeli Fiktif 005,6,9500
STR/20050,05-06-2024 19:55,BRG101,Gula 1kg,Pembeli Fiktif 005,5,14500
STR/20050,05-06-2024 19:55,BRG105,Teh Celup,Pembeli Fiktif 005,9,7000
STR/20051,09-06-2024 12:16,BRG106,Sabun Cuci,Pembeli Fiktif 005,5,4500
STR/20051,09-06-2024 12:16,BRG104,Kopi Bubuk,Pembeli Fiktif 005,5,9500
STR/20052,12-06-2024 16:42,BRG104,Kopi Bubuk,Pembeli Fiktif 005,12,9500
STR/20052,12-06-2024 16:42,BRG102,Minyak 2L,Pembeli Fiktif 005,6,32000
STR/20052,12-06-2024 16:42,BRG106,Sabun Cuci,Pembeli Fiktif 005,1,4500
STR/20053,22-06-2024 09:39,BRG103,Beras 5kg,Pembeli Fiktif 005,2,68000
STR/20054,24-06-2024 10:22,BRG105,Teh Celup,Pembeli Fiktif 005,8,7000
STR/20054,24-06-2024 10:22,BRG106,Sabun Cuci,Pembeli Fiktif 005,11,4500
STR/20054,24-06-2024 10:22,BRG102,Minyak 2L,Pembeli Fiktif 005,11,32000
STR/20055,21-08-2024 15:52,BRG102,Minyak 2L,Pembeli Fiktif 005,3,32000
STR/20056,12-09-2024 13:21,BRG104,Kopi Bubuk,Pembeli Fiktif 005,5,9500
STR/20056,12-09-2024 13:21,BRG103,Beras 5kg,Pembeli Fiktif 005,8,68000
STR/20057,07-10-2024 08:21,BRG101,Gula 1kg,Pembeli Fiktif 005,10,14500
STR/20057,07-10-2024 08:21,BRG102,Minyak 2L,Pembeli Fiktif 005,9,32000
STR/20058,11-10-2024 20:13,BRG103,Beras 5kg,Pembeli Fiktif 005,10,68000
STR/20059,23-10-2024 19:31,BRG104,Kopi Bubuk,Pembeli Fiktif 005,1,9500
STR/20059,23-10-2024 19:31,BRG105,Teh Celup,Pembeli Fiktif 005,8,7000
STR/20059,23-10-2024 19:31,BRG101,Gula 1kg,Pembeli Fiktif 005,11,14500
STR/20060,01-11-2024 10:29,BRG103,Beras 5kg,Pembeli Fiktif 005,7,68000
STR/20061,07-11-2024 16:26,BRG102,Minyak 2L,Pembeli Fiktif 005,3,32000
STR/20062,19-11-2024 10:13,BRG105,Teh Celup,Pembeli Fiktif 005,9,7000
STR/20063,01-04-2024 17:19,BRG101,Gula 1kg,Pembeli Fiktif 006,1,14500
STR/20064,14-04-2024 17:07,BRG101,Gula 1kg,Pembeli Fiktif 006,12,14500
STR/20064,14-04-2024 17:07,BRG105,Teh Celup,Pembeli Fiktif 006,7,7000
STR/20064,14-04-2024 17:07,BRG103,Beras 5kg,Pembeli Fiktif 006,2,68000
STR/20065,02-06-2024 17:41,BRG106,Sabun Cuci,Pembeli Fiktif 006,7,4500
STR/20066,27-06-2024 15:03,BRG101,Gula 1kg,Pembeli Fiktif 006,7,14500
STR/20067,20-03-2023 08:18,BRG104,Kopi Bubuk,Pembeli Fiktif 007,11,9500
STR/20067,20-03-2023 08:18,BRG105,Teh Celup,Pembeli Fiktif 007,2,7000
STR/20067,20-03-2023 08:18,BRG101,Gula 1kg,Pembeli Fiktif 007,11,14500
STR/20068,22-03-2023 10:39,BRG101,Gula 1kg,Pembeli Fiktif 007,2,14500
STR/20068,22-03-2023 10:39,BRG106,Sabun Cuci,Pembeli Fiktif 007,3,4500
STR/20068,22-03-2023 10:39,BRG104,Kopi Bubuk,Pembeli Fiktif 007,8,9500
STR/20069,20-04-2023 20:52,BRG106,Sabun Cuci,Pembeli Fiktif 007,3,4500
STR/20069,20-04-2023 20:52,BRG101,Gula 1kg,Pembeli Fiktif 007,10,14500
STR/20069,20-04-2023 20:52,BRG104,Kopi Bubuk,Pembeli Fiktif 007,5,9500
STR/20070,05-05-2023 16:00,BRG106,Sabun Cuci,Pembeli Fiktif 007,8,4500
STR/20070,05-05-2023 16:00,BRG105,Teh Celup,Pembeli Fiktif 007,2,7000
STR/20070,05-05-2023 16:00,BRG103,Beras 5kg,Pembeli Fiktif 007,2,68000
STR/20071,12-05-2023 12:27,BRG103,Beras 5kg,Pembeli Fiktif 007,12,68000
STR/20071,12-05-2023 12:27,BRG105,Teh Celup,Pembeli Fiktif 007,4,7000
STR/20072,25-05-2023 20:10,BRG104,Kopi Bubuk,Pembeli Fiktif 007,3,9500
STR/20072,25-05-2023 20:10,BRG105,Teh Celup,Pembeli Fiktif 007,12,7000
STR/20073,01-06-2023 13:35,BRG106,Sabun Cuci,Pembeli Fiktif 007,7,4500
STR/20073,01-06-2023 13:35,BRG103,Beras 5kg,Pembeli Fiktif 007,1,68000
STR/20073,01-06-2023 13:35,BRG104,Kopi Bubuk,Pembeli Fiktif 007,11,9500
STR/20074,12-06-2023 19:07,BRG106,Sabun Cuci,Pembeli Fiktif 007,1,4500
STR/20074,12-06-2023 19:07,BRG105,Teh Celup,Pembeli Fiktif 007,2,7000
STR/20075,17-06-2023 18:28,BRG102,Minyak 2L,Pembeli Fiktif 007,5,32000
STR/20076,25-06-2023 08:05,BRG101,Gula 1kg,Pembeli Fiktif 007,8,14500
STR/20076,25-06-2023 08:05,BRG105,Teh Celup,Pembeli Fiktif 007,3,7000
STR/20076,25-06-2023 08:05,BRG103,Beras 5kg,Pembeli Fiktif 007,6,68000
STR/20077,30-06-2023 20:06,BRG106,Sabun Cuci,Pembeli Fiktif 007,2,4500
STR/20077,30-06-2023 20:06,BRG101,Gula 1kg,Pembeli Fiktif 007,2,14500
STR/20077,30-06-2023 20:06,BRG102,Minyak 2L,Pembeli Fiktif 007,10,32000
STR/20078,02-07-2023 19:23,BRG101,Gula 1kg,Pembeli Fiktif 007,10,14500
STR/20078,02-07-2023 19:23,BRG105,Teh Celup,Pembeli Fiktif 007,1,7000
STR/20078,02-07-2023 19:23,BRG102,Minyak 2L,Pembeli Fiktif 007,2,32000
STR/20079,03-07-2023 20:53,BRG106,Sabun Cuci,Pembeli Fiktif 007,6,4500
STR/20079,03-07-2023 20:53,BRG101,Gula 1kg,Pembeli Fiktif 007,9,14500
STR/20079,03-07-2023 20:53,BRG105,Teh Celup,Pembeli Fiktif 007,2,7000
STR/20080,13-07-2023 16:08,BRG106,Sabun Cuci,Pembeli Fiktif 007,1,4500
STR/20080,13-07-2023 16:08,BRG103,Beras 5kg,Pembeli Fiktif 007,8,68000
STR/20081,31-07-2023 17:04,BRG101,Gula 1kg,Pembeli Fiktif 007,3,14500
STR/20082,02-08-2023 11:28,BRG106,Sabun Cuci,Pembeli Fiktif 007,2,4500
STR/20082,02-08-2023 11:28,BRG101,Gula 1kg,Pembeli Fiktif 007,4,14500
STR/20082,02-08-2023 11:28,BRG102,Minyak 2L,Pembeli Fiktif 007,4,32000
STR/20083,14-08-2023 09:58,BRG103,Beras 5kg,Pembeli Fiktif 007,7,68000
STR/20084,01-10-2023 09:12,BRG106,Sabun Cuci,Pembeli Fiktif 007,5,4500
STR/20084,01-10-2023 09:12,BRG103,Beras 5kg,Pembeli Fiktif 007,7,68000
STR/20085,08-10-2023 10:17,BRG106,Sabun Cuci,Pembeli Fiktif 007,7,4500
STR/20086,14-10-2023 20:37,BRG106,Sabun Cuci,Pembeli Fiktif 007,9,4500
STR/20086,14-10-2023 20:37,BRG102,Minyak 2L,Pembeli Fiktif 007,11,32000
STR/20086,14-10-2023 20:37,BRG104,Kopi Bubuk,Pembeli Fiktif 007,9,9500
STR/20087,15-10-2023 11:34,BRG103,Beras 5kg,Pembeli Fiktif 007,5,68000
STR/20087,15-10-2023 11:34,BRG102,Minyak 2L,Pembeli Fiktif 007,3,32000
STR/20088,26-10-2023 08:22,BRG101,Gula 1kg,Pembeli Fiktif 007,5,14500
STR/20088,26-10-2023 08:22,BRG104,Kopi Bubuk,Pembeli Fiktif 007,9,9500
STR/20089,01-11-2023 16:55,BRG105,Teh Celup,Pembeli Fiktif 007,7,7000
STR/20089,01-11-2023 16:55,BRG102,Minyak 2L,Pembeli Fiktif 007,2,32000
STR/20090,02-11-2023 10:24,BRG106,Sabun Cuci,Pembeli Fiktif 007,6,4500
STR/20090,02-11-2023 10:24,BRG101,Gula 1kg,Pembeli Fiktif 007,8,14500
STR/20091,18-12-2023 14:38,BRG102,Minyak 2L,Pembeli Fiktif 007,2,32000
STR/20091,18-12-2023 14:38,BRG106,Sabun Cuci,Pembeli Fiktif 007,9,4500
STR/20092,11-01-2024 16:43,BRG101,Gula 1kg,Pembeli Fiktif 007,5,14500
STR/20093,19-01-2024 15:27,BRG105,Teh Celup,Pembeli Fiktif 007,10,7000
STR/20094,02-02-2024 17:51,BRG105,Teh Celup,Pembeli Fiktif 007,9,7000
STR/20095,09-03-2024 08:14,BRG105,Teh Celup,Pembeli Fiktif 007,7,7000
STR/20095,09-03-2024 08:14,BRG101,Gula 1kg,Pembeli Fiktif 007,6,14500
STR/20095,09-03-2024 08:14,BRG106,Sabun Cuci,Pembeli Fiktif 007,12,4500
STR/20096,11-03-2024 11:27,BRG105,Teh Celup,Pembeli Fiktif 007,2,7000
STR/20097,15-03-2024 13:16,BRG102,Minyak 2L,Pembeli Fiktif 007,1,32000
STR/20097,15-03-2024 13:16,BRG103,Beras 5kg,Pembeli Fiktif 007,4,68000
STR/20097,15-03-2024 13:16,BRG106,Sabun Cuci,Pembeli Fiktif 007,11,4500
STR/20098,05-04-2024 17:34,BRG102,Minyak 2L,Pembeli Fiktif 007,4,32000
STR/20098,05-04-2024 17:34,BRG103,Beras 5kg,Pembeli Fiktif 007,11,68000
STR/20099,12-04-2024 15:02,BRG102,Minyak 2L,Pembeli Fiktif 007,11,32000
STR/20099,12-04-2024 15:02,BRG104,Kopi Bubuk,Pembeli Fiktif 007,4,9500
STR/20100,24-04-2024 17:56,BRG106,Sabun Cuci,Pembeli Fiktif 007,11,4500
STR/20100,24-04-2024 17:56,BRG101,Gula 1kg,Pembeli Fiktif 007,7,14500
STR/20100,24-04-2024 17:56,BRG104,Kopi Bubuk,Pembeli Fiktif 007,4,9500
STR/20101,05-05-2024 17:38,BRG105,Teh Celup,Pembeli Fiktif 007,3,7000
STR/20101,05-05-2024 17:38,BRG104,Kopi Bubuk,Pembeli Fiktif 007,1,9500
STR/20101,05-05-2024 17:38,BRG102,Minyak 2L,Pembeli Fiktif 007,9,32000
STR/20102,10-05-2024 18:26,BRG104,Kopi Bubuk,Pembeli Fiktif 007,2,9500
STR/20103,13-05-2024 15:54,BRG102,Minyak 2L,Pembeli Fiktif 007,12,32000
STR/20103,13-05-2024 15:54,BRG101,Gula 1kg,Pembeli Fiktif 007,8,14500
STR/20104,25-05-2024 17:48,BRG106,Sabun Cuci,Pembeli Fiktif 007,5,4500
STR/20104,25-05-2024 17:48,BRG103,Beras 5kg,Pembeli Fiktif 007,1,68000
STR/20105,26-05-2024 16:49,BRG105,Teh Celup,Pembeli Fiktif 007,5,7000
STR/20105,26-05-2024 16:49,BRG104,Kopi Bubuk,Pembeli Fiktif 007,7,9500
STR/20105,26-05-2024 16:49,BRG101,Gula 1kg,Pembeli Fiktif 007,6,14500
STR/20106,27-06-2024 08:25,BRG104,Kopi Bubuk,Pembeli Fiktif 007,3,9500
STR/20107,29-06-2024 11:39,BRG101,Gula 1kg,Pembeli Fiktif 007,6,14500
STR/20107,29-06-2024 11:39,BRG105,Teh Celup,Pembeli Fiktif 007,7,7000
STR/20107,29-06-2024 11:39,BRG106,Sabun Cuci,Pembeli Fiktif 007,7,4500
STR/20108,04-07-2024 19:36,BRG103,Beras 5kg,Pembeli Fiktif 007,6,68000
STR/20108,04-07-2024 19:36,BRG104,Kopi Bubuk,Pembeli Fiktif 007,1,9500
STR/20108,04-07-2024 19:36,BRG101,Gula 1kg,Pembeli Fiktif 007,6,14500
STR/20109,15-07-2024 09:11,BRG103,Beras 5kg,Pembeli Fiktif 007,4,68000
STR/20110,20-07-2024 15:18,BRG101,Gula 1kg,Pembeli Fiktif 007,5,14500
STR/20110,20-07-2024 15:18,BRG102,Minyak 2L,Pembeli Fiktif 007,6,32000
STR/20110,20-07-2024 15:18,BRG104,Kopi Bubuk,Pembeli Fiktif 007,1,9500
STR/20111,24-07-2024 17:57,BRG105,Teh Celup,Pembeli Fiktif 007,8,7000
STR/20111,24-07-2024 17:57,BRG104,Kopi Bubuk,Pembeli Fiktif 007,8,9500
STR/20111,24-07-2024 17:57,BRG103,Beras 5kg,Pembeli Fiktif 007,9,68000
STR/20112,26-07-2024 13:36,BRG101,Gula 1kg,Pembeli Fiktif 007,9,14500
STR/20112,26-07-2024 13:36,BRG106,Sabun Cuci,Pembeli Fiktif 007,8,4500
STR/20112,26-07-2024 13:36,BRG103,Beras 5kg,Pembeli Fiktif 007,3,68000
STR/20113,27-07-2024 10:20,BRG103,Beras 5kg,Pembeli Fiktif 007,7,68000
STR/20113,27-07-2024 10:20,BRG102,Minyak 2L,Pembeli Fiktif 007,10,32000
STR/20114,29-07-2024 08:19,BRG105,Teh Celup,Pembeli Fiktif 007,2,7000
STR/20114,29-07-2024 08:19,BRG104,Kopi Bubuk,Pembeli Fiktif 007,2,9500
STR/20115,18-08-2024 16:34,BRG105,Teh Celup,Pembeli Fiktif 007,7,7000
STR/20116,24-08-2024 15:40,BRG102,Minyak 2L,Pembeli Fiktif 007,11,32000
STR/20116,24-08-2024 15:40,BRG101,Gula 1kg,Pembeli Fiktif 007,5,14500
STR/20116,24-08-2024 15:40,BRG103,Beras 5kg,Pembeli Fiktif 007,10,68000
STR/20117,08-09-2024 16:58,BRG101,Gula 1kg,Pembeli Fiktif 007,9,14500
STR/20118,18-10-2024 10:06,BRG101,Gula 1kg,Pembeli Fiktif 007,12,14500
STR/20119,17-11-2024 14:05,BRG106,Sabun Cuci,Pembeli Fiktif 007,5,4500
STR/20120,20-11-2024 15:07,BRG103,Beras 5kg,Pembeli Fiktif 007,4,68000
STR/20121,14-08-2024 18:53,BRG101,Gula 1kg,Pembeli Fiktif 008,6,14500
STR/20121,14-08-2024 18:53,BRG104,Kopi Bubuk,Pembeli Fiktif 008,12,9500
STR/20121,14-08-2024 18:53,BRG103,Beras 5kg,Pembeli Fiktif 008,9,68000
STR/20122,09-03-2024 10:27,BRG103,Beras 5kg,Pembeli Fiktif 009,9,68000
STR/20123,11-03-2024 17:02,BRG105,Teh Celup,Pembeli Fiktif 009,2,7000
STR/20123,11-03-2024 17:02,BRG103,Beras 5kg,Pembeli Fiktif 009,5,68000
STR/20124,14-03-2024 16:56,BRG104,Kopi Bubuk,Pembeli Fiktif 009,11,9500
STR/20125,13-04-2024 15:43,BRG103,Beras 5kg,Pembeli Fiktif 009,2,68000
STR/20125,13-04-2024 15:43,BRG105,Teh Celup,Pembeli Fiktif 009,4,7000
STR/20125,13-04-2024 15:43,BRG106,Sabun Cuci,Pembeli Fiktif 009,12,4500
STR/20126,16-04-2024 09:09,BRG104,Kopi Bubuk,Pembeli Fiktif 009,8,9500
STR/20127,02-05-2024 09:32,BRG101,Gula 1kg,Pembeli Fiktif 009,4,14500
STR/20127,02-05-2024 09:32,BRG104,Kopi Bubuk,Pembeli Fiktif 009,3,9500
STR/20128,04-05-2024 15:48,BRG106,Sabun Cuci,Pembeli Fiktif 009,10,4500
STR/20128,04-05-2024 15:48,BRG103,Beras 5kg,Pembeli Fiktif 009,2,68000
STR/20129,05-05-2024 16:05,BRG103,Beras 5kg,Pembeli Fiktif 009,4,68000
STR/20130,13-08-2024 16:22,BRG102,Minyak 2L,Pembeli Fiktif 010,6,32000
STR/20130,13-08-2024 16:22,BRG103,Beras 5kg,Pembeli Fiktif 010,3,68000
STR/20130,13-08-2024 16:22,BRG106,Sabun Cuci,Pembeli Fiktif 010,1,4500
STR/20131,31-08-2024 18:03,BRG105,Teh Celup,Pembeli Fiktif 010,2,7000
STR/20132,06-09-2024 13:08,BRG104,Kopi Bubuk,Pembeli Fiktif 010,7,9500
STR/20132,06-09-2024 13:08,BRG103,Beras 5kg,Pembeli Fiktif 010,3,68000
STR/20133,22-11-2024 11:50,BRG103,Beras 5kg,Pembeli Fiktif 010,1,68000
STR/20133,22-11-2024 11:50,BRG105,Teh Celup,Pembeli Fiktif 010,12,7000
STR/20134,26-11-2024 19:55,BRG103,Beras 5kg,Pembeli Fiktif 010,4,68000
STR/20134,26-11-2024 19:55,BRG104,Kopi Bubuk,Pembeli Fiktif 010,1,9500
STR/20135,19-12-2024 17:00,BRG102,Minyak 2L,Pembeli Fiktif 010,6,32000
STR/20135,19-12-2024 17:00,BRG105,Teh Celup,Pembeli Fiktif 010,11,7000
STR/20135,19-12-2024 17:00,BRG103,Beras 5kg,Pembeli Fiktif 010,10,68000
STR/20136,26-11-2024 14:50,BRG106,Sabun Cuci,Pembeli Fiktif 011,5,4500
STR/20136,26-11-2024 14:50,BRG103,Beras 5kg,Pembeli Fiktif 011,9,68000
STR/20136,26-11-2024 14:50,BRG102,Minyak 2L,Pembeli Fiktif 011,6,32000
STR/20137,13-11-2023 15:15,BRG106,Sabun Cuci,Pembeli Fiktif 012,2,4500
STR/20137,13-11-2023 15:15,BRG102,Minyak 2L,Pembeli Fiktif 012,3,32000
STR/20137,13-11-2023 15:15,BRG105,Teh Celup,Pembeli Fiktif 012,5,7000
STR/20138,10-12-2023 17:45,BRG106,Sabun Cuci,Pembeli Fiktif 012,7,4500
STR/20138,10-12-2023 17:45,BRG105,Teh Celup,Pembeli Fiktif 012,2,7000
STR/20138,10-12-2023 17:45,BRG104,Kopi Bubuk,Pembeli Fiktif 012,9,9500
STR/20139,24-12-2023 12:01,BRG102,Minyak 2L,Pembeli Fiktif 012,3,32000
STR/20139,24-12-2023 12:01,BRG106,Sabun Cuci,Pembeli Fiktif 012,9,4500
STR/20139,24-12-2023 12:01,BRG105,Teh Celup,Pembeli Fiktif 012,9,7000
STR/20140,01-01-2024 13:46,BRG103,Beras 5kg,Pembeli Fiktif 012,3,68000
STR/20141,09-02-2024 08:33,BRG103,Beras 5kg,Pembeli Fiktif 012,12,68000
STR/20141,09-02-2024 08:33,BRG102,Minyak 2L,Pembeli Fiktif 012,2,32000
STR/20141,09-02-2024 08:33,BRG105,Teh Celup,Pembeli Fiktif 012,6,7000
STR/20142,17-10-2023 18:17,BRG102,Minyak 2L,Pembeli Fiktif 013,8,32000
STR/20142,17-10-2023 18:17,BRG103,Beras 5kg,Pembeli Fiktif 013,1,68000
STR/20142,17-10-2023 18:17,BRG105,Teh Celup,Pembeli Fiktif 013,2,7000
STR/20143,14-03-2024 14:30,BRG103,Beras 5kg,Pembeli Fiktif 013,12,68000
STR/20143,14-03-2024 14:30,BRG105,Teh Celup,Pembeli Fiktif 013,5,7000
STR/20143,14-03-2024 14:30,BRG106,Sabun Cuci,Pembeli Fiktif 013,8,4500
STR/20144,07-04-2024 19:39,BRG105,Teh Celup,Pembeli Fiktif 013,10,7000
STR/20144,07-04-2024 19:39,BRG106,Sabun Cuci,Pembeli Fiktif 013,2,4500
STR/20144,07-04-2024 19:39,BRG104,Kopi Bubuk,Pembeli Fiktif 013,2,9500
STR/20145,18-04-2024 11:51,BRG104,Kopi Bubuk,Pembeli Fiktif 013,12,9500
STR/20145,18-04-2024 11:51,BRG106,Sabun Cuci,Pembeli Fiktif 013,5,4500
STR/20145,18-04-2024 11:51,BRG103,Beras 5kg,Pembeli Fiktif 013,11,68000
STR/20146,14-06-2024 13:22,BRG106,Sabun Cuci,Pembeli Fiktif 013,6,4500
STR/20146,14-06-2024 13:22,BRG103,Beras 5kg,Pembeli Fiktif 013,6,68000
STR/20146,14-06-2024 13:22,BRG101,Gula 1kg,Pembeli Fiktif 013,5,14500
STR/20147,11-09-2024 08:42,BRG101,Gula 1kg,Pembeli Fiktif 013,6,14500
STR/20147,11-09-2024 08:42,BRG104,Kopi Bubuk,Pembeli Fiktif 013,10,9500
STR/20147,11-09-2024 08:42,BRG102,Minyak 2L,Pembeli Fiktif 013,4,32000
STR/20148,20-09-2024 20:34,BRG103,Beras 5kg,Pembeli Fiktif 013,7,68000
STR/20148,20-09-2024 20:34,BRG101,Gula 1kg,Pembeli Fiktif 013,2,14500
STR/20148,20-09-2024 20:34,BRG105,Teh Celup,Pembeli Fiktif 013,9,7000
STR/20149,26-09-2024 12:27,BRG106,Sabun Cuci,Pembeli Fiktif 013,4,4500
STR/20149,26-09-2024 12:27,BRG105,Teh Celup,Pembeli Fiktif 013,12,7000
STR/20150,23-10-2023 09:59,BRG106,Sabun Cuci,Pembeli Fiktif 014,2,4500
STR/20151,10-11-2023 15:57,BRG101,Gula 1kg,Pembeli Fiktif 014,11,14500
STR/20151,10-11-2023 15:57,BRG106,Sabun Cuci,Pembeli Fiktif 014,1,4500
STR/20152,12-11-2023 19:00,BRG104,Kopi Bubuk,Pembeli Fiktif 014,1,9500
STR/20153,21-11-2023 09:26,BRG104,Kopi Bubuk,Pembeli Fiktif 014,2,9500
STR/20153,21-11-2023 09:26,BRG103,Beras 5kg,Pembeli Fiktif 014,3,68000
STR/20154,28-11-2023 14:50,BRG103,Beras 5kg,Pembeli Fiktif 014,5,68000
STR/20155,12-12-2023 14:09,BRG101,Gula 1kg,Pembeli Fiktif 014,1,14500
STR/20155,12-12-2023 14:09,BRG103,Beras 5kg,Pembeli Fiktif 014,10,68000
STR/20156,24-12-2023 09:47,BRG106,Sabun Cuci,Pembeli Fiktif 014,10,4500
STR/20157,12-02-2024 11:35,BRG101,Gula 1kg,Pembeli Fiktif 014,5,14500
STR/20157,12-02-2024 11:35,BRG103,Beras 5kg,Pembeli Fiktif 014,8,68000
STR/20158,22-02-2024 16:07,BRG106,Sabun Cuci,Pembeli Fiktif 014,2,4500
STR/20158,22-02-2024 16:07,BRG102,Minyak 2L,Pembeli Fiktif 014,7,32000
STR/20158,22-02-2024 16:07,BRG104,Kopi Bubuk,Pembeli Fiktif 014,9,9500
STR/20159,18-03-2024 20:51,BRG103,Beras 5kg,Pembeli Fiktif 014,4,68000
STR/20160,23-03-2024 09:42,BRG101,Gula 1kg,Pembeli Fiktif 014,6,14500
STR/20160,23-03-2024 09:42,BRG106,Sabun Cuci,Pembeli Fiktif 014,4,4500
STR/20160,23-03-2024 09:42,BRG102,Minyak 2L,Pembeli Fiktif 014,3,32000
STR/20161,02-04-2024 16:11,BRG104,Kopi Bubuk,Pembeli Fiktif 014,12,9500
STR/20161,02-04-2024 16:11,BRG103,Beras 5kg,Pembeli Fiktif 014,5,68000
STR/20162,05-04-2024 19:32,BRG103,Beras 5kg,Pembeli Fiktif 014,7,68000
STR/20162,05-04-2024 19:32,BRG101,Gula 1kg,Pembeli Fiktif 014,5,14500
STR/20163,06-04-2024 17:49,BRG106,Sabun Cuci,Pembeli Fiktif 014,6,4500
STR/20163,06-04-2024 17:49,BRG103,Beras 5kg,Pembeli Fiktif 014,2,68000
STR/20164,11-04-2024 18:36,BRG105,Teh Celup,Pembeli Fiktif 014,9,7000
STR/20165,21-04-2024 19:54,BRG105,Teh Celup,Pembeli Fiktif 014,6,7000
STR/20165,21-04-2024 19:54,BRG104,Kopi Bubuk,Pembeli Fiktif 014,5,9500
STR/20165,21-04-2024 19:54,BRG102,Minyak 2L,Pembeli Fiktif 014,2,32000
STR/20166,19-05-2024 16:30,BRG104,Kopi Bubuk,Pembeli Fiktif 014,10,9500
STR/20167,26-05-2024 08:29,BRG102,Minyak 2L,Pembeli Fiktif 014,7,32000
STR/20168,27-05-2024 11:01,BRG106,Sabun Cuci,Pembeli Fiktif 014,8,4500
STR/20169,28-05-2024 13:22,BRG101,Gula 1kg,Pembeli Fiktif 014,7,14500
STR/20169,28-05-2024 13:22,BRG103,Beras 5kg,Pembeli Fiktif 014,12,68000
STR/20170,01-06-2024 20:30,BRG102,Minyak 2L,Pembeli Fiktif 014,6,32000
STR/20170,01-06-2024 20:30,BRG106,Sabun Cuci,Pembeli Fiktif 014,7,4500
STR/20170,01-06-2024 20:30,BRG103,Beras 5kg,Pembeli Fiktif 014,9,68000
STR/20171,07-06-2024 10:43,BRG105,Teh Celup,Pembeli Fiktif 014,1,7000
STR/20171,07-06-2024 10:43,BRG103,Beras 5kg,Pembeli Fiktif 014,2,68000
STR/20172,14-06-2024 19:05,BRG101,Gula 1kg,Pembeli Fiktif 014,11,14500
STR/20173,15-06-2024 16:14,BRG102,Minyak 2L,Pembeli Fiktif 014,4,32000
STR/20173,15-06-2024 16:14,BRG105,Teh Celup,Pembeli Fiktif 014,1,7000
STR/20174,24-06-2024 17:17,BRG101,Gula 1kg,Pembeli Fiktif 014,3,14500
STR/20175,28-07-2024 09:21,BRG105,Teh Celup,Pembeli Fiktif 014,10,7000
STR/20175,28-07-2024 09:21,BRG102,Minyak 2L,Pembeli Fiktif 014,2,32000
STR/20176,12-08-2024 12:44,BRG101,Gula 1kg,Pembeli Fiktif 014,9,14500
STR/20177,18-08-2024 14:02,BRG104,Kopi Bubuk,Pembeli Fiktif 014,9,9500
STR/20177,18-08-2024 14:02,BRG103,Beras 5kg,Pembeli Fiktif 014,12,68000
STR/20177,18-08-2024 14:02,BRG101,Gula 1kg,Pembeli Fiktif 014,4,14500
STR/20178,24-08-2024 14:17,BRG103,Beras 5kg,Pembeli Fiktif 014,7,68000
STR/20178,24-08-2024 14:17,BRG102,Minyak 2L,Pembeli Fiktif 014,12,32000
STR/20179,29-08-2024 19:24,BRG103,Beras 5kg,Pembeli Fiktif 014,12,68000
STR/20180,07-09-2024 12:23,BRG104,Kopi Bubuk,Pembeli Fiktif 014,10,9500
STR/20181,09-09-2024 19:17,BRG101,Gula 1kg,Pembeli Fiktif 014,7,14500
STR/20181,09-09-2024 19:17,BRG105,Teh Celup,Pembeli Fiktif 014,5,7000
STR/20181,09-09-2024 19:17,BRG104,Kopi Bubuk,Pembeli Fiktif 014,11,9500
STR/20182,14-09-2024 19:02,BRG103,Beras 5kg,Pembeli Fiktif 014,7,68000
STR/20182,14-09-2024 19:02,BRG102,Minyak 2L,Pembeli Fiktif 014,12,32000
STR/20183,18-10-2024 16:20,BRG106,Sabun Cuci,Pembeli Fiktif 014,7,4500
STR/20183,18-10-2024 16:20,BRG102,Minyak 2L,Pembeli Fiktif 014,10,32000
STR/20183,18-10-2024 16:20,BRG105,Teh Celup,Pembeli Fiktif 014,5,7000
STR/20184,28-10-2024 12:00,BRG104,Kopi Bubuk,Pembeli Fiktif 014,1,9500
STR/20184,28-10-2024 12:00,BRG101,Gula 1kg,Pembeli Fiktif 014,2,14500
STR/20185,29-10-2024 09:17,BRG101,Gula 1kg,Pembeli Fiktif 014,8,14500
STR/20186,30-10-2024 11:05,BRG106,Sabun Cuci,Pembeli Fiktif 014,11,4500
STR/20186,30-10-2024 11:05,BRG102,Minyak 2L,Pembeli Fiktif 014,7,32000
STR/20187,02-11-2024 15:53,BRG104,Kopi Bubuk,Pembeli Fiktif 014,3,9500
STR/20187,02-11-2024 15:53,BRG102,Minyak 2L,Pembeli Fiktif 014,11,32000
STR/20187,02-11-2024 15:53,BRG101,Gula 1kg,Pembeli Fiktif 014,9,14500
STR/20188,06-11-2024 10:47,BRG101,Gula 1kg,Pembeli Fiktif 014,8,14500
STR/20188,06-11-2024 10:47,BRG106,Sabun Cuci,Pembeli Fiktif 014,1,4500
STR/20189,07-11-2024 19:43,BRG105,Teh Celup,Pembeli Fiktif 014,7,7000
STR/20189,07-11-2024 19:43,BRG103,Beras 5kg,Pembeli Fiktif 014,4,68000
STR/20189,07-11-2024 19:43,BRG104,Kopi Bubuk,Pembeli Fiktif 014,8,9500
STR/20190,09-11-2024 13:12,BRG103,Beras 5kg,Pembeli Fiktif 014,1,68000
STR/20190,09-11-2024 13:12,BRG102,Minyak 2L,Pembeli Fiktif 014,1,32000
STR/20190,09-11-2024 13:12,BRG101,Gula 1kg,Pembeli Fiktif 014,5,14500
STR/20191,12-11-2024 11:40,BRG104,Kopi Bubuk,Pembeli Fiktif 014,3,9500
STR/20191,12-11-2024 11:40,BRG101,Gula 1kg,Pembeli Fiktif 014,12,14500
STR/20192,14-11-2024 16:05,BRG104,Kopi Bubuk,Pembeli Fiktif 014,6,9500
STR/20192,14-11-2024 16:05,BRG101,Gula 1kg,Pembeli Fiktif 014,7,14500
STR/20193,18-11-2024 10:01,BRG104,Kopi Bubuk,Pembeli Fiktif 014,12,9500
STR/20194,27-11-2024 18:48,BRG102,Minyak 2L,Pembeli Fiktif 014,3,32000
STR/20194,27-11-2024 18:48,BRG104,Kopi Bubuk,Pembeli Fiktif 014,4,9500
STR/20194,27-11-2024 18:48,BRG105,Teh Celup,Pembeli Fiktif 014,9,7000
STR/20195,12-12-2024 15:08,BRG106,Sabun Cuci,Pembeli Fiktif 014,9,4500
STR/20196,16-12-2024 20:01,BRG103,Beras 5kg,Pembeli Fiktif 014,9,68000
STR/20196,16-12-2024 20:01,BRG104,Kopi Bubuk,Pembeli Fiktif 014,10,9500
STR/20196,16-12-2024 20:01,BRG102,Minyak 2L,Pembeli Fiktif 014,6,32000
STR/20197,26-12-2024 19:06,BRG106,Sabun Cuci,Pembeli Fiktif 014,6,4500
STR/20197,26-12-2024 19:06,BRG104,Kopi Bubuk,Pembeli Fiktif 014,7,9500
STR/20198,26-09-2023 09:02,BRG102,Minyak 2L,Pembeli Fiktif 015,4,32000
STR/20198,26-09-2023 09:02,BRG101,Gula 1kg,Pembeli Fiktif 015,2,14500
STR/20199,20-10-2023 19:40,BRG106,Sabun Cuci,Pembeli Fiktif 015,3,4500
STR/20200,22-02-2024 08:36,BRG104,Kopi Bubuk,Pembeli Fiktif 015,10,9500
STR/20200,22-02-2024 08:36,BRG105,Teh Celup,Pembeli Fiktif 015,12,7000
STR/20200,22-02-2024 08:36,BRG102,Minyak 2L,Pembeli Fiktif 015,11,32000
STR/20201,03-07-2024 18:18,BRG102,Minyak 2L,Pembeli Fiktif 015,12,32000
STR/20202,16-07-2024 12:42,BRG104,Kopi Bubuk,Pembeli Fiktif 015,5,9500
STR/20202,16-07-2024 12:42,BRG102,Minyak 2L,Pembeli Fiktif 015,3,32000
STR/20202,16-07-2024 12:42,BRG101,Gula 1kg,Pembeli Fiktif 015,10,14500
STR/20203,21-07-2024 12:28,BRG102,Minyak 2L,Pembeli Fiktif 015,8,32000
STR/20204,11-10-2024 18:31,BRG101,Gula 1kg,Pembeli Fiktif 015,4,14500
STR/20204,11-10-2024 18:31,BRG102,Minyak 2L,Pembeli Fiktif 015,4,32000
STR/20205,11-07-2023 11:34,BRG101,Gula 1kg,Pembeli Fiktif 016,6,14500
STR/20205,11-07-2023 11:34,BRG104,Kopi Bubuk,Pembeli Fiktif 016,2,9500
STR/20206,31-07-2023 19:47,BRG101,Gula 1kg,Pembeli Fiktif 016,3,14500
STR/20206,31-07-2023 19:47,BRG102,Minyak 2L,Pembeli Fiktif 016,9,32000
STR/20207,18-08-2023 08:31,BRG103,Beras 5kg,Pembeli Fiktif 016,11,68000
STR/20208,22-09-2023 10:11,BRG102,Minyak 2L,Pembeli Fiktif 016,6,32000
STR/20208,22-09-2023 10:11,BRG105,Teh Celup,Pembeli Fiktif 016,3,7000
STR/20209,13-10-2023 12:38,BRG101,Gula 1kg,Pembeli Fiktif 016,9,14500
STR/20209,13-10-2023 12:38,BRG102,Minyak 2L,Pembeli Fiktif 016,3,32000
STR/20209,13-10-2023 12:38,BRG104,Kopi Bubuk,Pembeli Fiktif 016,6,9500
STR/20210,15-10-2023 11:42,BRG104,Kopi Bubuk,Pembeli Fiktif 016,2,9500
STR/20210,15-10-2023 11:42,BRG103,Beras 5kg,Pembeli Fiktif 016,10,68000
STR/20211,24-10-2023 19:19,BRG106,Sabun Cuci,Pembeli Fiktif 016,12,4500
STR/20211,24-10-2023 19:19,BRG101,Gula 1kg,Pembeli Fiktif 016,4,14500
STR/20212,29-10-2023 19:43,BRG102,Minyak 2L,Pembeli Fiktif 016,3,32000
STR/20212,29-10-2023 19:43,BRG103,Beras 5kg,Pembeli Fiktif 016,9,68000
STR/20213,02-01-2024 13:28,BRG104,Kopi Bubuk,Pembeli Fiktif 016,4,9500
STR/20214,20-01-2024 15:29,BRG103,Beras 5kg,Pembeli Fiktif 016,4,68000
STR/20214,20-01-2024 15:29,BRG104,Kopi Bubuk,Pembeli Fiktif 016,8,9500
STR/20215,09-02-2024 12:24,BRG103,Beras 5kg,Pembeli Fiktif 016,3,68000
STR/20216,08-03-2024 13:18,BRG106,Sabun Cuci,Pembeli Fiktif 016,1,4500
STR/20216,08-03-2024 13:18,BRG104,Kopi Bubuk,Pembeli Fiktif 016,4,9500
STR/20217,19-04-2024 12:22,BRG102,Minyak 2L,Pembeli Fiktif 016,11,32000
STR/20217,19-04-2024 12:22,BRG106,Sabun Cuci,Pembeli Fiktif 016,12,4500
STR/20218,21-06-2024 11:09,BRG106,Sabun Cuci,Pembeli Fiktif 016,1,4500
STR/20219,11-07-2024 17:01,BRG104,Kopi Bubuk,Pembeli Fiktif 016,7,9500
STR/20220,03-10-2024 09:28,BRG101,Gula 1kg,Pembeli Fiktif 016,8,14500
STR/20220,03-10-2024 09:28,BRG106,Sabun Cuci,Pembeli Fiktif 016,5,4500
STR/20221,17-10-2024 11:46,BRG102,Minyak 2L,Pembeli Fiktif 016,4,32000
STR/20222,06-11-2024 09:24,BRG103,Beras 5kg,Pembeli Fiktif 016,12,68000
STR/20222,06-11-2024 09:24,BRG105,Teh Celup,Pembeli Fiktif 016,2,7000
STR/20223,22-11-2024 13:52,BRG106,Sabun Cuci,Pembeli Fiktif 016,12,4500
STR/20224,24-11-2024 16:45,BRG101,Gula 1kg,Pembeli Fiktif 016,11,14500
STR/20224,24-11-2024 16:45,BRG102,Minyak 2L,Pembeli Fiktif 016,9,32000
STR/20225,05-04-2024 14:43,BRG103,Beras 5kg,Pembeli Fiktif 017,4,68000
STR/20225,05-04-2024 14:43,BRG106,Sabun Cuci,Pembeli Fiktif 017,7,4500
STR/20225,05-04-2024 14:43,BRG104,Kopi Bubuk,Pembeli Fiktif 017,3,9500
STR/20226,18-04-2024 17:21,BRG103,Beras 5kg,Pembeli Fiktif 017,12,68000
STR/20227,27-04-2024 15:28,BRG104,Kopi Bubuk,Pembeli Fiktif 017,7,9500
STR/20228,30-05-2024 12:45,BRG101,Gula 1kg,Pembeli Fiktif 017,2,14500
STR/20228,30-05-2024 12:45,BRG105,Teh Celup,Pembeli Fiktif 017,5,7000
STR/20229,03-07-2024 19:51,BRG103,Beras 5kg,Pembeli Fiktif 017,9,68000
STR/20229,03-07-2024 19:51,BRG101,Gula 1kg,Pembeli Fiktif 017,12,14500
STR/20229,03-07-2024 19:51,BRG105,Teh Celup,Pembeli Fiktif 017,6,7000
STR/20230,01-07-2023 15:52,BRG105,Teh Celup,Pembeli Fiktif 018,10,7000
STR/20230,01-07-2023 15:52,BRG106,Sabun Cuci,Pembeli Fiktif 018,9,4500
STR/20230,01-07-2023 15:52,BRG104,Kopi Bubuk,Pembeli Fiktif 018,12,9500
STR/20231,29-07-2023 08:29,BRG102,Minyak 2L,Pembeli Fiktif 018,10,32000
STR/20231,29-07-2023 08:29,BRG106,Sabun Cuci,Pembeli Fiktif 018,10,4500
STR/20232,18-09-2023 10:01,BRG106,Sabun Cuci,Pembeli Fiktif 018,1,4500
STR/20233,05-08-2023 16:43,BRG101,Gula 1kg,Pembeli Fiktif 019,4,14500
STR/20233,05-08-2023 16:43,BRG106,Sabun Cuci,Pembeli Fiktif 019,9,4500
STR/20233,05-08-2023 16:43,BRG105,Teh Celup,Pembeli Fiktif 019,8,7000
STR/20234,07-08-2023 08:16,BRG104,Kopi Bubuk,Pembeli Fiktif 019,12,9500
STR/20234,07-08-2023 08:16,BRG106,Sabun Cuci,Pembeli Fiktif 019,3,4500
STR/20234,07-08-2023 08:16,BRG103,Beras 5kg,Pembeli Fiktif 019,1,68000
STR/20235,18-08-2023 10:14,BRG106,Sabun Cuci,Pembeli Fiktif 019,2,4500
STR/20235,18-08-2023 10:14,BRG103,Beras 5kg,Pembeli Fiktif 019,2,68000
STR/20236,28-08-2023 09:17,BRG105,Teh Celup,Pembeli Fiktif 019,3,7000
STR/20236,28-08-2023 09:17,BRG102,Minyak 2L,Pembeli Fiktif 019,2,32000
STR/20236,28-08-2023 09:17,BRG103,Beras 5kg,Pembeli Fiktif 019,11,68000
STR/20237,17-09-2023 18:31,BRG102,Minyak 2L,Pembeli Fiktif 019,11,32000
STR/20237,17-09-2023 18:31,BRG101,Gula 1kg,Pembeli Fiktif 019,8,14500
STR/20238,02-10-2023 09:22,BRG105,Teh Celup,Pembeli Fiktif 019,6,7000
STR/20238,02-10-2023 09:22,BRG103,Beras 5kg,Pembeli Fiktif 019,5,68000
STR/20239,22-10-2023 10:37,BRG104,Kopi Bubuk,Pembeli Fiktif 019,9,9500
STR/20240,16-11-2023 20:48,BRG103,Beras 5kg,Pembeli Fiktif 019,2,68000
STR/20240,16-11-2023 20:48,BRG101,Gula 1kg,Pembeli Fiktif 019,7,14500
STR/20241,30-08-2024 09:33,BRG104,Kopi Bubuk,Pembeli Fiktif 020,6,9500
STR/20241,30-08-2024 09:33,BRG105,Teh Celup,Pembeli Fiktif 020,3,7000
STR/20242,02-09-2024 11:04,BRG102,Minyak 2L,Pembeli Fiktif 020,12,32000
STR/20242,02-09-2024 11:04,BRG104,Kopi Bubuk,Pembeli Fiktif 020,10,9500
STR/20243,08-10-2024 18:34,BRG105,Teh Celup,Pembeli Fiktif 020,4,7000
STR/20243,08-10-2024 18:34,BRG101,Gula 1kg,Pembeli Fiktif 020,4,14500
STR/20244,03-12-2024 09:44,BRG104,Kopi Bubuk,Pembeli Fiktif 020,1,9500
STR/20244,03-12-2024 09:44,BRG106,Sabun Cuci,Pembeli Fiktif 020,7,4500
STR/20244,03-12-2024 09:44,BRG103,Beras 5kg,Pembeli Fiktif 020,1,68000
STR/20245,08-12-2024 10:59,BRG101,Gula 1kg,Pembeli Fiktif 020,5,14500
STR/20245,08-12-2024 10:59,BRG105,Teh Celup,Pembeli Fiktif 020,4,7000
STR/20245,08-12-2024 10:59,BRG106,Sabun Cuci,Pembeli Fiktif 020,9,4500
STR/20246,13-12-2024 18:20,BRG104,Kopi Bubuk,Pembeli Fiktif 020,8,9500
STR/20246,13-12-2024 18:20,BRG102,Minyak 2L,Pembeli Fiktif 020,2,32000
STR/20246,13-12-2024 18:20,BRG106,Sabun Cuci,Pembeli Fiktif 020,8,4500
STR/20247,15-10-2024 08:00,BRG103,Beras 5kg,Pembeli Fiktif 021,7,68000
STR/20248,22-10-2024 12:45,BRG103,Beras 5kg,Pembeli Fiktif 021,4,68000
STR/20249,17-01-2024 11:20,BRG104,Kopi Bubuk,Pembeli Fiktif 022,9,9500
STR/20250,13-03-2024 10:40,BRG101,Gula 1kg,Pembeli Fiktif 022,5,14500
STR/20250,13-03-2024 10:40,BRG103,Beras 5kg,Pembeli Fiktif 022,5,68000
STR/20250,13-03-2024 10:40,BRG106,Sabun Cuci,Pembeli Fiktif 022,3,4500
STR/20251,20-05-2024 13:06,BRG106,Sabun Cuci,Pembeli Fiktif 023,6,4500
STR/20251,20-05-2024 13:06,BRG104,Kopi Bubuk,Pembeli Fiktif 023,3,9500
STR/20252,26-12-2023 10:51,BRG106,Sabun Cuci,Pembeli Fiktif 024,11,4500
STR/20253,16-02-2024 18:03,BRG103,Beras 5kg,Pembeli Fiktif 025,2,68000
STR/20253,16-02-2024 18:03,BRG101,Gula 1kg,Pembeli Fiktif 025,11,14500
STR/20253,16-02-2024 18:03,BRG104,Kopi Bubuk,Pembeli Fiktif 025,1,9500
STR/20254,12-08-2024 09:48,BRG104,Kopi Bubuk,Pembeli Fiktif 025,3,9500
STR/20254,12-08-2024 09:48,BRG102,Minyak 2L,Pembeli Fiktif 025,9,32000
STR/20254,12-08-2024 09:48,BRG101,Gula 1kg,Pembeli Fiktif 025,4,14500
STR/20255,18-09-2024 13:11,BRG103,Beras 5kg,Pembeli Fiktif 025,3,68000
STR/20256,28-09-2024 09:02,BRG103,Beras 5kg,Pembeli Fiktif 025,2,68000
STR/20256,28-09-2024 09:02,BRG105,Teh Celup,Pembeli Fiktif 025,1,7000
STR/20257,14-11-2024 09:22,BRG101,Gula 1kg,Pembeli Fiktif 025,6,14500
STR/20257,14-11-2024 09:22,BRG106,Sabun Cuci,Pembeli Fiktif 025,12,4500
STR/20258,05-12-2024 16:50,BRG103,Beras 5kg,Pembeli Fiktif 025,9,68000
STR/20258,05-12-2024 16:50,BRG105,Teh Celup,Pembeli Fiktif 025,3,7000
STR/20259,02-07-2024 13:52,BRG106,Sabun Cuci,Pembeli Fiktif 026,1,4500
STR/20259,02-07-2024 13:52,BRG105,Teh Celup,Pembeli Fiktif 026,8,7000
STR/20260,10-07-2024 13:43,BRG105,Teh Celup,Pembeli Fiktif 026,6,7000
STR/20261,14-07-2024 11:31,BRG105,Teh Celup,Pembeli Fiktif 026,10,7000
STR/20261,14-07-2024 11:31,BRG102,Minyak 2L,Pembeli Fiktif 026,9,32000
STR/20261,14-07-2024 11:31,BRG101,Gula 1kg,Pembeli Fiktif 026,8,14500
STR/20262,23-07-2024 09:55,BRG102,Minyak 2L,Pembeli Fiktif 026,4,32000
STR/20262,23-07-2024 09:55,BRG106,Sabun Cuci,Pembeli Fiktif 026,11,4500
STR/20263,28-07-2024 19:24,BRG102,Minyak 2L,Pembeli Fiktif 026,1,32000
STR/20263,28-07-2024 19:24,BRG106,Sabun Cuci,Pembeli Fiktif 026,4,4500
STR/20264,02-08-2024 18:18,BRG102,Minyak 2L,Pembeli Fiktif 026,9,32000
STR/20264,02-08-2024 18:18,BRG101,Gula 1kg,Pembeli Fiktif 026,2,14500
STR/20264,02-08-2024 18:18,BRG106,Sabun Cuci,Pembeli Fiktif 026,9,4500
STR/20265,04-08-2024 14:00,BRG104,Kopi Bubuk,Pembeli Fiktif 026,8,9500
STR/20266,11-08-2024 08:14,BRG101,Gula 1kg,Pembeli Fiktif 026,1,14500
STR/20266,11-08-2024 08:14,BRG104,Kopi Bubuk,Pembeli Fiktif 026,3,9500
STR/20266,11-08-2024 08:14,BRG106,Sabun Cuci,Pembeli Fiktif 026,6,4500
STR/20267,18-08-2024 19:40,BRG104,Kopi Bubuk,Pembeli Fiktif 026,5,9500
STR/20267,18-08-2024 19:40,BRG105,Teh Celup,Pembeli Fiktif 026,8,7000
STR/20267,18-08-2024 19:40,BRG102,Minyak 2L,Pembeli Fiktif 026,6,32000
STR/20268,20-08-2024 13:35,BRG106,Sabun Cuci,Pembeli Fiktif 026,3,4500
STR/20268,20-08-2024 13:35,BRG103,Beras 5kg,Pembeli Fiktif 026,9,68000
STR/20268,20-08-2024 13:35,BRG101,Gula 1kg,Pembeli Fiktif 026,1,14500
STR/20269,26-08-2024 10:27,BRG105,Teh Celup,Pembeli Fiktif 026,4,7000
STR/20270,31-08-2024 09:39,BRG102,Minyak 2L,Pembeli Fiktif 026,10,32000
STR/20270,31-08-2024 09:39,BRG104,Kopi Bubuk,Pembeli Fiktif 026,5,9500
STR/20270,31-08-2024 09:39,BRG105,Teh Celup,Pembeli Fiktif 026,6,7000
STR/20271,05-09-2024 20:56,BRG103,Beras 5kg,Pembeli Fiktif 026,6,68000
STR/20272,08-09-2024 08:21,BRG101,Gula 1kg,Pembeli Fiktif 026,6,14500
STR/20272,08-09-2024 08:21,BRG105,Teh Celup,Pembeli Fiktif 026,12,7000
STR/20272,08-09-2024 08:21,BRG104,Kopi Bubuk,Pembeli Fiktif 026,3,9500
STR/20273,09-09-2024 12:49,BRG103,Beras 5kg,Pembeli Fiktif 026,2,68000
STR/20273,09-09-2024 12:49,BRG104,Kopi Bubuk,Pembeli Fiktif 026,8,9500
STR/20274,11-09-2024 15:09,BRG104,Kopi Bubuk,Pembeli Fiktif 026,3,9500
STR/20274,11-09-2024 15:09,BRG106,Sabun Cuci,Pembeli Fiktif 026,6,4500
STR/20275,27-09-2024 11:48,BRG106,Sabun Cuci,Pembeli Fiktif 026,2,4500
STR/20276,30-09-2024 10:01,BRG102,Minyak 2L,Pembeli Fiktif 026,5,32000
STR/20276,30-09-2024 10:01,BRG101,Gula 1kg,Pembeli Fiktif 026,9,14500
STR/20277,13-10-2024 16:22,BRG106,Sabun Cuci,Pembeli Fiktif 026,6,4500
STR/20277,13-10-2024 16:22,BRG101,Gula 1kg,Pembeli Fiktif 026,4,14500
STR/20278,16-10-2024 08:53,BRG102,Minyak 2L,Pembeli Fiktif 026,11,32000
STR/20279,20-10-2024 20:40,BRG102,Minyak 2L,Pembeli Fiktif 026,1,32000
STR/20279,20-10-2024 20:40,BRG106,Sabun Cuci,Pembeli Fiktif 026,11,4500
STR/20279,20-10-2024 20:40,BRG103,Beras 5kg,Pembeli Fiktif 026,11,68000
STR/20280,23-10-2024 14:13,BRG105,Teh Celup,Pembeli Fiktif 026,5,7000
STR/20280,23-10-2024 14:13,BRG101,Gula 1kg,Pembeli Fiktif 026,12,14500
STR/20280,23-10-2024 14:13,BRG106,Sabun Cuci,Pembeli Fiktif 026,7,4500
STR/20281,27-10-2024 17:33,BRG103,Beras 5kg,Pembeli Fiktif 026,4,68000
STR/20282,06-11-2024 18:58,BRG106,Sabun Cuci,Pembeli Fiktif 026,3,4500
STR/20282,06-11-2024 18:58,BRG102,Minyak 2L,Pembeli Fiktif 026,8,32000
STR/20282,06-11-2024 18:58,BRG101,Gula 1kg,Pembeli Fiktif 026,11,14500
STR/20283,11-11-2024 18:15,BRG103,Beras 5kg,Pembeli Fiktif 026,5,68000
STR/20284,17-11-2024 14:18,BRG106,Sabun Cuci,Pembeli Fiktif 026,10,4500
STR/20284,17-11-2024 14:18,BRG105,Teh Celup,Pembeli Fiktif 026,8,7000
STR/20284,17-11-2024 14:18,BRG104,Kopi Bubuk,Pembeli Fiktif 026,5,9500
STR/20285,24-11-2024 09:00,BRG102,Minyak 2L,Pembeli Fiktif 026,3,32000
STR/20285,24-11-2024 09:00,BRG106,Sabun Cuci,Pembeli Fiktif 026,5,4500
STR/20285,24-11-2024 09:00,BRG105,Teh Celup,Pembeli Fiktif 026,3,7000
STR/20286,25-11-2024 09:02,BRG106,Sabun Cuci,Pembeli Fiktif 026,1,4500
STR/20286,25-11-2024 09:02,BRG102,Minyak 2L,Pembeli Fiktif 026,1,32000
STR/20286,25-11-2024 09:02,BRG104,Kopi Bubuk,Pembeli Fiktif 026,1,9500
STR/20287,26-11-2024 12:37,BRG106,Sabun Cuci,Pembeli Fiktif 026,9,4500
STR/20287,26-11-2024 12:37,BRG102,Minyak 2L,Pembeli Fiktif 026,9,32000
STR/20287,26-11-2024 12:37,BRG103,Beras 5kg,Pembeli Fiktif 026,2,68000
STR/20288,30-11-2024 11:57,BRG101,Gula 1kg,Pembeli Fiktif 026,11,14500
STR/20288,30-11-2024 11:57,BRG106,Sabun Cuci,Pembeli Fiktif 026,6,4500
STR/20288,30-11-2024 11:57,BRG102,Minyak 2L,Pembeli Fiktif 026,8,32000
STR/20289,09-12-2024 19:31,BRG101,Gula 1kg,Pembeli Fiktif 026,4,14500
STR/20289,09-12-2024 19:31,BRG102,Minyak 2L,Pembeli Fiktif 026,11,32000
STR/20290,11-12-2024 13:47,BRG104,Kopi Bubuk,Pembeli Fiktif 026,8,9500
STR/20290,11-12-2024 13:47,BRG101,Gula 1kg,Pembeli Fiktif 026,8,14500
STR/20290,11-12-2024 13:47,BRG105,Teh Celup,Pembeli Fiktif 026,6,7000
STR/20291,29-12-2024 20:57,BRG103,Beras 5kg,Pembeli Fiktif 026,11,68000
STR/20292,31-12-2024 11:39,BRG101,Gula 1kg,Pembeli Fiktif 026,11,14500
STR/20293,21-06-2024 20:34,BRG103,Beras 5kg,Pembeli Fiktif 027,10,68000
STR/20293,21-06-2024 20:34,BRG102,Minyak 2L,Pembeli Fiktif 027,5,32000
STR/20293,21-06-2024 20:34,BRG101,Gula 1kg,Pembeli Fiktif 027,10,14500
STR/20294,01-07-2024 12:23,BRG106,Sabun Cuci,Pembeli Fiktif 027,2,4500
STR/20294,01-07-2024 12:23,BRG101,Gula 1kg,Pembeli Fiktif 027,2,14500
STR/20294,01-07-2024 12:23,BRG104,Kopi Bubuk,Pembeli Fiktif 027,4,9500
STR/20295,13-07-2024 20:59,BRG103,Beras 5kg,Pembeli Fiktif 027,12,68000
STR/20295,13-07-2024 20:59,BRG106,Sabun Cuci,Pembeli Fiktif 027,10,4500
STR/20296,26-08-2024 14:30,BRG105,Teh Celup,Pembeli Fiktif 027,3,7000
STR/20296,26-08-2024 14:30,BRG106,Sabun Cuci,Pembeli Fiktif 027,9,4500
STR/20297,17-09-2024 08:14,BRG102,Minyak 2L,Pembeli Fiktif 027,9,32000
STR/20298,05-04-2023 20:15,BRG104,Kopi Bubuk,Pembeli Fiktif 028,2,9500
STR/20298,05-04-2023 20:15,BRG105,Teh Celup,Pembeli Fiktif 028,2,7000
STR/20299,17-04-2023 10:40,BRG103,Beras 5kg,Pembeli Fiktif 028,10,68000
STR/20300,18-04-2023 18:27,BRG104,Kopi Bubuk,Pembeli Fiktif 028,10,9500
STR/20301,29-04-2023 18:39,BRG106,Sabun Cuci,Pembeli Fiktif 028,8,4500
STR/20301,29-04-2023 18:39,BRG102,Minyak 2L,Pembeli Fiktif 028,7,32000
STR/20302,30-04-2023 10:39,BRG101,Gula 1kg,Pembeli Fiktif 028,2,14500
STR/20302,30-04-2023 10:39,BRG103,Beras 5kg,Pembeli Fiktif 028,4,68000
STR/20302,30-04-2023 10:39,BRG102,Minyak 2L,Pembeli Fiktif 028,1,32000
STR/20303,27-06-2023 15:23,BRG106,Sabun Cuci,Pembeli Fiktif 028,2,4500
STR/20303,27-06-2023 15:23,BRG105,Teh Celup,Pembeli Fiktif 028,7,7000
STR/20304,08-07-2023 18:12,BRG102,Minyak 2L,Pembeli Fiktif 028,9,32000
STR/20305,26-07-2023 20:18,BRG104,Kopi Bubuk,Pembeli Fiktif 028,1,9500
STR/20306,29-08-2023 13:07,BRG101,Gula 1kg,Pembeli Fiktif 028,6,14500
STR/20306,29-08-2023 13:07,BRG105,Teh Celup,Pembeli Fiktif 028,4,7000
STR/20306,29-08-2023 13:07,BRG103,Beras 5kg,Pembeli Fiktif 028,3,68000
STR/20307,23-09-2023 13:19,BRG104,Kopi Bubuk,Pembeli Fiktif 028,4,9500
STR/20307,23-09-2023 13:19,BRG103,Beras 5kg,Pembeli Fiktif 028,3,68000
STR/20308,24-09-2023 18:36,BRG102,Minyak 2L,Pembeli Fiktif 028,6,32000
STR/20309,09-10-2023 14:23,BRG105,Teh Celup,Pembeli Fiktif 028,7,7000
STR/20310,18-10-2023 16:01,BRG101,Gula 1kg,Pembeli Fiktif 028,2,14500
STR/20311,22-12-2023 09:30,BRG102,Minyak 2L,Pembeli Fiktif 028,4,32000
STR/20312,17-01-2024 16:49,BRG105,Teh Celup,Pembeli Fiktif 028,7,7000
STR/20313,18-01-2024 12:20,BRG104,Kopi Bubuk,Pembeli Fiktif 028,9,9500
STR/20313,18-01-2024 12:20,BRG101,Gula 1kg,Pembeli Fiktif 028,2,14500
STR/20313,18-01-2024 12:20,BRG105,Teh Celup,Pembeli Fiktif 028,11,7000
STR/20314,01-02-2024 12:42,BRG103,Beras 5kg,Pembeli Fiktif 028,9,68000
STR/20314,01-02-2024 12:42,BRG106,Sabun Cuci,Pembeli Fiktif 028,7,4500
STR/20314,01-02-2024 12:42,BRG105,Teh Celup,Pembeli Fiktif 028,10,7000
STR/20315,09-02-2024 19:42,BRG103,Beras 5kg,Pembeli Fiktif 028,7,68000
STR/20315,09-02-2024 19:42,BRG106,Sabun Cuci,Pembeli Fiktif 028,3,4500
STR/20315,09-02-2024 19:42,BRG105,Teh Celup,Pembeli Fiktif 028,6,7000
STR/20316,25-02-2024 17:16,BRG105,Teh Celup,Pembeli Fiktif 028,10,7000
STR/20317,27-02-2024 15:14,BRG105,Teh Celup,Pembeli Fiktif 028,12,7000
STR/20317,27-02-2024 15:14,BRG103,Beras 5kg,Pembeli Fiktif 028,10,68000
STR/20317,27-02-2024 15:14,BRG104,Kopi Bubuk,Pembeli Fiktif 028,5,9500
STR/20318,07-03-2024 15:21,BRG104,Kopi Bubuk,Pembeli Fiktif 028,9,9500
STR/20318,07-03-2024 15:21,BRG101,Gula 1kg,Pembeli Fiktif 028,6,14500
STR/20318,07-03-2024 15:21,BRG102,Minyak 2L,Pembeli Fiktif 028,7,32000
STR/20319,17-03-2024 19:07,BRG103,Beras 5kg,Pembeli Fiktif 028,2,68000
STR/20320,21-04-2024 16:02,BRG106,Sabun Cuci,Pembeli Fiktif 028,7,4500
STR/20320,21-04-2024 16:02,BRG101,Gula 1kg,Pembeli Fiktif 028,12,14500
STR/20321,27-04-2024 10:43,BRG106,Sabun Cuci,Pembeli Fiktif 028,7,4500
STR/20321,27-04-2024 10:43,BRG103,Beras 5kg,Pembeli Fiktif 028,7,68000
STR/20322,04-05-2024 15:06,BRG105,Teh Celup,Pembeli Fiktif 028,12,7000
STR/20322,04-05-2024 15:06,BRG104,Kopi Bubuk,Pembeli Fiktif 028,8,9500
STR/20322,04-05-2024 15:06,BRG103,Beras 5kg,Pembeli Fiktif 028,9,68000
STR/20323,27-05-2024 16:08,BRG103,Beras 5kg,Pembeli Fiktif 028,3,68000
STR/20324,15-07-2024 08:43,BRG102,Minyak 2L,Pembeli Fiktif 028,7,32000
STR/20324,15-07-2024 08:43,BRG104,Kopi Bubuk,Pembeli Fiktif 028,3,9500
STR/20324,15-07-2024 08:43,BRG103,Beras 5kg,Pembeli Fiktif 028,7,68000
STR/20325,25-07-2024 09:43,BRG103,Beras 5kg,Pembeli Fiktif 028,4,68000
STR/20325,25-07-2024 09:43,BRG102,Minyak 2L,Pembeli Fiktif 028,6,32000
STR/20325,25-07-2024 09:43,BRG101,Gula 1kg,Pembeli Fiktif 028,3,14500
STR/20326,15-08-2024 14:09,BRG102,Minyak 2L,Pembeli Fiktif 028,2,32000
STR/20326,15-08-2024 14:09,BRG103,Beras 5kg,Pembeli Fiktif 028,6,68000
STR/20327,21-08-2024 15:28,BRG101,Gula 1kg,Pembeli Fiktif 028,11,14500
STR/20328,29-08-2024 08:39,BRG104,Kopi Bubuk,Pembeli Fiktif 028,3,9500
STR/20328,29-08-2024 08:39,BRG101,Gula 1kg,Pembeli Fiktif 028,2,14500
STR/20328,29-08-2024 08:39,BRG103,Beras 5kg,Pembeli Fiktif 028,9,68000
STR/20329,27-07-2024 13:54,BRG106,Sabun Cuci,Pembeli Fiktif 029,6,4500
STR/20329,27-07-2024 13:54,BRG103,Beras 5kg,Pembeli Fiktif 029,7,68000
STR/20329,27-07-2024 13:54,BRG102,Minyak 2L,Pembeli Fiktif 029,3,32000
STR/20330,13-08-2024 10:11,BRG103,Beras 5kg,Pembeli Fiktif 029,2,68000
STR/20331,14-08-2024 16:40,BRG102,Minyak 2L,Pembeli Fiktif 029,5,32000
STR/20331,14-08-2024 16:40,BRG105,Teh Celup,Pembeli Fiktif 029,5,7000
STR/20332,21-08-2024 14:10,BRG102,Minyak 2L,Pembeli Fiktif 029,4,32000
STR/20332,21-08-2024 14:10,BRG101,Gula 1kg,Pembeli Fiktif 029,8,14500
STR/20333,30-09-2024 09:13,BRG104,Kopi Bubuk,Pembeli Fiktif 029,9,9500
STR/20334,20-10-2024 13:16,BRG103,Beras 5kg,Pembeli Fiktif 029,6,68000
STR/20334,20-10-2024 13:16,BRG106,Sabun Cuci,Pembeli Fiktif 029,5,4500
STR/20334,20-10-2024 13:16,BRG105,Teh Celup,Pembeli Fiktif 029,12,7000
STR/20335,12-11-2024 20:06,BRG104,Kopi Bubuk,Pembeli Fiktif 029,11,9500
STR/20335,12-11-2024 20:06,BRG105,Teh Celup,Pembeli Fiktif 029,1,7000
STR/20335,12-11-2024 20:06,BRG103,Beras 5kg,Pembeli Fiktif 029,2,68000
STR/20336,13-11-2024 08:37,BRG106,Sabun Cuci,Pembeli Fiktif 029,4,4500
STR/20337,24-11-2024 13:15,BRG105,Teh Celup,Pembeli Fiktif 029,10,7000
STR/20338,23-12-2024 09:47,BRG103,Beras 5kg,Pembeli Fiktif 029,1,68000
STR/20338,23-12-2024 09:47,BRG104,Kopi Bubuk,Pembeli Fiktif 029,3,9500
STR/20338,23-12-2024 09:47,BRG106,Sabun Cuci,Pembeli Fiktif 029,12,4500
STR/20339,05-03-2024 19:43,BRG101,Gula 1kg,Pembeli Fiktif 030,10,14500
STR/20340,24-05-2024 14:02,BRG101,Gula 1kg,Pembeli Fiktif 030,7,14500
STR/20340,24-05-2024 14:02,BRG104,Kopi Bubuk,Pembeli Fiktif 030,11,9500
STR/20340,24-05-2024 14:02,BRG102,Minyak 2L,Pembeli Fiktif 030,2,32000
STR/20341,14-11-2024 16:09,BRG101,Gula 1kg,Pembeli Fiktif 030,1,14500
STR/20341,14-11-2024 16:09,BRG103,Beras 5kg,Pembeli Fiktif 030,9,68000
STR/20342,19-11-2024 20:34,BRG102,Minyak 2L,Pembeli Fiktif 030,10,32000
STR/20342,19-11-2024 20:34,BRG104,Kopi Bubuk,Pembeli Fiktif 030,2,9500
STR/20342,19-11-2024 20:34,BRG106,Sabun Cuci,Pembeli Fiktif 030,4,4500
STR/20343,12-12-2024 08:39,BRG104,Kopi Bubuk,Pembeli Fiktif 030,11,9500
STR/20343,12-12-2024 08:39,BRG105,Teh Celup,Pembeli Fiktif 030,8,7000
STR/20344,26-12-2024 14:19,BRG102,Minyak 2L,Pembeli Fiktif 030,7,32000
STR/20344,26-12-2024 14:19,BRG105,Teh Celup,Pembeli Fiktif 030,11,7000
STR/20345,23-03-2023 08:52,BRG101,Gula 1kg,Pembeli Fiktif 031,1,14500
STR/20345,23-03-2023 08:52,BRG106,Sabun Cuci,Pembeli Fiktif 031,11,4500
STR/20345,23-03-2023 08:52,BRG104,Kopi Bubuk,Pembeli Fiktif 031,11,9500
STR/20346,12-08-2023 18:02,BRG104,Kopi Bubuk,Pembeli Fiktif 031,10,9500
STR/20346,12-08-2023 18:02,BRG102,Minyak 2L,Pembeli Fiktif 031,3,32000
STR/20346,12-08-2023 18:02,BRG103,Beras 5kg,Pembeli Fiktif 031,6,68000
STR/20347,17-10-2023 15:37,BRG104,Kopi Bubuk,Pembeli Fiktif 031,5,9500
STR/20347,17-10-2023 15:37,BRG105,Teh Celup,Pembeli Fiktif 031,4,7000
STR/20348,01-03-2024 13:45,BRG105,Teh Celup,Pembeli Fiktif 031,10,7000
STR/20349,30-04-2024 11:47,BRG103,Beras 5kg,Pembeli Fiktif 031,10,68000
STR/20350,29-05-2024 10:29,BRG101,Gula 1kg,Pembeli Fiktif 032,1,14500
STR/20350,29-05-2024 10:29,BRG106,Sabun Cuci,Pembeli Fiktif 032,9,4500
STR/20350,29-05-2024 10:29,BRG105,Teh Celup,Pembeli Fiktif 032,9,7000
STR/20351,25-06-2024 19:52,BRG106,Sabun Cuci,Pembeli Fiktif 032,7,4500
STR/20351,25-06-2024 19:52,BRG105,Teh Celup,Pembeli Fiktif 032,4,7000
STR/20351,25-06-2024 19:52,BRG103,Beras 5kg,Pembeli Fiktif 032,8,68000
STR/20352,14-08-2024 08:16,BRG105,Teh Celup,Pembeli Fiktif 032,7,7000
STR/20352,14-08-2024 08:16,BRG104,Kopi Bubuk,Pembeli Fiktif 032,11,9500
STR/20353,28-08-2024 09:40,BRG106,Sabun Cuci,Pembeli Fiktif 032,9,4500
STR/20353,28-08-2024 09:40,BRG104,Kopi Bubuk,Pembeli Fiktif 032,1,9500
STR/20354,11-10-2024 12:52,BRG105,Teh Celup,Pembeli Fiktif 032,3,7000
STR/20355,21-10-2024 13:05,BRG101,Gula 1kg,Pembeli Fiktif 032,1,14500
STR/20355,21-10-2024 13:05,BRG105,Teh Celup,Pembeli Fiktif 032,11,7000
STR/20355,21-10-2024 13:05,BRG104,Kopi Bubuk,Pembeli Fiktif 032,12,9500
STR/20356,15-11-2024 19:57,BRG102,Minyak 2L,Pembeli Fiktif 032,5,32000
STR/20356,15-11-2024 19:57,BRG101,Gula 1kg,Pembeli Fiktif 032,3,14500
STR/20356,15-11-2024 19:57,BRG105,Teh Celup,Pembeli Fiktif 032,11,7000
STR/20357,19-11-2024 12:02,BRG104,Kopi Bubuk,Pembeli Fiktif 032,6,9500
STR/20358,24-11-2024 12:13,BRG103,Beras 5kg,Pembeli Fiktif 032,3,68000
STR/20358,24-11-2024 12:13,BRG101,Gula 1kg,Pembeli Fiktif 032,2,14500
STR/20359,12-07-2023 11:02,BRG105,Teh Celup,Pembeli Fiktif 033,7,7000
STR/20359,12-07-2023 11:02,BRG102,Minyak 2L,Pembeli Fiktif 033,6,32000
STR/20360,21-07-2023 12:47,BRG106,Sabun Cuci,Pembeli Fiktif 033,8,4500
STR/20360,21-07-2023 12:47,BRG105,Teh Celup,Pembeli Fiktif 033,10,7000
STR/20360,21-07-2023 12:47,BRG101,Gula 1kg,Pembeli Fiktif 033,8,14500
STR/20361,16-10-2023 11:29,BRG104,Kopi Bubuk,Pembeli Fiktif 033,4,9500
STR/20362,09-02-2024 17:00,BRG101,Gula 1kg,Pembeli Fiktif 033,9,14500
STR/20362,09-02-2024 17:00,BRG103,Beras 5kg,Pembeli Fiktif 033,2,68000
STR/20363,14-02-2024 18:22,BRG105,Teh Celup,Pembeli Fiktif 033,8,7000
STR/20363,14-02-2024 18:22,BRG103,Beras 5kg,Pembeli Fiktif 033,4,68000
STR/20363,14-02-2024 18:22,BRG106,Sabun Cuci,Pembeli Fiktif 033,10,4500
STR/20364,11-05-2024 17:34,BRG106,Sabun Cuci,Pembeli Fiktif 033,1,4500
STR/20364,11-05-2024 17:34,BRG104,Kopi Bubuk,Pembeli Fiktif 033,5,9500
STR/20365,18-09-2024 18:26,BRG105,Teh Celup,Pembeli Fiktif 034,9,7000
STR/20365,18-09-2024 18:26,BRG103,Beras 5kg,Pembeli Fiktif 034,9,68000
STR/20366,15-10-2024 15:54,BRG104,Kopi Bubuk,Pembeli Fiktif 034,10,9500
STR/20366,15-10-2024 15:54,BRG102,Minyak 2L,Pembeli Fiktif 034,3,32000
STR/20366,15-10-2024 15:54,BRG105,Teh Celup,Pembeli Fiktif 034,12,7000
STR/20367,18-10-2024 16:56,BRG104,Kopi Bubuk,Pembeli Fiktif 034,5,9500
STR/20367,18-10-2024 16:56,BRG105,Teh Celup,Pembeli Fiktif 034,8,7000
STR/20368,01-11-2024 12:23,BRG103,Beras 5kg,Pembeli Fiktif 034,3,68000
STR/20368,01-11-2024 12:23,BRG105,Teh Celup,Pembeli Fiktif 034,1,7000
STR/20369,12-11-2024 20:56,BRG101,Gula 1kg,Pembeli Fiktif 034,9,14500
STR/20370,09-08-2024 20:17,BRG106,Sabun Cuci,Pembeli Fiktif 035,8,4500
STR/20370,09-08-2024 20:17,BRG104,Kopi Bubuk,Pembeli Fiktif 035,7,9500
STR/20370,09-08-2024 20:17,BRG103,Beras 5kg,Pembeli Fiktif 035,7,68000
STR/20371,15-10-2024 08:44,BRG101,Gula 1kg,Pembeli Fiktif 035,6,14500
STR/20371,15-10-2024 08:44,BRG104,Kopi Bubuk,Pembeli Fiktif 035,12,9500
STR/20371,15-10-2024 08:44,BRG102,Minyak 2L,Pembeli Fiktif 035,8,32000
STR/20372,23-10-2024 12:34,BRG104,Kopi Bubuk,Pembeli Fiktif 035,12,9500
STR/20372,23-10-2024 12:34,BRG102,Minyak 2L,Pembeli Fiktif 035,6,32000
STR/20372,23-10-2024 12:34,BRG101,Gula 1kg,Pembeli Fiktif 035,12,14500
STR/20373,20-11-2024 17:00,BRG104,Kopi Bubuk,Pembeli Fiktif 035,6,9500
STR/20374,03-12-2024 11:47,BRG104,Kopi Bubuk,Pembeli Fiktif 035,8,9500
STR/20375,27-12-2024 14:40,BRG104,Kopi Bubuk,Pembeli Fiktif 035,4,9500
STR/20376,11-04-2024 18:57,BRG102,Minyak 2L,Pembeli Fiktif 036,7,32000
STR/20376,11-04-2024 18:57,BRG106,Sabun Cuci,Pembeli Fiktif 036,8,4500
STR/20376,11-04-2024 18:57,BRG101,Gula 1kg,Pembeli Fiktif 036,7,14500
STR/20377,12-06-2024 19:30,BRG102,Minyak 2L,Pembeli Fiktif 036,11,32000
STR/20377,12-06-2024 19:30,BRG101,Gula 1kg,Pembeli Fiktif 036,4,14500
STR/20378,13-06-2024 20:09,BRG104,Kopi Bubuk,Pembeli Fiktif 036,2,9500
STR/20378,13-06-2024 20:09,BRG102,Minyak 2L,Pembeli Fiktif 036,4,32000
STR/20379,16-06-2024 16:26,BRG102,Minyak 2L,Pembeli Fiktif 036,4,32000
STR/20380,15-07-2024 20:26,BRG106,Sabun Cuci,Pembeli Fiktif 036,7,4500
STR/20380,15-07-2024 20:26,BRG102,Minyak 2L,Pembeli Fiktif 036,4,32000
STR/20380,15-07-2024 20:26,BRG101,Gula 1kg,Pembeli Fiktif 036,5,14500
STR/20381,06-08-2024 16:26,BRG105,Teh Celup,Pembeli Fiktif 036,5,7000
STR/20382,30-09-2024 14:55,BRG103,Beras 5kg,Pembeli Fiktif 036,1,68000
STR/20382,30-09-2024 14:55,BRG105,Teh Celup,Pembeli Fiktif 036,7,7000
STR/20382,30-09-2024 14:55,BRG101,Gula 1kg,Pembeli Fiktif 036,5,14500
STR/20383,01-10-2024 10:36,BRG101,Gula 1kg,Pembeli Fiktif 036,4,14500
STR/20384,15-10-2024 19:18,BRG104,Kopi Bubuk,Pembeli Fiktif 036,3,9500
STR/20385,12-11-2024 11:21,BRG101,Gula 1kg,Pembeli Fiktif 036,11,14500
STR/20386,23-11-2024 10:23,BRG104,Kopi Bubuk,Pembeli Fiktif 036,5,9500
STR/20387,26-11-2024 17:56,BRG105,Teh Celup,Pembeli Fiktif 036,3,7000
STR/20387,26-11-2024 17:56,BRG106,Sabun Cuci,Pembeli Fiktif 036,11,4500
STR/20388,16-07-2024 19:33,BRG104,Kopi Bubuk,Pembeli Fiktif 037,8,9500
STR/20389,01-08-2024 20:41,BRG106,Sabun Cuci,Pembeli Fiktif 037,1,4500
STR/20389,01-08-2024 20:41,BRG102,Minyak 2L,Pembeli Fiktif 037,10,32000
STR/20389,01-08-2024 20:41,BRG101,Gula 1kg,Pembeli Fiktif 037,12,14500
STR/20390,25-09-2024 17:51,BRG103,Beras 5kg,Pembeli Fiktif 037,11,68000
STR/20391,04-06-2024 20:28,BRG105,Teh Celup,Pembeli Fiktif 038,4,7000
STR/20391,04-06-2024 20:28,BRG106,Sabun Cuci,Pembeli Fiktif 038,7,4500
STR/20391,04-06-2024 20:28,BRG101,Gula 1kg,Pembeli Fiktif 038,10,14500
STR/20392,12-06-2024 13:11,BRG101,Gula 1kg,Pembeli Fiktif 038,2,14500
STR/20392,12-06-2024 13:11,BRG104,Kopi Bubuk,Pembeli Fiktif 038,3,9500
STR/20392,12-06-2024 13:11,BRG106,Sabun Cuci,Pembeli Fiktif 038,12,4500
STR/20393,15-06-2024 09:22,BRG101,Gula 1kg,Pembeli Fiktif 038,1,14500
STR/20394,21-06-2024 11:11,BRG105,Teh Celup,Pembeli Fiktif 038,1,7000
STR/20395,26-06-2024 10:04,BRG102,Minyak 2L,Pembeli Fiktif 038,1,32000
STR/20395,26-06-2024 10:04,BRG103,Beras 5kg,Pembeli Fiktif 038,10,68000
STR/20395,26-06-2024 10:04,BRG104,Kopi Bubuk,Pembeli Fiktif 038,2,9500
STR/20396,21-07-2024 17:52,BRG104,Kopi Bubuk,Pembeli Fiktif 038,4,9500
STR/20396,21-07-2024 17:52,BRG105,Teh Celup,Pembeli Fiktif 038,10,7000
STR/20397,31-07-2024 13:30,BRG105,Teh Celup,Pembeli Fiktif 038,5,7000
STR/20397,31-07-2024 13:30,BRG106,Sabun Cuci,Pembeli Fiktif 038,8,4500
STR/20398,01-08-2024 13:35,BRG103,Beras 5kg,Pembeli Fiktif 038,3,68000
STR/20398,01-08-2024 13:35,BRG102,Minyak 2L,Pembeli Fiktif 038,4,32000
STR/20399,05-08-2024 19:58,BRG101,Gula 1kg,Pembeli Fiktif 038,11,14500
STR/20399,05-08-2024 19:58,BRG106,Sabun Cuci,Pembeli Fiktif 038,4,4500
STR/20400,16-08-2024 20:43,BRG103,Beras 5kg,Pembeli Fiktif 038,3,68000
STR/20401,22-08-2024 09:53,BRG101,Gula 1kg,Pembeli Fiktif 038,4,14500
STR/20401,22-08-2024 09:53,BRG106,Sabun Cuci,Pembeli Fiktif 038,11,4500
STR/20401,22-08-2024 09:53,BRG103,Beras 5kg,Pembeli Fiktif 038,12,68000
STR/20402,23-08-2024 19:06,BRG102,Minyak 2L,Pembeli Fiktif 038,9,32000
STR/20402,23-08-2024 19:06,BRG106,Sabun Cuci,Pembeli Fiktif 038,6,4500
STR/20403,22-09-2024 16:18,BRG102,Minyak 2L,Pembeli Fiktif 038,7,32000
STR/20403,22-09-2024 16:18,BRG105,Teh Celup,Pembeli Fiktif 038,1,7000
STR/20403,22-09-2024 16:18,BRG104,Kopi Bubuk,Pembeli Fiktif 038,1,9500
STR/20404,04-08-2023 18:16,BRG102,Minyak 2L,Pembeli Fiktif 039,3,32000
STR/20405,25-02-2024 20:20,BRG106,Sabun Cuci,Pembeli Fiktif 039,3,4500
STR/20405,25-02-2024 20:20,BRG101,Gula 1kg,Pembeli Fiktif 039,2,14500
STR/20405,25-02-2024 20:20,BRG103,Beras 5kg,Pembeli Fiktif 039,2,68000
STR/20406,13-04-2024 12:20,BRG104,Kopi Bubuk,Pembeli Fiktif 039,4,9500
STR/20406,13-04-2024 12:20,BRG105,Teh Celup,Pembeli Fiktif 039,6,7000
STR/20407,26-07-2024 18:29,BRG101,Gula 1kg,Pembeli Fiktif 039,9,14500
STR/20407,26-07-2024 18:29,BRG105,Teh Celup,Pembeli Fiktif 039,2,7000
STR/20408,15-11-2024 17:15,BRG105,Teh Celup,Pembeli Fiktif 039,1,7000
STR/20408,15-11-2024 17:15,BRG102,Minyak 2L,Pembeli Fiktif 039,8,32000
STR/20408,15-11-2024 17:15,BRG101,Gula 1kg,Pembeli Fiktif 039,2,14500
STR/20409,27-11-2024 16:33,BRG102,Minyak 2L,Pembeli Fiktif 039,8,32000
STR/20410,17-12-2024 17:49,BRG105,Teh Celup,Pembeli Fiktif 039,3,7000
STR/20410,17-12-2024 17:49,BRG102,Minyak 2L,Pembeli Fiktif 039,1,32000
STR/20410,17-12-2024 17:49,BRG104,Kopi Bubuk,Pembeli Fiktif 039,8,9500
STR/20411,07-01-2024 17:59,BRG101,Gula 1kg,Pembeli Fiktif 040,5,14500
STR/20412,09-01-2024 13:19,BRG105,Teh Celup,Pembeli Fiktif 040,12,7000
STR/20412,09-01-2024 13:19,BRG102,Minyak 2L,Pembeli Fiktif 040,2,32000
STR/20412,09-01-2024 13:19,BRG106,Sabun Cuci,Pembeli Fiktif 040,10,4500
STR/20413,11-01-2024 20:02,BRG105,Teh Celup,Pembeli Fiktif 040,7,7000
STR/20413,11-01-2024 20:02,BRG102,Minyak 2L,Pembeli Fiktif 040,9,32000
STR/20413,11-01-2024 20:02,BRG106,Sabun Cuci,Pembeli Fiktif 040,5,4500
STR/20414,23-01-2024 09:13,BRG101,Gula 1kg,Pembeli Fiktif 040,10,14500
STR/20414,23-01-2024 09:13,BRG102,Minyak 2L,Pembeli Fiktif 040,5,32000
STR/20414,23-01-2024 09:13,BRG103,Beras 5kg,Pembeli Fiktif 040,6,68000
STR/20415,07-02-2024 10:25,BRG105,Teh Celup,Pembeli Fiktif 040,7,7000
STR/20415,07-02-2024 10:25,BRG104,Kopi Bubuk,Pembeli Fiktif 040,2,9500
STR/20416,07-03-2024 17:33,BRG104,Kopi Bubuk,Pembeli Fiktif 040,1,9500
STR/20416,07-03-2024 17:33,BRG106,Sabun Cuci,Pembeli Fiktif 040,9,4500
STR/20416,07-03-2024 17:33,BRG101,Gula 1kg,Pembeli Fiktif 040,3,14500
STR/20417,08-04-2024 13:59,BRG102,Minyak 2L,Pembeli Fiktif 040,7,32000
STR/20418,12-04-2024 11:49,BRG103,Beras 5kg,Pembeli Fiktif 040,10,68000
STR/20418,12-04-2024 11:49,BRG104,Kopi Bubuk,Pembeli Fiktif 040,9,9500
STR/20419,26-04-2024 14:37,BRG102,Minyak 2L,Pembeli Fiktif 040,11,32000
STR/20419,26-04-2024 14:37,BRG105,Teh Celup,Pembeli Fiktif 040,9,7000
STR/20420,08-05-2024 09:43,BRG104,Kopi Bubuk,Pembeli Fiktif 040,9,9500
STR/20421,10-05-2024 08:01,BRG102,Minyak 2L,Pembeli Fiktif 040,2,32000
STR/20421,10-05-2024 08:01,BRG106,Sabun Cuci,Pembeli Fiktif 040,3,4500
STR/20421,10-05-2024 08:01,BRG105,Teh Celup,Pembeli Fiktif 040,11,7000
STR/20422,14-05-2024 08:33,BRG105,Teh Celup,Pembeli Fiktif 040,8,7000
STR/20422,14-05-2024 08:33,BRG101,Gula 1kg,Pembeli Fiktif 040,3,14500
STR/20422,14-05-2024 08:33,BRG104,Kopi Bubuk,Pembeli Fiktif 040,8,9500
STR/20423,13-08-2024 19:36,BRG102,Minyak 2L,Pembeli Fiktif 040,3,32000
STR/20423,13-08-2024 19:36,BRG103,Beras 5kg,Pembeli Fiktif 040,11,68000
STR/20424,15-08-2024 12:15,BRG106,Sabun Cuci,Pembeli Fiktif 040,9,4500
STR/20424,15-08-2024 12:15,BRG102,Minyak 2L,Pembeli Fiktif 040,12,32000
STR/20425,02-10-2023 19:45,BRG105,Teh Celup,Pembeli Fiktif 041,7,7000
STR/20425,02-10-2023 19:45,BRG102,Minyak 2L,Pembeli Fiktif 041,1,32000
STR/20425,02-10-2023 19:45,BRG103,Beras 5kg,Pembeli Fiktif 041,11,68000
STR/20426,17-10-2023 14:37,BRG103,Beras 5kg,Pembeli Fiktif 041,10,68000
STR/20426,17-10-2023 14:37,BRG102,Minyak 2L,Pembeli Fiktif 041,7,32000
STR/20427,27-12-2023 11:57,BRG103,Beras 5kg,Pembeli Fiktif 041,1,68000
STR/20428,27-02-2024 08:29,BRG104,Kopi Bubuk,Pembeli Fiktif 041,7,9500
STR/20428,27-02-2024 08:29,BRG105,Teh Celup,Pembeli Fiktif 041,7,7000
STR/20429,09-04-2024 09:24,BRG102,Minyak 2L,Pembeli Fiktif 041,10,32000
STR/20430,18-05-2024 15:19,BRG101,Gula 1kg,Pembeli Fiktif 041,3,14500
STR/20430,18-05-2024 15:19,BRG106,Sabun Cuci,Pembeli Fiktif 041,12,4500
STR/20430,18-05-2024 15:19,BRG105,Teh Celup,Pembeli Fiktif 041,12,7000
STR/20431,01-06-2024 16:00,BRG105,Teh Celup,Pembeli Fiktif 041,4,7000
STR/20431,01-06-2024 16:00,BRG101,Gula 1kg,Pembeli Fiktif 041,8,14500
STR/20432,05-10-2024 19:38,BRG103,Beras 5kg,Pembeli Fiktif 041,9,68000
STR/20433,05-12-2024 10:31,BRG106,Sabun Cuci,Pembeli Fiktif 041,9,4500
STR/20434,09-12-2024 15:46,BRG105,Teh Celup,Pembeli Fiktif 041,4,7000
STR/20435,18-12-2024 09:06,BRG105,Teh Celup,Pembeli Fiktif 041,6,7000
STR/20435,18-12-2024 09:06,BRG104,Kopi Bubuk,Pembeli Fiktif 041,6,9500
STR/20436,03-09-2023 14:49,BRG102,Minyak 2L,Pembeli Fiktif 042,3,32000
STR/20436,03-09-2023 14:49,BRG104,Kopi Bubuk,Pembeli Fiktif 042,2,9500
STR/20436,03-09-2023 14:49,BRG101,Gula 1kg,Pembeli Fiktif 042,2,14500
STR/20437,27-01-2024 10:17,BRG104,Kopi Bubuk,Pembeli Fiktif 042,7,9500
STR/20438,08-02-2024 11:01,BRG104,Kopi Bubuk,Pembeli Fiktif 042,3,9500
STR/20439,04-03-2024 13:24,BRG103,Beras 5kg,Pembeli Fiktif 042,11,68000
STR/20439,04-03-2024 13:24,BRG104,Kopi Bubuk,Pembeli Fiktif 042,10,9500
STR/20440,22-05-2024 13:42,BRG102,Minyak 2L,Pembeli Fiktif 042,3,32000
STR/20440,22-05-2024 13:42,BRG103,Beras 5kg,Pembeli Fiktif 042,6,68000
STR/20440,22-05-2024 13:42,BRG101,Gula 1kg,Pembeli Fiktif 042,9,14500
STR/20441,21-06-2024 09:30,BRG103,Beras 5kg,Pembeli Fiktif 042,4,68000
STR/20441,21-06-2024 09:30,BRG104,Kopi Bubuk,Pembeli Fiktif 042,2,9500
STR/20442,06-07-2024 15:48,BRG102,Minyak 2L,Pembeli Fiktif 042,8,32000
STR/20443,01-08-2023 13:12,BRG103,Beras 5kg,Pembeli Fiktif 043,2,68000
STR/20444,07-08-2023 19:14,BRG102,Minyak 2L,Pembeli Fiktif 043,11,32000
STR/20444,07-08-2023 19:14,BRG106,Sabun Cuci,Pembeli Fiktif 043,8,4500
STR/20445,15-08-2023 15:54,BRG106,Sabun Cuci,Pembeli Fiktif 043,12,4500
STR/20446,16-08-2023 19:27,BRG105,Teh Celup,Pembeli Fiktif 043,6,7000
STR/20446,16-08-2023 19:27,BRG101,Gula 1kg,Pembeli Fiktif 043,7,14500
STR/20446,16-08-2023 19:27,BRG106,Sabun Cuci,Pembeli Fiktif 043,11,4500
STR/20447,18-08-2023 08:13,BRG105,Teh Celup,Pembeli Fiktif 043,12,7000
STR/20448,25-08-2023 13:52,BRG102,Minyak 2L,Pembeli Fiktif 043,2,32000
STR/20449,04-09-2023 18:55,BRG104,Kopi Bubuk,Pembeli Fiktif 043,9,9500
STR/20449,04-09-2023 18:55,BRG102,Minyak 2L,Pembeli Fiktif 043,7,32000
STR/20449,04-09-2023 18:55,BRG101,Gula 1kg,Pembeli Fiktif 043,6,14500
STR/20450,10-09-2023 10:23,BRG104,Kopi Bubuk,Pembeli Fiktif 043,5,9500
STR/20450,10-09-2023 10:23,BRG105,Teh Celup,Pembeli Fiktif 043,7,7000
STR/20451,06-10-2023 10:52,BRG102,Minyak 2L,Pembeli Fiktif 043,11,32000
STR/20452,01-12-2023 17:11,BRG102,Minyak 2L,Pembeli Fiktif 043,4,32000
STR/20452,01-12-2023 17:11,BRG105,Teh Celup,Pembeli Fiktif 043,3,7000
STR/20453,29-12-2023 08:13,BRG101,Gula 1kg,Pembeli Fiktif 043,12,14500
STR/20453,29-12-2023 08:13,BRG105,Teh Celup,Pembeli Fiktif 043,9,7000
STR/20454,31-12-2023 20:21,BRG103,Beras 5kg,Pembeli Fiktif 043,10,68000
STR/20454,31-12-2023 20:21,BRG102,Minyak 2L,Pembeli Fiktif 043,7,32000
STR/20455,05-01-2024 20:14,BRG101,Gula 1kg,Pembeli Fiktif 043,6,14500
STR/20455,05-01-2024 20:14,BRG106,Sabun Cuci,Pembeli Fiktif 043,4,4500
STR/20455,05-01-2024 20:14,BRG104,Kopi Bubuk,Pembeli Fiktif 043,5,9500
STR/20456,20-01-2024 20:27,BRG104,Kopi Bubuk,Pembeli Fiktif 043,11,9500
STR/20456,20-01-2024 20:27,BRG103,Beras 5kg,Pembeli Fiktif 043,2,68000
STR/20456,20-01-2024 20:27,BRG102,Minyak 2L,Pembeli Fiktif 043,7,32000
STR/20457,22-01-2024 18:08,BRG106,Sabun Cuci,Pembeli Fiktif 043,1,4500
STR/20458,29-01-2024 20:56,BRG106,Sabun Cuci,Pembeli Fiktif 043,10,4500
STR/20458,29-01-2024 20:56,BRG103,Beras 5kg,Pembeli Fiktif 043,1,68000
STR/20459,02-02-2024 20:39,BRG106,Sabun Cuci,Pembeli Fiktif 043,5,4500
STR/20460,07-03-2024 11:16,BRG106,Sabun Cuci,Pembeli Fiktif 043,12,4500
STR/20460,07-03-2024 11:16,BRG102,Minyak 2L,Pembeli Fiktif 043,3,32000
STR/20461,08-03-2024 10:00,BRG102,Minyak 2L,Pembeli Fiktif 043,2,32000
STR/20461,08-03-2024 10:00,BRG105,Teh Celup,Pembeli Fiktif 043,3,7000
STR/20462,03-04-2024 18:52,BRG103,Beras 5kg,Pembeli Fiktif 043,2,68000
STR/20462,03-04-2024 18:52,BRG105,Teh Celup,Pembeli Fiktif 043,9,7000
STR/20462,03-04-2024 18:52,BRG106,Sabun Cuci,Pembeli Fiktif 043,12,4500
STR/20463,12-04-2024 13:54,BRG103,Beras 5kg,Pembeli Fiktif 043,7,68000
STR/20464,19-04-2024 08:40,BRG103,Beras 5kg,Pembeli Fiktif 043,4,68000
STR/20464,19-04-2024 08:40,BRG105,Teh Celup,Pembeli Fiktif 043,9,7000
STR/20464,19-04-2024 08:40,BRG104,Kopi Bubuk,Pembeli Fiktif 043,5,9500
STR/20465,12-05-2024 13:48,BRG104,Kopi Bubuk,Pembeli Fiktif 043,1,9500
STR/20465,12-05-2024 13:48,BRG101,Gula 1kg,Pembeli Fiktif 043,5,14500
STR/20466,14-05-2024 08:11,BRG104,Kopi Bubuk,Pembeli Fiktif 043,9,9500
STR/20466,14-05-2024 08:11,BRG101,Gula 1kg,Pembeli Fiktif 043,4,14500
STR/20467,15-05-2024 15:30,BRG101,Gula 1kg,Pembeli Fiktif 043,11,14500
STR/20467,15-05-2024 15:30,BRG103,Beras 5kg,Pembeli Fiktif 043,8,68000
STR/20468,20-05-2024 16:45,BRG106,Sabun Cuci,Pembeli Fiktif 043,7,4500
STR/20469,24-05-2024 08:38,BRG103,Beras 5kg,Pembeli Fiktif 043,11,68000
STR/20469,24-05-2024 08:38,BRG101,Gula 1kg,Pembeli Fiktif 043,11,14500
STR/20469,24-05-2024 08:38,BRG102,Minyak 2L,Pembeli Fiktif 043,5,32000
STR/20470,25-05-2024 09:33,BRG102,Minyak 2L,Pembeli Fiktif 043,3,32000
STR/20470,25-05-2024 09:33,BRG104,Kopi Bubuk,Pembeli Fiktif 043,12,9500
STR/20470,25-05-2024 09:33,BRG101,Gula 1kg,Pembeli Fiktif 043,6,14500
STR/20471,02-06-2024 19:45,BRG104,Kopi Bubuk,Pembeli Fiktif 043,5,9500
STR/20472,09-06-2024 13:02,BRG104,Kopi Bubuk,Pembeli Fiktif 043,12,9500
STR/20472,09-06-2024 13:02,BRG105,Teh Celup,Pembeli Fiktif 043,1,7000
STR/20473,10-06-2024 08:39,BRG106,Sabun Cuci,Pembeli Fiktif 043,4,4500
STR/20473,10-06-2024 08:39,BRG102,Minyak 2L,Pembeli Fiktif 043,5,32000
STR/20473,10-06-2024 08:39,BRG101,Gula 1kg,Pembeli Fiktif 043,12,14500
STR/20474,15-06-2024 08:09,BRG104,Kopi Bubuk,Pembeli Fiktif 043,3,9500
STR/20474,15-06-2024 08:09,BRG103,Beras 5kg,Pembeli Fiktif 043,6,68000
STR/20474,15-06-2024 08:09,BRG102,Minyak 2L,Pembeli Fiktif 043,11,32000
STR/20475,18-06-2024 13:11,BRG101,Gula 1kg,Pembeli Fiktif 043,5,14500
STR/20475,18-06-2024 13:11,BRG104,Kopi Bubuk,Pembeli Fiktif 043,3,9500
STR/20476,02-07-2024 09:07,BRG105,Teh Celup,Pembeli Fiktif 043,8,7000
STR/20476,02-07-2024 09:07,BRG102,Minyak 2L,Pembeli Fiktif 043,1,32000
STR/20476,02-07-2024 09:07,BRG103,Beras 5kg,Pembeli Fiktif 043,1,68000
STR/20477,03-07-2024 09:45,BRG106,Sabun Cuci,Pembeli Fiktif 043,6,4500
STR/20477,03-07-2024 09:45,BRG102,Minyak 2L,Pembeli Fiktif 043,1,32000
STR/20477,03-07-2024 09:45,BRG101,Gula 1kg,Pembeli Fiktif 043,4,14500
STR/20478,13-07-2024 10:42,BRG104,Kopi Bubuk,Pembeli Fiktif 043,10,9500
STR/20478,13-07-2024 10:42,BRG106,Sabun Cuci,Pembeli Fiktif 043,7,4500
STR/20478,13-07-2024 10:42,BRG103,Beras 5kg,Pembeli Fiktif 043,1,68000
STR/20479,20-07-2024 17:07,BRG106,Sabun Cuci,Pembeli Fiktif 043,10,4500
STR/20479,20-07-2024 17:07,BRG105,Teh Celup,Pembeli Fiktif 043,5,7000
STR/20479,20-07-2024 17:07,BRG102,Minyak 2L,Pembeli Fiktif 043,10,32000
STR/20480,04-08-2024 15:12,BRG105,Teh Celup,Pembeli Fiktif 043,3,7000
STR/20480,04-08-2024 15:12,BRG106,Sabun Cuci,Pembeli Fiktif 043,9,4500
STR/20481,05-08-2024 18:04,BRG102,Minyak 2L,Pembeli Fiktif 043,11,32000
STR/20481,05-08-2024 18:04,BRG106,Sabun Cuci,Pembeli Fiktif 043,11,4500
STR/20481,05-08-2024 18:04,BRG101,Gula 1kg,Pembeli Fiktif 043,12,14500
STR/20482,15-08-2024 12:18,BRG106,Sabun Cuci,Pembeli Fiktif 043,7,4500
STR/20483,20-08-2024 09:01,BRG101,Gula 1kg,Pembeli Fiktif 043,4,14500
STR/20484,18-09-2024 15:19,BRG101,Gula 1kg,Pembeli Fiktif 043,5,14500
STR/20485,22-09-2024 20:33,BRG102,Minyak 2L,Pembeli Fiktif 043,5,32000
STR/20485,22-09-2024 20:33,BRG105,Teh Celup,Pembeli Fiktif 043,1,7000
STR/20486,07-10-2024 16:26,BRG104,Kopi Bubuk,Pembeli Fiktif 043,5,9500
STR/20487,25-10-2024 11:10,BRG105,Teh Celup,Pembeli Fiktif 043,2,7000
STR/20487,25-10-2024 11:10,BRG106,Sabun Cuci,Pembeli Fiktif 043,9,4500
STR/20488,30-10-2024 08:02,BRG103,Beras 5kg,Pembeli Fiktif 043,9,68000
STR/20489,07-11-2024 09:02,BRG106,Sabun Cuci,Pembeli Fiktif 043,10,4500
STR/20489,07-11-2024 09:02,BRG103,Beras 5kg,Pembeli Fiktif 043,12,68000
STR/20489,07-11-2024 09:02,BRG102,Minyak 2L,Pembeli Fiktif 043,5,32000
STR/20490,25-12-2024 19:01,BRG106,Sabun Cuci,Pembeli Fiktif 043,2,4500
STR/20491,24-06-2023 11:47,BRG105,Teh Celup,Pembeli Fiktif 044,11,7000
STR/20491,24-06-2023 11:47,BRG106,Sabun Cuci,Pembeli Fiktif 044,3,4500
STR/20492,08-07-2023 08:45,BRG106,Sabun Cuci,Pembeli Fiktif 044,6,4500
STR/20493,30-08-2023 12:24,BRG103,Beras 5kg,Pembeli Fiktif 044,10,68000
STR/20494,25-12-2023 19:20,BRG106,Sabun Cuci,Pembeli Fiktif 044,12,4500
STR/20494,25-12-2023 19:20,BRG104,Kopi Bubuk,Pembeli Fiktif 044,12,9500
STR/20495,20-02-2024 13:29,BRG106,Sabun Cuci,Pembeli Fiktif 044,11,4500
STR/20495,20-02-2024 13:29,BRG105,Teh Celup,Pembeli Fiktif 044,9,7000
STR/20496,16-05-2024 20:41,BRG105,Teh Celup,Pembeli Fiktif 044,2,7000
STR/20496,16-05-2024 20:41,BRG106,Sabun Cuci,Pembeli Fiktif 044,3,4500
STR/20496,16-05-2024 20:41,BRG104,Kopi Bubuk,Pembeli Fiktif 044,7,9500
STR/20497,17-06-2024 14:31,BRG106,Sabun Cuci,Pembeli Fiktif 044,8,4500
STR/20497,17-06-2024 14:31,BRG104,Kopi Bubuk,Pembeli Fiktif 044,12,9500
STR/20497,17-06-2024 14:31,BRG103,Beras 5kg,Pembeli Fiktif 044,2,68000
STR/20498,20-10-2024 19:44,BRG106,Sabun Cuci,Pembeli Fiktif 044,8,4500
STR/20498,20-10-2024 19:44,BRG101,Gula 1kg,Pembeli Fiktif 044,1,14500
STR/20499,26-10-2024 10:37,BRG106,Sabun Cuci,Pembeli Fiktif 044,8,4500
STR/20499,26-10-2024 10:37,BRG105,Teh Celup,Pembeli Fiktif 044,3,7000
STR/20500,21-12-2024 15:02,BRG106,Sabun Cuci,Pembeli Fiktif 044,4,4500
STR/20500,21-12-2024 15:02,BRG103,Beras 5kg,Pembeli Fiktif 044,3,68000
STR/20500,21-12-2024 15:02,BRG104,Kopi Bubuk,Pembeli Fiktif 044,2,9500
STR/20501,23-12-2024 14:11,BRG104,Kopi Bubuk,Pembeli Fiktif 044,1,9500
STR/20501,23-12-2024 14:11,BRG106,Sabun Cuci,Pembeli Fiktif 044,7,4500
STR/20501,23-12-2024 14:11,BRG103,Beras 5kg,Pembeli Fiktif 044,11,68000
STR/20502,17-08-2023 18:00,BRG104,Kopi Bubuk,Pembeli Fiktif 045,1,9500
STR/20503,24-08-2023 09:45,BRG103,Beras 5kg,Pembeli Fiktif 045,1,68000
STR/20503,24-08-2023 09:45,BRG105,Teh Celup,Pembeli Fiktif 045,10,7000
STR/20503,24-08-2023 09:45,BRG102,Minyak 2L,Pembeli Fiktif 045,9,32000
STR/20504,08-09-2023 10:14,BRG105,Teh Celup,Pembeli Fiktif 045,5,7000
STR/20504,08-09-2023 10:14,BRG103,Beras 5kg,Pembeli Fiktif 045,4,68000
STR/20505,18-09-2023 10:54,BRG101,Gula 1kg,Pembeli Fiktif 045,3,14500
STR/20505,18-09-2023 10:54,BRG106,Sabun Cuci,Pembeli Fiktif 045,9,4500
STR/20505,18-09-2023 10:54,BRG105,Teh Celup,Pembeli Fiktif 045,12,7000
STR/20506,30-09-2023 20:10,BRG104,Kopi Bubuk,Pembeli Fiktif 045,3,9500
STR/20506,30-09-2023 20:10,BRG102,Minyak 2L,Pembeli Fiktif 045,6,32000
STR/20506,30-09-2023 20:10,BRG105,Teh Celup,Pembeli Fiktif 045,4,7000
STR/20507,14-11-2023 19:39,BRG106,Sabun Cuci,Pembeli Fiktif 045,7,4500
STR/20507,14-11-2023 19:39,BRG105,Teh Celup,Pembeli Fiktif 045,12,7000
STR/20507,14-11-2023 19:39,BRG103,Beras 5kg,Pembeli Fiktif 045,8,68000
STR/20508,21-12-2023 08:18,BRG102,Minyak 2L,Pembeli Fiktif 045,6,32000
STR/20508,21-12-2023 08:18,BRG104,Kopi Bubuk,Pembeli Fiktif 045,4,9500
STR/20508,21-12-2023 08:18,BRG101,Gula 1kg,Pembeli Fiktif 045,8,14500
STR/20509,27-12-2023 13:28,BRG105,Teh Celup,Pembeli Fiktif 045,10,7000
STR/20509,27-12-2023 13:28,BRG103,Beras 5kg,Pembeli Fiktif 045,6,68000
STR/20510,04-01-2024 15:10,BRG104,Kopi Bubuk,Pembeli Fiktif 045,3,9500
STR/20510,04-01-2024 15:10,BRG102,Minyak 2L,Pembeli Fiktif 045,4,32000
STR/20510,04-01-2024 15:10,BRG106,Sabun Cuci,Pembeli Fiktif 045,11,4500
STR/20511,22-01-2024 19:35,BRG106,Sabun Cuci,Pembeli Fiktif 045,3,4500
STR/20511,22-01-2024 19:35,BRG105,Teh Celup,Pembeli Fiktif 045,12,7000
STR/20512,31-03-2024 13:59,BRG106,Sabun Cuci,Pembeli Fiktif 045,11,4500
STR/20512,31-03-2024 13:59,BRG104,Kopi Bubuk,Pembeli Fiktif 045,11,9500
STR/20512,31-03-2024 13:59,BRG103,Beras 5kg,Pembeli Fiktif 045,10,68000
STR/20513,21-04-2024 18:02,BRG102,Minyak 2L,Pembeli Fiktif 045,2,32000
STR/20513,21-04-2024 18:02,BRG101,Gula 1kg,Pembeli Fiktif 045,4,14500
STR/20513,21-04-2024 18:02,BRG103,Beras 5kg,Pembeli Fiktif 045,12,68000
STR/20514,11-05-2024 18:21,BRG103,Beras 5kg,Pembeli Fiktif 045,8,68000
STR/20515,22-07-2024 14:39,BRG101,Gula 1kg,Pembeli Fiktif 045,11,14500
STR/20515,22-07-2024 14:39,BRG105,Teh Celup,Pembeli Fiktif 045,8,7000
STR/20515,22-07-2024 14:39,BRG104,Kopi Bubuk,Pembeli Fiktif 045,11,9500
STR/20516,31-07-2024 17:41,BRG102,Minyak 2L,Pembeli Fiktif 045,7,32000
STR/20516,31-07-2024 17:41,BRG106,Sabun Cuci,Pembeli Fiktif 045,2,4500
STR/20516,31-07-2024 17:41,BRG105,Teh Celup,Pembeli Fiktif 045,4,7000
STR/20517,30-09-2024 08:55,BRG102,Minyak 2L,Pembeli Fiktif 045,7,32000
STR/20518,21-08-2023 12:17,BRG105,Teh Celup,Pembeli Fiktif 046,3,7000
STR/20518,21-08-2023 12:17,BRG101,Gula 1kg,Pembeli Fiktif 046,5,14500
STR/20519,10-11-2023 19:05,BRG101,Gula 1kg,Pembeli Fiktif 046,2,14500
STR/20520,29-11-2023 10:07,BRG103,Beras 5kg,Pembeli Fiktif 046,4,68000
STR/20521,04-12-2023 14:38,BRG103,Beras 5kg,Pembeli Fiktif 046,2,68000
STR/20522,13-12-2023 18:19,BRG103,Beras 5kg,Pembeli Fiktif 046,1,68000
STR/20522,13-12-2023 18:19,BRG101,Gula 1kg,Pembeli Fiktif 046,12,14500
STR/20522,13-12-2023 18:19,BRG104,Kopi Bubuk,Pembeli Fiktif 046,5,9500
STR/20523,17-12-2023 14:42,BRG105,Teh Celup,Pembeli Fiktif 046,3,7000
STR/20523,17-12-2023 14:42,BRG104,Kopi Bubuk,Pembeli Fiktif 046,9,9500
STR/20523,17-12-2023 14:42,BRG101,Gula 1kg,Pembeli Fiktif 046,12,14500
STR/20524,26-01-2024 20:42,BRG106,Sabun Cuci,Pembeli Fiktif 046,9,4500
STR/20525,30-01-2024 19:06,BRG102,Minyak 2L,Pembeli Fiktif 046,1,32000
STR/20525,30-01-2024 19:06,BRG104,Kopi Bubuk,Pembeli Fiktif 046,11,9500
STR/20526,08-02-2024 09:16,BRG106,Sabun Cuci,Pembeli Fiktif 046,7,4500
STR/20527,26-02-2024 14:52,BRG101,Gula 1kg,Pembeli Fiktif 046,10,14500
STR/20527,26-02-2024 14:52,BRG105,Teh Celup,Pembeli Fiktif 046,10,7000
STR/20527,26-02-2024 14:52,BRG103,Beras 5kg,Pembeli Fiktif 046,10,68000
STR/20528,17-03-2024 17:31,BRG106,Sabun Cuci,Pembeli Fiktif 046,8,4500
STR/20528,17-03-2024 17:31,BRG101,Gula 1kg,Pembeli Fiktif 046,7,14500
STR/20528,17-03-2024 17:31,BRG102,Minyak 2L,Pembeli Fiktif 046,7,32000
STR/20529,16-04-2024 17:43,BRG101,Gula 1kg,Pembeli Fiktif 046,6,14500
STR/20529,16-04-2024 17:43,BRG105,Teh Celup,Pembeli Fiktif 046,1,7000
STR/20530,20-04-2024 14:42,BRG101,Gula 1kg,Pembeli Fiktif 046,8,14500
STR/20530,20-04-2024 14:42,BRG104,Kopi Bubuk,Pembeli Fiktif 046,4,9500
STR/20530,20-04-2024 14:42,BRG102,Minyak 2L,Pembeli Fiktif 046,10,32000
STR/20531,28-04-2024 13:13,BRG101,Gula 1kg,Pembeli Fiktif 046,6,14500
STR/20532,07-05-2024 12:03,BRG105,Teh Celup,Pembeli Fiktif 046,7,7000
STR/20533,04-06-2024 12:37,BRG103,Beras 5kg,Pembeli Fiktif 046,11,68000
STR/20534,30-06-2024 08:11,BRG105,Teh Celup,Pembeli Fiktif 046,8,7000
STR/20534,30-06-2024 08:11,BRG103,Beras 5kg,Pembeli Fiktif 046,1,68000
STR/20534,30-06-2024 08:11,BRG101,Gula 1kg,Pembeli Fiktif 046,5,14500
STR/20535,09-07-2024 19:10,BRG102,Minyak 2L,Pembeli Fiktif 046,8,32000
STR/20536,15-07-2024 17:24,BRG105,Teh Celup,Pembeli Fiktif 046,11,7000
STR/20536,15-07-2024 17:24,BRG104,Kopi Bubuk,Pembeli Fiktif 046,11,9500
STR/20536,15-07-2024 17:24,BRG101,Gula 1kg,Pembeli Fiktif 046,12,14500
STR/20537,03-08-2024 11:43,BRG103,Beras 5kg,Pembeli Fiktif 046,6,68000
STR/20537,03-08-2024 11:43,BRG104,Kopi Bubuk,Pembeli Fiktif 046,3,9500
STR/20538,26-09-2024 09:42,BRG101,Gula 1kg,Pembeli Fiktif 046,3,14500
STR/20539,21-10-2024 14:48,BRG105,Teh Celup,Pembeli Fiktif 046,11,7000
STR/20539,21-10-2024 14:48,BRG104,Kopi Bubuk,Pembeli Fiktif 046,12,9500
STR/20539,21-10-2024 14:48,BRG106,Sabun Cuci,Pembeli Fiktif 046,2,4500
STR/20540,27-10-2024 19:03,BRG101,Gula 1kg,Pembeli Fiktif 046,12,14500
STR/20540,27-10-2024 19:03,BRG102,Minyak 2L,Pembeli Fiktif 046,3,32000
STR/20541,05-11-2024 20:55,BRG106,Sabun Cuci,Pembeli Fiktif 046,1,4500
STR/20541,05-11-2024 20:55,BRG105,Teh Celup,Pembeli Fiktif 046,6,7000
STR/20542,15-11-2024 11:26,BRG106,Sabun Cuci,Pembeli Fiktif 046,12,4500
STR/20543,25-11-2024 13:41,BRG101,Gula 1kg,Pembeli Fiktif 046,10,14500
STR/20544,30-11-2024 15:42,BRG103,Beras 5kg,Pembeli Fiktif 046,11,68000
STR/20544,30-11-2024 15:42,BRG104,Kopi Bubuk,Pembeli Fiktif 046,12,9500
STR/20544,30-11-2024 15:42,BRG105,Teh Celup,Pembeli Fiktif 046,12,7000
STR/20545,05-12-2024 15:43,BRG101,Gula 1kg,Pembeli Fiktif 046,2,14500
STR/20545,05-12-2024 15:43,BRG105,Teh Celup,Pembeli Fiktif 046,8,7000
STR/20546,15-07-2024 11:41,BRG102,Minyak 2L,Pembeli Fiktif 047,6,32000
STR/20547,08-06-2023 18:36,BRG101,Gula 1kg,Pembeli Fiktif 048,11,14500
STR/20548,20-06-2023 17:07,BRG106,Sabun Cuci,Pembeli Fiktif 048,5,4500
STR/20549,22-06-2023 18:48,BRG101,Gula 1kg,Pembeli Fiktif 048,9,14500
STR/20550,30-08-2023 09:31,BRG106,Sabun Cuci,Pembeli Fiktif 048,4,4500
STR/20551,25-10-2023 16:46,BRG103,Beras 5kg,Pembeli Fiktif 048,1,68000
STR/20551,25-10-2023 16:46,BRG101,Gula 1kg,Pembeli Fiktif 048,10,14500
STR/20552,26-01-2024 12:27,BRG106,Sabun Cuci,Pembeli Fiktif 048,4,4500
STR/20552,26-01-2024 12:27,BRG102,Minyak 2L,Pembeli Fiktif 048,8,32000
STR/20553,11-02-2024 17:55,BRG103,Beras 5kg,Pembeli Fiktif 048,10,68000
STR/20553,11-02-2024 17:55,BRG105,Teh Celup,Pembeli Fiktif 048,1,7000
STR/20554,25-03-2024 14:36,BRG102,Minyak 2L,Pembeli Fiktif 048,12,32000
STR/20554,25-03-2024 14:36,BRG106,Sabun Cuci,Pembeli Fiktif 048,8,4500
STR/20554,25-03-2024 14:36,BRG105,Teh Celup,Pembeli Fiktif 048,8,7000
STR/20555,06-06-2024 14:44,BRG104,Kopi Bubuk,Pembeli Fiktif 048,6,9500
STR/20556,09-06-2024 15:36,BRG106,Sabun Cuci,Pembeli Fiktif 048,6,4500
STR/20557,22-06-2024 10:53,BRG102,Minyak 2L,Pembeli Fiktif 048,11,32000
STR/20557,22-06-2024 10:53,BRG101,Gula 1kg,Pembeli Fiktif 048,4,14500
STR/20557,22-06-2024 10:53,BRG106,Sabun Cuci,Pembeli Fiktif 048,3,4500
STR/20558,24-08-2024 15:32,BRG104,Kopi Bubuk,Pembeli Fiktif 048,9,9500
STR/20558,24-08-2024 15:32,BRG103,Beras 5kg,Pembeli Fiktif 048,8,68000
STR/20558,24-08-2024 15:32,BRG101,Gula 1kg,Pembeli Fiktif 048,1,14500
STR/20559,17-09-2024 19:27,BRG102,Minyak 2L,Pembeli Fiktif 048,6,32000
STR/20559,17-09-2024 19:27,BRG105,Teh Celup,Pembeli Fiktif 048,5,7000
STR/20559,17-09-2024 19:27,BRG106,Sabun Cuci,Pembeli Fiktif 048,10,4500
STR/20560,20-11-2024 09:01,BRG104,Kopi Bubuk,Pembeli Fiktif 048,3,9500
STR/20561,28-10-2024 10:10,BRG104,Kopi Bubuk,Pembeli Fiktif 049,11,9500
STR/20562,24-08-2023 08:26,BRG105,Teh Celup,Pembeli Fiktif 050,1,7000
STR/20563,23-09-2023 14:16,BRG104,Kopi Bubuk,Pembeli Fiktif 050,1,9500
STR/20563,23-09-2023 14:16,BRG101,Gula 1kg,Pembeli Fiktif 050,5,14500
STR/20563,23-09-2023 14:16,BRG102,Minyak 2L,Pembeli Fiktif 050,3,32000
STR/20564,26-09-2023 11:05,BRG101,Gula 1kg,Pembeli Fiktif 050,4,14500
STR/20565,09-11-2023 15:40,BRG104,Kopi Bubuk,Pembeli Fiktif 050,6,9500
STR/20566,26-09-2024 08:29,BRG104,Kopi Bubuk,Pembeli Fiktif 051,12,9500
STR/20567,25-11-2024 09:23,BRG102,Minyak 2L,Pembeli Fiktif 051,2,32000
STR/20567,25-11-2024 09:23,BRG103,Beras 5kg,Pembeli Fiktif 051,4,68000
STR/20568,30-10-2024 10:52,BRG104,Kopi Bubuk,Pembeli Fiktif 052,12,9500
STR/20568,30-10-2024 10:52,BRG106,Sabun Cuci,Pembeli Fiktif 052,3,4500
STR/20569,17-11-2024 16:33,BRG101,Gula 1kg,Pembeli Fiktif 052,8,14500
STR/20569,17-11-2024 16:33,BRG102,Minyak 2L,Pembeli Fiktif 052,7,32000
STR/20570,04-12-2024 08:46,BRG106,Sabun Cuci,Pembeli Fiktif 052,4,4500
STR/20571,12-12-2024 14:50,BRG105,Teh Celup,Pembeli Fiktif 052,4,7000
STR/20571,12-12-2024 14:50,BRG106,Sabun Cuci,Pembeli Fiktif 052,11,4500
STR/20572,21-12-2024 14:51,BRG102,Minyak 2L,Pembeli Fiktif 052,2,32000
STR/20572,21-12-2024 14:51,BRG105,Teh Celup,Pembeli Fiktif 052,1,7000
STR/20573,30-05-2024 12:07,BRG101,Gula 1kg,Pembeli Fiktif 053,3,14500
STR/20574,15-02-2023 09:21,BRG102,Minyak 2L,Pembeli Fiktif 054,12,32000
STR/20574,15-02-2023 09:21,BRG106,Sabun Cuci,Pembeli Fiktif 054,2,4500
STR/20575,17-03-2023 17:16,BRG105,Teh Celup,Pembeli Fiktif 054,4,7000
STR/20575,17-03-2023 17:16,BRG101,Gula 1kg,Pembeli Fiktif 054,3,14500
STR/20576,18-03-2023 13:23,BRG104,Kopi Bubuk,Pembeli Fiktif 054,7,9500
STR/20576,18-03-2023 13:23,BRG102,Minyak 2L,Pembeli Fiktif 054,2,32000
STR/20577,04-04-2023 15:46,BRG101,Gula 1kg,Pembeli Fiktif 054,4,14500
STR/20578,18-04-2023 18:00,BRG102,Minyak 2L,Pembeli Fiktif 054,3,32000
STR/20578,18-04-2023 18:00,BRG103,Beras 5kg,Pembeli Fiktif 054,8,68000
STR/20578,18-04-2023 18:00,BRG105,Teh Celup,Pembeli Fiktif 054,4,7000
STR/20579,30-04-2023 08:09,BRG101,Gula 1kg,Pembeli Fiktif 054,3,14500
STR/20579,30-04-2023 08:09,BRG105,Teh Celup,Pembeli Fiktif 054,6,7000
STR/20580,30-05-2023 18:02,BRG106,Sabun Cuci,Pembeli Fiktif 054,7,4500
STR/20580,30-05-2023 18:02,BRG102,Minyak 2L,Pembeli Fiktif 054,7,32000
STR/20581,07-06-2023 09:07,BRG101,Gula 1kg,Pembeli Fiktif 054,11,14500
STR/20581,07-06-2023 09:07,BRG102,Minyak 2L,Pembeli Fiktif 054,5,32000
STR/20581,07-06-2023 09:07,BRG103,Beras 5kg,Pembeli Fiktif 054,5,68000
STR/20582,20-06-2023 15:18,BRG101,Gula 1kg,Pembeli Fiktif 054,9,14500
STR/20582,20-06-2023 15:18,BRG106,Sabun Cuci,Pembeli Fiktif 054,5,4500
STR/20583,04-07-2023 09:10,BRG103,Beras 5kg,Pembeli Fiktif 054,3,68000
STR/20584,08-07-2023 08:24,BRG105,Teh Celup,Pembeli Fiktif 054,11,7000
STR/20585,15-07-2023 13:22,BRG104,Kopi Bubuk,Pembeli Fiktif 054,11,9500
STR/20586,27-07-2023 14:58,BRG102,Minyak 2L,Pembeli Fiktif 054,10,32000
STR/20586,27-07-2023 14:58,BRG105,Teh Celup,Pembeli Fiktif 054,3,7000
STR/20586,27-07-2023 14:58,BRG104,Kopi Bubuk,Pembeli Fiktif 054,11,9500
STR/20587,03-08-2023 12:02,BRG103,Beras 5kg,Pembeli Fiktif 054,12,68000
STR/20588,15-08-2023 11:17,BRG101,Gula 1kg,Pembeli Fiktif 054,10,14500
STR/20588,15-08-2023 11:17,BRG104,Kopi Bubuk,Pembeli Fiktif 054,11,9500
STR/20589,19-08-2023 10:21,BRG101,Gula 1kg,Pembeli Fiktif 054,6,14500
STR/20589,19-08-2023 10:21,BRG104,Kopi Bubuk,Pembeli Fiktif 054,12,9500
STR/20590,23-08-2023 15:23,BRG105,Teh Celup,Pembeli Fiktif 054,10,7000
STR/20591,21-09-2023 13:12,BRG101,Gula 1kg,Pembeli Fiktif 054,11,14500
STR/20591,21-09-2023 13:12,BRG103,Beras 5kg,Pembeli Fiktif 054,6,68000
STR/20592,08-10-2023 19:48,BRG105,Teh Celup,Pembeli Fiktif 054,12,7000
STR/20593,12-10-2023 13:39,BRG102,Minyak 2L,Pembeli Fiktif 054,10,32000
STR/20594,26-10-2023 15:47,BRG106,Sabun Cuci,Pembeli Fiktif 054,3,4500
STR/20595,13-11-2023 20:26,BRG106,Sabun Cuci,Pembeli Fiktif 054,1,4500
STR/20595,13-11-2023 20:26,BRG103,Beras 5kg,Pembeli Fiktif 054,5,68000
STR/20596,22-11-2023 20:13,BRG106,Sabun Cuci,Pembeli Fiktif 054,8,4500
STR/20597,23-11-2023 14:28,BRG105,Teh Celup,Pembeli Fiktif 054,8,7000
STR/20598,25-11-2023 10:42,BRG103,Beras 5kg,Pembeli Fiktif 054,9,68000
STR/20599,27-11-2023 13:08,BRG103,Beras 5kg,Pembeli Fiktif 054,11,68000
STR/20599,27-11-2023 13:08,BRG106,Sabun Cuci,Pembeli Fiktif 054,3,4500
STR/20600,16-01-2024 11:29,BRG104,Kopi Bubuk,Pembeli Fiktif 054,2,9500
STR/20600,16-01-2024 11:29,BRG105,Teh Celup,Pembeli Fiktif 054,9,7000
STR/20601,18-01-2024 14:19,BRG104,Kopi Bubuk,Pembeli Fiktif 054,7,9500
STR/20601,18-01-2024 14:19,BRG101,Gula 1kg,Pembeli Fiktif 054,6,14500
STR/20602,13-02-2024 09:56,BRG105,Teh Celup,Pembeli Fiktif 054,6,7000
STR/20602,13-02-2024 09:56,BRG102,Minyak 2L,Pembeli Fiktif 054,11,32000
STR/20603,20-06-2024 13:14,BRG101,Gula 1kg,Pembeli Fiktif 055,9,14500
STR/20603,20-06-2024 13:14,BRG106,Sabun Cuci,Pembeli Fiktif 055,6,4500
STR/20604,25-06-2024 09:01,BRG103,Beras 5kg,Pembeli Fiktif 055,8,68000
STR/20604,25-06-2024 09:01,BRG102,Minyak 2L,Pembeli Fiktif 055,5,32000
STR/20604,25-06-2024 09:01,BRG104,Kopi Bubuk,Pembeli Fiktif 055,2,9500
STR/20605,28-07-2024 20:39,BRG103,Beras 5kg,Pembeli Fiktif 055,8,68000
STR/20606,02-08-2024 08:08,BRG103,Beras 5kg,Pembeli Fiktif 055,6,68000
STR/20607,04-10-2024 19:33,BRG106,Sabun Cuci,Pembeli Fiktif 055,3,4500
STR/20608,09-10-2024 20:03,BRG101,Gula 1kg,Pembeli Fiktif 055,6,14500
STR/20609,09-11-2024 20:28,BRG106,Sabun Cuci,Pembeli Fiktif 055,10,4500
STR/20609,09-11-2024 20:28,BRG104,Kopi Bubuk,Pembeli Fiktif 055,9,9500
STR/20609,09-11-2024 20:28,BRG102,Minyak 2L,Pembeli Fiktif 055,7,32000
STR/20610,24-11-2024 13:52,BRG102,Minyak 2L,Pembeli Fiktif 055,6,32000
STR/20610,24-11-2024 13:52,BRG106,Sabun Cuci,Pembeli Fiktif 055,9,4500
STR/20610,24-11-2024 13:52,BRG104,Kopi Bubuk,Pembeli Fiktif 055,8,9500
STR/20611,07-12-2024 18:03,BRG105,Teh Celup,Pembeli Fiktif 055,8,7000
STR/20612,15-12-2024 20:12,BRG106,Sabun Cuci,Pembeli Fiktif 055,12,4500
STR/20612,15-12-2024 20:12,BRG105,Teh Celup,Pembeli Fiktif 055,2,7000
STR/20612,15-12-2024 20:12,BRG103,Beras 5kg,Pembeli Fiktif 055,12,68000
STR/20613,18-05-2024 18:53,BRG101,Gula 1kg,Pembeli Fiktif 056,5,14500
STR/20613,18-05-2024 18:53,BRG102,Minyak 2L,Pembeli Fiktif 056,6,32000
STR/20613,18-05-2024 18:53,BRG103,Beras 5kg,Pembeli Fiktif 056,1,68000
STR/20614,19-05-2024 19:13,BRG105,Teh Celup,Pembeli Fiktif 056,5,7000
STR/20615,29-05-2024 14:22,BRG106,Sabun Cuci,Pembeli Fiktif 056,1,4500
STR/20615,29-05-2024 14:22,BRG102,Minyak 2L,Pembeli Fiktif 056,12,32000
STR/20615,29-05-2024 14:22,BRG103,Beras 5kg,Pembeli Fiktif 056,7,68000
STR/20616,02-06-2024 17:40,BRG105,Teh Celup,Pembeli Fiktif 056,2,7000
STR/20616,02-06-2024 17:40,BRG104,Kopi Bubuk,Pembeli Fiktif 056,12,9500
STR/20617,11-06-2024 10:44,BRG106,Sabun Cuci,Pembeli Fiktif 056,11,4500
STR/20617,11-06-2024 10:44,BRG102,Minyak 2L,Pembeli Fiktif 056,1,32000
STR/20618,24-06-2024 19:55,BRG106,Sabun Cuci,Pembeli Fiktif 056,3,4500
STR/20618,24-06-2024 19:55,BRG101,Gula 1kg,Pembeli Fiktif 056,1,14500
STR/20619,26-06-2024 14:10,BRG102,Minyak 2L,Pembeli Fiktif 056,11,32000
STR/20619,26-06-2024 14:10,BRG105,Teh Celup,Pembeli Fiktif 056,7,7000
STR/20619,26-06-2024 14:10,BRG104,Kopi Bubuk,Pembeli Fiktif 056,1,9500
STR/20620,28-06-2024 11:25,BRG101,Gula 1kg,Pembeli Fiktif 056,9,14500
STR/20620,28-06-2024 11:25,BRG106,Sabun Cuci,Pembeli Fiktif 056,3,4500
STR/20620,28-06-2024 11:25,BRG102,Minyak 2L,Pembeli Fiktif 056,2,32000
STR/20621,05-07-2024 11:51,BRG105,Teh Celup,Pembeli Fiktif 056,7,7000
STR/20622,11-07-2024 19:07,BRG102,Minyak 2L,Pembeli Fiktif 056,8,32000
STR/20622,11-07-2024 19:07,BRG103,Beras 5kg,Pembeli Fiktif 056,6,68000
STR/20622,11-07-2024 19:07,BRG104,Kopi Bubuk,Pembeli Fiktif 056,11,9500
STR/20623,16-07-2024 10:29,BRG105,Teh Celup,Pembeli Fiktif 056,7,7000
STR/20623,16-07-2024 10:29,BRG104,Kopi Bubuk,Pembeli Fiktif 056,11,9500
STR/20624,18-07-2024 16:50,BRG104,Kopi Bubuk,Pembeli Fiktif 056,11,9500
STR/20625,21-07-2024 11:35,BRG103,Beras 5kg,Pembeli Fiktif 056,1,68000
STR/20626,24-07-2024 15:47,BRG104,Kopi Bubuk,Pembeli Fiktif 056,10,9500
STR/20626,24-07-2024 15:47,BRG102,Minyak 2L,Pembeli Fiktif 056,12,32000
STR/20627,25-07-2024 14:58,BRG103,Beras 5kg,Pembeli Fiktif 056,6,68000
STR/20627,25-07-2024 14:58,BRG104,Kopi Bubuk,Pembeli Fiktif 056,6,9500
STR/20628,29-07-2024 16:02,BRG102,Minyak 2L,Pembeli Fiktif 056,11,32000
STR/20628,29-07-2024 16:02,BRG103,Beras 5kg,Pembeli Fiktif 056,6,68000
STR/20628,29-07-2024 16:02,BRG104,Kopi Bubuk,Pembeli Fiktif 056,2,9500
STR/20629,21-09-2024 10:56,BRG102,Minyak 2L,Pembeli Fiktif 056,7,32000
STR/20630,26-10-2024 19:46,BRG105,Teh Celup,Pembeli Fiktif 056,3,7000
STR/20630,26-10-2024 19:46,BRG104,Kopi Bubuk,Pembeli Fiktif 056,4,9500
STR/20630,26-10-2024 19:46,BRG102,Minyak 2L,Pembeli Fiktif 056,1,32000
STR/20631,30-10-2024 19:30,BRG103,Beras 5kg,Pembeli Fiktif 056,3,68000
STR/20631,30-10-2024 19:30,BRG102,Minyak 2L,Pembeli Fiktif 056,8,32000
STR/20632,15-11-2024 20:04,BRG101,Gula 1kg,Pembeli Fiktif 056,2,14500
STR/20633,30-11-2024 14:27,BRG101,Gula 1kg,Pembeli Fiktif 056,8,14500
STR/20633,30-11-2024 14:27,BRG102,Minyak 2L,Pembeli Fiktif 056,10,32000
STR/20634,06-12-2024 10:18,BRG101,Gula 1kg,Pembeli Fiktif 056,10,14500
STR/20634,06-12-2024 10:18,BRG106,Sabun Cuci,Pembeli Fiktif 056,12,4500
STR/20635,15-07-2023 15:12,BRG104,Kopi Bubuk,Pembeli Fiktif 057,6,9500
STR/20635,15-07-2023 15:12,BRG106,Sabun Cuci,Pembeli Fiktif 057,4,4500
STR/20635,15-07-2023 15:12,BRG103,Beras 5kg,Pembeli Fiktif 057,10,68000
STR/20636,16-08-2023 09:02,BRG106,Sabun Cuci,Pembeli Fiktif 057,9,4500
STR/20637,17-08-2023 17:10,BRG103,Beras 5kg,Pembeli Fiktif 057,5,68000
STR/20637,17-08-2023 17:10,BRG105,Teh Celup,Pembeli Fiktif 057,1,7000
STR/20637,17-08-2023 17:10,BRG106,Sabun Cuci,Pembeli Fiktif 057,1,4500
STR/20638,03-09-2023 11:32,BRG105,Teh Celup,Pembeli Fiktif 057,12,7000
STR/20639,10-09-2023 10:34,BRG103,Beras 5kg,Pembeli Fiktif 057,5,68000
STR/20639,10-09-2023 10:34,BRG105,Teh Celup,Pembeli Fiktif 057,1,7000
STR/20639,10-09-2023 10:34,BRG101,Gula 1kg,Pembeli Fiktif 057,9,14500
STR/20640,04-10-2023 18:31,BRG104,Kopi Bubuk,Pembeli Fiktif 057,4,9500
STR/20641,12-10-2023 16:34,BRG101,Gula 1kg,Pembeli Fiktif 057,7,14500
STR/20641,12-10-2023 16:34,BRG105,Teh Celup,Pembeli Fiktif 057,9,7000
STR/20642,16-11-2023 09:15,BRG101,Gula 1kg,Pembeli Fiktif 057,9,14500
STR/20643,19-11-2023 19:21,BRG105,Teh Celup,Pembeli Fiktif 057,8,7000
STR/20643,19-11-2023 19:21,BRG106,Sabun Cuci,Pembeli Fiktif 057,6,4500
STR/20643,19-11-2023 19:21,BRG104,Kopi Bubuk,Pembeli Fiktif 057,1,9500
STR/20644,28-11-2023 16:36,BRG104,Kopi Bubuk,Pembeli Fiktif 057,2,9500
STR/20644,28-11-2023 16:36,BRG105,Teh Celup,Pembeli Fiktif 057,12,7000
STR/20645,08-12-2023 11:30,BRG106,Sabun Cuci,Pembeli Fiktif 057,1,4500
STR/20645,08-12-2023 11:30,BRG102,Minyak 2L,Pembeli Fiktif 057,9,32000
STR/20646,03-01-2024 13:11,BRG105,Teh Celup,Pembeli Fiktif 057,12,7000
STR/20646,03-01-2024 13:11,BRG101,Gula 1kg,Pembeli Fiktif 057,2,14500
STR/20646,03-01-2024 13:11,BRG106,Sabun Cuci,Pembeli Fiktif 057,10,4500
STR/20647,17-01-2024 13:57,BRG102,Minyak 2L,Pembeli Fiktif 057,5,32000
STR/20647,17-01-2024 13:57,BRG106,Sabun Cuci,Pembeli Fiktif 057,1,4500
STR/20647,17-01-2024 13:57,BRG103,Beras 5kg,Pembeli Fiktif 057,8,68000
STR/20648,01-03-2024 19:51,BRG105,Teh Celup,Pembeli Fiktif 057,4,7000
STR/20648,01-03-2024 19:51,BRG102,Minyak 2L,Pembeli Fiktif 057,7,32000
STR/20649,30-03-2024 15:12,BRG101,Gula 1kg,Pembeli Fiktif 057,9,14500
STR/20649,30-03-2024 15:12,BRG105,Teh Celup,Pembeli Fiktif 057,7,7000
STR/20649,30-03-2024 15:12,BRG102,Minyak 2L,Pembeli Fiktif 057,1,32000
STR/20650,12-05-2024 18:39,BRG103,Beras 5kg,Pembeli Fiktif 057,9,68000
STR/20650,12-05-2024 18:39,BRG102,Minyak 2L,Pembeli Fiktif 057,8,32000
STR/20650,12-05-2024 18:39,BRG101,Gula 1kg,Pembeli Fiktif 057,11,14500
STR/20651,05-07-2024 08:24,BRG106,Sabun Cuci,Pembeli Fiktif 057,9,4500
STR/20651,05-07-2024 08:24,BRG102,Minyak 2L,Pembeli Fiktif 057,1,32000
STR/20652,08-07-2024 14:36,BRG103,Beras 5kg,Pembeli Fiktif 057,7,68000
STR/20653,18-07-2024 09:06,BRG101,Gula 1kg,Pembeli Fiktif 057,11,14500
STR/20654,19-08-2024 12:56,BRG101,Gula 1kg,Pembeli Fiktif 057,3,14500
STR/20655,21-08-2024 15:09,BRG105,Teh Celup,Pembeli Fiktif 057,2,7000
STR/20655,21-08-2024 15:09,BRG102,Minyak 2L,Pembeli Fiktif 057,2,32000
STR/20656,31-08-2024 18:50,BRG105,Teh Celup,Pembeli Fiktif 057,5,7000
STR/20656,31-08-2024 18:50,BRG101,Gula 1kg,Pembeli Fiktif 057,8,14500
STR/20657,18-09-2024 11:36,BRG104,Kopi Bubuk,Pembeli Fiktif 057,6,9500
STR/20657,18-09-2024 11:36,BRG102,Minyak 2L,Pembeli Fiktif 057,12,32000
STR/20658,23-09-2024 11:10,BRG106,Sabun Cuci,Pembeli Fiktif 057,7,4500
STR/20658,23-09-2024 11:10,BRG105,Teh Celup,Pembeli Fiktif 057,5,7000
STR/20658,23-09-2024 11:10,BRG101,Gula 1kg,Pembeli Fiktif 057,4,14500
STR/20659,17-02-2024 19:04,BRG102,Minyak 2L,Pembeli Fiktif 058,7,32000
STR/20659,17-02-2024 19:04,BRG104,Kopi Bubuk,Pembeli Fiktif 058,2,9500
STR/20659,17-02-2024 19:04,BRG106,Sabun Cuci,Pembeli Fiktif 058,3,4500
STR/20660,22-02-2024 15:03,BRG101,Gula 1kg,Pembeli Fiktif 058,8,14500
STR/20660,22-02-2024 15:03,BRG103,Beras 5kg,Pembeli Fiktif 058,5,68000
STR/20661,02-03-2024 17:26,BRG106,Sabun Cuci,Pembeli Fiktif 058,9,4500
STR/20661,02-03-2024 17:26,BRG104,Kopi Bubuk,Pembeli Fiktif 058,11,9500
STR/20662,24-03-2024 20:06,BRG101,Gula 1kg,Pembeli Fiktif 058,4,14500
STR/20662,24-03-2024 20:06,BRG104,Kopi Bubuk,Pembeli Fiktif 058,6,9500
STR/20662,24-03-2024 20:06,BRG106,Sabun Cuci,Pembeli Fiktif 058,8,4500
STR/20663,18-04-2024 08:36,BRG104,Kopi Bubuk,Pembeli Fiktif 058,2,9500
STR/20664,05-05-2024 15:50,BRG101,Gula 1kg,Pembeli Fiktif 058,6,14500
STR/20664,05-05-2024 15:50,BRG105,Teh Celup,Pembeli Fiktif 058,3,7000
STR/20665,07-07-2024 08:58,BRG103,Beras 5kg,Pembeli Fiktif 058,3,68000
STR/20666,27-07-2024 20:05,BRG106,Sabun Cuci,Pembeli Fiktif 058,10,4500
STR/20667,02-11-2024 13:43,BRG106,Sabun Cuci,Pembeli Fiktif 059,2,4500
STR/20667,02-11-2024 13:43,BRG105,Teh Celup,Pembeli Fiktif 059,3,7000
STR/20668,16-11-2024 13:44,BRG106,Sabun Cuci,Pembeli Fiktif 059,5,4500
STR/20668,16-11-2024 13:44,BRG105,Teh Celup,Pembeli Fiktif 059,5,7000
STR/20668,16-11-2024 13:44,BRG104,Kopi Bubuk,Pembeli Fiktif 059,9,9500
STR/20669,23-11-2024 10:28,BRG103,Beras 5kg,Pembeli Fiktif 059,6,68000
STR/20669,23-11-2024 10:28,BRG102,Minyak 2L,Pembeli Fiktif 059,1,32000
STR/20670,04-12-2024 16:10,BRG103,Beras 5kg,Pembeli Fiktif 059,9,68000
STR/20670,04-12-2024 16:10,BRG102,Minyak 2L,Pembeli Fiktif 059,4,32000
STR/20670,04-12-2024 16:10,BRG106,Sabun Cuci,Pembeli Fiktif 059,10,4500
STR/20671,30-08-2024 15:03,BRG105,Teh Celup,Pembeli Fiktif 060,2,7000
STR/20671,30-08-2024 15:03,BRG103,Beras 5kg,Pembeli Fiktif 060,9,68000
STR/20672,01-08-2024 20:13,BRG105,Teh Celup,Pembeli Fiktif 061,6,7000
STR/20673,01-09-2024 08:02,BRG105,Teh Celup,Pembeli Fiktif 061,11,7000
STR/20674,14-09-2024 17:35,BRG106,Sabun Cuci,Pembeli Fiktif 061,5,4500
STR/20675,06-10-2024 20:26,BRG106,Sabun Cuci,Pembeli Fiktif 061,5,4500
STR/20675,06-10-2024 20:26,BRG102,Minyak 2L,Pembeli Fiktif 061,10,32000
STR/20675,06-10-2024 20:26,BRG101,Gula 1kg,Pembeli Fiktif 061,4,14500
STR/20676,12-10-2024 19:46,BRG101,Gula 1kg,Pembeli Fiktif 061,3,14500
STR/20676,12-10-2024 19:46,BRG106,Sabun Cuci,Pembeli Fiktif 061,6,4500
STR/20676,12-10-2024 19:46,BRG105,Teh Celup,Pembeli Fiktif 061,5,7000
STR/20677,06-10-2024 16:07,BRG103,Beras 5kg,Pembeli Fiktif 062,6,68000
STR/20677,06-10-2024 16:07,BRG105,Teh Celup,Pembeli Fiktif 062,1,7000
STR/20678,13-10-2024 18:48,BRG101,Gula 1kg,Pembeli Fiktif 062,5,14500
STR/20678,13-10-2024 18:48,BRG104,Kopi Bubuk,Pembeli Fiktif 062,6,9500
STR/20679,23-11-2024 08:32,BRG102,Minyak 2L,Pembeli Fiktif 062,10,32000
STR/20680,24-11-2024 09:00,BRG103,Beras 5kg,Pembeli Fiktif 062,8,68000
STR/20680,24-11-2024 09:00,BRG101,Gula 1kg,Pembeli Fiktif 062,6,14500
STR/20681,25-12-2024 17:04,BRG105,Teh Celup,Pembeli Fiktif 062,1,7000
STR/20681,25-12-2024 17:04,BRG101,Gula 1kg,Pembeli Fiktif 062,3,14500
STR/20682,24-01-2024 11:21,BRG103,Beras 5kg,Pembeli Fiktif 063,4,68000
STR/20682,24-01-2024 11:21,BRG102,Minyak 2L,Pembeli Fiktif 063,2,32000
STR/20683,30-01-2024 17:13,BRG103,Beras 5kg,Pembeli Fiktif 063,1,68000
STR/20684,01-02-2024 17:38,BRG101,Gula 1kg,Pembeli Fiktif 063,5,14500
STR/20685,03-02-2024 16:41,BRG101,Gula 1kg,Pembeli Fiktif 063,7,14500
STR/20685,03-02-2024 16:41,BRG106,Sabun Cuci,Pembeli Fiktif 063,9,4500
STR/20685,03-02-2024 16:41,BRG103,Beras 5kg,Pembeli Fiktif 063,6,68000
STR/20686,07-02-2024 19:34,BRG103,Beras 5kg,Pembeli Fiktif 063,9,68000
STR/20686,07-02-2024 19:34,BRG106,Sabun Cuci,Pembeli Fiktif 063,12,4500
STR/20687,11-02-2024 10:49,BRG103,Beras 5kg,Pembeli Fiktif 063,11,68000
STR/20688,15-02-2024 18:25,BRG103,Beras 5kg,Pembeli Fiktif 063,5,68000
STR/20688,15-02-2024 18:25,BRG104,Kopi Bubuk,Pembeli Fiktif 063,5,9500
STR/20688,15-02-2024 18:25,BRG106,Sabun Cuci,Pembeli Fiktif 063,2,4500
STR/20689,16-02-2024 18:24,BRG101,Gula 1kg,Pembeli Fiktif 063,4,14500
STR/20689,16-02-2024 18:24,BRG104,Kopi Bubuk,Pembeli Fiktif 063,12,9500
STR/20689,16-02-2024 18:24,BRG103,Beras 5kg,Pembeli Fiktif 063,10,68000
STR/20690,02-03-2024 12:04,BRG105,Teh Celup,Pembeli Fiktif 063,7,7000
STR/20690,02-03-2024 12:04,BRG104,Kopi Bubuk,Pembeli Fiktif 063,7,9500
STR/20690,02-03-2024 12:04,BRG102,Minyak 2L,Pembeli Fiktif 063,7,32000
STR/20691,09-03-2024 10:38,BRG101,Gula 1kg,Pembeli Fiktif 063,7,14500
STR/20691,09-03-2024 10:38,BRG104,Kopi Bubuk,Pembeli Fiktif 063,7,9500
STR/20692,14-03-2024 16:04,BRG105,Teh Celup,Pembeli Fiktif 063,8,7000
STR/20692,14-03-2024 16:04,BRG102,Minyak 2L,Pembeli Fiktif 063,1,32000
STR/20692,14-03-2024 16:04,BRG101,Gula 1kg,Pembeli Fiktif 063,3,14500
STR/20693,16-03-2024 19:32,BRG101,Gula 1kg,Pembeli Fiktif 063,2,14500
STR/20693,16-03-2024 19:32,BRG102,Minyak 2L,Pembeli Fiktif 063,8,32000
STR/20694,29-03-2024 16:35,BRG104,Kopi Bubuk,Pembeli Fiktif 063,10,9500
STR/20694,29-03-2024 16:35,BRG105,Teh Celup,Pembeli Fiktif 063,3,7000
STR/20695,03-04-2024 09:32,BRG103,Beras 5kg,Pembeli Fiktif 063,8,68000
STR/20695,03-04-2024 09:32,BRG102,Minyak 2L,Pembeli Fiktif 063,4,32000
STR/20696,09-04-2024 13:41,BRG102,Minyak 2L,Pembeli Fiktif 063,6,32000
STR/20696,09-04-2024 13:41,BRG101,Gula 1kg,Pembeli Fiktif 063,5,14500
STR/20697,05-05-2024 13:08,BRG102,Minyak 2L,Pembeli Fiktif 063,7,32000
STR/20697,05-05-2024 13:08,BRG106,Sabun Cuci,Pembeli Fiktif 063,3,4500
STR/20697,05-05-2024 13:08,BRG103,Beras 5kg,Pembeli Fiktif 063,6,68000
STR/20698,11-05-2024 15:38,BRG101,Gula 1kg,Pembeli Fiktif 063,8,14500
STR/20698,11-05-2024 15:38,BRG103,Beras 5kg,Pembeli Fiktif 063,3,68000
STR/20698,11-05-2024 15:38,BRG104,Kopi Bubuk,Pembeli Fiktif 063,3,9500
STR/20699,13-05-2024 15:36,BRG101,Gula 1kg,Pembeli Fiktif 063,3,14500
STR/20699,13-05-2024 15:36,BRG105,Teh Celup,Pembeli Fiktif 063,12,7000
STR/20700,21-05-2024 20:49,BRG103,Beras 5kg,Pembeli Fiktif 063,5,68000
STR/20701,29-05-2024 18:56,BRG104,Kopi Bubuk,Pembeli Fiktif 063,10,9500
STR/20701,29-05-2024 18:56,BRG103,Beras 5kg,Pembeli Fiktif 063,12,68000
STR/20702,02-06-2024 15:04,BRG105,Teh Celup,Pembeli Fiktif 063,4,7000
STR/20702,02-06-2024 15:04,BRG101,Gula 1kg,Pembeli Fiktif 063,9,14500
STR/20703,03-06-2024 09:50,BRG103,Beras 5kg,Pembeli Fiktif 063,10,68000
STR/20703,03-06-2024 09:50,BRG101,Gula 1kg,Pembeli Fiktif 063,2,14500
STR/20704,13-06-2024 10:31,BRG101,Gula 1kg,Pembeli Fiktif 063,9,14500
STR/20704,13-06-2024 10:31,BRG102,Minyak 2L,Pembeli Fiktif 063,9,32000
STR/20704,13-06-2024 10:31,BRG106,Sabun Cuci,Pembeli Fiktif 063,8,4500
STR/20705,15-07-2024 10:13,BRG101,Gula 1kg,Pembeli Fiktif 063,6,14500
STR/20706,18-07-2024 14:33,BRG106,Sabun Cuci,Pembeli Fiktif 063,8,4500
STR/20706,18-07-2024 14:33,BRG103,Beras 5kg,Pembeli Fiktif 063,2,68000
STR/20707,19-07-2024 09:59,BRG101,Gula 1kg,Pembeli Fiktif 063,4,14500
STR/20707,19-07-2024 09:59,BRG104,Kopi Bubuk,Pembeli Fiktif 063,6,9500
STR/20708,05-08-2024 10:17,BRG104,Kopi Bubuk,Pembeli Fiktif 063,11,9500
STR/20708,05-08-2024 10:17,BRG103,Beras 5kg,Pembeli Fiktif 063,11,68000
STR/20709,09-08-2024 09:57,BRG102,Minyak 2L,Pembeli Fiktif 063,4,32000
STR/20709,09-08-2024 09:57,BRG105,Teh Celup,Pembeli Fiktif 063,10,7000
STR/20710,18-08-2024 16:56,BRG102,Minyak 2L,Pembeli Fiktif 063,2,32000
STR/20711,15-09-2024 11:39,BRG102,Minyak 2L,Pembeli Fiktif 063,11,32000
STR/20711,15-09-2024 11:39,BRG105,Teh Celup,Pembeli Fiktif 063,5,7000
STR/20712,25-09-2024 19:43,BRG105,Teh Celup,Pembeli Fiktif 063,12,7000
STR/20712,25-09-2024 19:43,BRG106,Sabun Cuci,Pembeli Fiktif 063,1,4500
STR/20713,05-10-2024 14:25,BRG105,Teh Celup,Pembeli Fiktif 063,2,7000
STR/20714,10-10-2024 16:47,BRG101,Gula 1kg,Pembeli Fiktif 063,1,14500
STR/20715,15-10-2024 14:52,BRG106,Sabun Cuci,Pembeli Fiktif 063,6,4500
STR/20715,15-10-2024 14:52,BRG102,Minyak 2L,Pembeli Fiktif 063,8,32000
STR/20716,22-10-2024 19:24,BRG104,Kopi Bubuk,Pembeli Fiktif 063,8,9500
STR/20716,22-10-2024 19:24,BRG106,Sabun Cuci,Pembeli Fiktif 063,7,4500
STR/20717,30-10-2024 09:40,BRG105,Teh Celup,Pembeli Fiktif 063,4,7000
STR/20717,30-10-2024 09:40,BRG101,Gula 1kg,Pembeli Fiktif 063,9,14500
STR/20717,30-10-2024 09:40,BRG104,Kopi Bubuk,Pembeli Fiktif 063,9,9500
STR/20718,04-11-2024 17:27,BRG104,Kopi Bubuk,Pembeli Fiktif 063,6,9500
STR/20718,04-11-2024 17:27,BRG105,Teh Celup,Pembeli Fiktif 063,4,7000
STR/20719,20-11-2024 15:31,BRG106,Sabun Cuci,Pembeli Fiktif 063,10,4500
STR/20720,09-12-2024 13:41,BRG105,Teh Celup,Pembeli Fiktif 063,6,7000
STR/20720,09-12-2024 13:41,BRG104,Kopi Bubuk,Pembeli Fiktif 063,2,9500
STR/20720,09-12-2024 13:41,BRG106,Sabun Cuci,Pembeli Fiktif 063,9,4500
STR/20721,10-12-2024 17:04,BRG105,Teh Celup,Pembeli Fiktif 063,10,7000
STR/20722,16-12-2024 14:59,BRG104,Kopi Bubuk,Pembeli Fiktif 063,6,9500
STR/20722,16-12-2024 14:59,BRG106,Sabun Cuci,Pembeli Fiktif 063,11,4500
STR/20723,25-12-2024 16:08,BRG102,Minyak 2L,Pembeli Fiktif 063,4,32000
STR/20724,17-07-2023 14:55,BRG105,Teh Celup,Pembeli Fiktif 064,4,7000
STR/20724,17-07-2023 14:55,BRG104,Kopi Bubuk,Pembeli Fiktif 064,10,9500
STR/20725,31-10-2023 09:34,BRG102,Minyak 2L,Pembeli Fiktif 064,8,32000
STR/20725,31-10-2023 09:34,BRG103,Beras 5kg,Pembeli Fiktif 064,10,68000
STR/20726,13-11-2023 13:06,BRG104,Kopi Bubuk,Pembeli Fiktif 064,12,9500
STR/20726,13-11-2023 13:06,BRG103,Beras 5kg,Pembeli Fiktif 064,6,68000
STR/20726,13-11-2023 13:06,BRG101,Gula 1kg,Pembeli Fiktif 064,5,14500
STR/20727,10-10-2023 20:36,BRG105,Teh Celup,Pembeli Fiktif 065,1,7000
STR/20727,10-10-2023 20:36,BRG106,Sabun Cuci,Pembeli Fiktif 065,1,4500
STR/20727,10-10-2023 20:36,BRG103,Beras 5kg,Pembeli Fiktif 065,11,68000
STR/20728,13-03-2024 09:12,BRG105,Teh Celup,Pembeli Fiktif 065,1,7000
STR/20729,01-07-2024 10:59,BRG103,Beras 5kg,Pembeli Fiktif 065,3,68000
STR/20730,03-08-2024 17:07,BRG106,Sabun Cuci,Pembeli Fiktif 065,5,4500
STR/20731,27-12-2024 09:56,BRG106,Sabun Cuci,Pembeli Fiktif 065,6,4500
STR/20731,27-12-2024 09:56,BRG104,Kopi Bubuk,Pembeli Fiktif 065,6,9500
STR/20732,23-12-2023 08:36,BRG101,Gula 1kg,Pembeli Fiktif 066,12,14500
STR/20733,24-12-2023 17:56,BRG102,Minyak 2L,Pembeli Fiktif 066,12,32000
STR/20733,24-12-2023 17:56,BRG104,Kopi Bubuk,Pembeli Fiktif 066,3,9500
STR/20733,24-12-2023 17:56,BRG103,Beras 5kg,Pembeli Fiktif 066,10,68000
STR/20734,16-02-2024 10:39,BRG104,Kopi Bubuk,Pembeli Fiktif 066,8,9500
STR/20735,04-04-2024 10:51,BRG106,Sabun Cuci,Pembeli Fiktif 066,6,4500
STR/20735,04-04-2024 10:51,BRG103,Beras 5kg,Pembeli Fiktif 066,11,68000
STR/20735,04-04-2024 10:51,BRG104,Kopi Bubuk,Pembeli Fiktif 066,10,9500
STR/20736,28-04-2024 13:54,BRG105,Teh Celup,Pembeli Fiktif 066,4,7000
STR/20736,28-04-2024 13:54,BRG106,Sabun Cuci,Pembeli Fiktif 066,5,4500
STR/20737,12-05-2024 18:59,BRG105,Teh Celup,Pembeli Fiktif 066,8,7000
STR/20738,21-02-2023 20:49,BRG103,Beras 5kg,Pembeli Fiktif 067,2,68000
STR/20738,21-02-2023 20:49,BRG106,Sabun Cuci,Pembeli Fiktif 067,8,4500
STR/20738,21-02-2023 20:49,BRG102,Minyak 2L,Pembeli Fiktif 067,5,32000
STR/20739,01-06-2023 11:24,BRG104,Kopi Bubuk,Pembeli Fiktif 067,4,9500
STR/20739,01-06-2023 11:24,BRG102,Minyak 2L,Pembeli Fiktif 067,4,32000
STR/20739,01-06-2023 11:24,BRG105,Teh Celup,Pembeli Fiktif 067,9,7000
STR/20740,02-07-2023 11:59,BRG103,Beras 5kg,Pembeli Fiktif 067,9,68000
STR/20741,08-07-2023 14:43,BRG105,Teh Celup,Pembeli Fiktif 067,9,7000
STR/20741,08-07-2023 14:43,BRG104,Kopi Bubuk,Pembeli Fiktif 067,10,9500
STR/20741,08-07-2023 14:43,BRG103,Beras 5kg,Pembeli Fiktif 067,8,68000
STR/20742,30-09-2023 18:19,BRG101,Gula 1kg,Pembeli Fiktif 067,8,14500
STR/20743,15-03-2024 08:53,BRG103,Beras 5kg,Pembeli Fiktif 067,6,68000
STR/20744,19-03-2024 13:27,BRG106,Sabun Cuci,Pembeli Fiktif 067,7,4500
STR/20744,19-03-2024 13:27,BRG103,Beras 5kg,Pembeli Fiktif 067,3,68000
STR/20744,19-03-2024 13:27,BRG102,Minyak 2L,Pembeli Fiktif 067,9,32000
STR/20745,22-03-2024 09:20,BRG102,Minyak 2L,Pembeli Fiktif 067,3,32000
STR/20746,11-05-2024 10:52,BRG106,Sabun Cuci,Pembeli Fiktif 067,1,4500
STR/20746,11-05-2024 10:52,BRG105,Teh Celup,Pembeli Fiktif 067,10,7000
STR/20747,20-05-2024 16:09,BRG106,Sabun Cuci,Pembeli Fiktif 067,2,4500
STR/20747,20-05-2024 16:09,BRG102,Minyak 2L,Pembeli Fiktif 067,6,32000
STR/20748,03-06-2024 08:20,BRG102,Minyak 2L,Pembeli Fiktif 067,8,32000
STR/20749,09-10-2024 19:12,BRG104,Kopi Bubuk,Pembeli Fiktif 067,7,9500
STR/20750,21-10-2024 09:08,BRG102,Minyak 2L,Pembeli Fiktif 067,6,32000
STR/20750,21-10-2024 09:08,BRG104,Kopi Bubuk,Pembeli Fiktif 067,5,9500
STR/20750,21-10-2024 09:08,BRG105,Teh Celup,Pembeli Fiktif 067,1,7000
STR/20751,04-11-2024 18:41,BRG104,Kopi Bubuk,Pembeli Fiktif 067,1,9500
STR/20752,19-06-2024 13:25,BRG104,Kopi Bubuk,Pembeli Fiktif 068,12,9500
STR/20753,28-06-2024 15:19,BRG101,Gula 1kg,Pembeli Fiktif 068,5,14500
STR/20754,29-06-2024 13:12,BRG106,Sabun Cuci,Pembeli Fiktif 068,10,4500
STR/20755,30-06-2024 12:47,BRG101,Gula 1kg,Pembeli Fiktif 068,7,14500
STR/20756,02-07-2024 16:08,BRG106,Sabun Cuci,Pembeli Fiktif 068,10,4500
STR/20756,02-07-2024 16:08,BRG104,Kopi Bubuk,Pembeli Fiktif 068,4,9500
STR/20757,22-07-2024 12:07,BRG106,Sabun Cuci,Pembeli Fiktif 068,4,4500
STR/20758,02-08-2024 08:48,BRG104,Kopi Bubuk,Pembeli Fiktif 068,8,9500
STR/20759,11-10-2024 08:08,BRG101,Gula 1kg,Pembeli Fiktif 068,2,14500
STR/20759,11-10-2024 08:08,BRG106,Sabun Cuci,Pembeli Fiktif 068,4,4500
STR/20760,08-11-2024 11:41,BRG102,Minyak 2L,Pembeli Fiktif 068,3,32000
STR/20760,08-11-2024 11:41,BRG105,Teh Celup,Pembeli Fiktif 068,4,7000
STR/20760,08-11-2024 11:41,BRG106,Sabun Cuci,Pembeli Fiktif 068,8,4500
STR/20761,18-11-2024 10:51,BRG103,Beras 5kg,Pembeli Fiktif 068,7,68000
STR/20761,18-11-2024 10:51,BRG102,Minyak 2L,Pembeli Fiktif 068,2,32000
STR/20761,18-11-2024 10:51,BRG104,Kopi Bubuk,Pembeli Fiktif 068,5,9500
STR/20762,27-11-2024 08:18,BRG104,Kopi Bubuk,Pembeli Fiktif 069,7,9500
STR/20762,27-11-2024 08:18,BRG105,Teh Celup,Pembeli Fiktif 069,6,7000
STR/20762,27-11-2024 08:18,BRG103,Beras 5kg,Pembeli Fiktif 069,11,68000
STR/20763,16-08-2024 09:17,BRG103,Beras 5kg,Pembeli Fiktif 070,1,68000
STR/20764,05-10-2024 19:20,BRG103,Beras 5kg,Pembeli Fiktif 070,1,68000
STR/20764,05-10-2024 19:20,BRG105,Teh Celup,Pembeli Fiktif 070,11,7000
STR/20765,13-11-2024 14:27,BRG102,Minyak 2L,Pembeli Fiktif 070,6,32000
STR/20765,13-11-2024 14:27,BRG101,Gula 1kg,Pembeli Fiktif 070,11,14500
STR/20765,13-11-2024 14:27,BRG105,Teh Celup,Pembeli Fiktif 070,1,7000
STR/20766,30-11-2024 13:10,BRG105,Teh Celup,Pembeli Fiktif 070,7,7000
STR/20766,30-11-2024 13:10,BRG101,Gula 1kg,Pembeli Fiktif 070,4,14500
STR/20767,10-12-2024 19:55,BRG102,Minyak 2L,Pembeli Fiktif 070,7,32000
STR/20767,10-12-2024 19:55,BRG104,Kopi Bubuk,Pembeli Fiktif 070,1,9500
STR/20768,01-12-2024 15:35,BRG104,Kopi Bubuk,Pembeli Fiktif 071,6,9500
STR/20769,12-10-2023 09:39,BRG102,Minyak 2L,Pembeli Fiktif 072,8,32000
STR/20769,12-10-2023 09:39,BRG104,Kopi Bubuk,Pembeli Fiktif 072,4,9500
STR/20769,12-10-2023 09:39,BRG106,Sabun Cuci,Pembeli Fiktif 072,1,4500
STR/20770,04-12-2023 17:14,BRG105,Teh Celup,Pembeli Fiktif 072,7,7000
STR/20771,07-12-2023 17:13,BRG103,Beras 5kg,Pembeli Fiktif 072,8,68000
STR/20771,07-12-2023 17:13,BRG105,Teh Celup,Pembeli Fiktif 072,7,7000
STR/20772,14-12-2023 11:29,BRG103,Beras 5kg,Pembeli Fiktif 072,2,68000
STR/20773,02-01-2024 16:42,BRG102,Minyak 2L,Pembeli Fiktif 072,3,32000
STR/20773,02-01-2024 16:42,BRG103,Beras 5kg,Pembeli Fiktif 072,10,68000
STR/20773,02-01-2024 16:42,BRG105,Teh Celup,Pembeli Fiktif 072,3,7000
STR/20774,10-01-2024 09:45,BRG106,Sabun Cuci,Pembeli Fiktif 072,9,4500
STR/20774,10-01-2024 09:45,BRG105,Teh Celup,Pembeli Fiktif 072,3,7000
STR/20774,10-01-2024 09:45,BRG103,Beras 5kg,Pembeli Fiktif 072,2,68000
STR/20775,11-01-2024 20:52,BRG101,Gula 1kg,Pembeli Fiktif 072,11,14500
STR/20775,11-01-2024 20:52,BRG103,Beras 5kg,Pembeli Fiktif 072,9,68000
STR/20775,11-01-2024 20:52,BRG102,Minyak 2L,Pembeli Fiktif 072,8,32000
STR/20776,22-01-2024 15:32,BRG106,Sabun Cuci,Pembeli Fiktif 072,12,4500
STR/20777,08-02-2024 11:41,BRG105,Teh Celup,Pembeli Fiktif 072,2,7000
STR/20778,28-02-2024 19:44,BRG101,Gula 1kg,Pembeli Fiktif 072,4,14500
STR/20778,28-02-2024 19:44,BRG102,Minyak 2L,Pembeli Fiktif 072,5,32000
STR/20779,19-04-2024 14:35,BRG103,Beras 5kg,Pembeli Fiktif 072,8,68000
STR/20780,04-05-2024 19:36,BRG106,Sabun Cuci,Pembeli Fiktif 072,2,4500
STR/20780,04-05-2024 19:36,BRG103,Beras 5kg,Pembeli Fiktif 072,4,68000
STR/20781,11-05-2024 09:13,BRG104,Kopi Bubuk,Pembeli Fiktif 072,8,9500
STR/20782,20-06-2024 12:00,BRG101,Gula 1kg,Pembeli Fiktif 072,12,14500
STR/20782,20-06-2024 12:00,BRG102,Minyak 2L,Pembeli Fiktif 072,8,32000
STR/20782,20-06-2024 12:00,BRG105,Teh Celup,Pembeli Fiktif 072,9,7000
STR/20783,22-06-2024 13:35,BRG103,Beras 5kg,Pembeli Fiktif 072,10,68000
STR/20783,22-06-2024 13:35,BRG106,Sabun Cuci,Pembeli Fiktif 072,11,4500
STR/20784,27-06-2024 11:27,BRG105,Teh Celup,Pembeli Fiktif 072,9,7000
STR/20785,14-04-2024 14:44,BRG105,Teh Celup,Pembeli Fiktif 073,2,7000
STR/20786,03-03-2024 12:35,BRG101,Gula 1kg,Pembeli Fiktif 074,7,14500
STR/20787,04-05-2024 19:29,BRG104,Kopi Bubuk,Pembeli Fiktif 074,9,9500
STR/20788,24-05-2024 11:11,BRG102,Minyak 2L,Pembeli Fiktif 074,5,32000
STR/20788,24-05-2024 11:11,BRG103,Beras 5kg,Pembeli Fiktif 074,8,68000
STR/20789,05-06-2024 10:27,BRG102,Minyak 2L,Pembeli Fiktif 074,6,32000
STR/20789,05-06-2024 10:27,BRG103,Beras 5kg,Pembeli Fiktif 074,1,68000
STR/20789,05-06-2024 10:27,BRG101,Gula 1kg,Pembeli Fiktif 074,9,14500
STR/20790,02-05-2023 20:32,BRG102,Minyak 2L,Pembeli Fiktif 075,1,32000
STR/20790,02-05-2023 20:32,BRG101,Gula 1kg,Pembeli Fiktif 075,3,14500
STR/20790,02-05-2023 20:32,BRG104,Kopi Bubuk,Pembeli Fiktif 075,8,9500
STR/20791,06-11-2024 17:16,BRG104,Kopi Bubuk,Pembeli Fiktif 076,11,9500
STR/20792,18-11-2024 08:27,BRG102,Minyak 2L,Pembeli Fiktif 076,10,32000
STR/20792,18-11-2024 08:27,BRG106,Sabun Cuci,Pembeli Fiktif 076,3,4500
STR/20792,18-11-2024 08:27,BRG104,Kopi Bubuk,Pembeli Fiktif 076,4,9500
STR/20793,29-11-2024 19:01,BRG102,Minyak 2L,Pembeli Fiktif 076,7,32000
STR/20793,29-11-2024 19:01,BRG105,Teh Celup,Pembeli Fiktif 076,7,7000
STR/20794,03-12-2024 10:29,BRG106,Sabun Cuci,Pembeli Fiktif 076,1,4500
STR/20794,03-12-2024 10:29,BRG102,Minyak 2L,Pembeli Fiktif 076,1,32000
STR/20794,03-12-2024 10:29,BRG103,Beras 5kg,Pembeli Fiktif 076,10,68000
STR/20795,24-12-2024 16:53,BRG105,Teh Celup,Pembeli Fiktif 076,1,7000
STR/20796,29-12-2024 08:22,BRG102,Minyak 2L,Pembeli Fiktif 076,12,32000
STR/20796,29-12-2024 08:22,BRG106,Sabun Cuci,Pembeli Fiktif 076,9,4500
STR/20796,29-12-2024 08:22,BRG105,Teh Celup,Pembeli Fiktif 076,6,7000
STR/20797,16-02-2023 11:22,BRG102,Minyak 2L,Pembeli Fiktif 077,2,32000
STR/20797,16-02-2023 11:22,BRG103,Beras 5kg,Pembeli Fiktif 077,1,68000
STR/20797,16-02-2023 11:22,BRG104,Kopi Bubuk,Pembeli Fiktif 077,7,9500
STR/20798,17-02-2023 19:06,BRG102,Minyak 2L,Pembeli Fiktif 077,8,32000
STR/20798,17-02-2023 19:06,BRG103,Beras 5kg,Pembeli Fiktif 077,2,68000
STR/20798,17-02-2023 19:06,BRG101,Gula 1kg,Pembeli Fiktif 077,2,14500
STR/20799,05-03-2023 08:20,BRG101,Gula 1kg,Pembeli Fiktif 077,9,14500
STR/20799,05-03-2023 08:20,BRG106,Sabun Cuci,Pembeli Fiktif 077,5,4500
STR/20799,05-03-2023 08:20,BRG105,Teh Celup,Pembeli Fiktif 077,3,7000
STR/20800,07-03-2023 14:07,BRG101,Gula 1kg,Pembeli Fiktif 077,12,14500
STR/20800,07-03-2023 14:07,BRG102,Minyak 2L,Pembeli Fiktif 077,8,32000
STR/20801,11-03-2023 13:10,BRG101,Gula 1kg,Pembeli Fiktif 077,11,14500
STR/20801,11-03-2023 13:10,BRG102,Minyak 2L,Pembeli Fiktif 077,4,32000
STR/20801,11-03-2023 13:10,BRG103,Beras 5kg,Pembeli Fiktif 077,9,68000
STR/20802,19-03-2023 10:57,BRG103,Beras 5kg,Pembeli Fiktif 077,9,68000
STR/20802,19-03-2023 10:57,BRG102,Minyak 2L,Pembeli Fiktif 077,8,32000
STR/20802,19-03-2023 10:57,BRG101,Gula 1kg,Pembeli Fiktif 077,10,14500
STR/20803,01-04-2023 09:32,BRG101,Gula 1kg,Pembeli Fiktif 077,8,14500
STR/20804,07-04-2023 13:08,BRG104,Kopi Bubuk,Pembeli Fiktif 077,3,9500
STR/20804,07-04-2023 13:08,BRG102,Minyak 2L,Pembeli Fiktif 077,11,32000
STR/20805,09-04-2023 12:45,BRG104,Kopi Bubuk,Pembeli Fiktif 077,11,9500
STR/20806,12-04-2023 09:22,BRG101,Gula 1kg,Pembeli Fiktif 077,7,14500
STR/20806,12-04-2023 09:22,BRG105,Teh Celup,Pembeli Fiktif 077,5,7000
STR/20806,12-04-2023 09:22,BRG102,Minyak 2L,Pembeli Fiktif 077,4,32000
STR/20807,27-04-2023 17:17,BRG101,Gula 1kg,Pembeli Fiktif 077,4,14500
STR/20808,28-04-2023 09:23,BRG101,Gula 1kg,Pembeli Fiktif 077,9,14500
STR/20808,28-04-2023 09:23,BRG104,Kopi Bubuk,Pembeli Fiktif 077,2,9500
STR/20808,28-04-2023 09:23,BRG102,Minyak 2L,Pembeli Fiktif 077,12,32000
STR/20809,07-05-2023 12:57,BRG105,Teh Celup,Pembeli Fiktif 077,7,7000
STR/20809,07-05-2023 12:57,BRG106,Sabun Cuci,Pembeli Fiktif 077,1,4500
STR/20810,13-05-2023 20:18,BRG102,Minyak 2L,Pembeli Fiktif 077,2,32000
STR/20811,20-05-2023 12:49,BRG105,Teh Celup,Pembeli Fiktif 077,11,7000
STR/20811,20-05-2023 12:49,BRG104,Kopi Bubuk,Pembeli Fiktif 077,9,9500
STR/20811,20-05-2023 12:49,BRG102,Minyak 2L,Pembeli Fiktif 077,6,32000
STR/20812,29-05-2023 17:02,BRG104,Kopi Bubuk,Pembeli Fiktif 077,12,9500
STR/20812,29-05-2023 17:02,BRG103,Beras 5kg,Pembeli Fiktif 077,10,68000
STR/20812,29-05-2023 17:02,BRG105,Teh Celup,Pembeli Fiktif 077,2,7000
STR/20813,15-06-2023 14:00,BRG106,Sabun Cuci,Pembeli Fiktif 077,2,4500
STR/20813,15-06-2023 14:00,BRG105,Teh Celup,Pembeli Fiktif 077,12,7000
STR/20814,24-06-2023 16:18,BRG105,Teh Celup,Pembeli Fiktif 077,3,7000
STR/20814,24-06-2023 16:18,BRG103,Beras 5kg,Pembeli Fiktif 077,8,68000
STR/20815,08-07-2023 18:10,BRG105,Teh Celup,Pembeli Fiktif 077,8,7000
STR/20815,08-07-2023 18:10,BRG102,Minyak 2L,Pembeli Fiktif 077,1,32000
STR/20816,09-07-2023 14:08,BRG105,Teh Celup,Pembeli Fiktif 077,12,7000
STR/20817,20-07-2023 16:30,BRG101,Gula 1kg,Pembeli Fiktif 077,4,14500
STR/20818,25-07-2023 14:22,BRG102,Minyak 2L,Pembeli Fiktif 077,9,32000
STR/20819,05-08-2023 12:04,BRG103,Beras 5kg,Pembeli Fiktif 077,3,68000
STR/20819,05-08-2023 12:04,BRG101,Gula 1kg,Pembeli Fiktif 077,7,14500
STR/20819,05-08-2023 12:04,BRG105,Teh Celup,Pembeli Fiktif 077,5,7000
STR/20820,09-08-2023 18:02,BRG102,Minyak 2L,Pembeli Fiktif 077,1,32000
STR/20820,09-08-2023 18:02,BRG103,Beras 5kg,Pembeli Fiktif 077,9,68000
STR/20821,21-08-2023 13:04,BRG104,Kopi Bubuk,Pembeli Fiktif 077,10,9500
STR/20821,21-08-2023 13:04,BRG102,Minyak 2L,Pembeli Fiktif 077,5,32000
STR/20821,21-08-2023 13:04,BRG106,Sabun Cuci,Pembeli Fiktif 077,12,4500
STR/20822,15-09-2023 08:40,BRG101,Gula 1kg,Pembeli Fiktif 077,2,14500
STR/20822,15-09-2023 08:40,BRG102,Minyak 2L,Pembeli Fiktif 077,1,32000
STR/20822,15-09-2023 08:40,BRG105,Teh Celup,Pembeli Fiktif 077,5,7000
STR/20823,21-09-2023 11:31,BRG106,Sabun Cuci,Pembeli Fiktif 077,9,4500
STR/20823,21-09-2023 11:31,BRG103,Beras 5kg,Pembeli Fiktif 077,3,68000
STR/20824,04-10-2023 16:40,BRG106,Sabun Cuci,Pembeli Fiktif 077,3,4500
STR/20824,04-10-2023 16:40,BRG103,Beras 5kg,Pembeli Fiktif 077,11,68000
STR/20825,06-10-2023 16:36,BRG106,Sabun Cuci,Pembeli Fiktif 077,4,4500
STR/20825,06-10-2023 16:36,BRG102,Minyak 2L,Pembeli Fiktif 077,12,32000
STR/20825,06-10-2023 16:36,BRG101,Gula 1kg,Pembeli Fiktif 077,9,14500
STR/20826,15-10-2023 15:09,BRG105,Teh Celup,Pembeli Fiktif 077,2,7000
STR/20826,15-10-2023 15:09,BRG106,Sabun Cuci,Pembeli Fiktif 077,1,4500
STR/20826,15-10-2023 15:09,BRG101,Gula 1kg,Pembeli Fiktif 077,9,14500
STR/20827,19-10-2023 13:49,BRG102,Minyak 2L,Pembeli Fiktif 077,11,32000
STR/20828,23-10-2023 11:59,BRG106,Sabun Cuci,Pembeli Fiktif 077,8,4500
STR/20828,23-10-2023 11:59,BRG101,Gula 1kg,Pembeli Fiktif 077,2,14500
STR/20828,23-10-2023 11:59,BRG105,Teh Celup,Pembeli Fiktif 077,11,7000
STR/20829,25-10-2023 08:36,BRG105,Teh Celup,Pembeli Fiktif 077,7,7000
STR/20830,09-11-2023 10:48,BRG103,Beras 5kg,Pembeli Fiktif 077,4,68000
STR/20831,17-11-2023 20:56,BRG106,Sabun Cuci,Pembeli Fiktif 077,7,4500
STR/20831,17-11-2023 20:56,BRG102,Minyak 2L,Pembeli Fiktif 077,12,32000
STR/20831,17-11-2023 20:56,BRG103,Beras 5kg,Pembeli Fiktif 077,8,68000
STR/20832,10-12-2023 19:12,BRG102,Minyak 2L,Pembeli Fiktif 077,2,32000
STR/20832,10-12-2023 19:12,BRG106,Sabun Cuci,Pembeli Fiktif 077,1,4500
STR/20833,22-12-2023 09:01,BRG104,Kopi Bubuk,Pembeli Fiktif 077,7,9500
STR/20833,22-12-2023 09:01,BRG102,Minyak 2L,Pembeli Fiktif 077,1,32000
STR/20833,22-12-2023 09:01,BRG101,Gula 1kg,Pembeli Fiktif 077,6,14500
STR/20834,26-12-2023 20:06,BRG102,Minyak 2L,Pembeli Fiktif 077,6,32000
STR/20834,26-12-2023 20:06,BRG106,Sabun Cuci,Pembeli Fiktif 077,1,4500
STR/20834,26-12-2023 20:06,BRG104,Kopi Bubuk,Pembeli Fiktif 077,6,9500
STR/20835,28-12-2023 18:03,BRG104,Kopi Bubuk,Pembeli Fiktif 077,5,9500
STR/20835,28-12-2023 18:03,BRG105,Teh Celup,Pembeli Fiktif 077,8,7000
STR/20836,08-01-2024 09:14,BRG104,Kopi Bubuk,Pembeli Fiktif 077,9,9500
STR/20836,08-01-2024 09:14,BRG106,Sabun Cuci,Pembeli Fiktif 077,10,4500
STR/20836,08-01-2024 09:14,BRG102,Minyak 2L,Pembeli Fiktif 077,7,32000
STR/20837,22-01-2024 13:25,BRG101,Gula 1kg,Pembeli Fiktif 077,8,14500
STR/20837,22-01-2024 13:25,BRG104,Kopi Bubuk,Pembeli Fiktif 077,5,9500
STR/20837,22-01-2024 13:25,BRG102,Minyak 2L,Pembeli Fiktif 077,8,32000
STR/20838,03-02-2024 10:12,BRG103,Beras 5kg,Pembeli Fiktif 077,1,68000
STR/20839,16-02-2024 17:20,BRG103,Beras 5kg,Pembeli Fiktif 077,1,68000
STR/20840,24-02-2024 16:40,BRG106,Sabun Cuci,Pembeli Fiktif 077,11,4500
STR/20841,05-03-2024 10:50,BRG105,Teh Celup,Pembeli Fiktif 077,6,7000
STR/20841,05-03-2024 10:50,BRG101,Gula 1kg,Pembeli Fiktif 077,5,14500
STR/20842,06-03-2024 18:03,BRG106,Sabun Cuci,Pembeli Fiktif 077,3,4500
STR/20842,06-03-2024 18:03,BRG102,Minyak 2L,Pembeli Fiktif 077,7,32000
STR/20842,06-03-2024 18:03,BRG104,Kopi Bubuk,Pembeli Fiktif 077,12,9500
STR/20843,12-03-2024 11:47,BRG104,Kopi Bubuk,Pembeli Fiktif 077,1,9500
STR/20844,22-03-2024 14:23,BRG105,Teh Celup,Pembeli Fiktif 077,5,7000
STR/20844,22-03-2024 14:23,BRG103,Beras 5kg,Pembeli Fiktif 077,12,68000
STR/20845,23-03-2024 09:27,BRG102,Minyak 2L,Pembeli Fiktif 077,6,32000
STR/20845,23-03-2024 09:27,BRG106,Sabun Cuci,Pembeli Fiktif 077,5,4500
STR/20846,06-04-2024 20:02,BRG102,Minyak 2L,Pembeli Fiktif 077,4,32000
STR/20846,06-04-2024 20:02,BRG101,Gula 1kg,Pembeli Fiktif 077,7,14500
STR/20847,26-04-2024 10:25,BRG103,Beras 5kg,Pembeli Fiktif 077,4,68000
STR/20847,26-04-2024 10:25,BRG105,Teh Celup,Pembeli Fiktif 077,5,7000
STR/20848,02-05-2024 19:20,BRG104,Kopi Bubuk,Pembeli Fiktif 077,8,9500
STR/20848,02-05-2024 19:20,BRG105,Teh Celup,Pembeli Fiktif 077,9,7000
STR/20849,13-05-2024 18:59,BRG106,Sabun Cuci,Pembeli Fiktif 077,6,4500
STR/20849,13-05-2024 18:59,BRG105,Teh Celup,Pembeli Fiktif 077,9,7000
STR/20849,13-05-2024 18:59,BRG104,Kopi Bubuk,Pembeli Fiktif 077,9,9500
STR/20850,15-05-2024 09:38,BRG103,Beras 5kg,Pembeli Fiktif 077,9,68000
STR/20851,28-05-2024 09:27,BRG106,Sabun Cuci,Pembeli Fiktif 077,4,4500
STR/20851,28-05-2024 09:27,BRG104,Kopi Bubuk,Pembeli Fiktif 077,5,9500
STR/20852,06-06-2024 09:51,BRG106,Sabun Cuci,Pembeli Fiktif 077,11,4500
STR/20852,06-06-2024 09:51,BRG101,Gula 1kg,Pembeli Fiktif 077,12,14500
STR/20853,11-06-2024 18:55,BRG105,Teh Celup,Pembeli Fiktif 077,9,7000
STR/20853,11-06-2024 18:55,BRG106,Sabun Cuci,Pembeli Fiktif 077,5,4500
STR/20853,11-06-2024 18:55,BRG104,Kopi Bubuk,Pembeli Fiktif 077,4,9500
STR/20854,15-06-2024 09:06,BRG103,Beras 5kg,Pembeli Fiktif 077,5,68000
STR/20855,17-06-2024 15:56,BRG101,Gula 1kg,Pembeli Fiktif 077,12,14500
STR/20855,17-06-2024 15:56,BRG104,Kopi Bubuk,Pembeli Fiktif 077,2,9500
STR/20855,17-06-2024 15:56,BRG106,Sabun Cuci,Pembeli Fiktif 077,4,4500
STR/20856,18-06-2024 19:22,BRG103,Beras 5kg,Pembeli Fiktif 077,4,68000
STR/20856,18-06-2024 19:22,BRG106,Sabun Cuci,Pembeli Fiktif 077,5,4500
STR/20856,18-06-2024 19:22,BRG102,Minyak 2L,Pembeli Fiktif 077,4,32000
STR/20857,27-06-2024 11:49,BRG103,Beras 5kg,Pembeli Fiktif 077,1,68000
STR/20857,27-06-2024 11:49,BRG105,Teh Celup,Pembeli Fiktif 077,8,7000
STR/20858,01-07-2024 15:14,BRG101,Gula 1kg,Pembeli Fiktif 077,5,14500
STR/20858,01-07-2024 15:14,BRG102,Minyak 2L,Pembeli Fiktif 077,9,32000
STR/20859,16-07-2024 09:02,BRG106,Sabun Cuci,Pembeli Fiktif 077,10,4500
STR/20860,25-07-2024 20:14,BRG105,Teh Celup,Pembeli Fiktif 077,12,7000
STR/20861,26-07-2024 15:50,BRG104,Kopi Bubuk,Pembeli Fiktif 077,4,9500
STR/20861,26-07-2024 15:50,BRG106,Sabun Cuci,Pembeli Fiktif 077,4,4500
STR/20861,26-07-2024 15:50,BRG103,Beras 5kg,Pembeli Fiktif 077,11,68000
STR/20862,01-08-2024 17:28,BRG102,Minyak 2L,Pembeli Fiktif 077,9,32000
STR/20862,01-08-2024 17:28,BRG105,Teh Celup,Pembeli Fiktif 077,9,7000
STR/20862,01-08-2024 17:28,BRG106,Sabun Cuci,Pembeli Fiktif 077,10,4500
STR/20863,15-08-2024 11:15,BRG105,Teh Celup,Pembeli Fiktif 077,2,7000
STR/20863,15-08-2024 11:15,BRG106,Sabun Cuci,Pembeli Fiktif 077,11,4500
STR/20863,15-08-2024 11:15,BRG102,Minyak 2L,Pembeli Fiktif 077,12,32000
STR/20864,19-08-2024 17:30,BRG101,Gula 1kg,Pembeli Fiktif 077,5,14500
STR/20864,19-08-2024 17:30,BRG102,Minyak 2L,Pembeli Fiktif 077,10,32000
STR/20865,25-08-2024 16:08,BRG104,Kopi Bubuk,Pembeli Fiktif 077,2,9500
STR/20865,25-08-2024 16:08,BRG101,Gula 1kg,Pembeli Fiktif 077,1,14500
STR/20865,25-08-2024 16:08,BRG102,Minyak 2L,Pembeli Fiktif 077,9,32000
STR/20866,26-08-2024 09:37,BRG102,Minyak 2L,Pembeli Fiktif 077,9,32000
STR/20867,14-09-2024 15:24,BRG102,Minyak 2L,Pembeli Fiktif 077,9,32000
STR/20868,19-09-2024 09:25,BRG102,Minyak 2L,Pembeli Fiktif 077,7,32000
STR/20869,22-09-2024 16:42,BRG104,Kopi Bubuk,Pembeli Fiktif 077,6,9500
STR/20870,06-10-2024 20:06,BRG104,Kopi Bubuk,Pembeli Fiktif 077,1,9500
STR/20871,08-10-2024 19:11,BRG103,Beras 5kg,Pembeli Fiktif 077,6,68000
STR/20871,08-10-2024 19:11,BRG101,Gula 1kg,Pembeli Fiktif 077,1,14500
STR/20872,11-10-2024 14:16,BRG103,Beras 5kg,Pembeli Fiktif 077,1,68000
STR/20872,11-10-2024 14:16,BRG104,Kopi Bubuk,Pembeli Fiktif 077,1,9500
STR/20873,12-10-2024 19:30,BRG102,Minyak 2L,Pembeli Fiktif 077,8,32000
STR/20874,17-11-2024 20:55,BRG101,Gula 1kg,Pembeli Fiktif 077,11,14500
STR/20874,17-11-2024 20:55,BRG104,Kopi Bubuk,Pembeli Fiktif 077,12,9500
STR/20875,20-11-2024 13:55,BRG102,Minyak 2L,Pembeli Fiktif 077,6,32000
STR/20875,20-11-2024 13:55,BRG101,Gula 1kg,Pembeli Fiktif 077,8,14500
STR/20876,24-11-2024 12:11,BRG102,Minyak 2L,Pembeli Fiktif 077,9,32000
STR/20877,11-12-2024 10:26,BRG106,Sabun Cuci,Pembeli Fiktif 077,2,4500
STR/20877,11-12-2024 10:26,BRG103,Beras 5kg,Pembeli Fiktif 077,9,68000
STR/20878,24-12-2024 16:04,BRG102,Minyak 2L,Pembeli Fiktif 077,3,32000
STR/20878,24-12-2024 16:04,BRG104,Kopi Bubuk,Pembeli Fiktif 077,10,9500
STR/20879,14-01-2024 12:58,BRG106,Sabun Cuci,Pembeli Fiktif 078,2,4500
STR/20879,14-01-2024 12:58,BRG105,Teh Celup,Pembeli Fiktif 078,1,7000
STR/20880,16-01-2024 15:26,BRG103,Beras 5kg,Pembeli Fiktif 078,4,68000
STR/20881,18-01-2024 20:20,BRG106,Sabun Cuci,Pembeli Fiktif 078,4,4500
STR/20881,18-01-2024 20:20,BRG102,Minyak 2L,Pembeli Fiktif 078,10,32000
STR/20881,18-01-2024 20:20,BRG104,Kopi Bubuk,Pembeli Fiktif 078,3,9500
STR/20882,23-01-2024 08:53,BRG104,Kopi Bubuk,Pembeli Fiktif 078,5,9500
STR/20882,23-01-2024 08:53,BRG101,Gula 1kg,Pembeli Fiktif 078,7,14500
STR/20882,23-01-2024 08:53,BRG106,Sabun Cuci,Pembeli Fiktif 078,2,4500
STR/20883,20-02-2024 11:48,BRG102,Minyak 2L,Pembeli Fiktif 078,4,32000
STR/20884,10-03-2024 14:44,BRG104,Kopi Bubuk,Pembeli Fiktif 078,6,9500
STR/20884,10-03-2024 14:44,BRG106,Sabun Cuci,Pembeli Fiktif 078,9,4500
STR/20885,20-06-2024 17:23,BRG103,Beras 5kg,Pembeli Fiktif 078,1,68000
STR/20885,20-06-2024 17:23,BRG101,Gula 1kg,Pembeli Fiktif 078,8,14500
STR/20886,10-07-2024 20:01,BRG104,Kopi Bubuk,Pembeli Fiktif 078,3,9500
STR/20886,10-07-2024 20:01,BRG103,Beras 5kg,Pembeli Fiktif 078,12,68000
STR/20886,10-07-2024 20:01,BRG105,Teh Celup,Pembeli Fiktif 078,1,7000
STR/20887,02-08-2024 19:19,BRG105,Teh Celup,Pembeli Fiktif 078,4,7000
STR/20887,02-08-2024 19:19,BRG104,Kopi Bubuk,Pembeli Fiktif 078,9,9500
STR/20887,02-08-2024 19:19,BRG101,Gula 1kg,Pembeli Fiktif 078,5,14500
STR/20888,26-08-2024 13:54,BRG102,Minyak 2L,Pembeli Fiktif 078,4,32000
STR/20888,26-08-2024 13:54,BRG101,Gula 1kg,Pembeli Fiktif 078,3,14500
STR/20888,26-08-2024 13:54,BRG106,Sabun Cuci,Pembeli Fiktif 078,9,4500
STR/20889,11-10-2024 15:11,BRG101,Gula 1kg,Pembeli Fiktif 078,7,14500
STR/20890,08-10-2023 14:08,BRG102,Minyak 2L,Pembeli Fiktif 079,7,32000
STR/20890,08-10-2023 14:08,BRG104,Kopi Bubuk,Pembeli Fiktif 079,3,9500
STR/20890,08-10-2023 14:08,BRG103,Beras 5kg,Pembeli Fiktif 079,11,68000
STR/20891,04-12-2023 09:21,BRG104,Kopi Bubuk,Pembeli Fiktif 079,4,9500
STR/20892,15-01-2024 17:06,BRG101,Gula 1kg,Pembeli Fiktif 079,10,14500
STR/20892,15-01-2024 17:06,BRG105,Teh Celup,Pembeli Fiktif 079,9,7000
STR/20893,01-03-2024 18:39,BRG104,Kopi Bubuk,Pembeli Fiktif 080,8,9500
STR/20893,01-03-2024 18:39,BRG102,Minyak 2L,Pembeli Fiktif 080,5,32000
STR/20894,14-03-2024 18:08,BRG103,Beras 5kg,Pembeli Fiktif 080,7,68000
STR/20894,14-03-2024 18:08,BRG101,Gula 1kg,Pembeli Fiktif 080,8,14500
STR/20894,14-03-2024 18:08,BRG105,Teh Celup,Pembeli Fiktif 080,8,7000
STR/20895,21-11-2024 12:40,BRG103,Beras 5kg,Pembeli Fiktif 081,2,68000
STR/20896,27-04-2024 18:45,BRG101,Gula 1kg,Pembeli Fiktif 082,2,14500
STR/20896,27-04-2024 18:45,BRG104,Kopi Bubuk,Pembeli Fiktif 082,8,9500
STR/20896,27-04-2024 18:45,BRG105,Teh Celup,Pembeli Fiktif 082,5,7000
STR/20897,27-05-2024 10:50,BRG105,Teh Celup,Pembeli Fiktif 082,4,7000
STR/20897,27-05-2024 10:50,BRG104,Kopi Bubuk,Pembeli Fiktif 082,12,9500
STR/20897,27-05-2024 10:50,BRG106,Sabun Cuci,Pembeli Fiktif 082,12,4500
STR/20898,28-05-2024 13:52,BRG104,Kopi Bubuk,Pembeli Fiktif 082,12,9500
STR/20899,01-06-2024 11:15,BRG104,Kopi Bubuk,Pembeli Fiktif 082,12,9500
STR/20899,01-06-2024 11:15,BRG106,Sabun Cuci,Pembeli Fiktif 082,7,4500
STR/20899,01-06-2024 11:15,BRG102,Minyak 2L,Pembeli Fiktif 082,11,32000
STR/20900,11-06-2024 13:46,BRG104,Kopi Bubuk,Pembeli Fiktif 082,2,9500
STR/20900,11-06-2024 13:46,BRG105,Teh Celup,Pembeli Fiktif 082,1,7000
STR/20901,08-07-2024 20:01,BRG101,Gula 1kg,Pembeli Fiktif 082,3,14500
STR/20902,10-09-2024 14:09,BRG103,Beras 5kg,Pembeli Fiktif 082,11,68000
STR/20902,10-09-2024 14:09,BRG101,Gula 1kg,Pembeli Fiktif 082,11,14500
STR/20902,10-09-2024 14:09,BRG105,Teh Celup,Pembeli Fiktif 082,10,7000
STR/20903,13-09-2024 17:48,BRG105,Teh Celup,Pembeli Fiktif 082,4,7000
STR/20903,13-09-2024 17:48,BRG104,Kopi Bubuk,Pembeli Fiktif 082,9,9500
STR/20903,13-09-2024 17:48,BRG102,Minyak 2L,Pembeli Fiktif 082,9,32000
STR/20904,26-10-2024 20:35,BRG106,Sabun Cuci,Pembeli Fiktif 082,7,4500
STR/20904,26-10-2024 20:35,BRG101,Gula 1kg,Pembeli Fiktif 082,2,14500
STR/20904,26-10-2024 20:35,BRG104,Kopi Bubuk,Pembeli Fiktif 082,1,9500
STR/20905,09-03-2024 09:59,BRG103,Beras 5kg,Pembeli Fiktif 083,6,68000
STR/20905,09-03-2024 09:59,BRG105,Teh Celup,Pembeli Fiktif 083,2,7000
STR/20905,09-03-2024 09:59,BRG106,Sabun Cuci,Pembeli Fiktif 083,9,4500
STR/20906,28-03-2024 20:04,BRG102,Minyak 2L,Pembeli Fiktif 083,8,32000
STR/20907,03-04-2024 09:28,BRG101,Gula 1kg,Pembeli Fiktif 083,12,14500
STR/20907,03-04-2024 09:28,BRG105,Teh Celup,Pembeli Fiktif 083,3,7000
STR/20907,03-04-2024 09:28,BRG103,Beras 5kg,Pembeli Fiktif 083,10,68000
STR/20908,16-04-2024 16:05,BRG105,Teh Celup,Pembeli Fiktif 083,5,7000
STR/20908,16-04-2024 16:05,BRG102,Minyak 2L,Pembeli Fiktif 083,2,32000
STR/20908,16-04-2024 16:05,BRG104,Kopi Bubuk,Pembeli Fiktif 083,4,9500
STR/20909,04-05-2024 13:51,BRG104,Kopi Bubuk,Pembeli Fiktif 083,10,9500
STR/20909,04-05-2024 13:51,BRG101,Gula 1kg,Pembeli Fiktif 083,2,14500
STR/20910,13-05-2024 11:41,BRG104,Kopi Bubuk,Pembeli Fiktif 083,7,9500
STR/20910,13-05-2024 11:41,BRG103,Beras 5kg,Pembeli Fiktif 083,8,68000
STR/20910,13-05-2024 11:41,BRG105,Teh Celup,Pembeli Fiktif 083,3,7000
STR/20911,25-05-2024 16:18,BRG105,Teh Celup,Pembeli Fiktif 083,3,7000
STR/20912,28-06-2024 19:42,BRG101,Gula 1kg,Pembeli Fiktif 083,6,14500
STR/20913,20-07-2024 08:54,BRG103,Beras 5kg,Pembeli Fiktif 083,10,68000
STR/20913,20-07-2024 08:54,BRG105,Teh Celup,Pembeli Fiktif 083,4,7000
STR/20914,30-08-2024 10:13,BRG101,Gula 1kg,Pembeli Fiktif 083,11,14500
STR/20915,02-09-2024 14:36,BRG106,Sabun Cuci,Pembeli Fiktif 083,5,4500
STR/20915,02-09-2024 14:36,BRG101,Gula 1kg,Pembeli Fiktif 083,5,14500
STR/20915,02-09-2024 14:36,BRG102,Minyak 2L,Pembeli Fiktif 083,10,32000
STR/20916,06-10-2024 09:23,BRG106,Sabun Cuci,Pembeli Fiktif 083,3,4500
STR/20917,10-10-2024 12:07,BRG103,Beras 5kg,Pembeli Fiktif 083,10,68000
STR/20918,11-10-2024 13:23,BRG101,Gula 1kg,Pembeli Fiktif 083,5,14500
STR/20919,04-11-2024 13:37,BRG103,Beras 5kg,Pembeli Fiktif 083,6,68000
STR/20920,10-11-2024 16:54,BRG102,Minyak 2L,Pembeli Fiktif 083,6,32000
STR/20920,10-11-2024 16:54,BRG104,Kopi Bubuk,Pembeli Fiktif 083,10,9500
STR/20921,13-11-2024 14:00,BRG106,Sabun Cuci,Pembeli Fiktif 083,7,4500
STR/20922,21-11-2024 08:41,BRG106,Sabun Cuci,Pembeli Fiktif 083,9,4500
STR/20923,29-04-2024 16:24,BRG106,Sabun Cuci,Pembeli Fiktif 084,1,4500
STR/20923,29-04-2024 16:24,BRG104,Kopi Bubuk,Pembeli Fiktif 084,10,9500
STR/20924,11-05-2024 12:04,BRG106,Sabun Cuci,Pembeli Fiktif 084,10,4500
STR/20925,28-05-2024 08:07,BRG105,Teh Celup,Pembeli Fiktif 084,11,7000
STR/20925,28-05-2024 08:07,BRG106,Sabun Cuci,Pembeli Fiktif 084,4,4500
STR/20925,28-05-2024 08:07,BRG104,Kopi Bubuk,Pembeli Fiktif 084,12,9500
STR/20926,04-06-2024 18:11,BRG101,Gula 1kg,Pembeli Fiktif 084,5,14500
STR/20926,04-06-2024 18:11,BRG103,Beras 5kg,Pembeli Fiktif 084,2,68000
STR/20926,04-06-2024 18:11,BRG102,Minyak 2L,Pembeli Fiktif 084,6,32000
STR/20927,12-08-2024 13:34,BRG101,Gula 1kg,Pembeli Fiktif 084,12,14500
STR/20928,09-09-2024 16:34,BRG106,Sabun Cuci,Pembeli Fiktif 084,9,4500
STR/20928,09-09-2024 16:34,BRG104,Kopi Bubuk,Pembeli Fiktif 084,8,9500
STR/20928,09-09-2024 16:34,BRG105,Teh Celup,Pembeli Fiktif 084,6,7000
STR/20929,09-07-2023 16:30,BRG102,Minyak 2L,Pembeli Fiktif 085,6,32000
STR/20929,09-07-2023 16:30,BRG103,Beras 5kg,Pembeli Fiktif 085,7,68000
STR/20930,04-09-2023 09:05,BRG105,Teh Celup,Pembeli Fiktif 085,1,7000
STR/20930,04-09-2023 09:05,BRG104,Kopi Bubuk,Pembeli Fiktif 085,5,9500
STR/20930,04-09-2023 09:05,BRG101,Gula 1kg,Pembeli Fiktif 085,5,14500
STR/20931,07-09-2023 18:48,BRG104,Kopi Bubuk,Pembeli Fiktif 085,12,9500
STR/20932,02-04-2023 10:37,BRG105,Teh Celup,Pembeli Fiktif 086,3,7000
STR/20932,02-04-2023 10:37,BRG106,Sabun Cuci,Pembeli Fiktif 086,8,4500
STR/20933,20-07-2023 17:43,BRG105,Teh Celup,Pembeli Fiktif 086,11,7000
STR/20934,27-10-2023 17:25,BRG104,Kopi Bubuk,Pembeli Fiktif 086,2,9500
STR/20935,08-11-2023 09:35,BRG106,Sabun Cuci,Pembeli Fiktif 086,9,4500
STR/20935,08-11-2023 09:35,BRG103,Beras 5kg,Pembeli Fiktif 086,8,68000
STR/20936,15-12-2023 09:30,BRG106,Sabun Cuci,Pembeli Fiktif 086,6,4500
STR/20936,15-12-2023 09:30,BRG104,Kopi Bubuk,Pembeli Fiktif 086,7,9500
STR/20936,15-12-2023 09:30,BRG101,Gula 1kg,Pembeli Fiktif 086,8,14500
STR/20937,05-02-2024 19:01,BRG104,Kopi Bubuk,Pembeli Fiktif 086,10,9500
STR/20938,02-06-2024 08:07,BRG103,Beras 5kg,Pembeli Fiktif 086,5,68000
STR/20939,29-09-2024 10:50,BRG103,Beras 5kg,Pembeli Fiktif 086,1,68000
STR/20939,29-09-2024 10:50,BRG101,Gula 1kg,Pembeli Fiktif 086,2,14500
STR/20940,31-10-2024 20:54,BRG106,Sabun Cuci,Pembeli Fiktif 086,5,4500
STR/20940,31-10-2024 20:54,BRG105,Teh Celup,Pembeli Fiktif 086,6,7000
STR/20941,04-11-2024 09:26,BRG104,Kopi Bubuk,Pembeli Fiktif 086,2,9500
STR/20942,11-12-2024 15:58,BRG105,Teh Celup,Pembeli Fiktif 086,3,7000
STR/20942,11-12-2024 15:58,BRG103,Beras 5kg,Pembeli Fiktif 086,11,68000
STR/20942,11-12-2024 15:58,BRG102,Minyak 2L,Pembeli Fiktif 086,2,32000
STR/20943,20-01-2024 12:46,BRG102,Minyak 2L,Pembeli Fiktif 087,6,32000
STR/20944,21-01-2024 13:34,BRG103,Beras 5kg,Pembeli Fiktif 087,3,68000
STR/20944,21-01-2024 13:34,BRG104,Kopi Bubuk,Pembeli Fiktif 087,1,9500
STR/20945,22-01-2024 09:40,BRG104,Kopi Bubuk,Pembeli Fiktif 087,7,9500
STR/20945,22-01-2024 09:40,BRG101,Gula 1kg,Pembeli Fiktif 087,5,14500
STR/20945,22-01-2024 09:40,BRG106,Sabun Cuci,Pembeli Fiktif 087,8,4500
STR/20946,24-07-2024 15:45,BRG102,Minyak 2L,Pembeli Fiktif 088,5,32000
STR/20947,03-09-2024 12:20,BRG102,Minyak 2L,Pembeli Fiktif 088,12,32000
STR/20947,03-09-2024 12:20,BRG103,Beras 5kg,Pembeli Fiktif 088,10,68000
STR/20948,16-10-2024 16:42,BRG104,Kopi Bubuk,Pembeli Fiktif 088,6,9500
STR/20949,28-10-2024 18:16,BRG104,Kopi Bubuk,Pembeli Fiktif 088,11,9500
STR/20949,28-10-2024 18:16,BRG102,Minyak 2L,Pembeli Fiktif 088,7,32000
STR/20950,04-11-2024 14:26,BRG101,Gula 1kg,Pembeli Fiktif 088,6,14500
STR/20950,04-11-2024 14:26,BRG105,Teh Celup,Pembeli Fiktif 088,1,7000
STR/20951,16-12-2024 08:15,BRG106,Sabun Cuci,Pembeli Fiktif 088,11,4500
STR/20951,16-12-2024 08:15,BRG105,Teh Celup,Pembeli Fiktif 088,10,7000
STR/20952,17-12-2024 16:33,BRG105,Teh Celup,Pembeli Fiktif 088,10,7000
STR/20952,17-12-2024 16:33,BRG106,Sabun Cuci,Pembeli Fiktif 088,11,4500
STR/20952,17-12-2024 16:33,BRG101,Gula 1kg,Pembeli Fiktif 088,8,14500
STR/20953,12-12-2023 14:27,BRG106,Sabun Cuci,Pembeli Fiktif 089,4,4500
STR/20954,13-01-2024 17:12,BRG103,Beras 5kg,Pembeli Fiktif 089,12,68000
STR/20954,13-01-2024 17:12,BRG102,Minyak 2L,Pembeli Fiktif 089,11,32000
STR/20954,13-01-2024 17:12,BRG101,Gula 1kg,Pembeli Fiktif 089,2,14500
STR/20955,27-06-2024 18:15,BRG106,Sabun Cuci,Pembeli Fiktif 089,1,4500
STR/20955,27-06-2024 18:15,BRG105,Teh Celup,Pembeli Fiktif 089,5,7000
STR/20955,27-06-2024 18:15,BRG102,Minyak 2L,Pembeli Fiktif 089,5,32000
STR/20956,19-11-2024 10:19,BRG102,Minyak 2L,Pembeli Fiktif 089,9,32000
STR/20956,19-11-2024 10:19,BRG104,Kopi Bubuk,Pembeli Fiktif 089,3,9500
STR/20957,29-06-2023 09:26,BRG105,Teh Celup,Pembeli Fiktif 090,3,7000
STR/20957,29-06-2023 09:26,BRG102,Minyak 2L,Pembeli Fiktif 090,10,32000
STR/20957,29-06-2023 09:26,BRG106,Sabun Cuci,Pembeli Fiktif 090,6,4500
STR/20958,19-07-2023 13:30,BRG102,Minyak 2L,Pembeli Fiktif 090,5,32000
STR/20958,19-07-2023 13:30,BRG101,Gula 1kg,Pembeli Fiktif 090,9,14500
STR/20958,19-07-2023 13:30,BRG103,Beras 5kg,Pembeli Fiktif 090,2,68000
STR/20959,06-02-2024 19:43,BRG105,Teh Celup,Pembeli Fiktif 091,1,7000
STR/20960,10-10-2024 11:57,BRG104,Kopi Bubuk,Pembeli Fiktif 092,11,9500
STR/20960,10-10-2024 11:57,BRG106,Sabun Cuci,Pembeli Fiktif 092,1,4500
STR/20960,10-10-2024 11:57,BRG101,Gula 1kg,Pembeli Fiktif 092,9,14500
STR/20961,12-10-2024 13:37,BRG104,Kopi Bubuk,Pembeli Fiktif 092,6,9500
STR/20962,16-11-2024 18:21,BRG106,Sabun Cuci,Pembeli Fiktif 092,8,4500
STR/20962,16-11-2024 18:21,BRG104,Kopi Bubuk,Pembeli Fiktif 092,8,9500
STR/20963,18-12-2024 18:30,BRG104,Kopi Bubuk,Pembeli Fiktif 092,5,9500
STR/20964,20-12-2024 18:00,BRG104,Kopi Bubuk,Pembeli Fiktif 092,7,9500
STR/20965,10-03-2023 20:12,BRG102,Minyak 2L,Pembeli Fiktif 093,8,32000
STR/20965,10-03-2023 20:12,BRG106,Sabun Cuci,Pembeli Fiktif 093,9,4500
STR/20965,10-03-2023 20:12,BRG104,Kopi Bubuk,Pembeli Fiktif 093,5,9500
STR/20966,25-04-2023 18:32,BRG106,Sabun Cuci,Pembeli Fiktif 093,5,4500
STR/20966,25-04-2023 18:32,BRG105,Teh Celup,Pembeli Fiktif 093,11,7000
STR/20966,25-04-2023 18:32,BRG104,Kopi Bubuk,Pembeli Fiktif 093,1,9500
STR/20967,03-05-2023 10:03,BRG104,Kopi Bubuk,Pembeli Fiktif 093,7,9500
STR/20967,03-05-2023 10:03,BRG101,Gula 1kg,Pembeli Fiktif 093,10,14500
STR/20967,03-05-2023 10:03,BRG102,Minyak 2L,Pembeli Fiktif 093,6,32000
STR/20968,26-05-2023 13:41,BRG102,Minyak 2L,Pembeli Fiktif 093,11,32000
STR/20968,26-05-2023 13:41,BRG105,Teh Celup,Pembeli Fiktif 093,2,7000
STR/20969,14-07-2023 18:07,BRG102,Minyak 2L,Pembeli Fiktif 093,10,32000
STR/20970,23-09-2023 15:28,BRG103,Beras 5kg,Pembeli Fiktif 093,5,68000
STR/20971,15-10-2023 09:53,BRG101,Gula 1kg,Pembeli Fiktif 093,5,14500
STR/20972,10-12-2023 17:10,BRG106,Sabun Cuci,Pembeli Fiktif 093,6,4500
STR/20973,19-03-2024 10:14,BRG104,Kopi Bubuk,Pembeli Fiktif 093,10,9500
STR/20974,05-04-2024 12:11,BRG103,Beras 5kg,Pembeli Fiktif 093,12,68000
STR/20974,05-04-2024 12:11,BRG101,Gula 1kg,Pembeli Fiktif 093,5,14500
STR/20975,30-04-2024 20:40,BRG102,Minyak 2L,Pembeli Fiktif 093,8,32000
STR/20976,30-05-2024 20:42,BRG105,Teh Celup,Pembeli Fiktif 093,4,7000
STR/20976,30-05-2024 20:42,BRG103,Beras 5kg,Pembeli Fiktif 093,7,68000
STR/20977,30-07-2024 08:17,BRG102,Minyak 2L,Pembeli Fiktif 093,7,32000
STR/20977,30-07-2024 08:17,BRG103,Beras 5kg,Pembeli Fiktif 093,8,68000
STR/20978,08-08-2024 12:55,BRG106,Sabun Cuci,Pembeli Fiktif 093,5,4500
STR/20978,08-08-2024 12:55,BRG104,Kopi Bubuk,Pembeli Fiktif 093,11,9500
STR/20979,20-09-2024 12:07,BRG105,Teh Celup,Pembeli Fiktif 093,9,7000
STR/20979,20-09-2024 12:07,BRG106,Sabun Cuci,Pembeli Fiktif 093,12,4500
STR/20980,06-12-2024 14:58,BRG103,Beras 5kg,Pembeli Fiktif 093,7,68000
STR/20981,15-12-2024 18:48,BRG104,Kopi Bubuk,Pembeli Fiktif 093,8,9500
STR/20982,04-05-2024 18:44,BRG101,Gula 1kg,Pembeli Fiktif 094,12,14500
STR/20982,04-05-2024 18:44,BRG104,Kopi Bubuk,Pembeli Fiktif 094,4,9500
STR/20983,16-06-2024 09:46,BRG106,Sabun Cuci,Pembeli Fiktif 094,2,4500
STR/20983,16-06-2024 09:46,BRG104,Kopi Bubuk,Pembeli Fiktif 094,10,9500
STR/20984,18-06-2024 17:42,BRG106,Sabun Cuci,Pembeli Fiktif 094,5,4500
STR/20984,18-06-2024 17:42,BRG105,Teh Celup,Pembeli Fiktif 094,10,7000
STR/20985,29-06-2024 08:24,BRG102,Minyak 2L,Pembeli Fiktif 094,2,32000
STR/20986,04-07-2024 14:31,BRG102,Minyak 2L,Pembeli Fiktif 094,1,32000
STR/20986,04-07-2024 14:31,BRG106,Sabun Cuci,Pembeli Fiktif 094,11,4500
STR/20987,08-07-2024 15:22,BRG105,Teh Celup,Pembeli Fiktif 094,12,7000
STR/20988,09-07-2024 13:18,BRG106,Sabun Cuci,Pembeli Fiktif 094,12,4500
STR/20988,09-07-2024 13:18,BRG101,Gula 1kg,Pembeli Fiktif 094,6,14500
STR/20989,29-07-2024 19:25,BRG104,Kopi Bubuk,Pembeli Fiktif 094,9,9500
STR/20989,29-07-2024 19:25,BRG101,Gula 1kg,Pembeli Fiktif 094,10,14500
STR/20990,03-08-2024 16:16,BRG103,Beras 5kg,Pembeli Fiktif 094,3,68000
STR/20990,03-08-2024 16:16,BRG104,Kopi Bubuk,Pembeli Fiktif 094,4,9500
STR/20990,03-08-2024 16:16,BRG106,Sabun Cuci,Pembeli Fiktif 094,10,4500
STR/20991,15-08-2024 20:40,BRG102,Minyak 2L,Pembeli Fiktif 094,10,32000
STR/20991,15-08-2024 20:40,BRG106,Sabun Cuci,Pembeli Fiktif 094,6,4500
STR/20992,19-08-2024 13:39,BRG105,Teh Celup,Pembeli Fiktif 094,11,7000
STR/20992,19-08-2024 13:39,BRG104,Kopi Bubuk,Pembeli Fiktif 094,10,9500
STR/20993,20-08-2024 13:16,BRG102,Minyak 2L,Pembeli Fiktif 094,6,32000
STR/20993,20-08-2024 13:16,BRG103,Beras 5kg,Pembeli Fiktif 094,3,68000
STR/20994,11-09-2024 15:41,BRG104,Kopi Bubuk,Pembeli Fiktif 094,12,9500
STR/20995,15-09-2024 11:07,BRG102,Minyak 2L,Pembeli Fiktif 094,5,32000
STR/20995,15-09-2024 11:07,BRG104,Kopi Bubuk,Pembeli Fiktif 094,5,9500
STR/20996,23-09-2024 18:23,BRG103,Beras 5kg,Pembeli Fiktif 094,9,68000
STR/20996,23-09-2024 18:23,BRG102,Minyak 2L,Pembeli Fiktif 094,11,32000
STR/20996,23-09-2024 18:23,BRG104,Kopi Bubuk,Pembeli Fiktif 094,7,9500
STR/20997,04-10-2024 11:56,BRG102,Minyak 2L,Pembeli Fiktif 094,4,32000
STR/20997,04-10-2024 11:56,BRG101,Gula 1kg,Pembeli Fiktif 094,2,14500
STR/20997,04-10-2024 11:56,BRG103,Beras 5kg,Pembeli Fiktif 094,12,68000
STR/20998,28-11-2024 09:34,BRG101,Gula 1kg,Pembeli Fiktif 094,6,14500
STR/20998,28-11-2024 09:34,BRG102,Minyak 2L,Pembeli Fiktif 094,7,32000
STR/20999,12-12-2024 14:07,BRG106,Sabun Cuci,Pembeli Fiktif 094,10,4500
STR/21000,18-12-2024 17:03,BRG103,Beras 5kg,Pembeli Fiktif 094,2,68000
STR/21001,24-12-2024 14:59,BRG106,Sabun Cuci,Pembeli Fiktif 094,2,4500
STR/21002,10-09-2023 08:41,BRG105,Teh Celup,Pembeli Fiktif 095,2,7000
STR/21002,10-09-2023 08:41,BRG102,Minyak 2L,Pembeli Fiktif 095,11,32000
STR/21003,10-10-2024 08:12,BRG105,Teh Celup,Pembeli Fiktif 096,11,7000
STR/21003,10-10-2024 08:12,BRG104,Kopi Bubuk,Pembeli Fiktif 096,4,9500
STR/21003,10-10-2024 08:12,BRG106,Sabun Cuci,Pembeli Fiktif 096,11,4500
STR/21004,01-12-2024 17:32,BRG102,Minyak 2L,Pembeli Fiktif 097,8,32000
STR/21004,01-12-2024 17:32,BRG101,Gula 1kg,Pembeli Fiktif 097,8,14500
STR/21004,01-12-2024 17:32,BRG105,Teh Celup,Pembeli Fiktif 097,1,7000
STR/21005,30-05-2024 20:57,BRG102,Minyak 2L,Pembeli Fiktif 098,11,32000
STR/21006,28-03-2023 10:43,BRG104,Kopi Bubuk,Pembeli Fiktif 099,2,9500
STR/21006,28-03-2023 10:43,BRG102,Minyak 2L,Pembeli Fiktif 099,7,32000
STR/21007,16-06-2023 20:32,BRG102,Minyak 2L,Pembeli Fiktif 100,2,32000
STR/21007,16-06-2023 20:32,BRG104,Kopi Bubuk,Pembeli Fiktif 100,7,9500
STR/21007,16-06-2023 20:32,BRG106,Sabun Cuci,Pembeli Fiktif 100,1,4500
STR/21008,30-07-2023 14:24,BRG106,Sabun Cuci,Pembeli Fiktif 100,12,4500
STR/21008,30-07-2023 14:24,BRG104,Kopi Bubuk,Pembeli Fiktif 100,9,9500
STR/21008,30-07-2023 14:24,BRG103,Beras 5kg,Pembeli Fiktif 100,8,68000
STR/21009,17-08-2023 09:49,BRG102,Minyak 2L,Pembeli Fiktif 100,2,32000
STR/21009,17-08-2023 09:49,BRG105,Teh Celup,Pembeli Fiktif 100,6,7000
STR/21009,17-08-2023 09:49,BRG101,Gula 1kg,Pembeli Fiktif 100,5,14500
STR/21010,30-09-2023 11:28,BRG102,Minyak 2L,Pembeli Fiktif 100,6,32000
STR/21011,05-10-2023 20:32,BRG106,Sabun Cuci,Pembeli Fiktif 100,6,4500
STR/21012,25-11-2023 12:11,BRG106,Sabun Cuci,Pembeli Fiktif 100,5,4500
STR/21012,25-11-2023 12:11,BRG103,Beras 5kg,Pembeli Fiktif 100,12,68000
STR/21012,25-11-2023 12:11,BRG101,Gula 1kg,Pembeli Fiktif 100,12,14500
STR/21013,04-12-2023 18:54,BRG104,Kopi Bubuk,Pembeli Fiktif 100,10,9500
STR/21014,21-12-2023 16:10,BRG106,Sabun Cuci,Pembeli Fiktif 100,9,4500
STR/21015,31-01-2024 18:29,BRG101,Gula 1kg,Pembeli Fiktif 100,6,14500
STR/21016,06-03-2024 13:36,BRG102,Minyak 2L,Pembeli Fiktif 100,11,32000
STR/21016,06-03-2024 13:36,BRG103,Beras 5kg,Pembeli Fiktif 100,11,68000
STR/21017,21-03-2023 09:29,BRG102,Minyak 2L,Pembeli Fiktif 101,11,32000
STR/21017,21-03-2023 09:29,BRG106,Sabun Cuci,Pembeli Fiktif 101,10,4500
STR/21017,21-03-2023 09:29,BRG103,Beras 5kg,Pembeli Fiktif 101,3,68000
STR/21018,07-04-2023 14:20,BRG106,Sabun Cuci,Pembeli Fiktif 101,1,4500
STR/21018,07-04-2023 14:20,BRG105,Teh Celup,Pembeli Fiktif 101,3,7000
STR/21018,07-04-2023 14:20,BRG101,Gula 1kg,Pembeli Fiktif 101,10,14500
STR/21019,14-05-2023 20:17,BRG104,Kopi Bubuk,Pembeli Fiktif 101,9,9500
STR/21020,15-05-2023 20:59,BRG101,Gula 1kg,Pembeli Fiktif 101,11,14500
STR/21020,15-05-2023 20:59,BRG105,Teh Celup,Pembeli Fiktif 101,9,7000
STR/21021,29-06-2023 13:19,BRG103,Beras 5kg,Pembeli Fiktif 101,3,68000
STR/21021,29-06-2023 13:19,BRG104,Kopi Bubuk,Pembeli Fiktif 101,12,9500
STR/21021,29-06-2023 13:19,BRG106,Sabun Cuci,Pembeli Fiktif 101,3,4500
STR/21022,03-10-2023 09:34,BRG104,Kopi Bubuk,Pembeli Fiktif 101,6,9500
STR/21022,03-10-2023 09:34,BRG103,Beras 5kg,Pembeli Fiktif 101,12,68000
STR/21022,03-10-2023 09:34,BRG102,Minyak 2L,Pembeli Fiktif 101,2,32000
STR/21023,09-10-2023 10:47,BRG102,Minyak 2L,Pembeli Fiktif 101,7,32000
STR/21023,09-10-2023 10:47,BRG101,Gula 1kg,Pembeli Fiktif 101,3,14500
STR/21024,24-10-2023 12:59,BRG101,Gula 1kg,Pembeli Fiktif 101,9,14500
STR/21024,24-10-2023 12:59,BRG104,Kopi Bubuk,Pembeli Fiktif 101,5,9500
STR/21025,25-10-2023 20:43,BRG106,Sabun Cuci,Pembeli Fiktif 101,6,4500
STR/21026,26-10-2023 14:53,BRG102,Minyak 2L,Pembeli Fiktif 101,7,32000
STR/21027,02-11-2023 14:26,BRG106,Sabun Cuci,Pembeli Fiktif 101,8,4500
STR/21028,13-11-2023 18:34,BRG103,Beras 5kg,Pembeli Fiktif 101,5,68000
STR/21029,12-07-2024 10:18,BRG101,Gula 1kg,Pembeli Fiktif 102,2,14500
STR/21030,01-08-2024 11:40,BRG101,Gula 1kg,Pembeli Fiktif 102,9,14500
STR/21030,01-08-2024 11:40,BRG103,Beras 5kg,Pembeli Fiktif 102,4,68000
STR/21030,01-08-2024 11:40,BRG106,Sabun Cuci,Pembeli Fiktif 102,8,4500
STR/21031,13-04-2024 17:43,BRG104,Kopi Bubuk,Pembeli Fiktif 103,2,9500
STR/21031,13-04-2024 17:43,BRG105,Teh Celup,Pembeli Fiktif 103,10,7000
STR/21032,14-04-2024 13:07,BRG105,Teh Celup,Pembeli Fiktif 103,4,7000
STR/21032,14-04-2024 13:07,BRG102,Minyak 2L,Pembeli Fiktif 103,2,32000
STR/21032,14-04-2024 13:07,BRG103,Beras 5kg,Pembeli Fiktif 103,10,68000
STR/21033,28-04-2024 15:43,BRG104,Kopi Bubuk,Pembeli Fiktif 103,11,9500
STR/21033,28-04-2024 15:43,BRG105,Teh Celup,Pembeli Fiktif 103,10,7000
STR/21033,28-04-2024 15:43,BRG106,Sabun Cuci,Pembeli Fiktif 103,7,4500
STR/21034,02-08-2023 18:40,BRG104,Kopi Bubuk,Pembeli Fiktif 104,11,9500
STR/21034,02-08-2023 18:40,BRG105,Teh Celup,Pembeli Fiktif 104,1,7000
STR/21035,21-01-2024 17:38,BRG102,Minyak 2L,Pembeli Fiktif 105,1,32000
STR/21036,26-01-2024 14:53,BRG102,Minyak 2L,Pembeli Fiktif 105,7,32000
STR/21037,19-02-2024 08:52,BRG102,Minyak 2L,Pembeli Fiktif 105,7,32000
STR/21037,19-02-2024 08:52,BRG105,Teh Celup,Pembeli Fiktif 105,10,7000
STR/21037,19-02-2024 08:52,BRG106,Sabun Cuci,Pembeli Fiktif 105,11,4500
STR/21038,13-03-2024 19:07,BRG106,Sabun Cuci,Pembeli Fiktif 105,10,4500
STR/21038,13-03-2024 19:07,BRG105,Teh Celup,Pembeli Fiktif 105,8,7000
STR/21039,03-04-2024 09:07,BRG103,Beras 5kg,Pembeli Fiktif 105,1,68000
STR/21039,03-04-2024 09:07,BRG102,Minyak 2L,Pembeli Fiktif 105,3,32000
STR/21039,03-04-2024 09:07,BRG106,Sabun Cuci,Pembeli Fiktif 105,3,4500
STR/21040,12-04-2024 08:50,BRG101,Gula 1kg,Pembeli Fiktif 105,11,14500
STR/21040,12-04-2024 08:50,BRG106,Sabun Cuci,Pembeli Fiktif 105,1,4500
STR/21041,13-04-2024 10:48,BRG103,Beras 5kg,Pembeli Fiktif 105,10,68000
STR/21042,25-04-2024 11:43,BRG102,Minyak 2L,Pembeli Fiktif 105,5,32000
STR/21042,25-04-2024 11:43,BRG103,Beras 5kg,Pembeli Fiktif 105,9,68000
STR/21043,22-05-2024 18:18,BRG105,Teh Celup,Pembeli Fiktif 105,9,7000
STR/21043,22-05-2024 18:18,BRG102,Minyak 2L,Pembeli Fiktif 105,12,32000
STR/21043,22-05-2024 18:18,BRG106,Sabun Cuci,Pembeli Fiktif 105,4,4500
STR/21044,23-06-2024 15:15,BRG101,Gula 1kg,Pembeli Fiktif 105,12,14500
STR/21044,23-06-2024 15:15,BRG103,Beras 5kg,Pembeli Fiktif 105,3,68000
STR/21044,23-06-2024 15:15,BRG105,Teh Celup,Pembeli Fiktif 105,12,7000
STR/21045,28-06-2024 20:00,BRG105,Teh Celup,Pembeli Fiktif 105,10,7000
STR/21046,19-08-2024 09:35,BRG106,Sabun Cuci,Pembeli Fiktif 105,7,4500
STR/21046,19-08-2024 09:35,BRG103,Beras 5kg,Pembeli Fiktif 105,11,68000
STR/21047,11-09-2024 20:42,BRG103,Beras 5kg,Pembeli Fiktif 105,11,68000
STR/21047,11-09-2024 20:42,BRG105,Teh Celup,Pembeli Fiktif 105,5,7000
STR/21048,11-10-2024 14:15,BRG101,Gula 1kg,Pembeli Fiktif 105,5,14500
STR/21048,11-10-2024 14:15,BRG106,Sabun Cuci,Pembeli Fiktif 105,3,4500
STR/21048,11-10-2024 14:15,BRG102,Minyak 2L,Pembeli Fiktif 105,3,32000
STR/21049,24-10-2024 15:46,BRG106,Sabun Cuci,Pembeli Fiktif 105,4,4500
STR/21050,11-12-2024 08:13,BRG106,Sabun Cuci,Pembeli Fiktif 105,1,4500
STR/21050,11-12-2024 08:13,BRG103,Beras 5kg,Pembeli Fiktif 105,2,68000
STR/21051,25-12-2024 17:28,BRG105,Teh Celup,Pembeli Fiktif 105,9,7000
STR/21051,25-12-2024 17:28,BRG102,Minyak 2L,Pembeli Fiktif 105,12,32000
STR/21051,25-12-2024 17:28,BRG101,Gula 1kg,Pembeli Fiktif 105,2,14500
STR/21052,12-01-2024 14:33,BRG106,Sabun Cuci,Pembeli Fiktif 106,3,4500
STR/21052,12-01-2024 14:33,BRG105,Teh Celup,Pembeli Fiktif 106,5,7000
STR/21053,20-01-2024 17:43,BRG101,Gula 1kg,Pembeli Fiktif 106,5,14500
STR/21053,20-01-2024 17:43,BRG102,Minyak 2L,Pembeli Fiktif 106,4,32000
STR/21054,26-01-2024 19:57,BRG102,Minyak 2L,Pembeli Fiktif 106,4,32000
STR/21054,26-01-2024 19:57,BRG101,Gula 1kg,Pembeli Fiktif 106,8,14500
STR/21054,26-01-2024 19:57,BRG105,Teh Celup,Pembeli Fiktif 106,9,7000
STR/21055,27-01-2024 10:50,BRG106,Sabun Cuci,Pembeli Fiktif 106,5,4500
STR/21055,27-01-2024 10:50,BRG104,Kopi Bubuk,Pembeli Fiktif 106,6,9500
STR/21056,10-02-2024 20:19,BRG103,Beras 5kg,Pembeli Fiktif 106,4,68000
STR/21057,12-02-2024 14:16,BRG104,Kopi Bubuk,Pembeli Fiktif 106,1,9500
STR/21057,12-02-2024 14:16,BRG102,Minyak 2L,Pembeli Fiktif 106,3,32000
STR/21058,13-02-2024 12:08,BRG103,Beras 5kg,Pembeli Fiktif 106,6,68000
STR/21058,13-02-2024 12:08,BRG102,Minyak 2L,Pembeli Fiktif 106,6,32000
STR/21059,07-03-2024 17:11,BRG101,Gula 1kg,Pembeli Fiktif 106,8,14500
STR/21060,20-04-2024 08:02,BRG103,Beras 5kg,Pembeli Fiktif 106,9,68000
STR/21061,08-06-2024 16:52,BRG105,Teh Celup,Pembeli Fiktif 106,5,7000
STR/21062,23-06-2024 19:51,BRG103,Beras 5kg,Pembeli Fiktif 106,3,68000
STR/21062,23-06-2024 19:51,BRG101,Gula 1kg,Pembeli Fiktif 106,7,14500
STR/21063,24-06-2024 10:42,BRG104,Kopi Bubuk,Pembeli Fiktif 106,10,9500
STR/21063,24-06-2024 10:42,BRG102,Minyak 2L,Pembeli Fiktif 106,4,32000
STR/21064,28-06-2024 15:22,BRG101,Gula 1kg,Pembeli Fiktif 106,1,14500
STR/21064,28-06-2024 15:22,BRG103,Beras 5kg,Pembeli Fiktif 106,7,68000
STR/21064,28-06-2024 15:22,BRG102,Minyak 2L,Pembeli Fiktif 106,6,32000
STR/21065,18-07-2024 18:11,BRG102,Minyak 2L,Pembeli Fiktif 106,12,32000
STR/21065,18-07-2024 18:11,BRG101,Gula 1kg,Pembeli Fiktif 106,5,14500
STR/21066,23-07-2024 15:32,BRG103,Beras 5kg,Pembeli Fiktif 106,9,68000
STR/21066,23-07-2024 15:32,BRG106,Sabun Cuci,Pembeli Fiktif 106,6,4500
STR/21067,08-08-2024 20:03,BRG102,Minyak 2L,Pembeli Fiktif 106,12,32000
STR/21068,19-09-2024 18:35,BRG102,Minyak 2L,Pembeli Fiktif 106,4,32000
STR/21069,24-09-2024 11:34,BRG106,Sabun Cuci,Pembeli Fiktif 106,11,4500
STR/21069,24-09-2024 11:34,BRG103,Beras 5kg,Pembeli Fiktif 106,9,68000
STR/21069,24-09-2024 11:34,BRG105,Teh Celup,Pembeli Fiktif 106,1,7000
STR/21070,29-09-2024 13:06,BRG104,Kopi Bubuk,Pembeli Fiktif 106,1,9500
STR/21070,29-09-2024 13:06,BRG106,Sabun Cuci,Pembeli Fiktif 106,6,4500
STR/21070,29-09-2024 13:06,BRG103,Beras 5kg,Pembeli Fiktif 106,1,68000
STR/21071,01-10-2024 16:43,BRG104,Kopi Bubuk,Pembeli Fiktif 106,4,9500
STR/21071,01-10-2024 16:43,BRG102,Minyak 2L,Pembeli Fiktif 106,2,32000
STR/21072,12-10-2024 13:27,BRG102,Minyak 2L,Pembeli Fiktif 106,8,32000
STR/21072,12-10-2024 13:27,BRG101,Gula 1kg,Pembeli Fiktif 106,6,14500
STR/21073,22-10-2024 13:05,BRG105,Teh Celup,Pembeli Fiktif 106,6,7000
STR/21074,17-11-2024 19:04,BRG105,Teh Celup,Pembeli Fiktif 106,12,7000
STR/21074,17-11-2024 19:04,BRG101,Gula 1kg,Pembeli Fiktif 106,7,14500
STR/21075,03-12-2024 09:27,BRG102,Minyak 2L,Pembeli Fiktif 106,3,32000
STR/21076,21-12-2024 14:23,BRG103,Beras 5kg,Pembeli Fiktif 106,1,68000
STR/21076,21-12-2024 14:23,BRG104,Kopi Bubuk,Pembeli Fiktif 106,12,9500
STR/21077,27-12-2024 12:55,BRG101,Gula 1kg,Pembeli Fiktif 106,7,14500
STR/21077,27-12-2024 12:55,BRG106,Sabun Cuci,Pembeli Fiktif 106,8,4500
STR/21077,27-12-2024 12:55,BRG102,Minyak 2L,Pembeli Fiktif 106,11,32000
STR/21078,14-09-2023 17:33,BRG103,Beras 5kg,Pembeli Fiktif 107,1,68000
STR/21078,14-09-2023 17:33,BRG104,Kopi Bubuk,Pembeli Fiktif 107,9,9500
STR/21079,05-10-2023 20:47,BRG105,Teh Celup,Pembeli Fiktif 107,1,7000
STR/21079,05-10-2023 20:47,BRG102,Minyak 2L,Pembeli Fiktif 107,2,32000
STR/21080,03-11-2023 19:45,BRG103,Beras 5kg,Pembeli Fiktif 107,11,68000
STR/21080,03-11-2023 19:45,BRG104,Kopi Bubuk,Pembeli Fiktif 107,3,9500
STR/21081,24-11-2023 12:35,BRG104,Kopi Bubuk,Pembeli Fiktif 107,12,9500
STR/21082,13-12-2023 13:07,BRG103,Beras 5kg,Pembeli Fiktif 107,4,68000
STR/21082,13-12-2023 13:07,BRG104,Kopi Bubuk,Pembeli Fiktif 107,10,9500
STR/21082,13-12-2023 13:07,BRG101,Gula 1kg,Pembeli Fiktif 107,7,14500
STR/21083,23-12-2023 09:35,BRG106,Sabun Cuci,Pembeli Fiktif 107,9,4500
STR/21083,23-12-2023 09:35,BRG102,Minyak 2L,Pembeli Fiktif 107,5,32000
STR/21084,26-12-2023 19:33,BRG101,Gula 1kg,Pembeli Fiktif 107,4,14500
STR/21085,29-12-2023 11:56,BRG106,Sabun Cuci,Pembeli Fiktif 107,5,4500
STR/21085,29-12-2023 11:56,BRG102,Minyak 2L,Pembeli Fiktif 107,5,32000
STR/21086,31-12-2023 12:15,BRG106,Sabun Cuci,Pembeli Fiktif 107,4,4500
STR/21087,19-01-2024 12:54,BRG104,Kopi Bubuk,Pembeli Fiktif 107,8,9500
STR/21088,24-01-2024 20:05,BRG106,Sabun Cuci,Pembeli Fiktif 107,8,4500
STR/21088,24-01-2024 20:05,BRG103,Beras 5kg,Pembeli Fiktif 107,11,68000
STR/21089,19-02-2024 20:53,BRG103,Beras 5kg,Pembeli Fiktif 107,7,68000
STR/21089,19-02-2024 20:53,BRG106,Sabun Cuci,Pembeli Fiktif 107,11,4500
STR/21090,23-02-2024 11:58,BRG101,Gula 1kg,Pembeli Fiktif 107,6,14500
STR/21091,24-02-2024 16:24,BRG102,Minyak 2L,Pembeli Fiktif 107,10,32000
STR/21091,24-02-2024 16:24,BRG106,Sabun Cuci,Pembeli Fiktif 107,7,4500
STR/21092,07-03-2024 11:02,BRG101,Gula 1kg,Pembeli Fiktif 107,10,14500
STR/21092,07-03-2024 11:02,BRG105,Teh Celup,Pembeli Fiktif 107,11,7000
STR/21093,25-03-2024 13:58,BRG104,Kopi Bubuk,Pembeli Fiktif 107,6,9500
STR/21094,30-03-2024 17:22,BRG104,Kopi Bubuk,Pembeli Fiktif 107,8,9500
STR/21094,30-03-2024 17:22,BRG102,Minyak 2L,Pembeli Fiktif 107,3,32000
STR/21094,30-03-2024 17:22,BRG105,Teh Celup,Pembeli Fiktif 107,1,7000
STR/21095,10-04-2024 14:32,BRG104,Kopi Bubuk,Pembeli Fiktif 107,2,9500
STR/21095,10-04-2024 14:32,BRG106,Sabun Cuci,Pembeli Fiktif 107,10,4500
STR/21095,10-04-2024 14:32,BRG102,Minyak 2L,Pembeli Fiktif 107,12,32000
STR/21096,11-04-2024 19:59,BRG104,Kopi Bubuk,Pembeli Fiktif 107,5,9500
STR/21096,11-04-2024 19:59,BRG102,Minyak 2L,Pembeli Fiktif 107,3,32000
STR/21096,11-04-2024 19:59,BRG106,Sabun Cuci,Pembeli Fiktif 107,1,4500
STR/21097,13-04-2024 14:37,BRG105,Teh Celup,Pembeli Fiktif 107,4,7000
STR/21098,18-04-2024 17:59,BRG103,Beras 5kg,Pembeli Fiktif 107,8,68000
STR/21098,18-04-2024 17:59,BRG102,Minyak 2L,Pembeli Fiktif 107,10,32000
STR/21098,18-04-2024 17:59,BRG104,Kopi Bubuk,Pembeli Fiktif 107,9,9500
STR/21099,30-04-2024 14:00,BRG106,Sabun Cuci,Pembeli Fiktif 107,11,4500
STR/21099,30-04-2024 14:00,BRG103,Beras 5kg,Pembeli Fiktif 107,7,68000
STR/21099,30-04-2024 14:00,BRG105,Teh Celup,Pembeli Fiktif 107,3,7000
STR/21100,01-05-2024 17:37,BRG101,Gula 1kg,Pembeli Fiktif 107,11,14500
STR/21101,02-05-2024 18:41,BRG101,Gula 1kg,Pembeli Fiktif 107,4,14500
STR/21102,29-05-2024 20:38,BRG106,Sabun Cuci,Pembeli Fiktif 107,7,4500
STR/21102,29-05-2024 20:38,BRG105,Teh Celup,Pembeli Fiktif 107,10,7000
STR/21103,16-06-2024 12:23,BRG106,Sabun Cuci,Pembeli Fiktif 107,9,4500
STR/21103,16-06-2024 12:23,BRG102,Minyak 2L,Pembeli Fiktif 107,11,32000
STR/21103,16-06-2024 12:23,BRG105,Teh Celup,Pembeli Fiktif 107,11,7000
STR/21104,20-06-2024 15:14,BRG104,Kopi Bubuk,Pembeli Fiktif 107,1,9500
STR/21104,20-06-2024 15:14,BRG102,Minyak 2L,Pembeli Fiktif 107,11,32000
STR/21104,20-06-2024 15:14,BRG103,Beras 5kg,Pembeli Fiktif 107,6,68000
STR/21105,28-06-2024 17:12,BRG102,Minyak 2L,Pembeli Fiktif 107,6,32000
STR/21105,28-06-2024 17:12,BRG101,Gula 1kg,Pembeli Fiktif 107,7,14500
STR/21106,18-07-2024 19:32,BRG105,Teh Celup,Pembeli Fiktif 107,2,7000
STR/21107,19-08-2024 09:19,BRG105,Teh Celup,Pembeli Fiktif 107,12,7000
STR/21107,19-08-2024 09:19,BRG104,Kopi Bubuk,Pembeli Fiktif 107,11,9500
STR/21107,19-08-2024 09:19,BRG106,Sabun Cuci,Pembeli Fiktif 107,9,4500
STR/21108,26-08-2024 08:28,BRG105,Teh Celup,Pembeli Fiktif 107,12,7000
STR/21108,26-08-2024 08:28,BRG102,Minyak 2L,Pembeli Fiktif 107,7,32000
STR/21108,26-08-2024 08:28,BRG101,Gula 1kg,Pembeli Fiktif 107,3,14500
STR/21109,19-09-2024 09:05,BRG106,Sabun Cuci,Pembeli Fiktif 107,10,4500
STR/21110,21-09-2024 09:43,BRG101,Gula 1kg,Pembeli Fiktif 107,1,14500
STR/21110,21-09-2024 09:43,BRG102,Minyak 2L,Pembeli Fiktif 107,4,32000
STR/21111,26-09-2024 11:34,BRG101,Gula 1kg,Pembeli Fiktif 107,10,14500
STR/21112,12-10-2024 11:31,BRG101,Gula 1kg,Pembeli Fiktif 107,1,14500
STR/21112,12-10-2024 11:31,BRG105,Teh Celup,Pembeli Fiktif 107,10,7000
STR/21112,12-10-2024 11:31,BRG104,Kopi Bubuk,Pembeli Fiktif 107,2,9500
STR/21113,29-10-2024 09:20,BRG105,Teh Celup,Pembeli Fiktif 107,9,7000
STR/21114,13-11-2024 20:17,BRG101,Gula 1kg,Pembeli Fiktif 107,11,14500
STR/21115,28-02-2024 18:32,BRG106,Sabun Cuci,Pembeli Fiktif 108,7,4500
STR/21116,19-08-2023 10:33,BRG105,Teh Celup,Pembeli Fiktif 109,4,7000
STR/21116,19-08-2023 10:33,BRG104,Kopi Bubuk,Pembeli Fiktif 109,7,9500
STR/21116,19-08-2023 10:33,BRG101,Gula 1kg,Pembeli Fiktif 109,5,14500
STR/21117,21-08-2023 13:09,BRG102,Minyak 2L,Pembeli Fiktif 109,11,32000
STR/21117,21-08-2023 13:09,BRG101,Gula 1kg,Pembeli Fiktif 109,10,14500
STR/21117,21-08-2023 13:09,BRG105,Teh Celup,Pembeli Fiktif 109,8,7000
STR/21118,26-09-2023 12:58,BRG102,Minyak 2L,Pembeli Fiktif 109,4,32000
STR/21118,26-09-2023 12:58,BRG106,Sabun Cuci,Pembeli Fiktif 109,4,4500
STR/21119,21-10-2023 19:00,BRG105,Teh Celup,Pembeli Fiktif 109,4,7000
STR/21119,21-10-2023 19:00,BRG102,Minyak 2L,Pembeli Fiktif 109,12,32000
STR/21119,21-10-2023 19:00,BRG103,Beras 5kg,Pembeli Fiktif 109,4,68000
STR/21120,05-11-2023 08:27,BRG103,Beras 5kg,Pembeli Fiktif 109,12,68000
STR/21120,05-11-2023 08:27,BRG105,Teh Celup,Pembeli Fiktif 109,10,7000
STR/21120,05-11-2023 08:27,BRG102,Minyak 2L,Pembeli Fiktif 109,2,32000
STR/21121,12-12-2023 19:08,BRG103,Beras 5kg,Pembeli Fiktif 109,8,68000
STR/21121,12-12-2023 19:08,BRG102,Minyak 2L,Pembeli Fiktif 109,2,32000
STR/21121,12-12-2023 19:08,BRG105,Teh Celup,Pembeli Fiktif 109,10,7000
STR/21122,17-12-2023 09:00,BRG103,Beras 5kg,Pembeli Fiktif 109,10,68000
STR/21122,17-12-2023 09:00,BRG106,Sabun Cuci,Pembeli Fiktif 109,2,4500
STR/21122,17-12-2023 09:00,BRG102,Minyak 2L,Pembeli Fiktif 109,1,32000
STR/21123,02-06-2024 14:50,BRG106,Sabun Cuci,Pembeli Fiktif 110,11,4500
STR/21124,03-07-2024 15:34,BRG106,Sabun Cuci,Pembeli Fiktif 110,7,4500
STR/21125,11-07-2024 10:43,BRG105,Teh Celup,Pembeli Fiktif 110,1,7000
STR/21126,09-08-2024 09:16,BRG102,Minyak 2L,Pembeli Fiktif 110,8,32000
STR/21127,29-08-2024 13:34,BRG104,Kopi Bubuk,Pembeli Fiktif 110,10,9500
STR/21127,29-08-2024 13:34,BRG105,Teh Celup,Pembeli Fiktif 110,6,7000
STR/21127,29-08-2024 13:34,BRG103,Beras 5kg,Pembeli Fiktif 110,8,68000
STR/21128,01-12-2023 19:41,BRG106,Sabun Cuci,Pembeli Fiktif 111,3,4500
STR/21129,16-12-2023 15:20,BRG106,Sabun Cuci,Pembeli Fiktif 111,7,4500
STR/21130,28-12-2023 19:30,BRG102,Minyak 2L,Pembeli Fiktif 111,1,32000
STR/21130,28-12-2023 19:30,BRG105,Teh Celup,Pembeli Fiktif 111,7,7000
STR/21131,13-05-2024 12:32,BRG103,Beras 5kg,Pembeli Fiktif 111,11,68000
STR/21131,13-05-2024 12:32,BRG101,Gula 1kg,Pembeli Fiktif 111,7,14500
STR/21131,13-05-2024 12:32,BRG104,Kopi Bubuk,Pembeli Fiktif 111,12,9500
STR/21132,09-02-2024 16:05,BRG102,Minyak 2L,Pembeli Fiktif 112,4,32000
STR/21132,09-02-2024 16:05,BRG106,Sabun Cuci,Pembeli Fiktif 112,2,4500
STR/21132,09-02-2024 16:05,BRG104,Kopi Bubuk,Pembeli Fiktif 112,1,9500
STR/21133,25-03-2024 19:19,BRG104,Kopi Bubuk,Pembeli Fiktif 112,3,9500
STR/21133,25-03-2024 19:19,BRG101,Gula 1kg,Pembeli Fiktif 112,2,14500
STR/21134,08-04-2024 13:09,BRG101,Gula 1kg,Pembeli Fiktif 112,9,14500
STR/21134,08-04-2024 13:09,BRG104,Kopi Bubuk,Pembeli Fiktif 112,2,9500
STR/21135,20-11-2024 20:47,BRG106,Sabun Cuci,Pembeli Fiktif 112,11,4500
STR/21136,21-04-2023 19:32,BRG103,Beras 5kg,Pembeli Fiktif 113,3,68000
STR/21136,21-04-2023 19:32,BRG106,Sabun Cuci,Pembeli Fiktif 113,12,4500
STR/21137,27-04-2023 15:45,BRG101,Gula 1kg,Pembeli Fiktif 113,4,14500
STR/21137,27-04-2023 15:45,BRG102,Minyak 2L,Pembeli Fiktif 113,10,32000
STR/21138,06-06-2023 14:20,BRG101,Gula 1kg,Pembeli Fiktif 113,1,14500
STR/21138,06-06-2023 14:20,BRG104,Kopi Bubuk,Pembeli Fiktif 113,1,9500
STR/21138,06-06-2023 14:20,BRG103,Beras 5kg,Pembeli Fiktif 113,1,68000
STR/21139,27-08-2023 10:10,BRG101,Gula 1kg,Pembeli Fiktif 113,12,14500
STR/21139,27-08-2023 10:10,BRG105,Teh Celup,Pembeli Fiktif 113,8,7000
STR/21139,27-08-2023 10:10,BRG102,Minyak 2L,Pembeli Fiktif 113,6,32000
STR/21140,16-10-2023 10:28,BRG103,Beras 5kg,Pembeli Fiktif 113,2,68000
STR/21140,16-10-2023 10:28,BRG105,Teh Celup,Pembeli Fiktif 113,7,7000
STR/21140,16-10-2023 10:28,BRG101,Gula 1kg,Pembeli Fiktif 113,9,14500
STR/21141,18-02-2024 19:27,BRG101,Gula 1kg,Pembeli Fiktif 113,6,14500
STR/21142,30-03-2024 12:29,BRG101,Gula 1kg,Pembeli Fiktif 113,6,14500
STR/21142,30-03-2024 12:29,BRG105,Teh Celup,Pembeli Fiktif 113,5,7000
STR/21143,13-04-2024 20:00,BRG102,Minyak 2L,Pembeli Fiktif 113,7,32000
STR/21144,20-04-2024 12:43,BRG104,Kopi Bubuk,Pembeli Fiktif 113,12,9500
STR/21144,20-04-2024 12:43,BRG101,Gula 1kg,Pembeli Fiktif 113,1,14500
STR/21144,20-04-2024 12:43,BRG105,Teh Celup,Pembeli Fiktif 113,3,7000
STR/21145,09-06-2024 11:18,BRG104,Kopi Bubuk,Pembeli Fiktif 113,6,9500
STR/21146,22-06-2024 15:32,BRG103,Beras 5kg,Pembeli Fiktif 113,10,68000
STR/21146,22-06-2024 15:32,BRG106,Sabun Cuci,Pembeli Fiktif 113,3,4500
STR/21146,22-06-2024 15:32,BRG101,Gula 1kg,Pembeli Fiktif 113,2,14500
STR/21147,15-10-2024 11:56,BRG101,Gula 1kg,Pembeli Fiktif 113,3,14500
STR/21147,15-10-2024 11:56,BRG104,Kopi Bubuk,Pembeli Fiktif 113,1,9500
STR/21148,15-01-2024 13:12,BRG101,Gula 1kg,Pembeli Fiktif 114,6,14500
STR/21149,15-03-2024 14:02,BRG104,Kopi Bubuk,Pembeli Fiktif 114,6,9500
STR/21149,15-03-2024 14:02,BRG103,Beras 5kg,Pembeli Fiktif 114,6,68000
STR/21150,16-04-2024 18:38,BRG105,Teh Celup,Pembeli Fiktif 114,1,7000
STR/21150,16-04-2024 18:38,BRG103,Beras 5kg,Pembeli Fiktif 114,6,68000
STR/21150,16-04-2024 18:38,BRG106,Sabun Cuci,Pembeli Fiktif 114,4,4500
STR/21151,10-06-2024 18:53,BRG103,Beras 5kg,Pembeli Fiktif 114,1,68000
STR/21151,10-06-2024 18:53,BRG104,Kopi Bubuk,Pembeli Fiktif 114,12,9500
STR/21151,10-06-2024 18:53,BRG102,Minyak 2L,Pembeli Fiktif 114,8,32000
STR/21152,12-06-2024 16:08,BRG103,Beras 5kg,Pembeli Fiktif 114,3,68000
STR/21152,12-06-2024 16:08,BRG101,Gula 1kg,Pembeli Fiktif 114,12,14500
STR/21153,19-06-2024 20:14,BRG102,Minyak 2L,Pembeli Fiktif 114,8,32000
STR/21153,19-06-2024 20:14,BRG106,Sabun Cuci,Pembeli Fiktif 114,11,4500
STR/21154,26-08-2024 11:16,BRG104,Kopi Bubuk,Pembeli Fiktif 114,1,9500
STR/21154,26-08-2024 11:16,BRG103,Beras 5kg,Pembeli Fiktif 114,12,68000
STR/21154,26-08-2024 11:16,BRG102,Minyak 2L,Pembeli Fiktif 114,11,32000
STR/21155,25-09-2024 16:30,BRG106,Sabun Cuci,Pembeli Fiktif 114,3,4500
STR/21155,25-09-2024 16:30,BRG105,Teh Celup,Pembeli Fiktif 114,5,7000
STR/21156,03-11-2024 13:13,BRG106,Sabun Cuci,Pembeli Fiktif 114,9,4500
STR/21156,03-11-2024 13:13,BRG102,Minyak 2L,Pembeli Fiktif 114,9,32000
STR/21156,03-11-2024 13:13,BRG103,Beras 5kg,Pembeli Fiktif 114,2,68000
STR/21157,29-01-2024 13:28,BRG106,Sabun Cuci,Pembeli Fiktif 115,10,4500
STR/21158,27-05-2024 17:24,BRG106,Sabun Cuci,Pembeli Fiktif 115,4,4500
STR/21159,24-06-2024 12:20,BRG102,Minyak 2L,Pembeli Fiktif 115,2,32000
STR/21159,24-06-2024 12:20,BRG103,Beras 5kg,Pembeli Fiktif 115,12,68000
STR/21160,26-06-2024 11:08,BRG106,Sabun Cuci,Pembeli Fiktif 115,11,4500
STR/21161,08-07-2024 14:12,BRG101,Gula 1kg,Pembeli Fiktif 115,12,14500
STR/21161,08-07-2024 14:12,BRG104,Kopi Bubuk,Pembeli Fiktif 115,2,9500
STR/21162,20-08-2024 09:11,BRG104,Kopi Bubuk,Pembeli Fiktif 115,7,9500
STR/21162,20-08-2024 09:11,BRG102,Minyak 2L,Pembeli Fiktif 115,9,32000
STR/21162,20-08-2024 09:11,BRG106,Sabun Cuci,Pembeli Fiktif 115,5,4500
STR/21163,25-09-2024 15:19,BRG102,Minyak 2L,Pembeli Fiktif 115,9,32000
STR/21164,22-01-2023 17:14,BRG106,Sabun Cuci,Pembeli Fiktif 116,3,4500
STR/21165,28-01-2023 09:59,BRG101,Gula 1kg,Pembeli Fiktif 116,11,14500
STR/21165,28-01-2023 09:59,BRG105,Teh Celup,Pembeli Fiktif 116,4,7000
STR/21166,09-02-2023 13:17,BRG101,Gula 1kg,Pembeli Fiktif 116,2,14500
STR/21167,22-02-2023 11:36,BRG106,Sabun Cuci,Pembeli Fiktif 116,7,4500
STR/21168,14-03-2023 09:36,BRG105,Teh Celup,Pembeli Fiktif 116,8,7000
STR/21169,24-03-2023 09:42,BRG102,Minyak 2L,Pembeli Fiktif 116,3,32000
STR/21170,26-03-2023 14:13,BRG103,Beras 5kg,Pembeli Fiktif 116,7,68000
STR/21170,26-03-2023 14:13,BRG106,Sabun Cuci,Pembeli Fiktif 116,8,4500
STR/21170,26-03-2023 14:13,BRG104,Kopi Bubuk,Pembeli Fiktif 116,3,9500
STR/21171,14-04-2023 15:06,BRG101,Gula 1kg,Pembeli Fiktif 116,9,14500
STR/21171,14-04-2023 15:06,BRG103,Beras 5kg,Pembeli Fiktif 116,11,68000
STR/21172,24-04-2023 15:17,BRG104,Kopi Bubuk,Pembeli Fiktif 116,10,9500
STR/21172,24-04-2023 15:17,BRG105,Teh Celup,Pembeli Fiktif 116,6,7000
STR/21173,15-05-2023 08:51,BRG103,Beras 5kg,Pembeli Fiktif 116,11,68000
STR/21173,15-05-2023 08:51,BRG106,Sabun Cuci,Pembeli Fiktif 116,1,4500
STR/21174,05-06-2023 08:20,BRG101,Gula 1kg,Pembeli Fiktif 116,10,14500
STR/21174,05-06-2023 08:20,BRG103,Beras 5kg,Pembeli Fiktif 116,5,68000
STR/21175,12-06-2023 09:33,BRG105,Teh Celup,Pembeli Fiktif 116,3,7000
STR/21176,02-07-2023 18:17,BRG101,Gula 1kg,Pembeli Fiktif 116,12,14500
STR/21176,02-07-2023 18:17,BRG105,Teh Celup,Pembeli Fiktif 116,1,7000
STR/21177,12-07-2023 16:22,BRG105,Teh Celup,Pembeli Fiktif 116,5,7000
STR/21177,12-07-2023 16:22,BRG103,Beras 5kg,Pembeli Fiktif 116,11,68000
STR/21177,12-07-2023 16:22,BRG101,Gula 1kg,Pembeli Fiktif 116,9,14500
STR/21178,24-08-2023 14:23,BRG104,Kopi Bubuk,Pembeli Fiktif 116,1,9500
STR/21178,24-08-2023 14:23,BRG103,Beras 5kg,Pembeli Fiktif 116,7,68000
STR/21179,08-09-2023 08:24,BRG103,Beras 5kg,Pembeli Fiktif 116,7,68000
STR/21180,16-09-2023 08:19,BRG106,Sabun Cuci,Pembeli Fiktif 116,8,4500
STR/21180,16-09-2023 08:19,BRG105,Teh Celup,Pembeli Fiktif 116,1,7000
STR/21180,16-09-2023 08:19,BRG104,Kopi Bubuk,Pembeli Fiktif 116,8,9500
STR/21181,21-09-2023 13:06,BRG104,Kopi Bubuk,Pembeli Fiktif 116,3,9500
STR/21182,23-09-2023 19:12,BRG104,Kopi Bubuk,Pembeli Fiktif 116,5,9500
STR/21182,23-09-2023 19:12,BRG102,Minyak 2L,Pembeli Fiktif 116,9,32000
STR/21182,23-09-2023 19:12,BRG106,Sabun Cuci,Pembeli Fiktif 116,1,4500
STR/21183,28-09-2023 09:26,BRG102,Minyak 2L,Pembeli Fiktif 116,10,32000
STR/21183,28-09-2023 09:26,BRG106,Sabun Cuci,Pembeli Fiktif 116,10,4500
STR/21184,02-10-2023 15:36,BRG104,Kopi Bubuk,Pembeli Fiktif 116,9,9500
STR/21185,13-10-2023 15:26,BRG103,Beras 5kg,Pembeli Fiktif 116,12,68000
STR/21185,13-10-2023 15:26,BRG101,Gula 1kg,Pembeli Fiktif 116,2,14500
STR/21186,14-10-2023 20:31,BRG101,Gula 1kg,Pembeli Fiktif 116,3,14500
STR/21187,15-10-2023 11:52,BRG104,Kopi Bubuk,Pembeli Fiktif 116,2,9500
STR/21188,19-10-2023 11:39,BRG104,Kopi Bubuk,Pembeli Fiktif 116,7,9500
STR/21188,19-10-2023 11:39,BRG105,Teh Celup,Pembeli Fiktif 116,9,7000
STR/21188,19-10-2023 11:39,BRG102,Minyak 2L,Pembeli Fiktif 116,2,32000
STR/21189,06-11-2023 15:50,BRG101,Gula 1kg,Pembeli Fiktif 116,12,14500
STR/21190,09-12-2023 13:21,BRG101,Gula 1kg,Pembeli Fiktif 116,6,14500
STR/21190,09-12-2023 13:21,BRG102,Minyak 2L,Pembeli Fiktif 116,12,32000
STR/21191,14-12-2023 10:13,BRG106,Sabun Cuci,Pembeli Fiktif 116,6,4500
STR/21191,14-12-2023 10:13,BRG104,Kopi Bubuk,Pembeli Fiktif 116,8,9500
STR/21191,14-12-2023 10:13,BRG101,Gula 1kg,Pembeli Fiktif 116,1,14500
STR/21192,19-12-2023 16:37,BRG101,Gula 1kg,Pembeli Fiktif 116,12,14500
STR/21192,19-12-2023 16:37,BRG105,Teh Celup,Pembeli Fiktif 116,8,7000
STR/21192,19-12-2023 16:37,BRG103,Beras 5kg,Pembeli Fiktif 116,3,68000
STR/21193,04-01-2024 20:28,BRG105,Teh Celup,Pembeli Fiktif 116,12,7000
STR/21194,16-01-2024 19:52,BRG105,Teh Celup,Pembeli Fiktif 116,6,7000
STR/21194,16-01-2024 19:52,BRG106,Sabun Cuci,Pembeli Fiktif 116,8,4500
STR/21194,16-01-2024 19:52,BRG102,Minyak 2L,Pembeli Fiktif 116,9,32000
STR/21195,29-02-2024 09:18,BRG104,Kopi Bubuk,Pembeli Fiktif 116,12,9500
STR/21195,29-02-2024 09:18,BRG101,Gula 1kg,Pembeli Fiktif 116,11,14500
STR/21195,29-02-2024 09:18,BRG106,Sabun Cuci,Pembeli Fiktif 116,3,4500
STR/21196,22-03-2023 18:17,BRG106,Sabun Cuci,Pembeli Fiktif 117,6,4500
STR/21197,19-08-2023 17:06,BRG104,Kopi Bubuk,Pembeli Fiktif 117,12,9500
STR/21198,24-08-2023 16:21,BRG103,Beras 5kg,Pembeli Fiktif 117,7,68000
STR/21198,24-08-2023 16:21,BRG102,Minyak 2L,Pembeli Fiktif 117,6,32000
STR/21199,19-11-2023 14:02,BRG101,Gula 1kg,Pembeli Fiktif 117,10,14500
STR/21199,19-11-2023 14:02,BRG106,Sabun Cuci,Pembeli Fiktif 117,2,4500
STR/21200,01-04-2024 18:20,BRG103,Beras 5kg,Pembeli Fiktif 117,8,68000
STR/21201,12-04-2024 15:24,BRG103,Beras 5kg,Pembeli Fiktif 117,12,68000
STR/21201,12-04-2024 15:24,BRG105,Teh Celup,Pembeli Fiktif 117,6,7000
STR/21201,12-04-2024 15:24,BRG104,Kopi Bubuk,Pembeli Fiktif 117,1,9500
STR/21202,09-01-2024 09:13,BRG105,Teh Celup,Pembeli Fiktif 118,12,7000
STR/21202,09-01-2024 09:13,BRG102,Minyak 2L,Pembeli Fiktif 118,3,32000
STR/21202,09-01-2024 09:13,BRG101,Gula 1kg,Pembeli Fiktif 118,1,14500
STR/21203,10-01-2024 09:41,BRG106,Sabun Cuci,Pembeli Fiktif 118,8,4500
STR/21203,10-01-2024 09:41,BRG102,Minyak 2L,Pembeli Fiktif 118,3,32000
STR/21204,31-01-2024 17:24,BRG102,Minyak 2L,Pembeli Fiktif 118,2,32000
STR/21204,31-01-2024 17:24,BRG106,Sabun Cuci,Pembeli Fiktif 118,3,4500
STR/21204,31-01-2024 17:24,BRG103,Beras 5kg,Pembeli Fiktif 118,10,68000
STR/21205,14-02-2024 13:16,BRG102,Minyak 2L,Pembeli Fiktif 118,5,32000
STR/21205,14-02-2024 13:16,BRG106,Sabun Cuci,Pembeli Fiktif 118,9,4500
STR/21205,14-02-2024 13:16,BRG101,Gula 1kg,Pembeli Fiktif 118,4,14500
STR/21206,03-03-2024 15:31,BRG104,Kopi Bubuk,Pembeli Fiktif 118,6,9500
STR/21206,03-03-2024 15:31,BRG103,Beras 5kg,Pembeli Fiktif 118,7,68000
STR/21207,10-04-2024 18:28,BRG106,Sabun Cuci,Pembeli Fiktif 118,10,4500
STR/21207,10-04-2024 18:28,BRG104,Kopi Bubuk,Pembeli Fiktif 118,9,9500
STR/21208,30-04-2024 11:33,BRG104,Kopi Bubuk,Pembeli Fiktif 118,11,9500
STR/21209,27-06-2024 19:36,BRG103,Beras 5kg,Pembeli Fiktif 118,6,68000
STR/21209,27-06-2024 19:36,BRG105,Teh Celup,Pembeli Fiktif 118,2,7000
STR/21210,03-08-2024 11:06,BRG104,Kopi Bubuk,Pembeli Fiktif 118,1,9500
STR/21211,11-08-2024 13:49,BRG103,Beras 5kg,Pembeli Fiktif 118,3,68000
STR/21212,16-08-2024 11:44,BRG104,Kopi Bubuk,Pembeli Fiktif 118,4,9500
STR/21213,26-08-2024 17:05,BRG103,Beras 5kg,Pembeli Fiktif 118,12,68000
STR/21213,26-08-2024 17:05,BRG102,Minyak 2L,Pembeli Fiktif 118,9,32000
STR/21214,02-09-2024 09:35,BRG104,Kopi Bubuk,Pembeli Fiktif 118,2,9500
STR/21215,21-09-2024 12:20,BRG101,Gula 1kg,Pembeli Fiktif 118,10,14500
STR/21216,04-10-2024 11:33,BRG106,Sabun Cuci,Pembeli Fiktif 118,9,4500
STR/21216,04-10-2024 11:33,BRG105,Teh Celup,Pembeli Fiktif 118,8,7000
STR/21216,04-10-2024 11:33,BRG103,Beras 5kg,Pembeli Fiktif 118,1,68000
STR/21217,03-04-2024 17:22,BRG101,Gula 1kg,Pembeli Fiktif 119,2,14500
STR/21217,03-04-2024 17:22,BRG105,Teh Celup,Pembeli Fiktif 119,6,7000
STR/21217,03-04-2024 17:22,BRG106,Sabun Cuci,Pembeli Fiktif 119,7,4500
STR/21218,08-04-2024 08:55,BRG101,Gula 1kg,Pembeli Fiktif 119,11,14500
STR/21218,08-04-2024 08:55,BRG102,Minyak 2L,Pembeli Fiktif 119,8,32000
STR/21219,19-05-2024 16:22,BRG101,Gula 1kg,Pembeli Fiktif 119,9,14500
STR/21219,19-05-2024 16:22,BRG104,Kopi Bubuk,Pembeli Fiktif 119,12,9500
STR/21219,19-05-2024 16:22,BRG102,Minyak 2L,Pembeli Fiktif 119,12,32000
STR/21220,27-05-2024 16:44,BRG103,Beras 5kg,Pembeli Fiktif 119,9,68000
STR/21221,06-06-2024 17:26,BRG104,Kopi Bubuk,Pembeli Fiktif 119,5,9500
STR/21222,30-07-2024 14:39,BRG106,Sabun Cuci,Pembeli Fiktif 119,4,4500
STR/21222,30-07-2024 14:39,BRG104,Kopi Bubuk,Pembeli Fiktif 119,1,9500
STR/21223,06-08-2024 16:24,BRG106,Sabun Cuci,Pembeli Fiktif 119,1,4500
STR/21223,06-08-2024 16:24,BRG104,Kopi Bubuk,Pembeli Fiktif 119,7,9500
STR/21223,06-08-2024 16:24,BRG103,Beras 5kg,Pembeli Fiktif 119,8,68000
STR/21224,18-08-2024 09:39,BRG103,Beras 5kg,Pembeli Fiktif 119,2,68000
STR/21224,18-08-2024 09:39,BRG104,Kopi Bubuk,Pembeli Fiktif 119,7,9500
STR/21225,25-09-2024 15:11,BRG102,Minyak 2L,Pembeli Fiktif 119,12,32000
STR/21225,25-09-2024 15:11,BRG103,Beras 5kg,Pembeli Fiktif 119,3,68000
STR/21226,30-10-2024 17:03,BRG103,Beras 5kg,Pembeli Fiktif 119,4,68000
STR/21227,18-12-2024 11:13,BRG103,Beras 5kg,Pembeli Fiktif 119,7,68000
STR/21228,24-12-2024 10:18,BRG105,Teh Celup,Pembeli Fiktif 119,7,7000
STR/21228,24-12-2024 10:18,BRG104,Kopi Bubuk,Pembeli Fiktif 119,6,9500
STR/21228,24-12-2024 10:18,BRG103,Beras 5kg,Pembeli Fiktif 119,4,68000
STR/21229,31-12-2024 11:53,BRG106,Sabun Cuci,Pembeli Fiktif 119,11,4500
STR/21229,31-12-2024 11:53,BRG105,Teh Celup,Pembeli Fiktif 119,8,7000
STR/21229,31-12-2024 11:53,BRG103,Beras 5kg,Pembeli Fiktif 119,11,68000
STR/21230,14-09-2023 14:26,BRG105,Teh Celup,Pembeli Fiktif 120,8,7000
STR/21231,30-09-2023 08:37,BRG104,Kopi Bubuk,Pembeli Fiktif 120,2,9500
STR/21231,30-09-2023 08:37,BRG101,Gula 1kg,Pembeli Fiktif 120,7,14500
STR/21231,30-09-2023 08:37,BRG103,Beras 5kg,Pembeli Fiktif 120,5,68000
STR/21232,04-10-2023 19:57,BRG102,Minyak 2L,Pembeli Fiktif 120,3,32000
STR/21232,04-10-2023 19:57,BRG103,Beras 5kg,Pembeli Fiktif 120,2,68000
STR/21232,04-10-2023 19:57,BRG106,Sabun Cuci,Pembeli Fiktif 120,2,4500
STR/21233,12-11-2023 16:29,BRG101,Gula 1kg,Pembeli Fiktif 120,7,14500
STR/21234,26-11-2023 17:53,BRG106,Sabun Cuci,Pembeli Fiktif 120,8,4500
STR/21234,26-11-2023 17:53,BRG104,Kopi Bubuk,Pembeli Fiktif 120,6,9500
STR/21235,27-11-2023 19:02,BRG104,Kopi Bubuk,Pembeli Fiktif 120,8,9500
STR/21236,25-12-2023 15:35,BRG101,Gula 1kg,Pembeli Fiktif 120,2,14500
STR/21236,25-12-2023 15:35,BRG106,Sabun Cuci,Pembeli Fiktif 120,4,4500
STR/21237,12-01-2024 18:01,BRG105,Teh Celup,Pembeli Fiktif 120,1,7000
STR/21237,12-01-2024 18:01,BRG102,Minyak 2L,Pembeli Fiktif 120,9,32000
STR/21237,12-01-2024 18:01,BRG103,Beras 5kg,Pembeli Fiktif 120,8,68000
STR/21238,06-02-2024 15:36,BRG105,Teh Celup,Pembeli Fiktif 120,4,7000
STR/21238,06-02-2024 15:36,BRG101,Gula 1kg,Pembeli Fiktif 120,1,14500
STR/21238,06-02-2024 15:36,BRG103,Beras 5kg,Pembeli Fiktif 120,8,68000
STR/21239,07-02-2024 18:01,BRG102,Minyak 2L,Pembeli Fiktif 120,2,32000
STR/21239,07-02-2024 18:01,BRG101,Gula 1kg,Pembeli Fiktif 120,5,14500
STR/21239,07-02-2024 18:01,BRG105,Teh Celup,Pembeli Fiktif 120,7,7000
STR/21240,20-02-2024 08:50,BRG101,Gula 1kg,Pembeli Fiktif 120,5,14500
STR/21240,20-02-2024 08:50,BRG102,Minyak 2L,Pembeli Fiktif 120,1,32000
STR/21240,20-02-2024 08:50,BRG105,Teh Celup,Pembeli Fiktif 120,2,7000
STR/21241,10-03-2024 18:43,BRG101,Gula 1kg,Pembeli Fiktif 120,4,14500
STR/21242,20-03-2024 13:33,BRG102,Minyak 2L,Pembeli Fiktif 120,11,32000
STR/21242,20-03-2024 13:33,BRG101,Gula 1kg,Pembeli Fiktif 120,8,14500
STR/21243,21-03-2024 14:12,BRG105,Teh Celup,Pembeli Fiktif 120,5,7000
STR/21244,16-04-2024 11:59,BRG104,Kopi Bubuk,Pembeli Fiktif 120,9,9500
STR/21245,23-04-2024 13:12,BRG103,Beras 5kg,Pembeli Fiktif 120,1,68000
STR/21246,22-05-2024 14:10,BRG103,Beras 5kg,Pembeli Fiktif 120,9,68000
STR/21246,22-05-2024 14:10,BRG102,Minyak 2L,Pembeli Fiktif 120,6,32000
STR/21247,20-06-2024 12:49,BRG104,Kopi Bubuk,Pembeli Fiktif 120,8,9500
STR/21247,20-06-2024 12:49,BRG103,Beras 5kg,Pembeli Fiktif 120,5,68000
STR/21247,20-06-2024 12:49,BRG102,Minyak 2L,Pembeli Fiktif 120,3,32000
STR/21248,27-06-2024 20:22,BRG104,Kopi Bubuk,Pembeli Fiktif 120,5,9500
STR/21248,27-06-2024 20:22,BRG101,Gula 1kg,Pembeli Fiktif 120,10,14500
STR/21248,27-06-2024 20:22,BRG105,Teh Celup,Pembeli Fiktif 120,6,7000
STR/21249,08-07-2024 14:39,BRG105,Teh Celup,Pembeli Fiktif 120,3,7000
STR/21249,08-07-2024 14:39,BRG101,Gula 1kg,Pembeli Fiktif 120,4,14500
STR/21250,19-08-2024 18:13,BRG105,Teh Celup,Pembeli Fiktif 120,1,7000
STR/21250,19-08-2024 18:13,BRG102,Minyak 2L,Pembeli Fiktif 120,6,32000
STR/21251,07-09-2024 20:26,BRG102,Minyak 2L,Pembeli Fiktif 120,8,32000
STR/21252,25-09-2024 15:55,BRG104,Kopi Bubuk,Pembeli Fiktif 120,1,9500
STR/21252,25-09-2024 15:55,BRG103,Beras 5kg,Pembeli Fiktif 120,5,68000
STR/21253,28-09-2024 12:23,BRG101,Gula 1kg,Pembeli Fiktif 120,7,14500
STR/21254,10-10-2024 17:09,BRG104,Kopi Bubuk,Pembeli Fiktif 120,11,9500
STR/21255,11-11-2024 08:08,BRG104,Kopi Bubuk,Pembeli Fiktif 120,6,9500
STR/21255,11-11-2024 08:08,BRG103,Beras 5kg,Pembeli Fiktif 120,2,68000
STR/21255,11-11-2024 08:08,BRG102,Minyak 2L,Pembeli Fiktif 120,11,32000
STR/21256,14-11-2024 17:29,BRG103,Beras 5kg,Pembeli Fiktif 120,2,68000
STR/21256,14-11-2024 17:29,BRG101,Gula 1kg,Pembeli Fiktif 120,5,14500
STR/21256,14-11-2024 17:29,BRG105,Teh Celup,Pembeli Fiktif 120,11,7000
STR/21257,19-11-2024 08:06,BRG106,Sabun Cuci,Pembeli Fiktif 120,7,4500
STR/21257,19-11-2024 08:06,BRG102,Minyak 2L,Pembeli Fiktif 120,1,32000
STR/21257,19-11-2024 08:06,BRG105,Teh Celup,Pembeli Fiktif 120,1,7000
STR/21258,01-12-2024 13:55,BRG105,Teh Celup,Pembeli Fiktif 120,12,7000
STR/21259,11-12-2024 11:35,BRG106,Sabun Cuci,Pembeli Fiktif 120,2,4500
STR/21260,13-12-2024 19:15,BRG102,Minyak 2L,Pembeli Fiktif 120,4,32000
STR/21261,18-09-2023 16:22,BRG101,Gula 1kg,Pembeli Fiktif 121,7,14500
STR/21261,18-09-2023 16:22,BRG106,Sabun Cuci,Pembeli Fiktif 121,11,4500
STR/21261,18-09-2023 16:22,BRG105,Teh Celup,Pembeli Fiktif 121,3,7000
STR/21262,20-10-2023 16:01,BRG102,Minyak 2L,Pembeli Fiktif 121,6,32000
STR/21262,20-10-2023 16:01,BRG105,Teh Celup,Pembeli Fiktif 121,9,7000
STR/21262,20-10-2023 16:01,BRG106,Sabun Cuci,Pembeli Fiktif 121,3,4500
STR/21263,04-12-2023 16:30,BRG105,Teh Celup,Pembeli Fiktif 121,10,7000
STR/21264,18-12-2023 17:35,BRG106,Sabun Cuci,Pembeli Fiktif 121,9,4500
STR/21265,21-12-2023 10:04,BRG103,Beras 5kg,Pembeli Fiktif 121,12,68000
STR/21265,21-12-2023 10:04,BRG104,Kopi Bubuk,Pembeli Fiktif 121,9,9500
STR/21265,21-12-2023 10:04,BRG102,Minyak 2L,Pembeli Fiktif 121,7,32000
STR/21266,08-01-2024 08:08,BRG101,Gula 1kg,Pembeli Fiktif 121,7,14500
STR/21267,11-01-2024 20:07,BRG101,Gula 1kg,Pembeli Fiktif 121,7,14500
STR/21268,19-01-2024 14:59,BRG104,Kopi Bubuk,Pembeli Fiktif 121,3,9500
STR/21268,19-01-2024 14:59,BRG106,Sabun Cuci,Pembeli Fiktif 121,7,4500
STR/21268,19-01-2024 14:59,BRG103,Beras 5kg,Pembeli Fiktif 121,12,68000
STR/21269,24-01-2024 16:42,BRG101,Gula 1kg,Pembeli Fiktif 121,1,14500
STR/21269,24-01-2024 16:42,BRG106,Sabun Cuci,Pembeli Fiktif 121,10,4500
STR/21269,24-01-2024 16:42,BRG104,Kopi Bubuk,Pembeli Fiktif 121,10,9500
STR/21270,26-01-2024 12:44,BRG106,Sabun Cuci,Pembeli Fiktif 121,11,4500
STR/21271,01-02-2024 19:02,BRG106,Sabun Cuci,Pembeli Fiktif 121,10,4500
STR/21271,01-02-2024 19:02,BRG102,Minyak 2L,Pembeli Fiktif 121,1,32000
STR/21271,01-02-2024 19:02,BRG105,Teh Celup,Pembeli Fiktif 121,5,7000
STR/21272,03-02-2024 08:43,BRG105,Teh Celup,Pembeli Fiktif 121,1,7000
STR/21273,04-02-2024 13:43,BRG104,Kopi Bubuk,Pembeli Fiktif 121,4,9500
STR/21273,04-02-2024 13:43,BRG105,Teh Celup,Pembeli Fiktif 121,11,7000
STR/21273,04-02-2024 13:43,BRG103,Beras 5kg,Pembeli Fiktif 121,11,68000
STR/21274,05-02-2024 16:23,BRG106,Sabun Cuci,Pembeli Fiktif 121,5,4500
STR/21274,05-02-2024 16:23,BRG103,Beras 5kg,Pembeli Fiktif 121,12,68000
STR/21275,13-02-2024 14:01,BRG101,Gula 1kg,Pembeli Fiktif 121,3,14500
STR/21275,13-02-2024 14:01,BRG102,Minyak 2L,Pembeli Fiktif 121,10,32000
STR/21276,19-02-2024 20:04,BRG106,Sabun Cuci,Pembeli Fiktif 121,5,4500
STR/21276,19-02-2024 20:04,BRG102,Minyak 2L,Pembeli Fiktif 121,9,32000
STR/21277,22-02-2024 08:06,BRG103,Beras 5kg,Pembeli Fiktif 121,9,68000
STR/21278,19-03-2024 17:31,BRG103,Beras 5kg,Pembeli Fiktif 121,1,68000
STR/21279,20-03-2024 19:27,BRG104,Kopi Bubuk,Pembeli Fiktif 121,6,9500
STR/21279,20-03-2024 19:27,BRG105,Teh Celup,Pembeli Fiktif 121,8,7000
STR/21279,20-03-2024 19:27,BRG106,Sabun Cuci,Pembeli Fiktif 121,12,4500
STR/21280,15-04-2024 09:02,BRG105,Teh Celup,Pembeli Fiktif 121,5,7000
STR/21281,27-06-2024 16:20,BRG103,Beras 5kg,Pembeli Fiktif 122,7,68000
STR/21282,03-07-2023 08:44,BRG101,Gula 1kg,Pembeli Fiktif 123,10,14500
STR/21282,03-07-2023 08:44,BRG104,Kopi Bubuk,Pembeli Fiktif 123,6,9500
STR/21282,03-07-2023 08:44,BRG103,Beras 5kg,Pembeli Fiktif 123,4,68000
STR/21283,07-07-2023 16:07,BRG104,Kopi Bubuk,Pembeli Fiktif 123,11,9500
STR/21283,07-07-2023 16:07,BRG101,Gula 1kg,Pembeli Fiktif 123,3,14500
STR/21283,07-07-2023 16:07,BRG103,Beras 5kg,Pembeli Fiktif 123,12,68000
STR/21284,15-07-2023 12:29,BRG101,Gula 1kg,Pembeli Fiktif 123,9,14500
STR/21285,16-07-2023 18:48,BRG106,Sabun Cuci,Pembeli Fiktif 123,2,4500
STR/21285,16-07-2023 18:48,BRG101,Gula 1kg,Pembeli Fiktif 123,8,14500
STR/21285,16-07-2023 18:48,BRG102,Minyak 2L,Pembeli Fiktif 123,2,32000
STR/21286,19-07-2023 11:06,BRG103,Beras 5kg,Pembeli Fiktif 123,12,68000
STR/21286,19-07-2023 11:06,BRG106,Sabun Cuci,Pembeli Fiktif 123,7,4500
STR/21287,26-08-2023 12:51,BRG103,Beras 5kg,Pembeli Fiktif 123,7,68000
STR/21288,03-09-2023 08:21,BRG106,Sabun Cuci,Pembeli Fiktif 123,10,4500
STR/21288,03-09-2023 08:21,BRG105,Teh Celup,Pembeli Fiktif 123,4,7000
STR/21289,15-09-2023 17:33,BRG106,Sabun Cuci,Pembeli Fiktif 123,1,4500
STR/21289,15-09-2023 17:33,BRG105,Teh Celup,Pembeli Fiktif 123,12,7000
STR/21290,23-09-2023 08:31,BRG101,Gula 1kg,Pembeli Fiktif 123,1,14500
STR/21290,23-09-2023 08:31,BRG102,Minyak 2L,Pembeli Fiktif 123,6,32000
STR/21290,23-09-2023 08:31,BRG104,Kopi Bubuk,Pembeli Fiktif 123,7,9500
STR/21291,25-09-2023 16:42,BRG105,Teh Celup,Pembeli Fiktif 123,4,7000
STR/21291,25-09-2023 16:42,BRG104,Kopi Bubuk,Pembeli Fiktif 123,11,9500
STR/21291,25-09-2023 16:42,BRG103,Beras 5kg,Pembeli Fiktif 123,12,68000
STR/21292,03-10-2023 12:29,BRG105,Teh Celup,Pembeli Fiktif 123,8,7000
STR/21292,03-10-2023 12:29,BRG103,Beras 5kg,Pembeli Fiktif 123,3,68000
STR/21292,03-10-2023 12:29,BRG101,Gula 1kg,Pembeli Fiktif 123,6,14500
STR/21293,05-10-2023 20:13,BRG104,Kopi Bubuk,Pembeli Fiktif 123,12,9500
STR/21294,20-10-2023 09:44,BRG106,Sabun Cuci,Pembeli Fiktif 123,8,4500
STR/21295,11-12-2023 16:17,BRG104,Kopi Bubuk,Pembeli Fiktif 123,2,9500
STR/21296,16-12-2023 10:31,BRG102,Minyak 2L,Pembeli Fiktif 123,10,32000
STR/21296,16-12-2023 10:31,BRG106,Sabun Cuci,Pembeli Fiktif 123,7,4500
STR/21296,16-12-2023 10:31,BRG101,Gula 1kg,Pembeli Fiktif 123,10,14500
STR/21297,19-12-2023 08:34,BRG101,Gula 1kg,Pembeli Fiktif 123,4,14500
STR/21297,19-12-2023 08:34,BRG106,Sabun Cuci,Pembeli Fiktif 123,8,4500
STR/21298,31-12-2023 19:18,BRG102,Minyak 2L,Pembeli Fiktif 123,8,32000
STR/21299,31-01-2024 19:28,BRG105,Teh Celup,Pembeli Fiktif 123,8,7000
STR/21299,31-01-2024 19:28,BRG101,Gula 1kg,Pembeli Fiktif 123,11,14500
STR/21300,06-02-2024 20:55,BRG104,Kopi Bubuk,Pembeli Fiktif 123,12,9500
STR/21300,06-02-2024 20:55,BRG102,Minyak 2L,Pembeli Fiktif 123,11,32000
STR/21300,06-02-2024 20:55,BRG105,Teh Celup,Pembeli Fiktif 123,8,7000
STR/21301,07-03-2024 10:26,BRG103,Beras 5kg,Pembeli Fiktif 123,8,68000
STR/21302,08-03-2024 18:27,BRG103,Beras 5kg,Pembeli Fiktif 123,4,68000
STR/21302,08-03-2024 18:27,BRG102,Minyak 2L,Pembeli Fiktif 123,5,32000
STR/21302,08-03-2024 18:27,BRG105,Teh Celup,Pembeli Fiktif 123,8,7000
STR/21303,11-05-2024 14:22,BRG106,Sabun Cuci,Pembeli Fiktif 123,3,4500
STR/21303,11-05-2024 14:22,BRG103,Beras 5kg,Pembeli Fiktif 123,7,68000
STR/21303,11-05-2024 14:22,BRG104,Kopi Bubuk,Pembeli Fiktif 123,11,9500
STR/21304,19-05-2024 11:01,BRG105,Teh Celup,Pembeli Fiktif 123,4,7000
STR/21304,19-05-2024 11:01,BRG104,Kopi Bubuk,Pembeli Fiktif 123,9,9500
STR/21304,19-05-2024 11:01,BRG103,Beras 5kg,Pembeli Fiktif 123,1,68000
STR/21305,02-06-2024 13:07,BRG103,Beras 5kg,Pembeli Fiktif 123,3,68000
STR/21305,02-06-2024 13:07,BRG106,Sabun Cuci,Pembeli Fiktif 123,4,4500
STR/21306,21-06-2024 10:17,BRG101,Gula 1kg,Pembeli Fiktif 123,2,14500
STR/21307,27-06-2024 16:00,BRG104,Kopi Bubuk,Pembeli Fiktif 123,4,9500
STR/21308,08-07-2024 15:31,BRG106,Sabun Cuci,Pembeli Fiktif 123,7,4500
STR/21308,08-07-2024 15:31,BRG104,Kopi Bubuk,Pembeli Fiktif 123,8,9500
STR/21309,25-07-2024 10:14,BRG105,Teh Celup,Pembeli Fiktif 123,7,7000
STR/21309,25-07-2024 10:14,BRG104,Kopi Bubuk,Pembeli Fiktif 123,8,9500
STR/21310,05-08-2024 18:11,BRG106,Sabun Cuci,Pembeli Fiktif 123,1,4500
STR/21311,20-08-2024 15:20,BRG102,Minyak 2L,Pembeli Fiktif 123,1,32000
STR/21311,20-08-2024 15:20,BRG106,Sabun Cuci,Pembeli Fiktif 123,6,4500
STR/21311,20-08-2024 15:20,BRG103,Beras 5kg,Pembeli Fiktif 123,2,68000
STR/21312,27-08-2024 16:32,BRG105,Teh Celup,Pembeli Fiktif 123,3,7000
STR/21313,06-09-2024 09:44,BRG104,Kopi Bubuk,Pembeli Fiktif 123,6,9500
STR/21313,06-09-2024 09:44,BRG106,Sabun Cuci,Pembeli Fiktif 123,8,4500
STR/21314,10-09-2024 18:26,BRG101,Gula 1kg,Pembeli Fiktif 123,6,14500
STR/21314,10-09-2024 18:26,BRG106,Sabun Cuci,Pembeli Fiktif 123,5,4500
STR/21315,13-09-2024 12:44,BRG106,Sabun Cuci,Pembeli Fiktif 123,4,4500
STR/21315,13-09-2024 12:44,BRG103,Beras 5kg,Pembeli Fiktif 123,10,68000
STR/21315,13-09-2024 12:44,BRG105,Teh Celup,Pembeli Fiktif 123,10,7000
STR/21316,23-10-2024 14:19,BRG101,Gula 1kg,Pembeli Fiktif 123,1,14500
STR/21317,17-11-2024 10:01,BRG101,Gula 1kg,Pembeli Fiktif 123,7,14500
STR/21318,28-12-2024 20:50,BRG103,Beras 5kg,Pembeli Fiktif 123,6,68000
STR/21318,28-12-2024 20:50,BRG105,Teh Celup,Pembeli Fiktif 123,9,7000
STR/21318,28-12-2024 20:50,BRG101,Gula 1kg,Pembeli Fiktif 123,2,14500
STR/21319,29-12-2024 14:43,BRG103,Beras 5kg,Pembeli Fiktif 123,1,68000
STR/21319,29-12-2024 14:43,BRG105,Teh Celup,Pembeli Fiktif 123,4,7000
STR/21320,09-02-2023 18:13,BRG102,Minyak 2L,Pembeli Fiktif 124,8,32000
STR/21320,09-02-2023 18:13,BRG105,Teh Celup,Pembeli Fiktif 124,10,7000
STR/21320,09-02-2023 18:13,BRG104,Kopi Bubuk,Pembeli Fiktif 124,5,9500
STR/21321,13-02-2023 15:56,BRG102,Minyak 2L,Pembeli Fiktif 124,8,32000
STR/21321,13-02-2023 15:56,BRG106,Sabun Cuci,Pembeli Fiktif 124,6,4500
STR/21321,13-02-2023 15:56,BRG104,Kopi Bubuk,Pembeli Fiktif 124,10,9500
STR/21322,20-06-2023 08:39,BRG104,Kopi Bubuk,Pembeli Fiktif 124,12,9500
STR/21322,20-06-2023 08:39,BRG101,Gula 1kg,Pembeli Fiktif 124,12,14500
STR/21323,02-05-2024 17:02,BRG104,Kopi Bubuk,Pembeli Fiktif 124,2,9500
STR/21323,02-05-2024 17:02,BRG103,Beras 5kg,Pembeli Fiktif 124,12,68000
STR/21323,02-05-2024 17:02,BRG106,Sabun Cuci,Pembeli Fiktif 124,2,4500
STR/21324,17-09-2024 12:43,BRG105,Teh Celup,Pembeli Fiktif 124,7,7000
STR/21324,17-09-2024 12:43,BRG104,Kopi Bubuk,Pembeli Fiktif 124,6,9500
STR/21324,17-09-2024 12:43,BRG101,Gula 1kg,Pembeli Fiktif 124,10,14500
STR/21325,15-10-2024 15:47,BRG101,Gula 1kg,Pembeli Fiktif 124,6,14500
STR/21325,15-10-2024 15:47,BRG103,Beras 5kg,Pembeli Fiktif 124,7,68000
STR/21326,24-11-2024 15:16,BRG102,Minyak 2L,Pembeli Fiktif 124,12,32000
STR/21326,24-11-2024 15:16,BRG105,Teh Celup,Pembeli Fiktif 124,5,7000
STR/21326,24-11-2024 15:16,BRG106,Sabun Cuci,Pembeli Fiktif 124,4,4500
STR/21327,22-12-2024 18:12,BRG102,Minyak 2L,Pembeli Fiktif 124,4,32000
STR/21327,22-12-2024 18:12,BRG101,Gula 1kg,Pembeli Fiktif 124,8,14500
STR/21327,22-12-2024 18:12,BRG104,Kopi Bubuk,Pembeli Fiktif 124,12,9500
STR/21328,14-05-2024 10:54,BRG103,Beras 5kg,Pembeli Fiktif 125,7,68000
STR/21328,14-05-2024 10:54,BRG104,Kopi Bubuk,Pembeli Fiktif 125,6,9500
STR/21328,14-05-2024 10:54,BRG106,Sabun Cuci,Pembeli Fiktif 125,10,4500
STR/21329,02-08-2024 20:36,BRG104,Kopi Bubuk,Pembeli Fiktif 126,4,9500
STR/21329,02-08-2024 20:36,BRG103,Beras 5kg,Pembeli Fiktif 126,10,68000
STR/21330,23-11-2024 13:14,BRG105,Teh Celup,Pembeli Fiktif 126,11,7000
STR/21331,01-04-2024 17:20,BRG101,Gula 1kg,Pembeli Fiktif 127,6,14500
STR/21331,01-04-2024 17:20,BRG104,Kopi Bubuk,Pembeli Fiktif 127,5,9500
STR/21331,01-04-2024 17:20,BRG103,Beras 5kg,Pembeli Fiktif 127,2,68000
STR/21332,09-10-2024 16:11,BRG101,Gula 1kg,Pembeli Fiktif 128,1,14500
STR/21332,09-10-2024 16:11,BRG105,Teh Celup,Pembeli Fiktif 128,2,7000
STR/21332,09-10-2024 16:11,BRG102,Minyak 2L,Pembeli Fiktif 128,12,32000
STR/21333,11-05-2023 15:20,BRG106,Sabun Cuci,Pembeli Fiktif 129,9,4500
STR/21333,11-05-2023 15:20,BRG104,Kopi Bubuk,Pembeli Fiktif 129,3,9500
STR/21334,14-07-2023 15:10,BRG106,Sabun Cuci,Pembeli Fiktif 129,5,4500
STR/21335,16-07-2023 15:57,BRG103,Beras 5kg,Pembeli Fiktif 129,2,68000
STR/21336,20-07-2023 19:11,BRG103,Beras 5kg,Pembeli Fiktif 129,11,68000
STR/21336,20-07-2023 19:11,BRG104,Kopi Bubuk,Pembeli Fiktif 129,7,9500
STR/21337,10-08-2023 11:35,BRG104,Kopi Bubuk,Pembeli Fiktif 129,12,9500
STR/21338,31-08-2023 11:24,BRG105,Teh Celup,Pembeli Fiktif 129,5,7000
STR/21339,08-10-2023 20:50,BRG106,Sabun Cuci,Pembeli Fiktif 129,2,4500
STR/21339,08-10-2023 20:50,BRG101,Gula 1kg,Pembeli Fiktif 129,9,14500
STR/21339,08-10-2023 20:50,BRG105,Teh Celup,Pembeli Fiktif 129,10,7000
STR/21340,22-10-2023 19:58,BRG102,Minyak 2L,Pembeli Fiktif 129,3,32000
STR/21340,22-10-2023 19:58,BRG105,Teh Celup,Pembeli Fiktif 129,10,7000
STR/21340,22-10-2023 19:58,BRG104,Kopi Bubuk,Pembeli Fiktif 129,7,9500
STR/21341,07-11-2023 13:08,BRG101,Gula 1kg,Pembeli Fiktif 129,3,14500
STR/21341,07-11-2023 13:08,BRG103,Beras 5kg,Pembeli Fiktif 129,10,68000
STR/21341,07-11-2023 13:08,BRG105,Teh Celup,Pembeli Fiktif 129,5,7000
STR/21342,23-02-2024 12:11,BRG106,Sabun Cuci,Pembeli Fiktif 129,7,4500
STR/21343,07-03-2024 17:43,BRG106,Sabun Cuci,Pembeli Fiktif 129,7,4500
STR/21343,07-03-2024 17:43,BRG103,Beras 5kg,Pembeli Fiktif 129,12,68000
STR/21344,29-03-2024 19:57,BRG101,Gula 1kg,Pembeli Fiktif 129,2,14500
STR/21344,29-03-2024 19:57,BRG102,Minyak 2L,Pembeli Fiktif 129,10,32000
STR/21344,29-03-2024 19:57,BRG103,Beras 5kg,Pembeli Fiktif 129,6,68000
STR/21345,15-05-2024 20:19,BRG105,Teh Celup,Pembeli Fiktif 129,8,7000
STR/21345,15-05-2024 20:19,BRG106,Sabun Cuci,Pembeli Fiktif 129,11,4500
STR/21345,15-05-2024 20:19,BRG101,Gula 1kg,Pembeli Fiktif 129,6,14500
STR/21346,01-07-2024 11:13,BRG103,Beras 5kg,Pembeli Fiktif 129,4,68000
STR/21346,01-07-2024 11:13,BRG105,Teh Celup,Pembeli Fiktif 129,3,7000
STR/21346,01-07-2024 11:13,BRG102,Minyak 2L,Pembeli Fiktif 129,3,32000
STR/21347,16-07-2024 10:46,BRG101,Gula 1kg,Pembeli Fiktif 129,1,14500
STR/21347,16-07-2024 10:46,BRG106,Sabun Cuci,Pembeli Fiktif 129,10,4500
STR/21348,03-08-2024 14:35,BRG105,Teh Celup,Pembeli Fiktif 129,11,7000
STR/21348,03-08-2024 14:35,BRG102,Minyak 2L,Pembeli Fiktif 129,10,32000
STR/21348,03-08-2024 14:35,BRG101,Gula 1kg,Pembeli Fiktif 129,12,14500
STR/21349,13-08-2024 10:19,BRG104,Kopi Bubuk,Pembeli Fiktif 129,12,9500
STR/21349,13-08-2024 10:19,BRG103,Beras 5kg,Pembeli Fiktif 129,9,68000
STR/21349,13-08-2024 10:19,BRG101,Gula 1kg,Pembeli Fiktif 129,7,14500
STR/21350,25-08-2024 20:07,BRG104,Kopi Bubuk,Pembeli Fiktif 129,4,9500
STR/21350,25-08-2024 20:07,BRG103,Beras 5kg,Pembeli Fiktif 129,11,68000
STR/21350,25-08-2024 20:07,BRG101,Gula 1kg,Pembeli Fiktif 129,8,14500
STR/21351,27-10-2024 12:34,BRG103,Beras 5kg,Pembeli Fiktif 129,9,68000
STR/21352,14-11-2024 11:36,BRG106,Sabun Cuci,Pembeli Fiktif 129,11,4500
STR/21352,14-11-2024 11:36,BRG104,Kopi Bubuk,Pembeli Fiktif 129,7,9500
STR/21353,19-12-2024 20:38,BRG106,Sabun Cuci,Pembeli Fiktif 129,11,4500
STR/21353,19-12-2024 20:38,BRG104,Kopi Bubuk,Pembeli Fiktif 129,12,9500
STR/21353,19-12-2024 20:38,BRG101,Gula 1kg,Pembeli Fiktif 129,3,14500
STR/21354,21-12-2024 19:02,BRG101,Gula 1kg,Pembeli Fiktif 129,5,14500
STR/21354,21-12-2024 19:02,BRG103,Beras 5kg,Pembeli Fiktif 129,2,68000
STR/21354,21-12-2024 19:02,BRG106,Sabun Cuci,Pembeli Fiktif 129,5,4500
STR/21355,25-12-2024 20:14,BRG105,Teh Celup,Pembeli Fiktif 129,1,7000
STR/21356,31-12-2024 14:30,BRG104,Kopi Bubuk,Pembeli Fiktif 129,4,9500
STR/21356,31-12-2024 14:30,BRG106,Sabun Cuci,Pembeli Fiktif 129,7,4500
STR/21357,13-08-2023 18:18,BRG103,Beras 5kg,Pembeli Fiktif 130,12,68000
STR/21358,09-02-2024 13:27,BRG103,Beras 5kg,Pembeli Fiktif 131,7,68000
STR/21358,09-02-2024 13:27,BRG106,Sabun Cuci,Pembeli Fiktif 131,1,4500
STR/21358,09-02-2024 13:27,BRG105,Teh Celup,Pembeli Fiktif 131,9,7000
STR/21359,24-02-2024 08:54,BRG101,Gula 1kg,Pembeli Fiktif 131,6,14500
STR/21359,24-02-2024 08:54,BRG105,Teh Celup,Pembeli Fiktif 131,6,7000
STR/21359,24-02-2024 08:54,BRG104,Kopi Bubuk,Pembeli Fiktif 131,8,9500
STR/21360,04-04-2024 16:37,BRG102,Minyak 2L,Pembeli Fiktif 131,3,32000
STR/21360,04-04-2024 16:37,BRG104,Kopi Bubuk,Pembeli Fiktif 131,5,9500
STR/21360,04-04-2024 16:37,BRG103,Beras 5kg,Pembeli Fiktif 131,6,68000
STR/21361,01-05-2024 09:02,BRG103,Beras 5kg,Pembeli Fiktif 131,10,68000
STR/21361,01-05-2024 09:02,BRG106,Sabun Cuci,Pembeli Fiktif 131,11,4500
STR/21362,06-05-2024 10:34,BRG103,Beras 5kg,Pembeli Fiktif 131,8,68000
STR/21362,06-05-2024 10:34,BRG106,Sabun Cuci,Pembeli Fiktif 131,11,4500
STR/21363,14-05-2024 11:51,BRG103,Beras 5kg,Pembeli Fiktif 131,4,68000
STR/21363,14-05-2024 11:51,BRG104,Kopi Bubuk,Pembeli Fiktif 131,12,9500
STR/21363,14-05-2024 11:51,BRG106,Sabun Cuci,Pembeli Fiktif 131,9,4500
STR/21364,25-05-2024 16:33,BRG103,Beras 5kg,Pembeli Fiktif 131,5,68000
STR/21364,25-05-2024 16:33,BRG106,Sabun Cuci,Pembeli Fiktif 131,6,4500
STR/21365,03-06-2024 18:06,BRG101,Gula 1kg,Pembeli Fiktif 131,3,14500
STR/21366,03-04-2024 10:17,BRG102,Minyak 2L,Pembeli Fiktif 132,9,32000
STR/21367,18-06-2024 17:33,BRG104,Kopi Bubuk,Pembeli Fiktif 132,7,9500
STR/21367,18-06-2024 17:33,BRG101,Gula 1kg,Pembeli Fiktif 132,1,14500
STR/21368,17-04-2023 17:14,BRG105,Teh Celup,Pembeli Fiktif 133,1,7000
STR/21369,05-07-2023 15:45,BRG102,Minyak 2L,Pembeli Fiktif 133,1,32000
STR/21369,05-07-2023 15:45,BRG106,Sabun Cuci,Pembeli Fiktif 133,6,4500
STR/21369,05-07-2023 15:45,BRG105,Teh Celup,Pembeli Fiktif 133,2,7000
STR/21370,27-09-2023 15:56,BRG104,Kopi Bubuk,Pembeli Fiktif 133,8,9500
STR/21370,27-09-2023 15:56,BRG105,Teh Celup,Pembeli Fiktif 133,4,7000
STR/21371,29-01-2024 13:13,BRG104,Kopi Bubuk,Pembeli Fiktif 133,9,9500
STR/21372,13-02-2024 09:49,BRG101,Gula 1kg,Pembeli Fiktif 133,8,14500
STR/21373,02-03-2024 09:44,BRG103,Beras 5kg,Pembeli Fiktif 133,7,68000
STR/21373,02-03-2024 09:44,BRG105,Teh Celup,Pembeli Fiktif 133,12,7000
STR/21374,30-03-2024 09:18,BRG106,Sabun Cuci,Pembeli Fiktif 133,2,4500
STR/21374,30-03-2024 09:18,BRG103,Beras 5kg,Pembeli Fiktif 133,7,68000
STR/21374,30-03-2024 09:18,BRG105,Teh Celup,Pembeli Fiktif 133,9,7000
STR/21375,09-04-2024 14:13,BRG103,Beras 5kg,Pembeli Fiktif 133,10,68000
STR/21375,09-04-2024 14:13,BRG106,Sabun Cuci,Pembeli Fiktif 133,6,4500
STR/21376,01-10-2024 15:53,BRG103,Beras 5kg,Pembeli Fiktif 133,8,68000
STR/21376,01-10-2024 15:53,BRG102,Minyak 2L,Pembeli Fiktif 133,7,32000
STR/21377,31-07-2024 09:52,BRG106,Sabun Cuci,Pembeli Fiktif 134,10,4500
STR/21378,05-08-2024 09:34,BRG106,Sabun Cuci,Pembeli Fiktif 134,1,4500
STR/21378,05-08-2024 09:34,BRG103,Beras 5kg,Pembeli Fiktif 134,7,68000
STR/21378,05-08-2024 09:34,BRG104,Kopi Bubuk,Pembeli Fiktif 134,3,9500
STR/21379,29-08-2024 17:02,BRG106,Sabun Cuci,Pembeli Fiktif 134,10,4500
STR/21379,29-08-2024 17:02,BRG102,Minyak 2L,Pembeli Fiktif 134,9,32000
STR/21380,25-10-2024 16:07,BRG104,Kopi Bubuk,Pembeli Fiktif 134,9,9500
STR/21380,25-10-2024 16:07,BRG102,Minyak 2L,Pembeli Fiktif 134,10,32000
STR/21380,25-10-2024 16:07,BRG101,Gula 1kg,Pembeli Fiktif 134,6,14500
STR/21381,20-11-2023 20:07,BRG106,Sabun Cuci,Pembeli Fiktif 135,11,4500
STR/21381,20-11-2023 20:07,BRG104,Kopi Bubuk,Pembeli Fiktif 135,6,9500
STR/21382,12-03-2024 20:59,BRG103,Beras 5kg,Pembeli Fiktif 135,5,68000
STR/21382,12-03-2024 20:59,BRG104,Kopi Bubuk,Pembeli Fiktif 135,9,9500
STR/21382,12-03-2024 20:59,BRG105,Teh Celup,Pembeli Fiktif 135,9,7000
STR/21383,12-04-2024 20:50,BRG103,Beras 5kg,Pembeli Fiktif 135,2,68000
STR/21383,12-04-2024 20:50,BRG102,Minyak 2L,Pembeli Fiktif 135,12,32000
STR/21384,26-09-2024 09:35,BRG101,Gula 1kg,Pembeli Fiktif 136,7,14500
STR/21384,26-09-2024 09:35,BRG103,Beras 5kg,Pembeli Fiktif 136,6,68000
STR/21384,26-09-2024 09:35,BRG105,Teh Celup,Pembeli Fiktif 136,12,7000
STR/21385,17-02-2023 12:44,BRG102,Minyak 2L,Pembeli Fiktif 137,1,32000
STR/21385,17-02-2023 12:44,BRG105,Teh Celup,Pembeli Fiktif 137,12,7000
STR/21385,17-02-2023 12:44,BRG103,Beras 5kg,Pembeli Fiktif 137,2,68000
STR/21386,08-04-2023 14:09,BRG103,Beras 5kg,Pembeli Fiktif 137,6,68000
STR/21386,08-04-2023 14:09,BRG104,Kopi Bubuk,Pembeli Fiktif 137,8,9500
STR/21386,08-04-2023 14:09,BRG102,Minyak 2L,Pembeli Fiktif 137,5,32000
STR/21387,25-09-2023 17:36,BRG105,Teh Celup,Pembeli Fiktif 137,4,7000
STR/21388,06-10-2023 20:01,BRG102,Minyak 2L,Pembeli Fiktif 137,7,32000
STR/21389,12-11-2023 18:49,BRG103,Beras 5kg,Pembeli Fiktif 137,2,68000
STR/21389,12-11-2023 18:49,BRG104,Kopi Bubuk,Pembeli Fiktif 137,10,9500
STR/21389,12-11-2023 18:49,BRG106,Sabun Cuci,Pembeli Fiktif 137,12,4500
STR/21390,05-12-2023 20:10,BRG102,Minyak 2L,Pembeli Fiktif 137,5,32000
STR/21391,27-12-2023 08:14,BRG106,Sabun Cuci,Pembeli Fiktif 137,4,4500
STR/21391,27-12-2023 08:14,BRG101,Gula 1kg,Pembeli Fiktif 137,3,14500
STR/21392,25-02-2024 08:23,BRG106,Sabun Cuci,Pembeli Fiktif 137,3,4500
STR/21393,10-11-2024 13:20,BRG106,Sabun Cuci,Pembeli Fiktif 137,5,4500
STR/21393,10-11-2024 13:20,BRG105,Teh Celup,Pembeli Fiktif 137,10,7000
STR/21393,10-11-2024 13:20,BRG103,Beras 5kg,Pembeli Fiktif 137,12,68000
STR/21394,26-12-2024 18:30,BRG105,Teh Celup,Pembeli Fiktif 137,12,7000
STR/21394,26-12-2024 18:30,BRG106,Sabun Cuci,Pembeli Fiktif 137,11,4500
STR/21394,26-12-2024 18:30,BRG101,Gula 1kg,Pembeli Fiktif 137,5,14500
STR/21395,30-11-2023 12:14,BRG104,Kopi Bubuk,Pembeli Fiktif 138,12,9500
STR/21395,30-11-2023 12:14,BRG102,Minyak 2L,Pembeli Fiktif 138,3,32000
STR/21395,30-11-2023 12:14,BRG105,Teh Celup,Pembeli Fiktif 138,3,7000
STR/21396,03-01-2024 11:06,BRG104,Kopi Bubuk,Pembeli Fiktif 139,11,9500
STR/21396,03-01-2024 11:06,BRG105,Teh Celup,Pembeli Fiktif 139,9,7000
STR/21397,12-02-2024 11:05,BRG105,Teh Celup,Pembeli Fiktif 139,4,7000
STR/21398,30-06-2024 17:42,BRG103,Beras 5kg,Pembeli Fiktif 139,4,68000
STR/21398,30-06-2024 17:42,BRG104,Kopi Bubuk,Pembeli Fiktif 139,4,9500
STR/21399,23-12-2023 18:13,BRG103,Beras 5kg,Pembeli Fiktif 140,3,68000
STR/21399,23-12-2023 18:13,BRG105,Teh Celup,Pembeli Fiktif 140,1,7000
STR/21399,23-12-2023 18:13,BRG102,Minyak 2L,Pembeli Fiktif 140,6,32000
STR/21400,01-04-2024 12:36,BRG103,Beras 5kg,Pembeli Fiktif 140,7,68000
STR/21401,02-11-2024 08:44,BRG102,Minyak 2L,Pembeli Fiktif 141,8,32000
STR/21402,30-10-2024 10:55,BRG106,Sabun Cuci,Pembeli Fiktif 142,4,4500
STR/21402,30-10-2024 10:55,BRG104,Kopi Bubuk,Pembeli Fiktif 142,7,9500
STR/21403,09-03-2024 11:45,BRG105,Teh Celup,Pembeli Fiktif 143,1,7000
STR/21404,19-03-2024 14:07,BRG105,Teh Celup,Pembeli Fiktif 143,1,7000
STR/21404,19-03-2024 14:07,BRG106,Sabun Cuci,Pembeli Fiktif 143,10,4500
STR/21405,19-04-2024 12:59,BRG105,Teh Celup,Pembeli Fiktif 143,2,7000
STR/21405,19-04-2024 12:59,BRG106,Sabun Cuci,Pembeli Fiktif 143,11,4500
STR/21406,13-10-2024 10:17,BRG102,Minyak 2L,Pembeli Fiktif 144,7,32000
STR/21406,13-10-2024 10:17,BRG104,Kopi Bubuk,Pembeli Fiktif 144,8,9500
STR/21406,13-10-2024 10:17,BRG105,Teh Celup,Pembeli Fiktif 144,11,7000
STR/21407,24-10-2024 20:50,BRG106,Sabun Cuci,Pembeli Fiktif 144,9,4500
STR/21407,24-10-2024 20:50,BRG103,Beras 5kg,Pembeli Fiktif 144,4,68000
STR/21407,24-10-2024 20:50,BRG105,Teh Celup,Pembeli Fiktif 144,8,7000
STR/21408,10-01-2024 13:30,BRG106,Sabun Cuci,Pembeli Fiktif 145,2,4500
STR/21408,10-01-2024 13:30,BRG102,Minyak 2L,Pembeli Fiktif 145,8,32000
STR/21409,05-05-2024 10:52,BRG105,Teh Celup,Pembeli Fiktif 146,11,7000
STR/21409,05-05-2024 10:52,BRG101,Gula 1kg,Pembeli Fiktif 146,3,14500
STR/21410,09-05-2024 13:07,BRG104,Kopi Bubuk,Pembeli Fiktif 146,11,9500
STR/21410,09-05-2024 13:07,BRG106,Sabun Cuci,Pembeli Fiktif 146,12,4500
STR/21410,09-05-2024 13:07,BRG101,Gula 1kg,Pembeli Fiktif 146,2,14500
STR/21411,11-05-2024 17:40,BRG104,Kopi Bubuk,Pembeli Fiktif 146,5,9500
STR/21411,11-05-2024 17:40,BRG103,Beras 5kg,Pembeli Fiktif 146,1,68000
STR/21411,11-05-2024 17:40,BRG105,Teh Celup,Pembeli Fiktif 146,9,7000
STR/21412,09-06-2024 20:31,BRG102,Minyak 2L,Pembeli Fiktif 146,5,32000
STR/21413,17-06-2024 13:47,BRG103,Beras 5kg,Pembeli Fiktif 146,11,68000
STR/21414,25-06-2024 15:02,BRG102,Minyak 2L,Pembeli Fiktif 146,12,32000
STR/21414,25-06-2024 15:02,BRG101,Gula 1kg,Pembeli Fiktif 146,1,14500
STR/21414,25-06-2024 15:02,BRG104,Kopi Bubuk,Pembeli Fiktif 146,11,9500
STR/21415,29-06-2024 11:54,BRG105,Teh Celup,Pembeli Fiktif 146,2,7000
STR/21416,30-06-2024 17:03,BRG104,Kopi Bubuk,Pembeli Fiktif 146,4,9500
STR/21416,30-06-2024 17:03,BRG102,Minyak 2L,Pembeli Fiktif 146,6,32000
STR/21416,30-06-2024 17:03,BRG101,Gula 1kg,Pembeli Fiktif 146,4,14500
STR/21417,13-07-2024 16:55,BRG104,Kopi Bubuk,Pembeli Fiktif 146,8,9500
STR/21417,13-07-2024 16:55,BRG102,Minyak 2L,Pembeli Fiktif 146,11,32000
STR/21417,13-07-2024 16:55,BRG101,Gula 1kg,Pembeli Fiktif 146,9,14500
STR/21418,19-08-2024 10:16,BRG106,Sabun Cuci,Pembeli Fiktif 146,1,4500
STR/21418,19-08-2024 10:16,BRG102,Minyak 2L,Pembeli Fiktif 146,4,32000
STR/21419,03-09-2024 15:08,BRG105,Teh Celup,Pembeli Fiktif 146,11,7000
STR/21420,29-09-2024 20:57,BRG104,Kopi Bubuk,Pembeli Fiktif 146,1,9500
STR/21420,29-09-2024 20:57,BRG106,Sabun Cuci,Pembeli Fiktif 146,1,4500
STR/21421,29-10-2024 11:02,BRG101,Gula 1kg,Pembeli Fiktif 146,10,14500
STR/21421,29-10-2024 11:02,BRG102,Minyak 2L,Pembeli Fiktif 146,3,32000
STR/21422,04-11-2024 14:28,BRG101,Gula 1kg,Pembeli Fiktif 146,8,14500
STR/21422,04-11-2024 14:28,BRG104,Kopi Bubuk,Pembeli Fiktif 146,4,9500
STR/21423,19-11-2024 16:43,BRG103,Beras 5kg,Pembeli Fiktif 146,10,68000
STR/21424,29-11-2024 08:58,BRG105,Teh Celup,Pembeli Fiktif 146,11,7000
STR/21425,06-11-2023 14:46,BRG105,Teh Celup,Pembeli Fiktif 147,9,7000
STR/21425,06-11-2023 14:46,BRG102,Minyak 2L,Pembeli Fiktif 147,9,32000
STR/21426,15-09-2023 15:55,BRG106,Sabun Cuci,Pembeli Fiktif 148,11,4500
STR/21426,15-09-2023 15:55,BRG105,Teh Celup,Pembeli Fiktif 148,1,7000
STR/21426,15-09-2023 15:55,BRG101,Gula 1kg,Pembeli Fiktif 148,11,14500
STR/21427,23-09-2023 15:04,BRG102,Minyak 2L,Pembeli Fiktif 148,6,32000
STR/21428,19-11-2023 12:08,BRG102,Minyak 2L,Pembeli Fiktif 148,8,32000
STR/21428,19-11-2023 12:08,BRG105,Teh Celup,Pembeli Fiktif 148,4,7000
STR/21428,19-11-2023 12:08,BRG101,Gula 1kg,Pembeli Fiktif 148,1,14500
STR/21429,03-12-2023 18:27,BRG101,Gula 1kg,Pembeli Fiktif 148,9,14500
STR/21429,03-12-2023 18:27,BRG103,Beras 5kg,Pembeli Fiktif 148,12,68000
STR/21430,11-12-2023 11:49,BRG103,Beras 5kg,Pembeli Fiktif 148,10,68000
STR/21430,11-12-2023 11:49,BRG101,Gula 1kg,Pembeli Fiktif 148,1,14500
STR/21430,11-12-2023 11:49,BRG106,Sabun Cuci,Pembeli Fiktif 148,2,4500
STR/21431,02-05-2024 14:38,BRG101,Gula 1kg,Pembeli Fiktif 148,5,14500
STR/21431,02-05-2024 14:38,BRG103,Beras 5kg,Pembeli Fiktif 148,8,68000
STR/21431,02-05-2024 14:38,BRG104,Kopi Bubuk,Pembeli Fiktif 148,12,9500
STR/21432,19-06-2024 12:07,BRG103,Beras 5kg,Pembeli Fiktif 148,4,68000
STR/21433,20-06-2024 19:04,BRG104,Kopi Bubuk,Pembeli Fiktif 148,6,9500
STR/21433,20-06-2024 19:04,BRG103,Beras 5kg,Pembeli Fiktif 148,9,68000
STR/21433,20-06-2024 19:04,BRG102,Minyak 2L,Pembeli Fiktif 148,11,32000
STR/21434,19-09-2024 13:51,BRG103,Beras 5kg,Pembeli Fiktif 148,1,68000
STR/21435,11-11-2024 13:00,BRG104,Kopi Bubuk,Pembeli Fiktif 148,6,9500
STR/21435,11-11-2024 13:00,BRG101,Gula 1kg,Pembeli Fiktif 148,6,14500
STR/21436,16-11-2024 11:43,BRG102,Minyak 2L,Pembeli Fiktif 148,11,32000
STR/21436,16-11-2024 11:43,BRG106,Sabun Cuci,Pembeli Fiktif 148,4,4500
STR/21437,22-08-2024 14:58,BRG106,Sabun Cuci,Pembeli Fiktif 149,9,4500
STR/21437,22-08-2024 14:58,BRG101,Gula 1kg,Pembeli Fiktif 149,9,14500
STR/21438,19-07-2024 18:07,BRG102,Minyak 2L,Pembeli Fiktif 150,8,32000
STR/21438,19-07-2024 18:07,BRG105,Teh Celup,Pembeli Fiktif 150,3,7000
STR/21438,19-07-2024 18:07,BRG101,Gula 1kg,Pembeli Fiktif 150,10,14500
STR/21439,02-09-2024 16:06,BRG106,Sabun Cuci,Pembeli Fiktif 150,2,4500
STR/21439,02-09-2024 16:06,BRG104,Kopi Bubuk,Pembeli Fiktif 150,3,9500
STR/21439,02-09-2024 16:06,BRG102,Minyak 2L,Pembeli Fiktif 150,4,32000
STR/21440,04-09-2024 10:19,BRG103,Beras 5kg,Pembeli Fiktif 150,5,68000
STR/21440,04-09-2024 10:19,BRG104,Kopi Bubuk,Pembeli Fiktif 150,5,9500
STR/21440,04-09-2024 10:19,BRG106,Sabun Cuci,Pembeli Fiktif 150,2,4500
STR/21441,25-11-2024 08:15,BRG106,Sabun Cuci,Pembeli Fiktif 150,10,4500
STR/21441,25-11-2024 08:15,BRG103,Beras 5kg,Pembeli Fiktif 150,4,68000
STR/21442,20-12-2024 09:50,BRG103,Beras 5kg,Pembeli Fiktif 150,12,68000
STR/21443,31-03-2024 19:35,BRG101,Gula 1kg,Pembeli Fiktif 151,4,14500
STR/21443,31-03-2024 19:35,BRG102,Minyak 2L,Pembeli Fiktif 151,3,32000
STR/21444,03-04-2024 09:21,BRG101,Gula 1kg,Pembeli Fiktif 151,9,14500
STR/21445,05-04-2024 10:18,BRG102,Minyak 2L,Pembeli Fiktif 151,4,32000
STR/21446,01-05-2024 13:20,BRG105,Teh Celup,Pembeli Fiktif 151,11,7000
STR/21446,01-05-2024 13:20,BRG104,Kopi Bubuk,Pembeli Fiktif 151,8,9500
STR/21446,01-05-2024 13:20,BRG106,Sabun Cuci,Pembeli Fiktif 151,12,4500
STR/21447,26-05-2023 10:25,BRG101,Gula 1kg,Pembeli Fiktif 152,9,14500
STR/21448,31-05-2023 09:28,BRG102,Minyak 2L,Pembeli Fiktif 152,10,32000
STR/21449,23-07-2023 10:25,BRG102,Minyak 2L,Pembeli Fiktif 152,5,32000
STR/21449,23-07-2023 10:25,BRG104,Kopi Bubuk,Pembeli Fiktif 152,12,9500
STR/21450,10-09-2023 08:19,BRG105,Teh Celup,Pembeli Fiktif 152,6,7000
STR/21450,10-09-2023 08:19,BRG106,Sabun Cuci,Pembeli Fiktif 152,3,4500
STR/21451,09-11-2023 14:42,BRG102,Minyak 2L,Pembeli Fiktif 152,10,32000
STR/21451,09-11-2023 14:42,BRG103,Beras 5kg,Pembeli Fiktif 152,3,68000
STR/21451,09-11-2023 14:42,BRG106,Sabun Cuci,Pembeli Fiktif 152,4,4500
STR/21452,15-12-2023 11:49,BRG106,Sabun Cuci,Pembeli Fiktif 152,11,4500
STR/21453,26-12-2023 11:45,BRG104,Kopi Bubuk,Pembeli Fiktif 152,10,9500
STR/21454,02-01-2024 20:44,BRG102,Minyak 2L,Pembeli Fiktif 152,12,32000
STR/21454,02-01-2024 20:44,BRG104,Kopi Bubuk,Pembeli Fiktif 152,11,9500
STR/21455,07-01-2024 19:55,BRG104,Kopi Bubuk,Pembeli Fiktif 152,3,9500
STR/21455,07-01-2024 19:55,BRG102,Minyak 2L,Pembeli Fiktif 152,8,32000
STR/21455,07-01-2024 19:55,BRG101,Gula 1kg,Pembeli Fiktif 152,8,14500
STR/21456,01-03-2024 08:08,BRG106,Sabun Cuci,Pembeli Fiktif 152,11,4500
STR/21456,01-03-2024 08:08,BRG104,Kopi Bubuk,Pembeli Fiktif 152,5,9500
STR/21456,01-03-2024 08:08,BRG105,Teh Celup,Pembeli Fiktif 152,6,7000
STR/21457,05-03-2024 19:47,BRG105,Teh Celup,Pembeli Fiktif 152,9,7000
STR/21457,05-03-2024 19:47,BRG103,Beras 5kg,Pembeli Fiktif 152,7,68000
STR/21458,25-03-2024 08:49,BRG106,Sabun Cuci,Pembeli Fiktif 152,3,4500
STR/21458,25-03-2024 08:49,BRG101,Gula 1kg,Pembeli Fiktif 152,3,14500
STR/21459,05-04-2024 15:38,BRG104,Kopi Bubuk,Pembeli Fiktif 152,10,9500
STR/21459,05-04-2024 15:38,BRG106,Sabun Cuci,Pembeli Fiktif 152,5,4500
STR/21460,08-04-2024 15:34,BRG103,Beras 5kg,Pembeli Fiktif 152,3,68000
STR/21460,08-04-2024 15:34,BRG101,Gula 1kg,Pembeli Fiktif 152,8,14500
STR/21460,08-04-2024 15:34,BRG105,Teh Celup,Pembeli Fiktif 152,9,7000
STR/21461,23-05-2024 16:02,BRG106,Sabun Cuci,Pembeli Fiktif 152,12,4500
STR/21462,19-06-2024 14:28,BRG102,Minyak 2L,Pembeli Fiktif 152,3,32000
STR/21463,21-08-2024 16:40,BRG101,Gula 1kg,Pembeli Fiktif 152,4,14500
STR/21464,15-09-2024 09:21,BRG104,Kopi Bubuk,Pembeli Fiktif 152,2,9500
STR/21464,15-09-2024 09:21,BRG106,Sabun Cuci,Pembeli Fiktif 152,12,4500
STR/21465,19-11-2024 13:50,BRG103,Beras 5kg,Pembeli Fiktif 152,8,68000
STR/21466,04-12-2024 19:37,BRG103,Beras 5kg,Pembeli Fiktif 152,12,68000
STR/21467,11-12-2024 15:17,BRG104,Kopi Bubuk,Pembeli Fiktif 152,8,9500
STR/21468,22-12-2024 16:46,BRG101,Gula 1kg,Pembeli Fiktif 152,2,14500
STR/21469,30-12-2024 08:51,BRG104,Kopi Bubuk,Pembeli Fiktif 152,4,9500
STR/21470,25-02-2024 14:25,BRG103,Beras 5kg,Pembeli Fiktif 153,10,68000
STR/21470,25-02-2024 14:25,BRG102,Minyak 2L,Pembeli Fiktif 153,2,32000
STR/21471,06-03-2024 09:17,BRG101,Gula 1kg,Pembeli Fiktif 153,6,14500
STR/21471,06-03-2024 09:17,BRG105,Teh Celup,Pembeli Fiktif 153,3,7000
STR/21471,06-03-2024 09:17,BRG106,Sabun Cuci,Pembeli Fiktif 153,9,4500
STR/21472,10-03-2024 15:04,BRG105,Teh Celup,Pembeli Fiktif 153,11,7000
STR/21472,10-03-2024 15:04,BRG102,Minyak 2L,Pembeli Fiktif 153,9,32000
STR/21473,22-03-2024 12:27,BRG102,Minyak 2L,Pembeli Fiktif 153,2,32000
STR/21474,24-03-2024 18:21,BRG101,Gula 1kg,Pembeli Fiktif 153,11,14500
STR/21474,24-03-2024 18:21,BRG102,Minyak 2L,Pembeli Fiktif 153,5,32000
STR/21474,24-03-2024 18:21,BRG105,Teh Celup,Pembeli Fiktif 153,6,7000
STR/21475,19-06-2024 18:12,BRG101,Gula 1kg,Pembeli Fiktif 153,4,14500
STR/21475,19-06-2024 18:12,BRG104,Kopi Bubuk,Pembeli Fiktif 153,9,9500
STR/21476,14-07-2024 09:16,BRG102,Minyak 2L,Pembeli Fiktif 153,7,32000
STR/21476,14-07-2024 09:16,BRG105,Teh Celup,Pembeli Fiktif 153,2,7000
STR/21476,14-07-2024 09:16,BRG104,Kopi Bubuk,Pembeli Fiktif 153,1,9500
STR/21477,24-08-2024 12:50,BRG105,Teh Celup,Pembeli Fiktif 153,6,7000
STR/21477,24-08-2024 12:50,BRG102,Minyak 2L,Pembeli Fiktif 153,10,32000
STR/21477,24-08-2024 12:50,BRG104,Kopi Bubuk,Pembeli Fiktif 153,8,9500
STR/21478,04-04-2024 20:07,BRG105,Teh Celup,Pembeli Fiktif 154,7,7000
STR/21478,04-04-2024 20:07,BRG101,Gula 1kg,Pembeli Fiktif 154,10,14500
STR/21478,04-04-2024 20:07,BRG104,Kopi Bubuk,Pembeli Fiktif 154,12,9500
STR/21479,05-08-2023 08:11,BRG106,Sabun Cuci,Pembeli Fiktif 155,6,4500
STR/21479,05-08-2023 08:11,BRG105,Teh Celup,Pembeli Fiktif 155,11,7000
STR/21479,05-08-2023 08:11,BRG102,Minyak 2L,Pembeli Fiktif 155,11,32000
STR/21480,12-08-2023 09:27,BRG104,Kopi Bubuk,Pembeli Fiktif 155,12,9500
STR/21481,14-08-2023 20:08,BRG104,Kopi Bubuk,Pembeli Fiktif 155,3,9500
STR/21481,14-08-2023 20:08,BRG105,Teh Celup,Pembeli Fiktif 155,10,7000
STR/21481,14-08-2023 20:08,BRG106,Sabun Cuci,Pembeli Fiktif 155,5,4500
STR/21482,29-08-2023 13:57,BRG106,Sabun Cuci,Pembeli Fiktif 155,10,4500
STR/21482,29-08-2023 13:57,BRG104,Kopi Bubuk,Pembeli Fiktif 155,9,9500
STR/21483,09-10-2023 16:02,BRG102,Minyak 2L,Pembeli Fiktif 155,11,32000
STR/21483,09-10-2023 16:02,BRG103,Beras 5kg,Pembeli Fiktif 155,1,68000
STR/21483,09-10-2023 16:02,BRG105,Teh Celup,Pembeli Fiktif 155,1,7000
STR/21484,13-10-2023 11:13,BRG104,Kopi Bubuk,Pembeli Fiktif 155,11,9500
STR/21484,13-10-2023 11:13,BRG105,Teh Celup,Pembeli Fiktif 155,3,7000
STR/21484,13-10-2023 11:13,BRG103,Beras 5kg,Pembeli Fiktif 155,1,68000
STR/21485,12-11-2023 13:24,BRG101,Gula 1kg,Pembeli Fiktif 155,8,14500
STR/21485,12-11-2023 13:24,BRG102,Minyak 2L,Pembeli Fiktif 155,5,32000
STR/21486,02-12-2023 16:38,BRG102,Minyak 2L,Pembeli Fiktif 155,5,32000
STR/21486,02-12-2023 16:38,BRG106,Sabun Cuci,Pembeli Fiktif 155,11,4500
STR/21486,02-12-2023 16:38,BRG104,Kopi Bubuk,Pembeli Fiktif 155,8,9500
STR/21487,03-12-2023 12:01,BRG106,Sabun Cuci,Pembeli Fiktif 155,6,4500
STR/21488,22-12-2023 18:55,BRG102,Minyak 2L,Pembeli Fiktif 155,9,32000
STR/21488,22-12-2023 18:55,BRG104,Kopi Bubuk,Pembeli Fiktif 155,9,9500
STR/21488,22-12-2023 18:55,BRG101,Gula 1kg,Pembeli Fiktif 155,7,14500
STR/21489,03-03-2024 20:01,BRG104,Kopi Bubuk,Pembeli Fiktif 155,12,9500
STR/21490,06-04-2024 16:01,BRG105,Teh Celup,Pembeli Fiktif 155,7,7000
STR/21490,06-04-2024 16:01,BRG106,Sabun Cuci,Pembeli Fiktif 155,3,4500
STR/21490,06-04-2024 16:01,BRG101,Gula 1kg,Pembeli Fiktif 155,8,14500
STR/21491,11-04-2024 11:24,BRG102,Minyak 2L,Pembeli Fiktif 155,7,32000
STR/21491,11-04-2024 11:24,BRG105,Teh Celup,Pembeli Fiktif 155,2,7000
STR/21492,28-04-2024 10:54,BRG104,Kopi Bubuk,Pembeli Fiktif 155,2,9500
STR/21492,28-04-2024 10:54,BRG103,Beras 5kg,Pembeli Fiktif 155,4,68000
STR/21493,08-05-2024 08:18,BRG106,Sabun Cuci,Pembeli Fiktif 155,7,4500
STR/21494,09-05-2024 18:07,BRG102,Minyak 2L,Pembeli Fiktif 155,1,32000
STR/21495,21-05-2024 19:39,BRG105,Teh Celup,Pembeli Fiktif 155,2,7000
STR/21495,21-05-2024 19:39,BRG101,Gula 1kg,Pembeli Fiktif 155,2,14500
STR/21496,16-06-2024 20:15,BRG103,Beras 5kg,Pembeli Fiktif 155,1,68000
STR/21497,17-07-2024 20:42,BRG102,Minyak 2L,Pembeli Fiktif 155,7,32000
STR/21498,24-07-2024 10:05,BRG103,Beras 5kg,Pembeli Fiktif 155,6,68000
STR/21499,28-07-2024 17:04,BRG106,Sabun Cuci,Pembeli Fiktif 155,12,4500
STR/21499,28-07-2024 17:04,BRG101,Gula 1kg,Pembeli Fiktif 155,4,14500
STR/21500,01-08-2024 11:17,BRG101,Gula 1kg,Pembeli Fiktif 155,9,14500
STR/21500,01-08-2024 11:17,BRG103,Beras 5kg,Pembeli Fiktif 155,8,68000
STR/21501,24-09-2024 10:16,BRG106,Sabun Cuci,Pembeli Fiktif 155,8,4500
STR/21501,24-09-2024 10:16,BRG105,Teh Celup,Pembeli Fiktif 155,5,7000
STR/21502,18-10-2024 14:53,BRG104,Kopi Bubuk,Pembeli Fiktif 155,5,9500
STR/21503,29-11-2024 16:47,BRG106,Sabun Cuci,Pembeli Fiktif 155,8,4500
STR/21504,04-12-2024 17:37,BRG105,Teh Celup,Pembeli Fiktif 155,9,7000
STR/21504,04-12-2024 17:37,BRG106,Sabun Cuci,Pembeli Fiktif 155,3,4500
STR/21505,14-12-2024 14:23,BRG102,Minyak 2L,Pembeli Fiktif 155,8,32000
STR/21505,14-12-2024 14:23,BRG103,Beras 5kg,Pembeli Fiktif 155,5,68000
STR/21506,16-12-2024 09:39,BRG104,Kopi Bubuk,Pembeli Fiktif 155,8,9500
STR/21507,17-12-2024 08:53,BRG106,Sabun Cuci,Pembeli Fiktif 155,5,4500
STR/21507,17-12-2024 08:53,BRG103,Beras 5kg,Pembeli Fiktif 155,3,68000
STR/21507,17-12-2024 08:53,BRG101,Gula 1kg,Pembeli Fiktif 155,9,14500
STR/21508,21-11-2023 08:39,BRG105,Teh Celup,Pembeli Fiktif 156,5,7000
STR/21508,21-11-2023 08:39,BRG104,Kopi Bubuk,Pembeli Fiktif 156,3,9500
STR/21508,21-11-2023 08:39,BRG102,Minyak 2L,Pembeli Fiktif 156,7,32000
STR/21509,04-12-2023 17:58,BRG106,Sabun Cuci,Pembeli Fiktif 156,9,4500
STR/21509,04-12-2023 17:58,BRG101,Gula 1kg,Pembeli Fiktif 156,3,14500
STR/21509,04-12-2023 17:58,BRG103,Beras 5kg,Pembeli Fiktif 156,7,68000
STR/21510,13-01-2024 15:22,BRG102,Minyak 2L,Pembeli Fiktif 156,5,32000
STR/21510,13-01-2024 15:22,BRG105,Teh Celup,Pembeli Fiktif 156,5,7000
STR/21510,13-01-2024 15:22,BRG101,Gula 1kg,Pembeli Fiktif 156,3,14500
STR/21511,16-01-2024 12:26,BRG106,Sabun Cuci,Pembeli Fiktif 156,2,4500
STR/21512,27-01-2024 18:21,BRG105,Teh Celup,Pembeli Fiktif 156,10,7000
STR/21513,31-01-2024 12:37,BRG105,Teh Celup,Pembeli Fiktif 156,9,7000
STR/21514,17-02-2024 11:52,BRG101,Gula 1kg,Pembeli Fiktif 156,10,14500
STR/21515,20-02-2024 18:29,BRG103,Beras 5kg,Pembeli Fiktif 156,3,68000
STR/21515,20-02-2024 18:29,BRG105,Teh Celup,Pembeli Fiktif 156,6,7000
STR/21515,20-02-2024 18:29,BRG102,Minyak 2L,Pembeli Fiktif 156,8,32000
STR/21516,21-02-2024 15:34,BRG104,Kopi Bubuk,Pembeli Fiktif 156,8,9500
STR/21517,24-02-2024 16:48,BRG104,Kopi Bubuk,Pembeli Fiktif 156,12,9500
STR/21517,24-02-2024 16:48,BRG103,Beras 5kg,Pembeli Fiktif 156,5,68000
STR/21518,29-02-2024 18:26,BRG101,Gula 1kg,Pembeli Fiktif 156,2,14500
STR/21518,29-02-2024 18:26,BRG104,Kopi Bubuk,Pembeli Fiktif 156,6,9500
STR/21519,02-03-2024 12:04,BRG102,Minyak 2L,Pembeli Fiktif 156,6,32000
STR/21520,07-03-2024 08:22,BRG103,Beras 5kg,Pembeli Fiktif 156,2,68000
STR/21520,07-03-2024 08:22,BRG105,Teh Celup,Pembeli Fiktif 156,9,7000
STR/21521,07-04-2024 16:37,BRG102,Minyak 2L,Pembeli Fiktif 156,10,32000
STR/21522,13-04-2024 12:22,BRG101,Gula 1kg,Pembeli Fiktif 156,10,14500
STR/21522,13-04-2024 12:22,BRG102,Minyak 2L,Pembeli Fiktif 156,7,32000
STR/21523,23-04-2024 20:36,BRG103,Beras 5kg,Pembeli Fiktif 156,3,68000
STR/21524,29-04-2024 11:56,BRG101,Gula 1kg,Pembeli Fiktif 156,10,14500
STR/21525,30-04-2024 18:22,BRG102,Minyak 2L,Pembeli Fiktif 156,11,32000
STR/21526,08-05-2024 17:23,BRG104,Kopi Bubuk,Pembeli Fiktif 156,10,9500
STR/21526,08-05-2024 17:23,BRG101,Gula 1kg,Pembeli Fiktif 156,2,14500
STR/21526,08-05-2024 17:23,BRG103,Beras 5kg,Pembeli Fiktif 156,8,68000
STR/21527,14-05-2024 17:12,BRG106,Sabun Cuci,Pembeli Fiktif 156,3,4500
STR/21528,06-07-2024 16:39,BRG105,Teh Celup,Pembeli Fiktif 156,8,7000
STR/21528,06-07-2024 16:39,BRG103,Beras 5kg,Pembeli Fiktif 156,4,68000
STR/21528,06-07-2024 16:39,BRG102,Minyak 2L,Pembeli Fiktif 156,9,32000
STR/21529,23-07-2024 08:58,BRG105,Teh Celup,Pembeli Fiktif 156,4,7000
STR/21529,23-07-2024 08:58,BRG102,Minyak 2L,Pembeli Fiktif 156,12,32000
STR/21529,23-07-2024 08:58,BRG104,Kopi Bubuk,Pembeli Fiktif 156,10,9500
STR/21530,25-07-2024 18:44,BRG105,Teh Celup,Pembeli Fiktif 156,1,7000
STR/21531,27-07-2024 11:29,BRG106,Sabun Cuci,Pembeli Fiktif 156,5,4500
STR/21531,27-07-2024 11:29,BRG102,Minyak 2L,Pembeli Fiktif 156,6,32000
STR/21531,27-07-2024 11:29,BRG101,Gula 1kg,Pembeli Fiktif 156,6,14500
STR/21532,31-07-2024 15:07,BRG102,Minyak 2L,Pembeli Fiktif 156,2,32000
STR/21532,31-07-2024 15:07,BRG101,Gula 1kg,Pembeli Fiktif 156,12,14500
STR/21532,31-07-2024 15:07,BRG103,Beras 5kg,Pembeli Fiktif 156,6,68000
STR/21533,12-08-2024 11:20,BRG102,Minyak 2L,Pembeli Fiktif 156,1,32000
STR/21533,12-08-2024 11:20,BRG103,Beras 5kg,Pembeli Fiktif 156,5,68000
STR/21533,12-08-2024 11:20,BRG101,Gula 1kg,Pembeli Fiktif 156,4,14500
STR/21534,14-08-2024 10:57,BRG104,Kopi Bubuk,Pembeli Fiktif 156,7,9500
STR/21535,20-08-2024 12:56,BRG105,Teh Celup,Pembeli Fiktif 156,5,7000
STR/21535,20-08-2024 12:56,BRG103,Beras 5kg,Pembeli Fiktif 156,1,68000
STR/21536,25-08-2024 13:37,BRG105,Teh Celup,Pembeli Fiktif 156,11,7000
STR/21536,25-08-2024 13:37,BRG106,Sabun Cuci,Pembeli Fiktif 156,7,4500
STR/21536,25-08-2024 13:37,BRG103,Beras 5kg,Pembeli Fiktif 156,8,68000
STR/21537,31-08-2024 19:48,BRG103,Beras 5kg,Pembeli Fiktif 156,11,68000
STR/21537,31-08-2024 19:48,BRG105,Teh Celup,Pembeli Fiktif 156,1,7000
STR/21537,31-08-2024 19:48,BRG104,Kopi Bubuk,Pembeli Fiktif 156,7,9500
STR/21538,04-09-2024 13:08,BRG104,Kopi Bubuk,Pembeli Fiktif 156,10,9500
STR/21539,07-09-2024 20:18,BRG103,Beras 5kg,Pembeli Fiktif 156,3,68000
STR/21539,07-09-2024 20:18,BRG104,Kopi Bubuk,Pembeli Fiktif 156,9,9500
STR/21539,07-09-2024 20:18,BRG101,Gula 1kg,Pembeli Fiktif 156,6,14500
STR/21540,14-09-2024 16:40,BRG101,Gula 1kg,Pembeli Fiktif 156,7,14500
STR/21540,14-09-2024 16:40,BRG102,Minyak 2L,Pembeli Fiktif 156,4,32000
STR/21541,15-09-2024 16:16,BRG103,Beras 5kg,Pembeli Fiktif 156,6,68000
STR/21541,15-09-2024 16:16,BRG106,Sabun Cuci,Pembeli Fiktif 156,3,4500
STR/21542,01-10-2024 20:24,BRG101,Gula 1kg,Pembeli Fiktif 156,11,14500
STR/21542,01-10-2024 20:24,BRG104,Kopi Bubuk,Pembeli Fiktif 156,6,9500
STR/21543,05-10-2024 20:54,BRG105,Teh Celup,Pembeli Fiktif 156,10,7000
STR/21543,05-10-2024 20:54,BRG101,Gula 1kg,Pembeli Fiktif 156,3,14500
STR/21544,11-10-2024 13:57,BRG102,Minyak 2L,Pembeli Fiktif 156,9,32000
STR/21544,11-10-2024 13:57,BRG106,Sabun Cuci,Pembeli Fiktif 156,4,4500
STR/21545,23-10-2024 13:09,BRG102,Minyak 2L,Pembeli Fiktif 156,1,32000
STR/21545,23-10-2024 13:09,BRG106,Sabun Cuci,Pembeli Fiktif 156,10,4500
STR/21545,23-10-2024 13:09,BRG104,Kopi Bubuk,Pembeli Fiktif 156,9,9500
STR/21546,26-10-2024 16:18,BRG105,Teh Celup,Pembeli Fiktif 156,4,7000
STR/21546,26-10-2024 16:18,BRG106,Sabun Cuci,Pembeli Fiktif 156,9,4500
STR/21547,07-11-2024 10:39,BRG102,Minyak 2L,Pembeli Fiktif 156,6,32000
STR/21548,10-11-2024 10:18,BRG104,Kopi Bubuk,Pembeli Fiktif 156,11,9500
STR/21549,20-12-2024 12:04,BRG103,Beras 5kg,Pembeli Fiktif 156,9,68000
STR/21549,20-12-2024 12:04,BRG106,Sabun Cuci,Pembeli Fiktif 156,3,4500
STR/21550,31-12-2024 15:28,BRG103,Beras 5kg,Pembeli Fiktif 156,8,68000
STR/21550,31-12-2024 15:28,BRG106,Sabun Cuci,Pembeli Fiktif 156,8,4500
STR/21550,31-12-2024 15:28,BRG105,Teh Celup,Pembeli Fiktif 156,7,7000
STR/21551,02-04-2023 20:58,BRG103,Beras 5kg,Pembeli Fiktif 157,9,68000
STR/21552,24-04-2023 17:28,BRG101,Gula 1kg,Pembeli Fiktif 157,4,14500
STR/21552,24-04-2023 17:28,BRG102,Minyak 2L,Pembeli Fiktif 157,1,32000
STR/21552,24-04-2023 17:28,BRG106,Sabun Cuci,Pembeli Fiktif 157,3,4500
STR/21553,10-06-2023 11:59,BRG105,Teh Celup,Pembeli Fiktif 157,12,7000
STR/21553,10-06-2023 11:59,BRG102,Minyak 2L,Pembeli Fiktif 157,8,32000
STR/21553,10-06-2023 11:59,BRG106,Sabun Cuci,Pembeli Fiktif 157,10,4500
STR/21554,29-07-2023 17:55,BRG104,Kopi Bubuk,Pembeli Fiktif 157,8,9500
STR/21554,29-07-2023 17:55,BRG106,Sabun Cuci,Pembeli Fiktif 157,9,4500
STR/21555,21-08-2023 14:42,BRG106,Sabun Cuci,Pembeli Fiktif 157,3,4500
STR/21555,21-08-2023 14:42,BRG104,Kopi Bubuk,Pembeli Fiktif 157,9,9500
STR/21555,21-08-2023 14:42,BRG102,Minyak 2L,Pembeli Fiktif 157,6,32000
STR/21556,30-08-2023 20:39,BRG102,Minyak 2L,Pembeli Fiktif 157,4,32000
STR/21556,30-08-2023 20:39,BRG103,Beras 5kg,Pembeli Fiktif 157,1,68000
STR/21556,30-08-2023 20:39,BRG104,Kopi Bubuk,Pembeli Fiktif 157,5,9500
STR/21557,11-09-2023 15:58,BRG104,Kopi Bubuk,Pembeli Fiktif 157,7,9500
STR/21557,11-09-2023 15:58,BRG101,Gula 1kg,Pembeli Fiktif 157,6,14500
STR/21557,11-09-2023 15:58,BRG103,Beras 5kg,Pembeli Fiktif 157,9,68000
STR/21558,21-09-2023 20:50,BRG101,Gula 1kg,Pembeli Fiktif 157,7,14500
STR/21559,27-10-2023 18:06,BRG101,Gula 1kg,Pembeli Fiktif 157,2,14500
STR/21559,27-10-2023 18:06,BRG105,Teh Celup,Pembeli Fiktif 157,3,7000
STR/21560,30-10-2023 14:42,BRG104,Kopi Bubuk,Pembeli Fiktif 157,8,9500
STR/21560,30-10-2023 14:42,BRG102,Minyak 2L,Pembeli Fiktif 157,9,32000
STR/21560,30-10-2023 14:42,BRG105,Teh Celup,Pembeli Fiktif 157,1,7000
STR/21561,03-12-2023 18:10,BRG104,Kopi Bubuk,Pembeli Fiktif 157,10,9500
STR/21562,12-12-2023 19:11,BRG106,Sabun Cuci,Pembeli Fiktif 157,1,4500
STR/21562,12-12-2023 19:11,BRG101,Gula 1kg,Pembeli Fiktif 157,5,14500
STR/21562,12-12-2023 19:11,BRG103,Beras 5kg,Pembeli Fiktif 157,7,68000
STR/21563,30-12-2023 10:42,BRG105,Teh Celup,Pembeli Fiktif 157,2,7000
STR/21564,08-01-2024 17:34,BRG105,Teh Celup,Pembeli Fiktif 157,1,7000
STR/21564,08-01-2024 17:34,BRG106,Sabun Cuci,Pembeli Fiktif 157,7,4500
STR/21564,08-01-2024 17:34,BRG102,Minyak 2L,Pembeli Fiktif 157,4,32000
STR/21565,06-02-2024 20:53,BRG104,Kopi Bubuk,Pembeli Fiktif 157,7,9500
STR/21565,06-02-2024 20:53,BRG103,Beras 5kg,Pembeli Fiktif 157,10,68000
STR/21565,06-02-2024 20:53,BRG106,Sabun Cuci,Pembeli Fiktif 157,2,4500
STR/21566,26-03-2024 14:49,BRG106,Sabun Cuci,Pembeli Fiktif 157,11,4500
STR/21566,26-03-2024 14:49,BRG103,Beras 5kg,Pembeli Fiktif 157,3,68000
STR/21567,12-04-2024 13:53,BRG103,Beras 5kg,Pembeli Fiktif 157,3,68000
STR/21567,12-04-2024 13:53,BRG101,Gula 1kg,Pembeli Fiktif 157,9,14500
STR/21567,12-04-2024 13:53,BRG105,Teh Celup,Pembeli Fiktif 157,3,7000
STR/21568,08-01-2023 08:23,BRG104,Kopi Bubuk,Pembeli Fiktif 158,10,9500
STR/21569,24-01-2023 17:36,BRG105,Teh Celup,Pembeli Fiktif 158,3,7000
STR/21569,24-01-2023 17:36,BRG103,Beras 5kg,Pembeli Fiktif 158,5,68000
STR/21569,24-01-2023 17:36,BRG104,Kopi Bubuk,Pembeli Fiktif 158,8,9500
STR/21570,02-03-2023 20:42,BRG102,Minyak 2L,Pembeli Fiktif 158,11,32000
STR/21571,10-04-2023 16:00,BRG105,Teh Celup,Pembeli Fiktif 158,2,7000
STR/21572,06-05-2023 20:32,BRG106,Sabun Cuci,Pembeli Fiktif 158,11,4500
STR/21573,19-07-2023 09:45,BRG101,Gula 1kg,Pembeli Fiktif 158,6,14500
STR/21573,19-07-2023 09:45,BRG106,Sabun Cuci,Pembeli Fiktif 158,1,4500
STR/21574,10-09-2023 14:44,BRG104,Kopi Bubuk,Pembeli Fiktif 158,2,9500
STR/21574,10-09-2023 14:44,BRG105,Teh Celup,Pembeli Fiktif 158,9,7000
STR/21574,10-09-2023 14:44,BRG106,Sabun Cuci,Pembeli Fiktif 158,3,4500
STR/21575,14-09-2023 18:04,BRG106,Sabun Cuci,Pembeli Fiktif 158,8,4500
STR/21575,14-09-2023 18:04,BRG101,Gula 1kg,Pembeli Fiktif 158,2,14500
STR/21576,30-10-2023 12:28,BRG103,Beras 5kg,Pembeli Fiktif 158,3,68000
STR/21576,30-10-2023 12:28,BRG106,Sabun Cuci,Pembeli Fiktif 158,10,4500
STR/21576,30-10-2023 12:28,BRG105,Teh Celup,Pembeli Fiktif 158,8,7000
STR/21577,17-11-2023 18:52,BRG104,Kopi Bubuk,Pembeli Fiktif 158,2,9500
STR/21577,17-11-2023 18:52,BRG105,Teh Celup,Pembeli Fiktif 158,12,7000
STR/21577,17-11-2023 18:52,BRG103,Beras 5kg,Pembeli Fiktif 158,6,68000
STR/21578,16-01-2024 09:27,BRG102,Minyak 2L,Pembeli Fiktif 158,4,32000
STR/21578,16-01-2024 09:27,BRG104,Kopi Bubuk,Pembeli Fiktif 158,10,9500
STR/21578,16-01-2024 09:27,BRG101,Gula 1kg,Pembeli Fiktif 158,6,14500
STR/21579,17-01-2024 19:12,BRG103,Beras 5kg,Pembeli Fiktif 158,12,68000
STR/21580,25-01-2024 08:43,BRG106,Sabun Cuci,Pembeli Fiktif 158,8,4500
STR/21581,26-02-2024 09:11,BRG101,Gula 1kg,Pembeli Fiktif 158,8,14500
STR/21582,22-03-2024 18:26,BRG101,Gula 1kg,Pembeli Fiktif 158,6,14500
STR/21583,27-04-2024 20:35,BRG105,Teh Celup,Pembeli Fiktif 158,1,7000
STR/21583,27-04-2024 20:35,BRG106,Sabun Cuci,Pembeli Fiktif 158,10,4500
STR/21584,18-05-2024 13:19,BRG105,Teh Celup,Pembeli Fiktif 158,5,7000
STR/21584,18-05-2024 13:19,BRG103,Beras 5kg,Pembeli Fiktif 158,5,68000
STR/21584,18-05-2024 13:19,BRG106,Sabun Cuci,Pembeli Fiktif 158,4,4500
STR/21585,15-07-2024 10:51,BRG102,Minyak 2L,Pembeli Fiktif 158,7,32000
STR/21585,15-07-2024 10:51,BRG103,Beras 5kg,Pembeli Fiktif 158,1,68000
STR/21586,18-07-2024 15:19,BRG101,Gula 1kg,Pembeli Fiktif 158,8,14500
STR/21586,18-07-2024 15:19,BRG103,Beras 5kg,Pembeli Fiktif 158,1,68000
STR/21587,30-09-2024 11:42,BRG103,Beras 5kg,Pembeli Fiktif 158,2,68000
STR/21587,30-09-2024 11:42,BRG105,Teh Celup,Pembeli Fiktif 158,4,7000
STR/21587,30-09-2024 11:42,BRG102,Minyak 2L,Pembeli Fiktif 158,1,32000
STR/21588,20-12-2024 11:55,BRG104,Kopi Bubuk,Pembeli Fiktif 158,2,9500
STR/21589,04-06-2023 08:01,BRG106,Sabun Cuci,Pembeli Fiktif 159,6,4500
STR/21589,04-06-2023 08:01,BRG102,Minyak 2L,Pembeli Fiktif 159,6,32000
STR/21590,08-06-2023 15:58,BRG102,Minyak 2L,Pembeli Fiktif 159,7,32000
STR/21590,08-06-2023 15:58,BRG105,Teh Celup,Pembeli Fiktif 159,8,7000
STR/21590,08-06-2023 15:58,BRG101,Gula 1kg,Pembeli Fiktif 159,11,14500
STR/21591,10-06-2023 10:03,BRG105,Teh Celup,Pembeli Fiktif 159,10,7000
STR/21591,10-06-2023 10:03,BRG106,Sabun Cuci,Pembeli Fiktif 159,1,4500
STR/21592,14-06-2023 17:51,BRG101,Gula 1kg,Pembeli Fiktif 159,1,14500
STR/21592,14-06-2023 17:51,BRG103,Beras 5kg,Pembeli Fiktif 159,5,68000
STR/21593,06-04-2023 10:42,BRG102,Minyak 2L,Pembeli Fiktif 160,12,32000
STR/21593,06-04-2023 10:42,BRG104,Kopi Bubuk,Pembeli Fiktif 160,11,9500
STR/21594,17-04-2023 19:36,BRG105,Teh Celup,Pembeli Fiktif 160,10,7000
STR/21594,17-04-2023 19:36,BRG101,Gula 1kg,Pembeli Fiktif 160,5,14500
STR/21594,17-04-2023 19:36,BRG102,Minyak 2L,Pembeli Fiktif 160,9,32000
STR/21595,25-04-2023 16:53,BRG101,Gula 1kg,Pembeli Fiktif 160,5,14500
STR/21595,25-04-2023 16:53,BRG102,Minyak 2L,Pembeli Fiktif 160,11,32000
STR/21595,25-04-2023 16:53,BRG104,Kopi Bubuk,Pembeli Fiktif 160,9,9500
STR/21596,16-05-2023 14:26,BRG103,Beras 5kg,Pembeli Fiktif 160,9,68000
STR/21597,19-05-2023 13:29,BRG102,Minyak 2L,Pembeli Fiktif 160,8,32000
STR/21597,19-05-2023 13:29,BRG104,Kopi Bubuk,Pembeli Fiktif 160,9,9500
STR/21597,19-05-2023 13:29,BRG106,Sabun Cuci,Pembeli Fiktif 160,11,4500
STR/21598,24-05-2023 11:54,BRG102,Minyak 2L,Pembeli Fiktif 160,11,32000
STR/21599,28-05-2023 08:54,BRG103,Beras 5kg,Pembeli Fiktif 160,4,68000
STR/21600,02-06-2023 08:59,BRG106,Sabun Cuci,Pembeli Fiktif 160,7,4500
STR/21600,02-06-2023 08:59,BRG103,Beras 5kg,Pembeli Fiktif 160,7,68000
STR/21601,03-06-2023 15:23,BRG101,Gula 1kg,Pembeli Fiktif 160,8,14500
STR/21601,03-06-2023 15:23,BRG103,Beras 5kg,Pembeli Fiktif 160,2,68000
STR/21602,07-06-2023 19:06,BRG105,Teh Celup,Pembeli Fiktif 160,5,7000
STR/21602,07-06-2023 19:06,BRG101,Gula 1kg,Pembeli Fiktif 160,12,14500
STR/21602,07-06-2023 19:06,BRG104,Kopi Bubuk,Pembeli Fiktif 160,6,9500
STR/21603,14-06-2023 17:00,BRG101,Gula 1kg,Pembeli Fiktif 160,8,14500
STR/21603,14-06-2023 17:00,BRG104,Kopi Bubuk,Pembeli Fiktif 160,1,9500
STR/21603,14-06-2023 17:00,BRG105,Teh Celup,Pembeli Fiktif 160,11,7000
STR/21604,05-07-2023 19:05,BRG103,Beras 5kg,Pembeli Fiktif 160,9,68000
STR/21604,05-07-2023 19:05,BRG104,Kopi Bubuk,Pembeli Fiktif 160,9,9500
STR/21605,16-07-2023 17:36,BRG105,Teh Celup,Pembeli Fiktif 160,1,7000
STR/21606,21-07-2023 12:35,BRG105,Teh Celup,Pembeli Fiktif 160,4,7000
STR/21606,21-07-2023 12:35,BRG101,Gula 1kg,Pembeli Fiktif 160,9,14500
STR/21607,09-08-2023 20:08,BRG103,Beras 5kg,Pembeli Fiktif 160,2,68000
STR/21607,09-08-2023 20:08,BRG104,Kopi Bubuk,Pembeli Fiktif 160,6,9500
STR/21607,09-08-2023 20:08,BRG101,Gula 1kg,Pembeli Fiktif 160,8,14500
STR/21608,17-08-2023 10:41,BRG103,Beras 5kg,Pembeli Fiktif 160,8,68000
STR/21608,17-08-2023 10:41,BRG102,Minyak 2L,Pembeli Fiktif 160,10,32000
STR/21608,17-08-2023 10:41,BRG106,Sabun Cuci,Pembeli Fiktif 160,8,4500
STR/21609,26-08-2023 11:33,BRG106,Sabun Cuci,Pembeli Fiktif 160,7,4500
STR/21609,26-08-2023 11:33,BRG103,Beras 5kg,Pembeli Fiktif 160,3,68000
STR/21610,10-09-2023 16:45,BRG106,Sabun Cuci,Pembeli Fiktif 160,11,4500
STR/21610,10-09-2023 16:45,BRG103,Beras 5kg,Pembeli Fiktif 160,7,68000
STR/21610,10-09-2023 16:45,BRG104,Kopi Bubuk,Pembeli Fiktif 160,11,9500
STR/21611,18-09-2023 08:29,BRG106,Sabun Cuci,Pembeli Fiktif 160,5,4500
STR/21612,26-09-2023 17:50,BRG104,Kopi Bubuk,Pembeli Fiktif 160,8,9500
STR/21613,02-10-2023 11:56,BRG103,Beras 5kg,Pembeli Fiktif 160,12,68000
STR/21614,08-10-2023 17:23,BRG101,Gula 1kg,Pembeli Fiktif 160,10,14500
STR/21615,13-10-2023 17:36,BRG105,Teh Celup,Pembeli Fiktif 160,10,7000
STR/21615,13-10-2023 17:36,BRG102,Minyak 2L,Pembeli Fiktif 160,6,32000
STR/21615,13-10-2023 17:36,BRG106,Sabun Cuci,Pembeli Fiktif 160,4,4500
STR/21616,18-10-2023 08:55,BRG103,Beras 5kg,Pembeli Fiktif 160,1,68000
STR/21616,18-10-2023 08:55,BRG104,Kopi Bubuk,Pembeli Fiktif 160,8,9500
STR/21617,23-10-2023 12:16,BRG101,Gula 1kg,Pembeli Fiktif 160,4,14500
STR/21618,03-11-2023 20:47,BRG106,Sabun Cuci,Pembeli Fiktif 160,10,4500
STR/21618,03-11-2023 20:47,BRG105,Teh Celup,Pembeli Fiktif 160,8,7000
STR/21618,03-11-2023 20:47,BRG102,Minyak 2L,Pembeli Fiktif 160,12,32000
STR/21619,13-11-2023 20:06,BRG103,Beras 5kg,Pembeli Fiktif 160,8,68000
STR/21619,13-11-2023 20:06,BRG101,Gula 1kg,Pembeli Fiktif 160,11,14500
STR/21619,13-11-2023 20:06,BRG105,Teh Celup,Pembeli Fiktif 160,1,7000
STR/21620,18-11-2023 15:04,BRG106,Sabun Cuci,Pembeli Fiktif 160,1,4500
STR/21620,18-11-2023 15:04,BRG105,Teh Celup,Pembeli Fiktif 160,4,7000
STR/21620,18-11-2023 15:04,BRG102,Minyak 2L,Pembeli Fiktif 160,7,32000
STR/21621,03-12-2023 13:32,BRG106,Sabun Cuci,Pembeli Fiktif 160,6,4500
STR/21621,03-12-2023 13:32,BRG101,Gula 1kg,Pembeli Fiktif 160,9,14500
STR/21621,03-12-2023 13:32,BRG103,Beras 5kg,Pembeli Fiktif 160,9,68000
STR/21622,18-12-2023 15:54,BRG106,Sabun Cuci,Pembeli Fiktif 160,10,4500
STR/21622,18-12-2023 15:54,BRG104,Kopi Bubuk,Pembeli Fiktif 160,9,9500
STR/21622,18-12-2023 15:54,BRG101,Gula 1kg,Pembeli Fiktif 160,6,14500
STR/21623,24-12-2023 17:29,BRG102,Minyak 2L,Pembeli Fiktif 160,3,32000
STR/21623,24-12-2023 17:29,BRG106,Sabun Cuci,Pembeli Fiktif 160,2,4500
STR/21623,24-12-2023 17:29,BRG104,Kopi Bubuk,Pembeli Fiktif 160,7,9500
STR/21624,30-12-2023 08:35,BRG106,Sabun Cuci,Pembeli Fiktif 160,11,4500
STR/21624,30-12-2023 08:35,BRG102,Minyak 2L,Pembeli Fiktif 160,12,32000
STR/21624,30-12-2023 08:35,BRG103,Beras 5kg,Pembeli Fiktif 160,9,68000
STR/21625,08-01-2024 12:07,BRG104,Kopi Bubuk,Pembeli Fiktif 160,8,9500
STR/21625,08-01-2024 12:07,BRG103,Beras 5kg,Pembeli Fiktif 160,7,68000
STR/21626,02-02-2024 08:09,BRG104,Kopi Bubuk,Pembeli Fiktif 160,5,9500
STR/21626,02-02-2024 08:09,BRG106,Sabun Cuci,Pembeli Fiktif 160,10,4500
STR/21626,02-02-2024 08:09,BRG105,Teh Celup,Pembeli Fiktif 160,4,7000
STR/21627,13-02-2024 14:34,BRG104,Kopi Bubuk,Pembeli Fiktif 160,6,9500
STR/21627,13-02-2024 14:34,BRG102,Minyak 2L,Pembeli Fiktif 160,2,32000
STR/21627,13-02-2024 14:34,BRG101,Gula 1kg,Pembeli Fiktif 160,7,14500
STR/21628,14-02-2024 09:38,BRG104,Kopi Bubuk,Pembeli Fiktif 160,5,9500
STR/21629,20-02-2024 19:39,BRG106,Sabun Cuci,Pembeli Fiktif 160,11,4500
STR/21629,20-02-2024 19:39,BRG101,Gula 1kg,Pembeli Fiktif 160,5,14500
STR/21630,12-03-2024 13:04,BRG103,Beras 5kg,Pembeli Fiktif 160,9,68000
STR/21630,12-03-2024 13:04,BRG105,Teh Celup,Pembeli Fiktif 160,7,7000
STR/21630,12-03-2024 13:04,BRG104,Kopi Bubuk,Pembeli Fiktif 160,4,9500
STR/21631,21-03-2024 19:29,BRG104,Kopi Bubuk,Pembeli Fiktif 160,3,9500
STR/21631,21-03-2024 19:29,BRG102,Minyak 2L,Pembeli Fiktif 160,2,32000
STR/21631,21-03-2024 19:29,BRG105,Teh Celup,Pembeli Fiktif 160,5,7000
STR/21632,27-03-2024 20:16,BRG102,Minyak 2L,Pembeli Fiktif 160,9,32000
STR/21632,27-03-2024 20:16,BRG105,Teh Celup,Pembeli Fiktif 160,11,7000
STR/21633,28-03-2024 11:32,BRG104,Kopi Bubuk,Pembeli Fiktif 160,12,9500
STR/21633,28-03-2024 11:32,BRG101,Gula 1kg,Pembeli Fiktif 160,8,14500
STR/21633,28-03-2024 11:32,BRG103,Beras 5kg,Pembeli Fiktif 160,3,68000
STR/21634,29-03-2024 17:27,BRG105,Teh Celup,Pembeli Fiktif 160,10,7000
STR/21635,09-04-2024 08:37,BRG104,Kopi Bubuk,Pembeli Fiktif 160,9,9500
STR/21635,09-04-2024 08:37,BRG106,Sabun Cuci,Pembeli Fiktif 160,7,4500
STR/21635,09-04-2024 08:37,BRG101,Gula 1kg,Pembeli Fiktif 160,12,14500
STR/21636,17-04-2024 20:59,BRG104,Kopi Bubuk,Pembeli Fiktif 160,11,9500
STR/21636,17-04-2024 20:59,BRG102,Minyak 2L,Pembeli Fiktif 160,12,32000
STR/21636,17-04-2024 20:59,BRG105,Teh Celup,Pembeli Fiktif 160,3,7000
STR/21637,22-04-2024 17:49,BRG103,Beras 5kg,Pembeli Fiktif 160,4,68000
STR/21638,30-04-2024 16:50,BRG102,Minyak 2L,Pembeli Fiktif 160,9,32000
STR/21639,04-05-2024 15:32,BRG102,Minyak 2L,Pembeli Fiktif 160,2,32000
STR/21639,04-05-2024 15:32,BRG103,Beras 5kg,Pembeli Fiktif 160,1,68000
STR/21639,04-05-2024 15:32,BRG101,Gula 1kg,Pembeli Fiktif 160,11,14500
STR/21640,09-05-2024 09:17,BRG101,Gula 1kg,Pembeli Fiktif 160,9,14500
STR/21640,09-05-2024 09:17,BRG106,Sabun Cuci,Pembeli Fiktif 160,8,4500
STR/21641,24-05-2024 11:24,BRG104,Kopi Bubuk,Pembeli Fiktif 160,11,9500
STR/21641,24-05-2024 11:24,BRG103,Beras 5kg,Pembeli Fiktif 160,11,68000
STR/21642,10-12-2023 17:01,BRG106,Sabun Cuci,Pembeli Fiktif 161,8,4500
STR/21642,10-12-2023 17:01,BRG101,Gula 1kg,Pembeli Fiktif 161,1,14500
STR/21643,17-12-2023 10:46,BRG103,Beras 5kg,Pembeli Fiktif 161,4,68000
STR/21643,17-12-2023 10:46,BRG106,Sabun Cuci,Pembeli Fiktif 161,8,4500
STR/21644,10-01-2024 16:20,BRG105,Teh Celup,Pembeli Fiktif 161,12,7000
STR/21644,10-01-2024 16:20,BRG102,Minyak 2L,Pembeli Fiktif 161,4,32000
STR/21645,18-02-2024 18:48,BRG104,Kopi Bubuk,Pembeli Fiktif 161,4,9500
STR/21645,18-02-2024 18:48,BRG103,Beras 5kg,Pembeli Fiktif 161,12,68000
STR/21646,08-04-2024 19:31,BRG102,Minyak 2L,Pembeli Fiktif 161,8,32000
STR/21646,08-04-2024 19:31,BRG104,Kopi Bubuk,Pembeli Fiktif 161,5,9500
STR/21646,08-04-2024 19:31,BRG101,Gula 1kg,Pembeli Fiktif 161,11,14500
STR/21647,10-05-2024 08:51,BRG102,Minyak 2L,Pembeli Fiktif 161,1,32000
STR/21647,10-05-2024 08:51,BRG103,Beras 5kg,Pembeli Fiktif 161,2,68000
STR/21648,06-06-2024 15:04,BRG106,Sabun Cuci,Pembeli Fiktif 161,8,4500
STR/21648,06-06-2024 15:04,BRG101,Gula 1kg,Pembeli Fiktif 161,10,14500
STR/21648,06-06-2024 15:04,BRG104,Kopi Bubuk,Pembeli Fiktif 161,8,9500
STR/21649,13-06-2024 09:41,BRG104,Kopi Bubuk,Pembeli Fiktif 161,11,9500
STR/21650,16-06-2024 11:11,BRG104,Kopi Bubuk,Pembeli Fiktif 161,2,9500
STR/21650,16-06-2024 11:11,BRG105,Teh Celup,Pembeli Fiktif 161,4,7000
STR/21650,16-06-2024 11:11,BRG103,Beras 5kg,Pembeli Fiktif 161,7,68000
STR/21651,30-06-2024 19:26,BRG102,Minyak 2L,Pembeli Fiktif 161,12,32000
STR/21651,30-06-2024 19:26,BRG104,Kopi Bubuk,Pembeli Fiktif 161,7,9500
STR/21652,08-08-2024 17:31,BRG103,Beras 5kg,Pembeli Fiktif 161,1,68000
STR/21652,08-08-2024 17:31,BRG106,Sabun Cuci,Pembeli Fiktif 161,10,4500
STR/21653,14-08-2024 16:46,BRG105,Teh Celup,Pembeli Fiktif 161,5,7000
STR/21654,29-08-2024 17:47,BRG102,Minyak 2L,Pembeli Fiktif 161,7,32000
STR/21654,29-08-2024 17:47,BRG104,Kopi Bubuk,Pembeli Fiktif 161,11,9500
STR/21655,05-12-2024 09:32,BRG103,Beras 5kg,Pembeli Fiktif 161,7,68000
STR/21656,31-12-2024 14:41,BRG106,Sabun Cuci,Pembeli Fiktif 161,8,4500
STR/21657,17-09-2024 10:59,BRG106,Sabun Cuci,Pembeli Fiktif 162,1,4500
STR/21657,17-09-2024 10:59,BRG101,Gula 1kg,Pembeli Fiktif 162,7,14500
STR/21658,24-09-2024 09:13,BRG104,Kopi Bubuk,Pembeli Fiktif 162,10,9500
STR/21658,24-09-2024 09:13,BRG106,Sabun Cuci,Pembeli Fiktif 162,7,4500
STR/21658,24-09-2024 09:13,BRG102,Minyak 2L,Pembeli Fiktif 162,4,32000
STR/21659,15-10-2024 19:53,BRG106,Sabun Cuci,Pembeli Fiktif 162,10,4500
STR/21659,15-10-2024 19:53,BRG104,Kopi Bubuk,Pembeli Fiktif 162,9,9500
STR/21660,29-10-2024 13:22,BRG101,Gula 1kg,Pembeli Fiktif 162,4,14500
STR/21661,25-11-2024 10:38,BRG101,Gula 1kg,Pembeli Fiktif 162,4,14500
STR/21662,13-12-2024 18:55,BRG106,Sabun Cuci,Pembeli Fiktif 162,2,4500
STR/21663,21-12-2024 17:10,BRG106,Sabun Cuci,Pembeli Fiktif 162,7,4500
STR/21663,21-12-2024 17:10,BRG102,Minyak 2L,Pembeli Fiktif 162,5,32000
STR/21664,26-11-2023 11:56,BRG106,Sabun Cuci,Pembeli Fiktif 163,8,4500
STR/21664,26-11-2023 11:56,BRG103,Beras 5kg,Pembeli Fiktif 163,4,68000
STR/21664,26-11-2023 11:56,BRG105,Teh Celup,Pembeli Fiktif 163,4,7000
STR/21665,15-01-2024 18:37,BRG105,Teh Celup,Pembeli Fiktif 163,7,7000
STR/21665,15-01-2024 18:37,BRG103,Beras 5kg,Pembeli Fiktif 163,1,68000
STR/21666,02-04-2024 17:30,BRG106,Sabun Cuci,Pembeli Fiktif 163,4,4500
STR/21666,02-04-2024 17:30,BRG105,Teh Celup,Pembeli Fiktif 163,9,7000
STR/21667,16-04-2024 11:28,BRG104,Kopi Bubuk,Pembeli Fiktif 163,4,9500
STR/21667,16-04-2024 11:28,BRG105,Teh Celup,Pembeli Fiktif 163,2,7000
STR/21668,01-05-2024 11:17,BRG105,Teh Celup,Pembeli Fiktif 163,3,7000
STR/21669,08-05-2024 10:13,BRG101,Gula 1kg,Pembeli Fiktif 163,10,14500
STR/21669,08-05-2024 10:13,BRG103,Beras 5kg,Pembeli Fiktif 163,10,68000
STR/21670,15-05-2024 12:16,BRG102,Minyak 2L,Pembeli Fiktif 163,2,32000
STR/21671,13-06-2024 11:44,BRG105,Teh Celup,Pembeli Fiktif 163,2,7000
STR/21671,13-06-2024 11:44,BRG102,Minyak 2L,Pembeli Fiktif 163,4,32000
STR/21671,13-06-2024 11:44,BRG104,Kopi Bubuk,Pembeli Fiktif 163,5,9500
STR/21672,15-06-2024 12:22,BRG105,Teh Celup,Pembeli Fiktif 163,4,7000
STR/21672,15-06-2024 12:22,BRG101,Gula 1kg,Pembeli Fiktif 163,2,14500
STR/21672,15-06-2024 12:22,BRG102,Minyak 2L,Pembeli Fiktif 163,9,32000
STR/21673,01-10-2024 10:36,BRG104,Kopi Bubuk,Pembeli Fiktif 163,9,9500
STR/21673,01-10-2024 10:36,BRG102,Minyak 2L,Pembeli Fiktif 163,7,32000
STR/21674,19-10-2024 09:45,BRG101,Gula 1kg,Pembeli Fiktif 163,1,14500
STR/21674,19-10-2024 09:45,BRG102,Minyak 2L,Pembeli Fiktif 163,5,32000
STR/21674,19-10-2024 09:45,BRG103,Beras 5kg,Pembeli Fiktif 163,1,68000
STR/21675,03-12-2024 17:13,BRG105,Teh Celup,Pembeli Fiktif 163,12,7000
STR/21675,03-12-2024 17:13,BRG101,Gula 1kg,Pembeli Fiktif 163,11,14500
STR/21676,17-12-2024 12:33,BRG106,Sabun Cuci,Pembeli Fiktif 163,1,4500
STR/21676,17-12-2024 12:33,BRG101,Gula 1kg,Pembeli Fiktif 163,1,14500
STR/21676,17-12-2024 12:33,BRG105,Teh Celup,Pembeli Fiktif 163,7,7000
STR/21677,25-03-2023 09:18,BRG106,Sabun Cuci,Pembeli Fiktif 164,12,4500
STR/21677,25-03-2023 09:18,BRG104,Kopi Bubuk,Pembeli Fiktif 164,12,9500
STR/21678,16-10-2023 17:24,BRG101,Gula 1kg,Pembeli Fiktif 164,9,14500
STR/21678,16-10-2023 17:24,BRG102,Minyak 2L,Pembeli Fiktif 164,2,32000
STR/21679,24-12-2023 10:58,BRG104,Kopi Bubuk,Pembeli Fiktif 164,7,9500
STR/21679,24-12-2023 10:58,BRG106,Sabun Cuci,Pembeli Fiktif 164,10,4500
STR/21679,24-12-2023 10:58,BRG101,Gula 1kg,Pembeli Fiktif 164,1,14500
STR/21680,26-01-2024 13:13,BRG101,Gula 1kg,Pembeli Fiktif 164,4,14500
STR/21681,29-05-2024 18:56,BRG103,Beras 5kg,Pembeli Fiktif 164,3,68000
STR/21681,29-05-2024 18:56,BRG106,Sabun Cuci,Pembeli Fiktif 164,1,4500
STR/21681,29-05-2024 18:56,BRG102,Minyak 2L,Pembeli Fiktif 164,10,32000
STR/21682,19-06-2024 11:53,BRG101,Gula 1kg,Pembeli Fiktif 164,10,14500
STR/21682,19-06-2024 11:53,BRG104,Kopi Bubuk,Pembeli Fiktif 164,12,9500
STR/21682,19-06-2024 11:53,BRG102,Minyak 2L,Pembeli Fiktif 164,5,32000
STR/21683,21-06-2024 10:23,BRG104,Kopi Bubuk,Pembeli Fiktif 164,4,9500
STR/21683,21-06-2024 10:23,BRG101,Gula 1kg,Pembeli Fiktif 164,1,14500
STR/21684,11-09-2024 17:06,BRG103,Beras 5kg,Pembeli Fiktif 164,7,68000
STR/21684,11-09-2024 17:06,BRG101,Gula 1kg,Pembeli Fiktif 164,8,14500
STR/21684,11-09-2024 17:06,BRG104,Kopi Bubuk,Pembeli Fiktif 164,9,9500
STR/21685,09-01-2024 09:02,BRG106,Sabun Cuci,Pembeli Fiktif 165,4,4500
STR/21685,09-01-2024 09:02,BRG105,Teh Celup,Pembeli Fiktif 165,9,7000
STR/21685,09-01-2024 09:02,BRG101,Gula 1kg,Pembeli Fiktif 165,4,14500
STR/21686,29-01-2024 14:42,BRG102,Minyak 2L,Pembeli Fiktif 165,2,32000
STR/21687,25-02-2024 18:38,BRG103,Beras 5kg,Pembeli Fiktif 165,12,68000
STR/21688,29-04-2024 13:39,BRG105,Teh Celup,Pembeli Fiktif 165,7,7000
STR/21689,04-06-2024 10:02,BRG101,Gula 1kg,Pembeli Fiktif 165,7,14500
STR/21689,04-06-2024 10:02,BRG106,Sabun Cuci,Pembeli Fiktif 165,11,4500
STR/21689,04-06-2024 10:02,BRG103,Beras 5kg,Pembeli Fiktif 165,8,68000
STR/21690,10-07-2024 18:21,BRG102,Minyak 2L,Pembeli Fiktif 165,9,32000
STR/21690,10-07-2024 18:21,BRG104,Kopi Bubuk,Pembeli Fiktif 165,11,9500
STR/21691,01-09-2024 17:28,BRG106,Sabun Cuci,Pembeli Fiktif 165,12,4500
STR/21691,01-09-2024 17:28,BRG103,Beras 5kg,Pembeli Fiktif 165,7,68000
STR/21692,11-10-2024 12:57,BRG106,Sabun Cuci,Pembeli Fiktif 165,1,4500
STR/21692,11-10-2024 12:57,BRG102,Minyak 2L,Pembeli Fiktif 165,7,32000
STR/21692,11-10-2024 12:57,BRG101,Gula 1kg,Pembeli Fiktif 165,3,14500
STR/21693,16-10-2024 09:58,BRG106,Sabun Cuci,Pembeli Fiktif 165,4,4500
STR/21694,13-11-2024 15:04,BRG101,Gula 1kg,Pembeli Fiktif 165,5,14500
STR/21694,13-11-2024 15:04,BRG105,Teh Celup,Pembeli Fiktif 165,10,7000
STR/21695,20-11-2024 18:07,BRG103,Beras 5kg,Pembeli Fiktif 165,8,68000
STR/21695,20-11-2024 18:07,BRG105,Teh Celup,Pembeli Fiktif 165,5,7000
STR/21696,26-11-2024 08:24,BRG103,Beras 5kg,Pembeli Fiktif 165,10,68000
STR/21696,26-11-2024 08:24,BRG105,Teh Celup,Pembeli Fiktif 165,11,7000
STR/21697,27-07-2024 14:20,BRG106,Sabun Cuci,Pembeli Fiktif 166,4,4500
STR/21697,27-07-2024 14:20,BRG105,Teh Celup,Pembeli Fiktif 166,3,7000
STR/21698,19-11-2024 12:24,BRG102,Minyak 2L,Pembeli Fiktif 167,1,32000
STR/21699,25-11-2024 12:41,BRG106,Sabun Cuci,Pembeli Fiktif 167,3,4500
STR/21700,10-12-2024 11:04,BRG102,Minyak 2L,Pembeli Fiktif 167,7,32000
STR/21700,10-12-2024 11:04,BRG104,Kopi Bubuk,Pembeli Fiktif 167,2,9500
STR/21701,04-12-2023 16:27,BRG106,Sabun Cuci,Pembeli Fiktif 168,12,4500
STR/21702,13-12-2023 19:30,BRG104,Kopi Bubuk,Pembeli Fiktif 168,2,9500
STR/21703,22-12-2023 09:13,BRG101,Gula 1kg,Pembeli Fiktif 168,2,14500
STR/21703,22-12-2023 09:13,BRG105,Teh Celup,Pembeli Fiktif 168,5,7000
STR/21704,26-12-2023 08:16,BRG102,Minyak 2L,Pembeli Fiktif 168,10,32000
STR/21705,05-02-2024 13:06,BRG101,Gula 1kg,Pembeli Fiktif 168,5,14500
STR/21706,19-02-2024 17:06,BRG106,Sabun Cuci,Pembeli Fiktif 168,5,4500
STR/21707,11-03-2024 09:00,BRG103,Beras 5kg,Pembeli Fiktif 168,5,68000
STR/21707,11-03-2024 09:00,BRG101,Gula 1kg,Pembeli Fiktif 168,4,14500
STR/21708,07-04-2024 17:49,BRG104,Kopi Bubuk,Pembeli Fiktif 168,7,9500
STR/21709,05-05-2024 17:24,BRG103,Beras 5kg,Pembeli Fiktif 168,4,68000
STR/21709,05-05-2024 17:24,BRG104,Kopi Bubuk,Pembeli Fiktif 168,3,9500
STR/21710,02-07-2024 12:19,BRG101,Gula 1kg,Pembeli Fiktif 168,6,14500
STR/21710,02-07-2024 12:19,BRG104,Kopi Bubuk,Pembeli Fiktif 168,6,9500
STR/21710,02-07-2024 12:19,BRG102,Minyak 2L,Pembeli Fiktif 168,1,32000
STR/21711,29-08-2024 12:17,BRG101,Gula 1kg,Pembeli Fiktif 168,5,14500
STR/21711,29-08-2024 12:17,BRG105,Teh Celup,Pembeli Fiktif 168,5,7000
STR/21711,29-08-2024 12:17,BRG104,Kopi Bubuk,Pembeli Fiktif 168,11,9500
STR/21712,01-11-2024 11:20,BRG104,Kopi Bubuk,Pembeli Fiktif 168,5,9500
STR/21712,01-11-2024 11:20,BRG105,Teh Celup,Pembeli Fiktif 168,1,7000
STR/21712,01-11-2024 11:20,BRG103,Beras 5kg,Pembeli Fiktif 168,7,68000
STR/21713,14-11-2024 17:14,BRG105,Teh Celup,Pembeli Fiktif 168,12,7000
STR/21713,14-11-2024 17:14,BRG104,Kopi Bubuk,Pembeli Fiktif 168,6,9500
STR/21714,13-12-2024 10:08,BRG106,Sabun Cuci,Pembeli Fiktif 168,3,4500
STR/21714,13-12-2024 10:08,BRG101,Gula 1kg,Pembeli Fiktif 168,11,14500
STR/21715,16-12-2023 12:20,BRG106,Sabun Cuci,Pembeli Fiktif 169,7,4500
STR/21715,16-12-2023 12:20,BRG101,Gula 1kg,Pembeli Fiktif 169,2,14500
STR/21715,16-12-2023 12:20,BRG103,Beras 5kg,Pembeli Fiktif 169,12,68000
STR/21716,13-03-2024 11:36,BRG103,Beras 5kg,Pembeli Fiktif 169,12,68000
STR/21716,13-03-2024 11:36,BRG101,Gula 1kg,Pembeli Fiktif 169,11,14500
STR/21717,03-04-2024 12:52,BRG102,Minyak 2L,Pembeli Fiktif 169,1,32000
STR/21718,05-04-2024 19:52,BRG104,Kopi Bubuk,Pembeli Fiktif 169,10,9500
STR/21718,05-04-2024 19:52,BRG103,Beras 5kg,Pembeli Fiktif 169,7,68000
STR/21719,11-04-2024 08:19,BRG102,Minyak 2L,Pembeli Fiktif 169,7,32000
STR/21719,11-04-2024 08:19,BRG101,Gula 1kg,Pembeli Fiktif 169,7,14500
STR/21719,11-04-2024 08:19,BRG104,Kopi Bubuk,Pembeli Fiktif 169,8,9500
STR/21720,30-04-2024 08:33,BRG101,Gula 1kg,Pembeli Fiktif 169,2,14500
STR/21720,30-04-2024 08:33,BRG102,Minyak 2L,Pembeli Fiktif 169,7,32000
STR/21721,02-05-2024 13:19,BRG101,Gula 1kg,Pembeli Fiktif 169,6,14500
STR/21721,02-05-2024 13:19,BRG105,Teh Celup,Pembeli Fiktif 169,2,7000
STR/21722,09-05-2024 13:56,BRG106,Sabun Cuci,Pembeli Fiktif 169,3,4500
STR/21723,24-05-2024 20:56,BRG104,Kopi Bubuk,Pembeli Fiktif 169,12,9500
STR/21723,24-05-2024 20:56,BRG103,Beras 5kg,Pembeli Fiktif 169,2,68000
STR/21723,24-05-2024 20:56,BRG106,Sabun Cuci,Pembeli Fiktif 169,10,4500
STR/21724,07-07-2024 11:26,BRG106,Sabun Cuci,Pembeli Fiktif 169,1,4500
STR/21724,07-07-2024 11:26,BRG104,Kopi Bubuk,Pembeli Fiktif 169,10,9500
STR/21725,23-07-2024 15:16,BRG105,Teh Celup,Pembeli Fiktif 169,6,7000
STR/21726,12-08-2024 17:02,BRG104,Kopi Bubuk,Pembeli Fiktif 169,3,9500
STR/21726,12-08-2024 17:02,BRG102,Minyak 2L,Pembeli Fiktif 169,6,32000
STR/21727,28-11-2023 17:04,BRG105,Teh Celup,Pembeli Fiktif 170,2,7000
STR/21727,28-11-2023 17:04,BRG102,Minyak 2L,Pembeli Fiktif 170,7,32000
STR/21727,28-11-2023 17:04,BRG103,Beras 5kg,Pembeli Fiktif 170,12,68000
STR/21728,20-01-2024 12:20,BRG101,Gula 1kg,Pembeli Fiktif 170,11,14500
STR/21728,20-01-2024 12:20,BRG104,Kopi Bubuk,Pembeli Fiktif 170,6,9500
STR/21729,22-01-2024 19:03,BRG102,Minyak 2L,Pembeli Fiktif 170,10,32000
STR/21729,22-01-2024 19:03,BRG103,Beras 5kg,Pembeli Fiktif 170,2,68000
STR/21730,10-05-2024 12:29,BRG103,Beras 5kg,Pembeli Fiktif 170,2,68000
STR/21730,10-05-2024 12:29,BRG105,Teh Celup,Pembeli Fiktif 170,12,7000
STR/21730,10-05-2024 12:29,BRG106,Sabun Cuci,Pembeli Fiktif 170,2,4500
STR/21731,23-05-2024 13:37,BRG104,Kopi Bubuk,Pembeli Fiktif 170,2,9500
STR/21731,23-05-2024 13:37,BRG102,Minyak 2L,Pembeli Fiktif 170,9,32000
STR/21731,23-05-2024 13:37,BRG103,Beras 5kg,Pembeli Fiktif 170,9,68000
STR/21732,25-06-2024 08:45,BRG103,Beras 5kg,Pembeli Fiktif 170,1,68000
STR/21732,25-06-2024 08:45,BRG106,Sabun Cuci,Pembeli Fiktif 170,8,4500
STR/21733,25-08-2024 20:57,BRG102,Minyak 2L,Pembeli Fiktif 170,2,32000
STR/21734,13-09-2024 19:50,BRG105,Teh Celup,Pembeli Fiktif 170,11,7000
STR/21734,13-09-2024 19:50,BRG101,Gula 1kg,Pembeli Fiktif 170,2,14500
STR/21735,09-10-2024 11:11,BRG105,Teh Celup,Pembeli Fiktif 170,3,7000
STR/21735,09-10-2024 11:11,BRG102,Minyak 2L,Pembeli Fiktif 170,5,32000
STR/21736,12-10-2024 14:46,BRG104,Kopi Bubuk,Pembeli Fiktif 170,5,9500
STR/21736,12-10-2024 14:46,BRG103,Beras 5kg,Pembeli Fiktif 170,6,68000
STR/21736,12-10-2024 14:46,BRG106,Sabun Cuci,Pembeli Fiktif 170,12,4500
STR/21737,21-10-2024 18:52,BRG103,Beras 5kg,Pembeli Fiktif 170,8,68000
STR/21737,21-10-2024 18:52,BRG106,Sabun Cuci,Pembeli Fiktif 170,4,4500
STR/21737,21-10-2024 18:52,BRG101,Gula 1kg,Pembeli Fiktif 170,10,14500
STR/21738,27-10-2024 08:53,BRG101,Gula 1kg,Pembeli Fiktif 170,4,14500
STR/21738,27-10-2024 08:53,BRG106,Sabun Cuci,Pembeli Fiktif 170,9,4500
STR/21738,27-10-2024 08:53,BRG104,Kopi Bubuk,Pembeli Fiktif 170,11,9500
STR/21739,14-11-2024 16:45,BRG105,Teh Celup,Pembeli Fiktif 170,2,7000
STR/21739,14-11-2024 16:45,BRG104,Kopi Bubuk,Pembeli Fiktif 170,9,9500
STR/21740,21-11-2024 17:46,BRG102,Minyak 2L,Pembeli Fiktif 170,12,32000
STR/21741,14-01-2024 16:20,BRG106,Sabun Cuci,Pembeli Fiktif 171,9,4500
STR/21741,14-01-2024 16:20,BRG102,Minyak 2L,Pembeli Fiktif 171,7,32000
STR/21742,03-07-2024 18:08,BRG104,Kopi Bubuk,Pembeli Fiktif 172,6,9500
STR/21743,05-07-2024 10:54,BRG102,Minyak 2L,Pembeli Fiktif 172,6,32000
STR/21743,05-07-2024 10:54,BRG106,Sabun Cuci,Pembeli Fiktif 172,2,4500
STR/21743,05-07-2024 10:54,BRG105,Teh Celup,Pembeli Fiktif 172,10,7000
STR/21744,16-07-2024 13:59,BRG103,Beras 5kg,Pembeli Fiktif 172,11,68000
STR/21745,12-08-2024 16:14,BRG101,Gula 1kg,Pembeli Fiktif 172,3,14500
STR/21746,27-09-2024 20:43,BRG105,Teh Celup,Pembeli Fiktif 172,5,7000
STR/21746,27-09-2024 20:43,BRG104,Kopi Bubuk,Pembeli Fiktif 172,5,9500
STR/21747,28-09-2024 08:45,BRG104,Kopi Bubuk,Pembeli Fiktif 172,12,9500
STR/21747,28-09-2024 08:45,BRG101,Gula 1kg,Pembeli Fiktif 172,9,14500
STR/21748,30-09-2024 10:56,BRG101,Gula 1kg,Pembeli Fiktif 172,8,14500
STR/21748,30-09-2024 10:56,BRG103,Beras 5kg,Pembeli Fiktif 172,10,68000
STR/21748,30-09-2024 10:56,BRG105,Teh Celup,Pembeli Fiktif 172,4,7000
STR/21749,05-10-2024 12:14,BRG102,Minyak 2L,Pembeli Fiktif 172,5,32000
STR/21750,16-10-2024 18:58,BRG103,Beras 5kg,Pembeli Fiktif 172,11,68000
STR/21750,16-10-2024 18:58,BRG105,Teh Celup,Pembeli Fiktif 172,5,7000
STR/21751,28-10-2024 17:56,BRG103,Beras 5kg,Pembeli Fiktif 172,1,68000
STR/21752,02-11-2024 19:00,BRG105,Teh Celup,Pembeli Fiktif 172,4,7000
STR/21752,02-11-2024 19:00,BRG106,Sabun Cuci,Pembeli Fiktif 172,6,4500
STR/21753,25-11-2024 16:23,BRG101,Gula 1kg,Pembeli Fiktif 172,7,14500
STR/21753,25-11-2024 16:23,BRG106,Sabun Cuci,Pembeli Fiktif 172,8,4500
STR/21753,25-11-2024 16:23,BRG104,Kopi Bubuk,Pembeli Fiktif 172,10,9500
STR/21754,05-12-2024 14:46,BRG102,Minyak 2L,Pembeli Fiktif 172,12,32000
STR/21754,05-12-2024 14:46,BRG105,Teh Celup,Pembeli Fiktif 172,9,7000
STR/21754,05-12-2024 14:46,BRG106,Sabun Cuci,Pembeli Fiktif 172,6,4500
STR/21755,16-07-2023 13:12,BRG101,Gula 1kg,Pembeli Fiktif 173,7,14500
STR/21755,16-07-2023 13:12,BRG106,Sabun Cuci,Pembeli Fiktif 173,2,4500
STR/21755,16-07-2023 13:12,BRG105,Teh Celup,Pembeli Fiktif 173,3,7000
STR/21756,07-08-2023 15:01,BRG102,Minyak 2L,Pembeli Fiktif 173,4,32000
STR/21756,07-08-2023 15:01,BRG104,Kopi Bubuk,Pembeli Fiktif 173,6,9500
STR/21756,07-08-2023 15:01,BRG101,Gula 1kg,Pembeli Fiktif 173,11,14500
STR/21757,19-10-2023 09:19,BRG102,Minyak 2L,Pembeli Fiktif 173,11,32000
STR/21757,19-10-2023 09:19,BRG104,Kopi Bubuk,Pembeli Fiktif 173,5,9500
STR/21757,19-10-2023 09:19,BRG103,Beras 5kg,Pembeli Fiktif 173,6,68000
STR/21758,06-05-2024 09:27,BRG102,Minyak 2L,Pembeli Fiktif 174,8,32000
STR/21758,06-05-2024 09:27,BRG101,Gula 1kg,Pembeli Fiktif 174,9,14500
STR/21759,28-06-2024 08:55,BRG101,Gula 1kg,Pembeli Fiktif 174,10,14500
STR/21760,28-07-2024 09:43,BRG105,Teh Celup,Pembeli Fiktif 174,5,7000
STR/21760,28-07-2024 09:43,BRG104,Kopi Bubuk,Pembeli Fiktif 174,4,9500
STR/21761,02-08-2024 12:17,BRG106,Sabun Cuci,Pembeli Fiktif 174,11,4500
STR/21761,02-08-2024 12:17,BRG103,Beras 5kg,Pembeli Fiktif 174,9,68000
STR/21761,02-08-2024 12:17,BRG105,Teh Celup,Pembeli Fiktif 174,5,7000
STR/21762,17-09-2024 13:29,BRG103,Beras 5kg,Pembeli Fiktif 174,8,68000
STR/21762,17-09-2024 13:29,BRG105,Teh Celup,Pembeli Fiktif 174,1,7000
STR/21762,17-09-2024 13:29,BRG101,Gula 1kg,Pembeli Fiktif 174,4,14500
STR/21763,25-11-2024 20:51,BRG105,Teh Celup,Pembeli Fiktif 174,10,7000
STR/21763,25-11-2024 20:51,BRG104,Kopi Bubuk,Pembeli Fiktif 174,10,9500
STR/21764,11-12-2024 19:56,BRG106,Sabun Cuci,Pembeli Fiktif 174,7,4500
STR/21764,11-12-2024 19:56,BRG105,Teh Celup,Pembeli Fiktif 174,11,7000
STR/21765,21-12-2024 18:01,BRG104,Kopi Bubuk,Pembeli Fiktif 174,5,9500
STR/21765,21-12-2024 18:01,BRG105,Teh Celup,Pembeli Fiktif 174,7,7000
STR/21766,05-09-2023 10:47,BRG106,Sabun Cuci,Pembeli Fiktif 175,11,4500
STR/21766,05-09-2023 10:47,BRG102,Minyak 2L,Pembeli Fiktif 175,9,32000
STR/21766,05-09-2023 10:47,BRG105,Teh Celup,Pembeli Fiktif 175,2,7000
STR/21767,15-09-2023 14:51,BRG104,Kopi Bubuk,Pembeli Fiktif 175,6,9500
STR/21768,17-09-2023 14:10,BRG106,Sabun Cuci,Pembeli Fiktif 175,6,4500
STR/21769,03-10-2023 16:07,BRG104,Kopi Bubuk,Pembeli Fiktif 175,3,9500
STR/21769,03-10-2023 16:07,BRG101,Gula 1kg,Pembeli Fiktif 175,4,14500
STR/21769,03-10-2023 16:07,BRG103,Beras 5kg,Pembeli Fiktif 175,10,68000
STR/21770,19-10-2023 08:50,BRG103,Beras 5kg,Pembeli Fiktif 175,8,68000
STR/21770,19-10-2023 08:50,BRG101,Gula 1kg,Pembeli Fiktif 175,12,14500
STR/21771,26-10-2023 08:48,BRG102,Minyak 2L,Pembeli Fiktif 175,7,32000
STR/21772,06-11-2023 11:53,BRG104,Kopi Bubuk,Pembeli Fiktif 175,3,9500
STR/21773,23-11-2023 09:03,BRG102,Minyak 2L,Pembeli Fiktif 175,12,32000
STR/21773,23-11-2023 09:03,BRG106,Sabun Cuci,Pembeli Fiktif 175,2,4500
STR/21774,28-11-2023 12:50,BRG102,Minyak 2L,Pembeli Fiktif 175,11,32000
STR/21774,28-11-2023 12:50,BRG101,Gula 1kg,Pembeli Fiktif 175,1,14500
STR/21774,28-11-2023 12:50,BRG106,Sabun Cuci,Pembeli Fiktif 175,5,4500
STR/21775,24-12-2023 13:03,BRG104,Kopi Bubuk,Pembeli Fiktif 175,11,9500
STR/21776,28-12-2023 20:31,BRG103,Beras 5kg,Pembeli Fiktif 175,4,68000
STR/21776,28-12-2023 20:31,BRG102,Minyak 2L,Pembeli Fiktif 175,8,32000
STR/21777,23-01-2024 16:46,BRG104,Kopi Bubuk,Pembeli Fiktif 175,6,9500
STR/21778,17-02-2024 10:30,BRG104,Kopi Bubuk,Pembeli Fiktif 175,11,9500
STR/21778,17-02-2024 10:30,BRG103,Beras 5kg,Pembeli Fiktif 175,10,68000
STR/21778,17-02-2024 10:30,BRG105,Teh Celup,Pembeli Fiktif 175,1,7000
STR/21779,01-04-2024 15:38,BRG104,Kopi Bubuk,Pembeli Fiktif 175,12,9500
STR/21779,01-04-2024 15:38,BRG102,Minyak 2L,Pembeli Fiktif 175,2,32000
STR/21779,01-04-2024 15:38,BRG105,Teh Celup,Pembeli Fiktif 175,2,7000
STR/21780,02-04-2024 09:18,BRG104,Kopi Bubuk,Pembeli Fiktif 175,4,9500
STR/21781,29-04-2024 20:39,BRG102,Minyak 2L,Pembeli Fiktif 175,5,32000
STR/21781,29-04-2024 20:39,BRG105,Teh Celup,Pembeli Fiktif 175,8,7000
STR/21782,18-05-2024 08:41,BRG104,Kopi Bubuk,Pembeli Fiktif 175,12,9500
STR/21782,18-05-2024 08:41,BRG101,Gula 1kg,Pembeli Fiktif 175,2,14500
STR/21782,18-05-2024 08:41,BRG105,Teh Celup,Pembeli Fiktif 175,6,7000
STR/21783,26-05-2024 10:55,BRG103,Beras 5kg,Pembeli Fiktif 175,5,68000
STR/21783,26-05-2024 10:55,BRG102,Minyak 2L,Pembeli Fiktif 175,9,32000
STR/21784,05-06-2024 14:47,BRG106,Sabun Cuci,Pembeli Fiktif 175,8,4500
STR/21784,05-06-2024 14:47,BRG102,Minyak 2L,Pembeli Fiktif 175,8,32000
STR/21785,07-06-2024 16:55,BRG104,Kopi Bubuk,Pembeli Fiktif 175,6,9500
STR/21785,07-06-2024 16:55,BRG106,Sabun Cuci,Pembeli Fiktif 175,10,4500
STR/21786,09-06-2024 14:45,BRG105,Teh Celup,Pembeli Fiktif 175,6,7000
STR/21786,09-06-2024 14:45,BRG104,Kopi Bubuk,Pembeli Fiktif 175,5,9500
STR/21787,02-07-2024 20:11,BRG102,Minyak 2L,Pembeli Fiktif 175,8,32000
STR/21787,02-07-2024 20:11,BRG105,Teh Celup,Pembeli Fiktif 175,6,7000
STR/21787,02-07-2024 20:11,BRG103,Beras 5kg,Pembeli Fiktif 175,10,68000
STR/21788,10-07-2024 10:32,BRG102,Minyak 2L,Pembeli Fiktif 175,4,32000
STR/21788,10-07-2024 10:32,BRG104,Kopi Bubuk,Pembeli Fiktif 175,8,9500
STR/21789,20-01-2024 20:59,BRG104,Kopi Bubuk,Pembeli Fiktif 176,5,9500
STR/21789,20-01-2024 20:59,BRG102,Minyak 2L,Pembeli Fiktif 176,4,32000
STR/21789,20-01-2024 20:59,BRG101,Gula 1kg,Pembeli Fiktif 176,11,14500
STR/21790,26-01-2024 11:13,BRG101,Gula 1kg,Pembeli Fiktif 176,2,14500
STR/21790,26-01-2024 11:13,BRG102,Minyak 2L,Pembeli Fiktif 176,7,32000
STR/21790,26-01-2024 11:13,BRG106,Sabun Cuci,Pembeli Fiktif 176,1,4500
STR/21791,26-10-2024 17:30,BRG102,Minyak 2L,Pembeli Fiktif 177,3,32000
STR/21791,26-10-2024 17:30,BRG101,Gula 1kg,Pembeli Fiktif 177,11,14500
STR/21792,27-10-2024 12:08,BRG106,Sabun Cuci,Pembeli Fiktif 177,2,4500
STR/21792,27-10-2024 12:08,BRG101,Gula 1kg,Pembeli Fiktif 177,11,14500
STR/21793,01-12-2024 16:52,BRG102,Minyak 2L,Pembeli Fiktif 177,5,32000
STR/21793,01-12-2024 16:52,BRG106,Sabun Cuci,Pembeli Fiktif 177,2,4500
STR/21794,12-10-2023 08:07,BRG106,Sabun Cuci,Pembeli Fiktif 178,5,4500
STR/21794,12-10-2023 08:07,BRG104,Kopi Bubuk,Pembeli Fiktif 178,8,9500
STR/21794,12-10-2023 08:07,BRG101,Gula 1kg,Pembeli Fiktif 178,2,14500
STR/21795,19-10-2023 17:21,BRG102,Minyak 2L,Pembeli Fiktif 178,5,32000
STR/21795,19-10-2023 17:21,BRG103,Beras 5kg,Pembeli Fiktif 178,10,68000
STR/21796,30-01-2024 18:37,BRG104,Kopi Bubuk,Pembeli Fiktif 178,2,9500
STR/21796,30-01-2024 18:37,BRG106,Sabun Cuci,Pembeli Fiktif 178,12,4500
STR/21797,07-02-2024 12:25,BRG105,Teh Celup,Pembeli Fiktif 178,3,7000
STR/21797,07-02-2024 12:25,BRG101,Gula 1kg,Pembeli Fiktif 178,4,14500
STR/21797,07-02-2024 12:25,BRG106,Sabun Cuci,Pembeli Fiktif 178,6,4500
STR/21798,06-05-2024 18:02,BRG104,Kopi Bubuk,Pembeli Fiktif 178,1,9500
STR/21799,14-05-2024 14:55,BRG105,Teh Celup,Pembeli Fiktif 178,7,7000
STR/21799,14-05-2024 14:55,BRG101,Gula 1kg,Pembeli Fiktif 178,5,14500
STR/21800,28-06-2024 12:09,BRG105,Teh Celup,Pembeli Fiktif 178,4,7000
STR/21800,28-06-2024 12:09,BRG104,Kopi Bubuk,Pembeli Fiktif 178,10,9500
STR/21800,28-06-2024 12:09,BRG106,Sabun Cuci,Pembeli Fiktif 178,1,4500
STR/21801,02-07-2024 15:34,BRG105,Teh Celup,Pembeli Fiktif 178,5,7000
STR/21802,06-07-2024 15:27,BRG102,Minyak 2L,Pembeli Fiktif 178,10,32000
STR/21803,20-07-2024 12:26,BRG101,Gula 1kg,Pembeli Fiktif 178,2,14500
STR/21803,20-07-2024 12:26,BRG104,Kopi Bubuk,Pembeli Fiktif 178,1,9500
STR/21804,07-09-2024 12:15,BRG105,Teh Celup,Pembeli Fiktif 178,10,7000
STR/21804,07-09-2024 12:15,BRG101,Gula 1kg,Pembeli Fiktif 178,2,14500
STR/21805,26-10-2024 13:48,BRG104,Kopi Bubuk,Pembeli Fiktif 178,8,9500
STR/21806,12-11-2024 08:20,BRG106,Sabun Cuci,Pembeli Fiktif 178,7,4500
STR/21806,12-11-2024 08:20,BRG101,Gula 1kg,Pembeli Fiktif 178,7,14500
STR/21807,13-11-2024 15:28,BRG106,Sabun Cuci,Pembeli Fiktif 178,9,4500
STR/21807,13-11-2024 15:28,BRG102,Minyak 2L,Pembeli Fiktif 178,4,32000
STR/21808,11-12-2024 15:40,BRG101,Gula 1kg,Pembeli Fiktif 178,12,14500
STR/21809,20-12-2024 15:00,BRG104,Kopi Bubuk,Pembeli Fiktif 178,11,9500
STR/21809,20-12-2024 15:00,BRG106,Sabun Cuci,Pembeli Fiktif 178,10,4500
STR/21810,12-03-2023 17:22,BRG103,Beras 5kg,Pembeli Fiktif 179,10,68000
STR/21810,12-03-2023 17:22,BRG101,Gula 1kg,Pembeli Fiktif 179,3,14500
STR/21810,12-03-2023 17:22,BRG102,Minyak 2L,Pembeli Fiktif 179,9,32000
STR/21811,06-10-2023 14:25,BRG105,Teh Celup,Pembeli Fiktif 180,10,7000
STR/21812,13-11-2023 12:20,BRG103,Beras 5kg,Pembeli Fiktif 180,7,68000
STR/21812,13-11-2023 12:20,BRG106,Sabun Cuci,Pembeli Fiktif 180,6,4500
STR/21813,03-06-2023 18:27,BRG103,Beras 5kg,Pembeli Fiktif 181,11,68000
STR/21813,03-06-2023 18:27,BRG101,Gula 1kg,Pembeli Fiktif 181,4,14500
STR/21814,11-06-2023 11:08,BRG105,Teh Celup,Pembeli Fiktif 181,10,7000
STR/21814,11-06-2023 11:08,BRG106,Sabun Cuci,Pembeli Fiktif 181,9,4500
STR/21814,11-06-2023 11:08,BRG104,Kopi Bubuk,Pembeli Fiktif 181,10,9500
STR/21815,12-06-2023 08:07,BRG101,Gula 1kg,Pembeli Fiktif 181,1,14500
STR/21815,12-06-2023 08:07,BRG105,Teh Celup,Pembeli Fiktif 181,4,7000
STR/21816,13-06-2023 11:26,BRG101,Gula 1kg,Pembeli Fiktif 181,10,14500
STR/21817,16-06-2023 17:18,BRG105,Teh Celup,Pembeli Fiktif 181,8,7000
STR/21818,17-06-2023 12:32,BRG106,Sabun Cuci,Pembeli Fiktif 181,4,4500
STR/21818,17-06-2023 12:32,BRG101,Gula 1kg,Pembeli Fiktif 181,12,14500
STR/21819,01-07-2023 10:10,BRG106,Sabun Cuci,Pembeli Fiktif 181,7,4500
STR/21819,01-07-2023 10:10,BRG102,Minyak 2L,Pembeli Fiktif 181,10,32000
STR/21820,18-07-2023 14:04,BRG105,Teh Celup,Pembeli Fiktif 181,1,7000
STR/21821,27-07-2023 10:29,BRG104,Kopi Bubuk,Pembeli Fiktif 181,2,9500
STR/21822,31-07-2023 17:48,BRG104,Kopi Bubuk,Pembeli Fiktif 181,9,9500
STR/21823,11-08-2023 09:20,BRG105,Teh Celup,Pembeli Fiktif 181,5,7000
STR/21824,25-08-2023 10:35,BRG102,Minyak 2L,Pembeli Fiktif 181,8,32000
STR/21824,25-08-2023 10:35,BRG106,Sabun Cuci,Pembeli Fiktif 181,3,4500
STR/21825,06-11-2023 18:09,BRG102,Minyak 2L,Pembeli Fiktif 181,5,32000
STR/21825,06-11-2023 18:09,BRG104,Kopi Bubuk,Pembeli Fiktif 181,1,9500
STR/21825,06-11-2023 18:09,BRG106,Sabun Cuci,Pembeli Fiktif 181,6,4500
STR/21826,15-11-2023 17:10,BRG102,Minyak 2L,Pembeli Fiktif 181,8,32000
STR/21826,15-11-2023 17:10,BRG103,Beras 5kg,Pembeli Fiktif 181,5,68000
STR/21827,30-11-2023 11:11,BRG105,Teh Celup,Pembeli Fiktif 181,4,7000
STR/21827,30-11-2023 11:11,BRG104,Kopi Bubuk,Pembeli Fiktif 181,5,9500
STR/21828,14-12-2023 20:32,BRG104,Kopi Bubuk,Pembeli Fiktif 181,1,9500
STR/21829,21-12-2023 08:49,BRG101,Gula 1kg,Pembeli Fiktif 181,1,14500
STR/21829,21-12-2023 08:49,BRG104,Kopi Bubuk,Pembeli Fiktif 181,9,9500
STR/21829,21-12-2023 08:49,BRG105,Teh Celup,Pembeli Fiktif 181,11,7000
STR/21830,20-01-2024 10:20,BRG105,Teh Celup,Pembeli Fiktif 181,9,7000
STR/21830,20-01-2024 10:20,BRG101,Gula 1kg,Pembeli Fiktif 181,9,14500
STR/21831,16-03-2024 10:57,BRG101,Gula 1kg,Pembeli Fiktif 181,6,14500
STR/21831,16-03-2024 10:57,BRG103,Beras 5kg,Pembeli Fiktif 181,1,68000
STR/21832,10-05-2024 14:35,BRG101,Gula 1kg,Pembeli Fiktif 181,1,14500
STR/21832,10-05-2024 14:35,BRG103,Beras 5kg,Pembeli Fiktif 181,6,68000
STR/21833,11-05-2024 14:38,BRG104,Kopi Bubuk,Pembeli Fiktif 181,8,9500
STR/21833,11-05-2024 14:38,BRG101,Gula 1kg,Pembeli Fiktif 181,1,14500
STR/21834,30-05-2024 12:41,BRG104,Kopi Bubuk,Pembeli Fiktif 181,11,9500
STR/21835,09-06-2024 11:02,BRG106,Sabun Cuci,Pembeli Fiktif 181,5,4500
STR/21835,09-06-2024 11:02,BRG105,Teh Celup,Pembeli Fiktif 181,4,7000
STR/21835,09-06-2024 11:02,BRG104,Kopi Bubuk,Pembeli Fiktif 181,2,9500
STR/21836,17-07-2024 15:48,BRG105,Teh Celup,Pembeli Fiktif 181,3,7000
STR/21837,28-07-2024 13:13,BRG103,Beras 5kg,Pembeli Fiktif 181,4,68000
STR/21837,28-07-2024 13:13,BRG102,Minyak 2L,Pembeli Fiktif 181,6,32000
STR/21838,08-08-2024 19:27,BRG103,Beras 5kg,Pembeli Fiktif 181,2,68000
STR/21838,08-08-2024 19:27,BRG106,Sabun Cuci,Pembeli Fiktif 181,7,4500
STR/21838,08-08-2024 19:27,BRG104,Kopi Bubuk,Pembeli Fiktif 181,6,9500
STR/21839,23-08-2024 08:58,BRG106,Sabun Cuci,Pembeli Fiktif 181,9,4500
STR/21840,12-09-2024 19:31,BRG104,Kopi Bubuk,Pembeli Fiktif 181,4,9500
STR/21840,12-09-2024 19:31,BRG105,Teh Celup,Pembeli Fiktif 181,6,7000
STR/21841,20-10-2024 18:38,BRG105,Teh Celup,Pembeli Fiktif 181,5,7000
STR/21841,20-10-2024 18:38,BRG101,Gula 1kg,Pembeli Fiktif 181,10,14500
STR/21842,24-11-2024 13:45,BRG106,Sabun Cuci,Pembeli Fiktif 181,7,4500
STR/21843,23-03-2023 17:05,BRG105,Teh Celup,Pembeli Fiktif 182,5,7000
STR/21843,23-03-2023 17:05,BRG106,Sabun Cuci,Pembeli Fiktif 182,3,4500
STR/21843,23-03-2023 17:05,BRG102,Minyak 2L,Pembeli Fiktif 182,11,32000
STR/21844,09-06-2023 17:50,BRG102,Minyak 2L,Pembeli Fiktif 182,4,32000
STR/21845,13-07-2023 19:30,BRG104,Kopi Bubuk,Pembeli Fiktif 182,5,9500
STR/21845,13-07-2023 19:30,BRG101,Gula 1kg,Pembeli Fiktif 182,8,14500
STR/21846,19-08-2023 14:38,BRG106,Sabun Cuci,Pembeli Fiktif 182,7,4500
STR/21847,09-10-2023 09:03,BRG105,Teh Celup,Pembeli Fiktif 182,6,7000
STR/21848,15-11-2023 18:02,BRG103,Beras 5kg,Pembeli Fiktif 182,9,68000
STR/21848,15-11-2023 18:02,BRG101,Gula 1kg,Pembeli Fiktif 182,5,14500
STR/21849,16-01-2024 10:00,BRG105,Teh Celup,Pembeli Fiktif 182,11,7000
STR/21850,27-02-2024 19:29,BRG106,Sabun Cuci,Pembeli Fiktif 182,11,4500
STR/21850,27-02-2024 19:29,BRG102,Minyak 2L,Pembeli Fiktif 182,3,32000
STR/21850,27-02-2024 19:29,BRG105,Teh Celup,Pembeli Fiktif 182,10,7000
STR/21851,18-03-2024 18:39,BRG106,Sabun Cuci,Pembeli Fiktif 182,12,4500
STR/21851,18-03-2024 18:39,BRG104,Kopi Bubuk,Pembeli Fiktif 182,5,9500
STR/21852,02-05-2024 17:15,BRG105,Teh Celup,Pembeli Fiktif 182,2,7000
STR/21853,29-05-2024 12:31,BRG103,Beras 5kg,Pembeli Fiktif 182,7,68000
STR/21854,25-08-2024 08:47,BRG101,Gula 1kg,Pembeli Fiktif 182,4,14500
STR/21854,25-08-2024 08:47,BRG104,Kopi Bubuk,Pembeli Fiktif 182,7,9500
STR/21855,07-10-2024 13:35,BRG105,Teh Celup,Pembeli Fiktif 182,12,7000
STR/21855,07-10-2024 13:35,BRG101,Gula 1kg,Pembeli Fiktif 182,3,14500
STR/21856,19-10-2024 11:11,BRG105,Teh Celup,Pembeli Fiktif 182,11,7000
STR/21857,24-02-2024 20:38,BRG102,Minyak 2L,Pembeli Fiktif 183,11,32000
STR/21857,24-02-2024 20:38,BRG105,Teh Celup,Pembeli Fiktif 183,8,7000
STR/21857,24-02-2024 20:38,BRG104,Kopi Bubuk,Pembeli Fiktif 183,11,9500
STR/21858,11-03-2024 18:12,BRG103,Beras 5kg,Pembeli Fiktif 183,7,68000
STR/21858,11-03-2024 18:12,BRG104,Kopi Bubuk,Pembeli Fiktif 183,12,9500
STR/21858,11-03-2024 18:12,BRG105,Teh Celup,Pembeli Fiktif 183,2,7000
STR/21859,02-04-2024 10:25,BRG105,Teh Celup,Pembeli Fiktif 183,10,7000
STR/21859,02-04-2024 10:25,BRG103,Beras 5kg,Pembeli Fiktif 183,10,68000
STR/21860,13-04-2024 08:15,BRG105,Teh Celup,Pembeli Fiktif 183,7,7000
STR/21860,13-04-2024 08:15,BRG101,Gula 1kg,Pembeli Fiktif 183,1,14500
STR/21860,13-04-2024 08:15,BRG106,Sabun Cuci,Pembeli Fiktif 183,3,4500
STR/21861,14-04-2024 19:57,BRG101,Gula 1kg,Pembeli Fiktif 183,2,14500
STR/21861,14-04-2024 19:57,BRG104,Kopi Bubuk,Pembeli Fiktif 183,8,9500
STR/21862,26-07-2024 14:43,BRG101,Gula 1kg,Pembeli Fiktif 183,10,14500
STR/21862,26-07-2024 14:43,BRG102,Minyak 2L,Pembeli Fiktif 183,6,32000
STR/21863,25-09-2024 17:25,BRG103,Beras 5kg,Pembeli Fiktif 183,6,68000
STR/21863,25-09-2024 17:25,BRG106,Sabun Cuci,Pembeli Fiktif 183,4,4500
STR/21864,25-11-2024 15:56,BRG104,Kopi Bubuk,Pembeli Fiktif 183,10,9500
STR/21864,25-11-2024 15:56,BRG105,Teh Celup,Pembeli Fiktif 183,3,7000
STR/21865,31-12-2024 12:03,BRG101,Gula 1kg,Pembeli Fiktif 183,11,14500
STR/21866,16-03-2023 18:39,BRG106,Sabun Cuci,Pembeli Fiktif 184,5,4500
STR/21866,16-03-2023 18:39,BRG101,Gula 1kg,Pembeli Fiktif 184,4,14500
STR/21866,16-03-2023 18:39,BRG104,Kopi Bubuk,Pembeli Fiktif 184,8,9500
STR/21867,27-03-2023 10:51,BRG102,Minyak 2L,Pembeli Fiktif 184,7,32000
STR/21867,27-03-2023 10:51,BRG105,Teh Celup,Pembeli Fiktif 184,11,7000
STR/21867,27-03-2023 10:51,BRG101,Gula 1kg,Pembeli Fiktif 184,1,14500
STR/21868,31-03-2023 18:29,BRG106,Sabun Cuci,Pembeli Fiktif 184,2,4500
STR/21868,31-03-2023 18:29,BRG101,Gula 1kg,Pembeli Fiktif 184,2,14500
STR/21868,31-03-2023 18:29,BRG105,Teh Celup,Pembeli Fiktif 184,1,7000
STR/21869,11-04-2023 20:35,BRG105,Teh Celup,Pembeli Fiktif 184,12,7000
STR/21869,11-04-2023 20:35,BRG106,Sabun Cuci,Pembeli Fiktif 184,8,4500
STR/21870,23-04-2023 08:57,BRG103,Beras 5kg,Pembeli Fiktif 184,10,68000
STR/21871,28-04-2023 18:10,BRG102,Minyak 2L,Pembeli Fiktif 184,5,32000
STR/21871,28-04-2023 18:10,BRG103,Beras 5kg,Pembeli Fiktif 184,5,68000
STR/21872,03-05-2023 16:50,BRG102,Minyak 2L,Pembeli Fiktif 184,2,32000
STR/21872,03-05-2023 16:50,BRG103,Beras 5kg,Pembeli Fiktif 184,10,68000
STR/21873,04-05-2023 17:58,BRG106,Sabun Cuci,Pembeli Fiktif 184,12,4500
STR/21874,11-05-2023 18:16,BRG104,Kopi Bubuk,Pembeli Fiktif 184,5,9500
STR/21874,11-05-2023 18:16,BRG106,Sabun Cuci,Pembeli Fiktif 184,2,4500
STR/21874,11-05-2023 18:16,BRG105,Teh Celup,Pembeli Fiktif 184,7,7000
STR/21875,13-05-2023 20:09,BRG101,Gula 1kg,Pembeli Fiktif 184,2,14500
STR/21876,19-05-2023 09:22,BRG102,Minyak 2L,Pembeli Fiktif 184,11,32000
STR/21876,19-05-2023 09:22,BRG101,Gula 1kg,Pembeli Fiktif 184,12,14500
STR/21876,19-05-2023 09:22,BRG105,Teh Celup,Pembeli Fiktif 184,12,7000
STR/21877,16-06-2023 11:54,BRG102,Minyak 2L,Pembeli Fiktif 184,10,32000
STR/21877,16-06-2023 11:54,BRG103,Beras 5kg,Pembeli Fiktif 184,11,68000
STR/21878,02-07-2023 14:18,BRG105,Teh Celup,Pembeli Fiktif 184,5,7000
STR/21878,02-07-2023 14:18,BRG102,Minyak 2L,Pembeli Fiktif 184,4,32000
STR/21878,02-07-2023 14:18,BRG103,Beras 5kg,Pembeli Fiktif 184,7,68000
STR/21879,16-08-2023 19:32,BRG103,Beras 5kg,Pembeli Fiktif 184,5,68000
STR/21879,16-08-2023 19:32,BRG105,Teh Celup,Pembeli Fiktif 184,4,7000
STR/21879,16-08-2023 19:32,BRG102,Minyak 2L,Pembeli Fiktif 184,11,32000
STR/21880,19-09-2023 16:26,BRG101,Gula 1kg,Pembeli Fiktif 184,2,14500
STR/21880,19-09-2023 16:26,BRG102,Minyak 2L,Pembeli Fiktif 184,9,32000
STR/21880,19-09-2023 16:26,BRG104,Kopi Bubuk,Pembeli Fiktif 184,10,9500
STR/21881,31-10-2023 15:53,BRG103,Beras 5kg,Pembeli Fiktif 184,10,68000
STR/21881,31-10-2023 15:53,BRG102,Minyak 2L,Pembeli Fiktif 184,12,32000
STR/21881,31-10-2023 15:53,BRG104,Kopi Bubuk,Pembeli Fiktif 184,8,9500
STR/21882,13-11-2023 12:27,BRG102,Minyak 2L,Pembeli Fiktif 184,2,32000
STR/21882,13-11-2023 12:27,BRG103,Beras 5kg,Pembeli Fiktif 184,5,68000
STR/21882,13-11-2023 12:27,BRG104,Kopi Bubuk,Pembeli Fiktif 184,6,9500
STR/21883,02-12-2023 09:36,BRG102,Minyak 2L,Pembeli Fiktif 184,8,32000
STR/21883,02-12-2023 09:36,BRG104,Kopi Bubuk,Pembeli Fiktif 184,1,9500
STR/21884,20-12-2023 12:49,BRG104,Kopi Bubuk,Pembeli Fiktif 184,3,9500
STR/21884,20-12-2023 12:49,BRG105,Teh Celup,Pembeli Fiktif 184,12,7000
STR/21884,20-12-2023 12:49,BRG102,Minyak 2L,Pembeli Fiktif 184,11,32000
STR/21885,22-12-2023 14:12,BRG105,Teh Celup,Pembeli Fiktif 184,11,7000
STR/21885,22-12-2023 14:12,BRG102,Minyak 2L,Pembeli Fiktif 184,9,32000
STR/21886,14-01-2024 09:20,BRG104,Kopi Bubuk,Pembeli Fiktif 184,5,9500
STR/21886,14-01-2024 09:20,BRG105,Teh Celup,Pembeli Fiktif 184,11,7000
STR/21886,14-01-2024 09:20,BRG101,Gula 1kg,Pembeli Fiktif 184,2,14500
STR/21887,20-01-2024 10:05,BRG101,Gula 1kg,Pembeli Fiktif 184,12,14500
STR/21887,20-01-2024 10:05,BRG102,Minyak 2L,Pembeli Fiktif 184,2,32000
STR/21887,20-01-2024 10:05,BRG106,Sabun Cuci,Pembeli Fiktif 184,6,4500
STR/21888,27-01-2024 18:04,BRG101,Gula 1kg,Pembeli Fiktif 184,10,14500
STR/21888,27-01-2024 18:04,BRG102,Minyak 2L,Pembeli Fiktif 184,1,32000
STR/21888,27-01-2024 18:04,BRG103,Beras 5kg,Pembeli Fiktif 184,8,68000
STR/21889,02-02-2024 11:11,BRG104,Kopi Bubuk,Pembeli Fiktif 184,2,9500
STR/21889,02-02-2024 11:11,BRG106,Sabun Cuci,Pembeli Fiktif 184,10,4500
STR/21890,05-02-2024 11:04,BRG102,Minyak 2L,Pembeli Fiktif 184,10,32000
STR/21890,05-02-2024 11:04,BRG105,Teh Celup,Pembeli Fiktif 184,8,7000
STR/21890,05-02-2024 11:04,BRG104,Kopi Bubuk,Pembeli Fiktif 184,4,9500
STR/21891,16-02-2024 09:20,BRG101,Gula 1kg,Pembeli Fiktif 184,7,14500
STR/21891,16-02-2024 09:20,BRG106,Sabun Cuci,Pembeli Fiktif 184,5,4500
STR/21892,24-02-2024 13:39,BRG102,Minyak 2L,Pembeli Fiktif 184,6,32000
STR/21893,06-03-2024 08:34,BRG104,Kopi Bubuk,Pembeli Fiktif 184,4,9500
STR/21893,06-03-2024 08:34,BRG103,Beras 5kg,Pembeli Fiktif 184,7,68000
STR/21894,13-03-2024 14:42,BRG106,Sabun Cuci,Pembeli Fiktif 184,9,4500
STR/21895,23-03-2024 08:56,BRG105,Teh Celup,Pembeli Fiktif 184,12,7000
STR/21896,29-03-2024 09:08,BRG106,Sabun Cuci,Pembeli Fiktif 184,2,4500
STR/21896,29-03-2024 09:08,BRG104,Kopi Bubuk,Pembeli Fiktif 184,11,9500
STR/21896,29-03-2024 09:08,BRG102,Minyak 2L,Pembeli Fiktif 184,5,32000
STR/21897,31-03-2024 20:41,BRG103,Beras 5kg,Pembeli Fiktif 184,4,68000
STR/21897,31-03-2024 20:41,BRG102,Minyak 2L,Pembeli Fiktif 184,2,32000
STR/21897,31-03-2024 20:41,BRG101,Gula 1kg,Pembeli Fiktif 184,8,14500
STR/21898,19-04-2024 13:36,BRG102,Minyak 2L,Pembeli Fiktif 184,5,32000
STR/21899,24-04-2024 11:48,BRG103,Beras 5kg,Pembeli Fiktif 184,7,68000
STR/21899,24-04-2024 11:48,BRG106,Sabun Cuci,Pembeli Fiktif 184,1,4500
STR/21900,04-05-2024 09:58,BRG104,Kopi Bubuk,Pembeli Fiktif 184,9,9500
STR/21901,08-05-2024 13:50,BRG105,Teh Celup,Pembeli Fiktif 184,2,7000
STR/21902,12-05-2024 11:01,BRG102,Minyak 2L,Pembeli Fiktif 184,10,32000
STR/21902,12-05-2024 11:01,BRG106,Sabun Cuci,Pembeli Fiktif 184,10,4500
STR/21903,15-05-2024 10:54,BRG106,Sabun Cuci,Pembeli Fiktif 184,2,4500
STR/21904,29-05-2024 12:37,BRG104,Kopi Bubuk,Pembeli Fiktif 184,9,9500
STR/21904,29-05-2024 12:37,BRG106,Sabun Cuci,Pembeli Fiktif 184,12,4500
STR/21905,29-06-2024 09:44,BRG101,Gula 1kg,Pembeli Fiktif 184,3,14500
STR/21906,23-08-2024 14:21,BRG103,Beras 5kg,Pembeli Fiktif 184,10,68000
STR/21907,17-09-2024 13:18,BRG104,Kopi Bubuk,Pembeli Fiktif 184,10,9500
STR/21907,17-09-2024 13:18,BRG105,Teh Celup,Pembeli Fiktif 184,6,7000
STR/21908,23-09-2024 13:38,BRG106,Sabun Cuci,Pembeli Fiktif 184,2,4500
STR/21909,01-10-2024 18:09,BRG101,Gula 1kg,Pembeli Fiktif 184,12,14500
STR/21909,01-10-2024 18:09,BRG105,Teh Celup,Pembeli Fiktif 184,11,7000
STR/21910,12-10-2024 08:55,BRG102,Minyak 2L,Pembeli Fiktif 184,4,32000
STR/21911,10-06-2023 11:29,BRG106,Sabun Cuci,Pembeli Fiktif 185,1,4500
STR/21912,14-06-2023 12:33,BRG102,Minyak 2L,Pembeli Fiktif 185,7,32000
STR/21912,14-06-2023 12:33,BRG101,Gula 1kg,Pembeli Fiktif 185,11,14500
STR/21913,30-06-2023 12:59,BRG103,Beras 5kg,Pembeli Fiktif 185,9,68000
STR/21913,30-06-2023 12:59,BRG102,Minyak 2L,Pembeli Fiktif 185,1,32000
STR/21914,19-07-2023 08:30,BRG103,Beras 5kg,Pembeli Fiktif 185,2,68000
STR/21915,10-08-2023 11:17,BRG102,Minyak 2L,Pembeli Fiktif 185,5,32000
STR/21916,19-08-2023 11:15,BRG106,Sabun Cuci,Pembeli Fiktif 185,7,4500
STR/21916,19-08-2023 11:15,BRG105,Teh Celup,Pembeli Fiktif 185,1,7000
STR/21917,28-08-2023 19:52,BRG104,Kopi Bubuk,Pembeli Fiktif 185,6,9500
STR/21917,28-08-2023 19:52,BRG101,Gula 1kg,Pembeli Fiktif 185,8,14500
STR/21917,28-08-2023 19:52,BRG105,Teh Celup,Pembeli Fiktif 185,10,7000
STR/21918,15-09-2023 09:06,BRG104,Kopi Bubuk,Pembeli Fiktif 185,3,9500
STR/21918,15-09-2023 09:06,BRG105,Teh Celup,Pembeli Fiktif 185,5,7000
STR/21919,04-10-2023 14:28,BRG105,Teh Celup,Pembeli Fiktif 185,10,7000
STR/21919,04-10-2023 14:28,BRG104,Kopi Bubuk,Pembeli Fiktif 185,11,9500
STR/21920,04-11-2023 10:10,BRG103,Beras 5kg,Pembeli Fiktif 185,9,68000
STR/21920,04-11-2023 10:10,BRG102,Minyak 2L,Pembeli Fiktif 185,8,32000
STR/21921,03-01-2024 20:40,BRG103,Beras 5kg,Pembeli Fiktif 185,9,68000
STR/21922,04-01-2024 14:31,BRG103,Beras 5kg,Pembeli Fiktif 185,3,68000
STR/21922,04-01-2024 14:31,BRG104,Kopi Bubuk,Pembeli Fiktif 185,12,9500
STR/21922,04-01-2024 14:31,BRG101,Gula 1kg,Pembeli Fiktif 185,7,14500
STR/21923,05-02-2024 12:13,BRG101,Gula 1kg,Pembeli Fiktif 185,12,14500
STR/21923,05-02-2024 12:13,BRG104,Kopi Bubuk,Pembeli Fiktif 185,3,9500
STR/21924,16-03-2024 20:03,BRG104,Kopi Bubuk,Pembeli Fiktif 185,11,9500
STR/21925,01-04-2024 16:22,BRG102,Minyak 2L,Pembeli Fiktif 185,2,32000
STR/21926,14-04-2024 10:31,BRG101,Gula 1kg,Pembeli Fiktif 185,6,14500
STR/21926,14-04-2024 10:31,BRG104,Kopi Bubuk,Pembeli Fiktif 185,3,9500
STR/21926,14-04-2024 10:31,BRG102,Minyak 2L,Pembeli Fiktif 185,4,32000
STR/21927,25-04-2024 17:15,BRG101,Gula 1kg,Pembeli Fiktif 185,1,14500
STR/21927,25-04-2024 17:15,BRG105,Teh Celup,Pembeli Fiktif 185,10,7000
STR/21927,25-04-2024 17:15,BRG106,Sabun Cuci,Pembeli Fiktif 185,6,4500
STR/21928,17-06-2024 17:30,BRG101,Gula 1kg,Pembeli Fiktif 185,2,14500
STR/21929,20-06-2024 14:36,BRG102,Minyak 2L,Pembeli Fiktif 185,1,32000
STR/21929,20-06-2024 14:36,BRG106,Sabun Cuci,Pembeli Fiktif 185,11,4500
STR/21930,03-07-2024 08:34,BRG104,Kopi Bubuk,Pembeli Fiktif 185,10,9500
STR/21931,09-09-2024 17:36,BRG102,Minyak 2L,Pembeli Fiktif 185,1,32000
STR/21931,09-09-2024 17:36,BRG106,Sabun Cuci,Pembeli Fiktif 185,2,4500
STR/21931,09-09-2024 17:36,BRG101,Gula 1kg,Pembeli Fiktif 185,5,14500
STR/21932,16-09-2024 12:21,BRG104,Kopi Bubuk,Pembeli Fiktif 185,10,9500
STR/21932,16-09-2024 12:21,BRG101,Gula 1kg,Pembeli Fiktif 185,10,14500
STR/21932,16-09-2024 12:21,BRG106,Sabun Cuci,Pembeli Fiktif 185,4,4500
STR/21933,03-10-2024 09:22,BRG106,Sabun Cuci,Pembeli Fiktif 185,8,4500
STR/21934,20-11-2024 13:13,BRG101,Gula 1kg,Pembeli Fiktif 185,11,14500
STR/21935,07-12-2024 14:25,BRG105,Teh Celup,Pembeli Fiktif 185,4,7000
STR/21936,17-12-2024 09:24,BRG101,Gula 1kg,Pembeli Fiktif 185,7,14500
STR/21937,11-06-2024 10:49,BRG101,Gula 1kg,Pembeli Fiktif 186,2,14500
STR/21937,11-06-2024 10:49,BRG104,Kopi Bubuk,Pembeli Fiktif 186,5,9500
STR/21937,11-06-2024 10:49,BRG106,Sabun Cuci,Pembeli Fiktif 186,12,4500
STR/21938,01-02-2023 16:16,BRG102,Minyak 2L,Pembeli Fiktif 187,9,32000
STR/21938,01-02-2023 16:16,BRG101,Gula 1kg,Pembeli Fiktif 187,3,14500
STR/21938,01-02-2023 16:16,BRG105,Teh Celup,Pembeli Fiktif 187,2,7000
STR/21939,03-02-2023 16:43,BRG104,Kopi Bubuk,Pembeli Fiktif 187,10,9500
STR/21939,03-02-2023 16:43,BRG105,Teh Celup,Pembeli Fiktif 187,10,7000
STR/21939,03-02-2023 16:43,BRG106,Sabun Cuci,Pembeli Fiktif 187,10,4500
STR/21940,06-02-2023 09:53,BRG104,Kopi Bubuk,Pembeli Fiktif 187,3,9500
STR/21941,14-02-2023 11:09,BRG101,Gula 1kg,Pembeli Fiktif 187,12,14500
STR/21941,14-02-2023 11:09,BRG103,Beras 5kg,Pembeli Fiktif 187,7,68000
STR/21942,22-02-2023 18:24,BRG103,Beras 5kg,Pembeli Fiktif 187,11,68000
STR/21943,28-03-2023 09:09,BRG106,Sabun Cuci,Pembeli Fiktif 187,9,4500
STR/21943,28-03-2023 09:09,BRG105,Teh Celup,Pembeli Fiktif 187,3,7000
STR/21943,28-03-2023 09:09,BRG104,Kopi Bubuk,Pembeli Fiktif 187,4,9500
STR/21944,22-04-2023 15:41,BRG104,Kopi Bubuk,Pembeli Fiktif 187,9,9500
STR/21944,22-04-2023 15:41,BRG103,Beras 5kg,Pembeli Fiktif 187,4,68000
STR/21944,22-04-2023 15:41,BRG101,Gula 1kg,Pembeli Fiktif 187,7,14500
STR/21945,26-04-2023 13:25,BRG101,Gula 1kg,Pembeli Fiktif 187,1,14500
STR/21946,02-05-2023 17:38,BRG102,Minyak 2L,Pembeli Fiktif 187,11,32000
STR/21946,02-05-2023 17:38,BRG106,Sabun Cuci,Pembeli Fiktif 187,3,4500
STR/21946,02-05-2023 17:38,BRG103,Beras 5kg,Pembeli Fiktif 187,1,68000
STR/21947,06-05-2023 08:27,BRG101,Gula 1kg,Pembeli Fiktif 187,1,14500
STR/21948,18-05-2023 10:08,BRG103,Beras 5kg,Pembeli Fiktif 187,9,68000
STR/21948,18-05-2023 10:08,BRG101,Gula 1kg,Pembeli Fiktif 187,9,14500
STR/21948,18-05-2023 10:08,BRG105,Teh Celup,Pembeli Fiktif 187,1,7000
STR/21949,02-06-2023 18:40,BRG101,Gula 1kg,Pembeli Fiktif 187,2,14500
STR/21949,02-06-2023 18:40,BRG105,Teh Celup,Pembeli Fiktif 187,5,7000
STR/21949,02-06-2023 18:40,BRG102,Minyak 2L,Pembeli Fiktif 187,2,32000
STR/21950,23-06-2023 12:07,BRG102,Minyak 2L,Pembeli Fiktif 187,1,32000
STR/21950,23-06-2023 12:07,BRG105,Teh Celup,Pembeli Fiktif 187,6,7000
STR/21950,23-06-2023 12:07,BRG104,Kopi Bubuk,Pembeli Fiktif 187,8,9500
STR/21951,30-06-2023 12:54,BRG104,Kopi Bubuk,Pembeli Fiktif 187,12,9500
STR/21951,30-06-2023 12:54,BRG103,Beras 5kg,Pembeli Fiktif 187,5,68000
STR/21951,30-06-2023 12:54,BRG105,Teh Celup,Pembeli Fiktif 187,6,7000
STR/21952,06-08-2023 17:10,BRG101,Gula 1kg,Pembeli Fiktif 187,10,14500
STR/21953,24-08-2023 14:06,BRG103,Beras 5kg,Pembeli Fiktif 187,5,68000
STR/21954,29-08-2023 13:53,BRG106,Sabun Cuci,Pembeli Fiktif 187,8,4500
STR/21954,29-08-2023 13:53,BRG104,Kopi Bubuk,Pembeli Fiktif 187,1,9500
STR/21954,29-08-2023 13:53,BRG105,Teh Celup,Pembeli Fiktif 187,6,7000
STR/21955,29-09-2023 08:45,BRG101,Gula 1kg,Pembeli Fiktif 187,4,14500
STR/21955,29-09-2023 08:45,BRG103,Beras 5kg,Pembeli Fiktif 187,3,68000
STR/21955,29-09-2023 08:45,BRG105,Teh Celup,Pembeli Fiktif 187,2,7000
STR/21956,07-10-2023 16:13,BRG104,Kopi Bubuk,Pembeli Fiktif 187,10,9500
STR/21956,07-10-2023 16:13,BRG101,Gula 1kg,Pembeli Fiktif 187,2,14500
STR/21956,07-10-2023 16:13,BRG102,Minyak 2L,Pembeli Fiktif 187,6,32000
STR/21957,18-10-2023 09:48,BRG102,Minyak 2L,Pembeli Fiktif 187,1,32000
STR/21957,18-10-2023 09:48,BRG105,Teh Celup,Pembeli Fiktif 187,12,7000
STR/21958,21-10-2023 13:22,BRG103,Beras 5kg,Pembeli Fiktif 187,3,68000
STR/21958,21-10-2023 13:22,BRG104,Kopi Bubuk,Pembeli Fiktif 187,7,9500
STR/21958,21-10-2023 13:22,BRG101,Gula 1kg,Pembeli Fiktif 187,11,14500
STR/21959,28-10-2023 12:33,BRG101,Gula 1kg,Pembeli Fiktif 187,12,14500
STR/21960,17-12-2023 16:44,BRG106,Sabun Cuci,Pembeli Fiktif 187,2,4500
STR/21960,17-12-2023 16:44,BRG101,Gula 1kg,Pembeli Fiktif 187,9,14500
STR/21961,01-01-2024 16:47,BRG103,Beras 5kg,Pembeli Fiktif 187,1,68000
STR/21961,01-01-2024 16:47,BRG104,Kopi Bubuk,Pembeli Fiktif 187,3,9500
STR/21961,01-01-2024 16:47,BRG101,Gula 1kg,Pembeli Fiktif 187,10,14500
STR/21962,02-02-2024 16:20,BRG101,Gula 1kg,Pembeli Fiktif 187,9,14500
STR/21962,02-02-2024 16:20,BRG105,Teh Celup,Pembeli Fiktif 187,10,7000
STR/21962,02-02-2024 16:20,BRG104,Kopi Bubuk,Pembeli Fiktif 187,5,9500
STR/21963,08-02-2024 16:00,BRG104,Kopi Bubuk,Pembeli Fiktif 187,1,9500
STR/21963,08-02-2024 16:00,BRG105,Teh Celup,Pembeli Fiktif 187,3,7000
STR/21964,19-03-2024 11:53,BRG106,Sabun Cuci,Pembeli Fiktif 187,10,4500
STR/21964,19-03-2024 11:53,BRG104,Kopi Bubuk,Pembeli Fiktif 187,8,9500
STR/21965,12-04-2024 12:31,BRG102,Minyak 2L,Pembeli Fiktif 187,8,32000
STR/21966,15-05-2024 19:27,BRG102,Minyak 2L,Pembeli Fiktif 187,3,32000
STR/21967,07-08-2024 17:13,BRG101,Gula 1kg,Pembeli Fiktif 187,3,14500
STR/21968,23-08-2024 17:31,BRG103,Beras 5kg,Pembeli Fiktif 187,10,68000
STR/21968,23-08-2024 17:31,BRG101,Gula 1kg,Pembeli Fiktif 187,10,14500
STR/21968,23-08-2024 17:31,BRG106,Sabun Cuci,Pembeli Fiktif 187,7,4500
STR/21969,30-08-2024 19:18,BRG103,Beras 5kg,Pembeli Fiktif 187,12,68000
STR/21969,30-08-2024 19:18,BRG104,Kopi Bubuk,Pembeli Fiktif 187,1,9500
STR/21969,30-08-2024 19:18,BRG102,Minyak 2L,Pembeli Fiktif 187,1,32000
STR/21970,25-09-2024 08:53,BRG104,Kopi Bubuk,Pembeli Fiktif 187,4,9500
STR/21971,14-10-2024 08:01,BRG106,Sabun Cuci,Pembeli Fiktif 187,12,4500
STR/21972,20-12-2024 08:29,BRG102,Minyak 2L,Pembeli Fiktif 187,3,32000
STR/21972,20-12-2024 08:29,BRG106,Sabun Cuci,Pembeli Fiktif 187,12,4500
STR/21972,20-12-2024 08:29,BRG101,Gula 1kg,Pembeli Fiktif 187,4,14500
STR/21973,31-12-2024 14:29,BRG104,Kopi Bubuk,Pembeli Fiktif 187,3,9500
STR/21973,31-12-2024 14:29,BRG101,Gula 1kg,Pembeli Fiktif 187,8,14500
STR/21973,31-12-2024 14:29,BRG103,Beras 5kg,Pembeli Fiktif 187,10,68000
STR/21974,08-04-2023 17:18,BRG105,Teh Celup,Pembeli Fiktif 188,6,7000
STR/21974,08-04-2023 17:18,BRG103,Beras 5kg,Pembeli Fiktif 188,12,68000
STR/21974,08-04-2023 17:18,BRG101,Gula 1kg,Pembeli Fiktif 188,1,14500
STR/21975,03-05-2023 20:21,BRG103,Beras 5kg,Pembeli Fiktif 188,7,68000
STR/21976,23-05-2023 16:12,BRG104,Kopi Bubuk,Pembeli Fiktif 188,11,9500
STR/21977,01-06-2023 17:32,BRG106,Sabun Cuci,Pembeli Fiktif 188,8,4500
STR/21977,01-06-2023 17:32,BRG103,Beras 5kg,Pembeli Fiktif 188,6,68000
STR/21977,01-06-2023 17:32,BRG101,Gula 1kg,Pembeli Fiktif 188,11,14500
STR/21978,05-06-2023 20:01,BRG106,Sabun Cuci,Pembeli Fiktif 188,4,4500
STR/21978,05-06-2023 20:01,BRG105,Teh Celup,Pembeli Fiktif 188,3,7000
STR/21979,09-06-2023 10:12,BRG105,Teh Celup,Pembeli Fiktif 188,12,7000
STR/21980,13-06-2023 16:46,BRG106,Sabun Cuci,Pembeli Fiktif 188,11,4500
STR/21980,13-06-2023 16:46,BRG105,Teh Celup,Pembeli Fiktif 188,6,7000
STR/21981,20-06-2023 16:39,BRG105,Teh Celup,Pembeli Fiktif 188,11,7000
STR/21982,22-06-2023 10:42,BRG102,Minyak 2L,Pembeli Fiktif 188,9,32000
STR/21983,24-06-2023 14:04,BRG103,Beras 5kg,Pembeli Fiktif 188,3,68000
STR/21983,24-06-2023 14:04,BRG102,Minyak 2L,Pembeli Fiktif 188,11,32000
STR/21983,24-06-2023 14:04,BRG105,Teh Celup,Pembeli Fiktif 188,7,7000
STR/21984,30-07-2023 08:32,BRG101,Gula 1kg,Pembeli Fiktif 188,6,14500
STR/21984,30-07-2023 08:32,BRG106,Sabun Cuci,Pembeli Fiktif 188,11,4500
STR/21984,30-07-2023 08:32,BRG105,Teh Celup,Pembeli Fiktif 188,7,7000
STR/21985,09-09-2023 14:15,BRG101,Gula 1kg,Pembeli Fiktif 188,5,14500
STR/21985,09-09-2023 14:15,BRG103,Beras 5kg,Pembeli Fiktif 188,8,68000
STR/21985,09-09-2023 14:15,BRG105,Teh Celup,Pembeli Fiktif 188,8,7000
STR/21986,18-09-2023 14:55,BRG102,Minyak 2L,Pembeli Fiktif 188,7,32000
STR/21986,18-09-2023 14:55,BRG106,Sabun Cuci,Pembeli Fiktif 188,5,4500
STR/21987,14-04-2024 12:54,BRG104,Kopi Bubuk,Pembeli Fiktif 189,8,9500
STR/21987,14-04-2024 12:54,BRG102,Minyak 2L,Pembeli Fiktif 189,7,32000
STR/21988,24-04-2024 14:27,BRG102,Minyak 2L,Pembeli Fiktif 189,4,32000
STR/21989,03-05-2024 16:14,BRG104,Kopi Bubuk,Pembeli Fiktif 189,5,9500
STR/21989,03-05-2024 16:14,BRG105,Teh Celup,Pembeli Fiktif 189,5,7000
STR/21989,03-05-2024 16:14,BRG106,Sabun Cuci,Pembeli Fiktif 189,8,4500
STR/21990,04-05-2024 20:11,BRG103,Beras 5kg,Pembeli Fiktif 189,8,68000
STR/21990,04-05-2024 20:11,BRG106,Sabun Cuci,Pembeli Fiktif 189,4,4500
STR/21991,29-05-2024 13:08,BRG103,Beras 5kg,Pembeli Fiktif 189,6,68000
STR/21991,29-05-2024 13:08,BRG102,Minyak 2L,Pembeli Fiktif 189,6,32000
STR/21992,03-06-2024 17:12,BRG104,Kopi Bubuk,Pembeli Fiktif 189,3,9500
STR/21992,03-06-2024 17:12,BRG105,Teh Celup,Pembeli Fiktif 189,8,7000
STR/21993,19-06-2024 13:41,BRG106,Sabun Cuci,Pembeli Fiktif 189,10,4500
STR/21993,19-06-2024 13:41,BRG101,Gula 1kg,Pembeli Fiktif 189,10,14500
STR/21993,19-06-2024 13:41,BRG102,Minyak 2L,Pembeli Fiktif 189,4,32000
STR/21994,02-07-2023 19:42,BRG103,Beras 5kg,Pembeli Fiktif 190,8,68000
STR/21994,02-07-2023 19:42,BRG102,Minyak 2L,Pembeli Fiktif 190,5,32000
STR/21994,02-07-2023 19:42,BRG106,Sabun Cuci,Pembeli Fiktif 190,8,4500
STR/21995,06-07-2023 15:18,BRG101,Gula 1kg,Pembeli Fiktif 190,12,14500
STR/21996,08-07-2023 17:50,BRG103,Beras 5kg,Pembeli Fiktif 190,3,68000
STR/21997,12-08-2023 11:46,BRG105,Teh Celup,Pembeli Fiktif 190,4,7000
STR/21998,04-09-2023 16:35,BRG104,Kopi Bubuk,Pembeli Fiktif 190,10,9500
STR/21998,04-09-2023 16:35,BRG105,Teh Celup,Pembeli Fiktif 190,3,7000
STR/21998,04-09-2023 16:35,BRG103,Beras 5kg,Pembeli Fiktif 190,2,68000
STR/21999,09-10-2023 11:17,BRG102,Minyak 2L,Pembeli Fiktif 190,2,32000
STR/21999,09-10-2023 11:17,BRG105,Teh Celup,Pembeli Fiktif 190,9,7000
STR/22000,15-10-2023 15:19,BRG106,Sabun Cuci,Pembeli Fiktif 190,3,4500
STR/22000,15-10-2023 15:19,BRG101,Gula 1kg,Pembeli Fiktif 190,6,14500
STR/22001,31-10-2023 10:30,BRG106,Sabun Cuci,Pembeli Fiktif 190,10,4500
STR/22001,31-10-2023 10:30,BRG103,Beras 5kg,Pembeli Fiktif 190,7,68000
STR/22002,04-12-2023 15:32,BRG101,Gula 1kg,Pembeli Fiktif 190,12,14500
STR/22003,15-12-2023 10:19,BRG101,Gula 1kg,Pembeli Fiktif 190,7,14500
STR/22003,15-12-2023 10:19,BRG104,Kopi Bubuk,Pembeli Fiktif 190,4,9500
STR/22003,15-12-2023 10:19,BRG103,Beras 5kg,Pembeli Fiktif 190,10,68000
STR/22004,22-12-2023 14:35,BRG101,Gula 1kg,Pembeli Fiktif 190,1,14500
STR/22004,22-12-2023 14:35,BRG105,Teh Celup,Pembeli Fiktif 190,6,7000
STR/22004,22-12-2023 14:35,BRG106,Sabun Cuci,Pembeli Fiktif 190,1,4500
STR/22005,22-01-2024 14:17,BRG106,Sabun Cuci,Pembeli Fiktif 190,3,4500
STR/22006,05-02-2024 18:54,BRG106,Sabun Cuci,Pembeli Fiktif 190,5,4500
STR/22007,06-02-2024 09:21,BRG102,Minyak 2L,Pembeli Fiktif 190,1,32000
STR/22008,04-07-2024 11:03,BRG106,Sabun Cuci,Pembeli Fiktif 190,3,4500
STR/22008,04-07-2024 11:03,BRG104,Kopi Bubuk,Pembeli Fiktif 190,1,9500
STR/22008,04-07-2024 11:03,BRG102,Minyak 2L,Pembeli Fiktif 190,2,32000
STR/22009,26-07-2024 17:13,BRG101,Gula 1kg,Pembeli Fiktif 190,4,14500
STR/22009,26-07-2024 17:13,BRG105,Teh Celup,Pembeli Fiktif 190,4,7000
STR/22010,21-08-2024 19:53,BRG103,Beras 5kg,Pembeli Fiktif 190,11,68000
STR/22011,03-09-2024 18:29,BRG102,Minyak 2L,Pembeli Fiktif 190,6,32000
STR/22011,03-09-2024 18:29,BRG104,Kopi Bubuk,Pembeli Fiktif 190,11,9500
STR/22012,07-10-2024 15:16,BRG104,Kopi Bubuk,Pembeli Fiktif 190,11,9500
STR/22012,07-10-2024 15:16,BRG106,Sabun Cuci,Pembeli Fiktif 190,2,4500
STR/22013,06-12-2024 11:28,BRG103,Beras 5kg,Pembeli Fiktif 190,5,68000
STR/22014,29-12-2024 13:41,BRG102,Minyak 2L,Pembeli Fiktif 190,9,32000
STR/22014,29-12-2024 13:41,BRG101,Gula 1kg,Pembeli Fiktif 190,3,14500
STR/22014,29-12-2024 13:41,BRG103,Beras 5kg,Pembeli Fiktif 190,8,68000
STR/22015,03-10-2023 19:08,BRG106,Sabun Cuci,Pembeli Fiktif 191,4,4500
STR/22015,03-10-2023 19:08,BRG102,Minyak 2L,Pembeli Fiktif 191,9,32000
STR/22016,21-10-2023 10:44,BRG104,Kopi Bubuk,Pembeli Fiktif 191,9,9500
STR/22017,30-10-2023 20:48,BRG106,Sabun Cuci,Pembeli Fiktif 191,2,4500
STR/22017,30-10-2023 20:48,BRG102,Minyak 2L,Pembeli Fiktif 191,12,32000
STR/22018,27-11-2023 11:35,BRG103,Beras 5kg,Pembeli Fiktif 191,7,68000
STR/22018,27-11-2023 11:35,BRG104,Kopi Bubuk,Pembeli Fiktif 191,7,9500
STR/22018,27-11-2023 11:35,BRG105,Teh Celup,Pembeli Fiktif 191,2,7000
STR/22019,04-12-2023 14:16,BRG102,Minyak 2L,Pembeli Fiktif 191,11,32000
STR/22019,04-12-2023 14:16,BRG103,Beras 5kg,Pembeli Fiktif 191,6,68000
STR/22020,25-12-2023 15:35,BRG105,Teh Celup,Pembeli Fiktif 191,11,7000
STR/22020,25-12-2023 15:35,BRG102,Minyak 2L,Pembeli Fiktif 191,12,32000
STR/22021,02-01-2024 11:50,BRG104,Kopi Bubuk,Pembeli Fiktif 191,8,9500
STR/22022,07-01-2024 09:58,BRG102,Minyak 2L,Pembeli Fiktif 191,3,32000
STR/22022,07-01-2024 09:58,BRG104,Kopi Bubuk,Pembeli Fiktif 191,2,9500
STR/22022,07-01-2024 09:58,BRG101,Gula 1kg,Pembeli Fiktif 191,2,14500
STR/22023,12-02-2024 12:01,BRG104,Kopi Bubuk,Pembeli Fiktif 191,6,9500
STR/22023,12-02-2024 12:01,BRG103,Beras 5kg,Pembeli Fiktif 191,8,68000
STR/22023,12-02-2024 12:01,BRG102,Minyak 2L,Pembeli Fiktif 191,8,32000
STR/22024,14-02-2024 08:02,BRG106,Sabun Cuci,Pembeli Fiktif 191,2,4500
STR/22025,05-05-2024 16:17,BRG105,Teh Celup,Pembeli Fiktif 191,7,7000
STR/22025,05-05-2024 16:17,BRG106,Sabun Cuci,Pembeli Fiktif 191,2,4500
STR/22025,05-05-2024 16:17,BRG104,Kopi Bubuk,Pembeli Fiktif 191,9,9500
STR/22026,18-05-2024 11:22,BRG105,Teh Celup,Pembeli Fiktif 191,6,7000
STR/22026,18-05-2024 11:22,BRG106,Sabun Cuci,Pembeli Fiktif 191,2,4500
STR/22026,18-05-2024 11:22,BRG103,Beras 5kg,Pembeli Fiktif 191,8,68000
STR/22027,19-07-2023 13:45,BRG103,Beras 5kg,Pembeli Fiktif 192,9,68000
STR/22027,19-07-2023 13:45,BRG104,Kopi Bubuk,Pembeli Fiktif 192,3,9500
STR/22027,19-07-2023 13:45,BRG101,Gula 1kg,Pembeli Fiktif 192,1,14500
STR/22028,30-07-2023 11:57,BRG102,Minyak 2L,Pembeli Fiktif 192,7,32000
STR/22028,30-07-2023 11:57,BRG101,Gula 1kg,Pembeli Fiktif 192,3,14500
STR/22029,02-08-2023 10:36,BRG103,Beras 5kg,Pembeli Fiktif 192,6,68000
STR/22030,12-08-2023 20:14,BRG104,Kopi Bubuk,Pembeli Fiktif 192,1,9500
STR/22030,12-08-2023 20:14,BRG103,Beras 5kg,Pembeli Fiktif 192,6,68000
STR/22030,12-08-2023 20:14,BRG105,Teh Celup,Pembeli Fiktif 192,9,7000
STR/22031,09-09-2023 12:26,BRG104,Kopi Bubuk,Pembeli Fiktif 192,2,9500
STR/22031,09-09-2023 12:26,BRG106,Sabun Cuci,Pembeli Fiktif 192,2,4500
STR/22031,09-09-2023 12:26,BRG101,Gula 1kg,Pembeli Fiktif 192,7,14500
STR/22032,10-09-2023 15:33,BRG104,Kopi Bubuk,Pembeli Fiktif 192,1,9500
STR/22032,10-09-2023 15:33,BRG105,Teh Celup,Pembeli Fiktif 192,8,7000
STR/22032,10-09-2023 15:33,BRG101,Gula 1kg,Pembeli Fiktif 192,9,14500
STR/22033,26-11-2024 12:24,BRG104,Kopi Bubuk,Pembeli Fiktif 193,5,9500
STR/22033,26-11-2024 12:24,BRG105,Teh Celup,Pembeli Fiktif 193,12,7000
STR/22034,28-11-2024 13:16,BRG105,Teh Celup,Pembeli Fiktif 194,12,7000
STR/22034,28-11-2024 13:16,BRG103,Beras 5kg,Pembeli Fiktif 194,9,68000
STR/22035,10-12-2024 11:13,BRG102,Minyak 2L,Pembeli Fiktif 194,9,32000
STR/22035,10-12-2024 11:13,BRG103,Beras 5kg,Pembeli Fiktif 194,2,68000
STR/22036,11-08-2024 20:46,BRG106,Sabun Cuci,Pembeli Fiktif 195,2,4500
STR/22036,11-08-2024 20:46,BRG101,Gula 1kg,Pembeli Fiktif 195,8,14500
STR/22036,11-08-2024 20:46,BRG103,Beras 5kg,Pembeli Fiktif 195,9,68000
STR/22037,14-08-2024 15:50,BRG102,Minyak 2L,Pembeli Fiktif 195,5,32000
STR/22037,14-08-2024 15:50,BRG101,Gula 1kg,Pembeli Fiktif 195,12,14500
STR/22037,14-08-2024 15:50,BRG103,Beras 5kg,Pembeli Fiktif 195,4,68000
STR/22038,20-08-2024 12:46,BRG106,Sabun Cuci,Pembeli Fiktif 195,7,4500
STR/22039,10-09-2024 15:12,BRG106,Sabun Cuci,Pembeli Fiktif 195,3,4500
STR/22040,17-09-2024 20:27,BRG106,Sabun Cuci,Pembeli Fiktif 195,6,4500
STR/22040,17-09-2024 20:27,BRG105,Teh Celup,Pembeli Fiktif 195,7,7000
STR/22040,17-09-2024 20:27,BRG102,Minyak 2L,Pembeli Fiktif 195,4,32000
STR/22041,30-09-2024 16:04,BRG103,Beras 5kg,Pembeli Fiktif 195,6,68000
STR/22041,30-09-2024 16:04,BRG102,Minyak 2L,Pembeli Fiktif 195,10,32000
STR/22042,23-11-2024 20:14,BRG103,Beras 5kg,Pembeli Fiktif 195,8,68000
STR/22042,23-11-2024 20:14,BRG101,Gula 1kg,Pembeli Fiktif 195,7,14500
STR/22042,23-11-2024 20:14,BRG106,Sabun Cuci,Pembeli Fiktif 195,7,4500
STR/22043,20-06-2024 16:37,BRG106,Sabun Cuci,Pembeli Fiktif 196,10,4500
STR/22044,24-06-2024 16:58,BRG102,Minyak 2L,Pembeli Fiktif 196,8,32000
STR/22044,24-06-2024 16:58,BRG103,Beras 5kg,Pembeli Fiktif 196,8,68000
STR/22044,24-06-2024 16:58,BRG106,Sabun Cuci,Pembeli Fiktif 196,3,4500
STR/22045,13-08-2024 12:51,BRG101,Gula 1kg,Pembeli Fiktif 196,10,14500
STR/22046,19-09-2024 14:49,BRG102,Minyak 2L,Pembeli Fiktif 196,11,32000
STR/22047,06-10-2024 15:51,BRG102,Minyak 2L,Pembeli Fiktif 196,6,32000
STR/22047,06-10-2024 15:51,BRG101,Gula 1kg,Pembeli Fiktif 196,10,14500
STR/22048,23-12-2024 18:40,BRG104,Kopi Bubuk,Pembeli Fiktif 196,1,9500
STR/22048,23-12-2024 18:40,BRG102,Minyak 2L,Pembeli Fiktif 196,7,32000
STR/22048,23-12-2024 18:40,BRG101,Gula 1kg,Pembeli Fiktif 196,1,14500
STR/22049,12-01-2024 17:38,BRG105,Teh Celup,Pembeli Fiktif 197,6,7000
STR/22049,12-01-2024 17:38,BRG102,Minyak 2L,Pembeli Fiktif 197,9,32000
STR/22049,12-01-2024 17:38,BRG101,Gula 1kg,Pembeli Fiktif 197,8,14500
STR/22050,30-03-2024 12:12,BRG104,Kopi Bubuk,Pembeli Fiktif 197,12,9500
STR/22050,30-03-2024 12:12,BRG102,Minyak 2L,Pembeli Fiktif 197,11,32000
STR/22050,30-03-2024 12:12,BRG106,Sabun Cuci,Pembeli Fiktif 197,8,4500
STR/22051,08-05-2024 13:35,BRG105,Teh Celup,Pembeli Fiktif 197,11,7000
STR/22051,08-05-2024 13:35,BRG103,Beras 5kg,Pembeli Fiktif 197,12,68000
STR/22051,08-05-2024 13:35,BRG106,Sabun Cuci,Pembeli Fiktif 197,10,4500
STR/22052,14-05-2024 12:46,BRG101,Gula 1kg,Pembeli Fiktif 197,1,14500
STR/22052,14-05-2024 12:46,BRG105,Teh Celup,Pembeli Fiktif 197,3,7000
STR/22052,14-05-2024 12:46,BRG102,Minyak 2L,Pembeli Fiktif 197,6,32000
STR/22053,22-11-2024 20:48,BRG101,Gula 1kg,Pembeli Fiktif 198,4,14500
STR/22053,22-11-2024 20:48,BRG105,Teh Celup,Pembeli Fiktif 198,8,7000
STR/22054,30-05-2023 10:41,BRG101,Gula 1kg,Pembeli Fiktif 199,8,14500
STR/22054,30-05-2023 10:41,BRG105,Teh Celup,Pembeli Fiktif 199,8,7000
STR/22055,14-07-2023 15:32,BRG101,Gula 1kg,Pembeli Fiktif 199,1,14500
STR/22055,14-07-2023 15:32,BRG103,Beras 5kg,Pembeli Fiktif 199,7,68000
STR/22056,16-07-2023 11:19,BRG106,Sabun Cuci,Pembeli Fiktif 199,1,4500
STR/22056,16-07-2023 11:19,BRG101,Gula 1kg,Pembeli Fiktif 199,10,14500
STR/22056,16-07-2023 11:19,BRG105,Teh Celup,Pembeli Fiktif 199,8,7000
STR/22057,21-06-2024 09:42,BRG106,Sabun Cuci,Pembeli Fiktif 200,9,4500
STR/22057,21-06-2024 09:42,BRG102,Minyak 2L,Pembeli Fiktif 200,9,32000
STR/22058,01-11-2023 09:46,BRG103,Beras 5kg,Pembeli Fiktif 201,9,68000
STR/22058,01-11-2023 09:46,BRG106,Sabun Cuci,Pembeli Fiktif 201,6,4500
STR/22058,01-11-2023 09:46,BRG102,Minyak 2L,Pembeli Fiktif 201,9,32000
STR/22059,08-11-2023 08:15,BRG102,Minyak 2L,Pembeli Fiktif 201,7,32000
STR/22059,08-11-2023 08:15,BRG103,Beras 5kg,Pembeli Fiktif 201,1,68000
STR/22059,08-11-2023 08:15,BRG101,Gula 1kg,Pembeli Fiktif 201,11,14500
STR/22060,21-11-2023 19:03,BRG105,Teh Celup,Pembeli Fiktif 201,10,7000
STR/22061,23-11-2023 18:50,BRG105,Teh Celup,Pembeli Fiktif 201,11,7000
STR/22061,23-11-2023 18:50,BRG103,Beras 5kg,Pembeli Fiktif 201,10,68000
STR/22061,23-11-2023 18:50,BRG104,Kopi Bubuk,Pembeli Fiktif 201,12,9500
STR/22062,01-12-2023 08:00,BRG102,Minyak 2L,Pembeli Fiktif 201,3,32000
STR/22063,11-12-2023 11:28,BRG105,Teh Celup,Pembeli Fiktif 201,5,7000
STR/22063,11-12-2023 11:28,BRG106,Sabun Cuci,Pembeli Fiktif 201,2,4500
STR/22064,16-12-2023 13:31,BRG101,Gula 1kg,Pembeli Fiktif 201,2,14500
STR/22064,16-12-2023 13:31,BRG102,Minyak 2L,Pembeli Fiktif 201,3,32000
STR/22064,16-12-2023 13:31,BRG103,Beras 5kg,Pembeli Fiktif 201,11,68000
STR/22065,02-01-2024 10:00,BRG104,Kopi Bubuk,Pembeli Fiktif 201,8,9500
STR/22065,02-01-2024 10:00,BRG103,Beras 5kg,Pembeli Fiktif 201,1,68000
STR/22066,24-08-2023 12:44,BRG105,Teh Celup,Pembeli Fiktif 202,2,7000
STR/22066,24-08-2023 12:44,BRG104,Kopi Bubuk,Pembeli Fiktif 202,3,9500
STR/22066,24-08-2023 12:44,BRG102,Minyak 2L,Pembeli Fiktif 202,2,32000
STR/22067,15-12-2023 20:01,BRG103,Beras 5kg,Pembeli Fiktif 202,8,68000
STR/22067,15-12-2023 20:01,BRG101,Gula 1kg,Pembeli Fiktif 202,1,14500
STR/22068,10-09-2024 13:02,BRG105,Teh Celup,Pembeli Fiktif 203,3,7000
STR/22068,10-09-2024 13:02,BRG102,Minyak 2L,Pembeli Fiktif 203,9,32000
STR/22069,07-10-2024 14:36,BRG103,Beras 5kg,Pembeli Fiktif 203,7,68000
STR/22070,10-10-2024 18:58,BRG102,Minyak 2L,Pembeli Fiktif 203,2,32000
STR/22070,10-10-2024 18:58,BRG103,Beras 5kg,Pembeli Fiktif 203,2,68000
STR/22070,10-10-2024 18:58,BRG105,Teh Celup,Pembeli Fiktif 203,11,7000
STR/22071,15-10-2024 08:01,BRG104,Kopi Bubuk,Pembeli Fiktif 203,9,9500
STR/22071,15-10-2024 08:01,BRG102,Minyak 2L,Pembeli Fiktif 203,5,32000
STR/22072,20-10-2024 18:40,BRG102,Minyak 2L,Pembeli Fiktif 203,8,32000
STR/22072,20-10-2024 18:40,BRG101,Gula 1kg,Pembeli Fiktif 203,8,14500
STR/22073,07-11-2024 13:54,BRG105,Teh Celup,Pembeli Fiktif 203,6,7000
STR/22073,07-11-2024 13:54,BRG101,Gula 1kg,Pembeli Fiktif 203,7,14500
STR/22074,05-12-2024 16:37,BRG102,Minyak 2L,Pembeli Fiktif 203,3,32000
STR/22074,05-12-2024 16:37,BRG106,Sabun Cuci,Pembeli Fiktif 203,4,4500
STR/22074,05-12-2024 16:37,BRG104,Kopi Bubuk,Pembeli Fiktif 203,9,9500
STR/22075,20-08-2023 20:27,BRG105,Teh Celup,Pembeli Fiktif 204,10,7000
STR/22075,20-08-2023 20:27,BRG104,Kopi Bubuk,Pembeli Fiktif 204,5,9500
STR/22076,03-10-2023 16:57,BRG106,Sabun Cuci,Pembeli Fiktif 204,8,4500
STR/22076,03-10-2023 16:57,BRG101,Gula 1kg,Pembeli Fiktif 204,10,14500
STR/22077,31-10-2023 11:55,BRG105,Teh Celup,Pembeli Fiktif 204,11,7000
STR/22077,31-10-2023 11:55,BRG101,Gula 1kg,Pembeli Fiktif 204,6,14500
STR/22078,28-11-2023 18:26,BRG104,Kopi Bubuk,Pembeli Fiktif 204,9,9500
STR/22078,28-11-2023 18:26,BRG103,Beras 5kg,Pembeli Fiktif 204,11,68000
STR/22079,06-12-2023 11:06,BRG102,Minyak 2L,Pembeli Fiktif 204,11,32000
STR/22079,06-12-2023 11:06,BRG101,Gula 1kg,Pembeli Fiktif 204,3,14500
STR/22080,30-12-2023 13:00,BRG104,Kopi Bubuk,Pembeli Fiktif 204,3,9500
STR/22081,07-04-2024 16:24,BRG106,Sabun Cuci,Pembeli Fiktif 204,6,4500
STR/22081,07-04-2024 16:24,BRG104,Kopi Bubuk,Pembeli Fiktif 204,5,9500
STR/22081,07-04-2024 16:24,BRG103,Beras 5kg,Pembeli Fiktif 204,6,68000
STR/22082,17-04-2024 13:51,BRG104,Kopi Bubuk,Pembeli Fiktif 204,1,9500
STR/22083,23-04-2024 19:05,BRG101,Gula 1kg,Pembeli Fiktif 204,5,14500
STR/22083,23-04-2024 19:05,BRG104,Kopi Bubuk,Pembeli Fiktif 204,10,9500
STR/22083,23-04-2024 19:05,BRG102,Minyak 2L,Pembeli Fiktif 204,4,32000
STR/22084,18-05-2024 11:10,BRG104,Kopi Bubuk,Pembeli Fiktif 204,4,9500
STR/22084,18-05-2024 11:10,BRG106,Sabun Cuci,Pembeli Fiktif 204,8,4500
STR/22084,18-05-2024 11:10,BRG101,Gula 1kg,Pembeli Fiktif 204,12,14500
STR/22085,08-06-2024 16:19,BRG104,Kopi Bubuk,Pembeli Fiktif 204,7,9500
STR/22085,08-06-2024 16:19,BRG106,Sabun Cuci,Pembeli Fiktif 204,6,4500
STR/22086,03-08-2024 11:05,BRG105,Teh Celup,Pembeli Fiktif 204,11,7000
STR/22087,30-08-2024 15:41,BRG105,Teh Celup,Pembeli Fiktif 204,1,7000
STR/22087,30-08-2024 15:41,BRG102,Minyak 2L,Pembeli Fiktif 204,11,32000
STR/22087,30-08-2024 15:41,BRG103,Beras 5kg,Pembeli Fiktif 204,9,68000
STR/22088,14-09-2024 20:09,BRG101,Gula 1kg,Pembeli Fiktif 204,9,14500
STR/22088,14-09-2024 20:09,BRG103,Beras 5kg,Pembeli Fiktif 204,9,68000
STR/22088,14-09-2024 20:09,BRG102,Minyak 2L,Pembeli Fiktif 204,1,32000
STR/22089,15-10-2024 20:38,BRG102,Minyak 2L,Pembeli Fiktif 204,2,32000
STR/22089,15-10-2024 20:38,BRG106,Sabun Cuci,Pembeli Fiktif 204,5,4500
STR/22090,02-11-2024 17:53,BRG102,Minyak 2L,Pembeli Fiktif 204,8,32000
STR/22090,02-11-2024 17:53,BRG104,Kopi Bubuk,Pembeli Fiktif 204,7,9500
STR/22091,30-12-2024 16:15,BRG104,Kopi Bubuk,Pembeli Fiktif 204,10,9500
STR/22091,30-12-2024 16:15,BRG102,Minyak 2L,Pembeli Fiktif 204,5,32000
STR/22092,30-05-2023 13:53,BRG105,Teh Celup,Pembeli Fiktif 205,7,7000
STR/22092,30-05-2023 13:53,BRG102,Minyak 2L,Pembeli Fiktif 205,9,32000
STR/22092,30-05-2023 13:53,BRG104,Kopi Bubuk,Pembeli Fiktif 205,9,9500
STR/22093,23-06-2023 12:05,BRG103,Beras 5kg,Pembeli Fiktif 205,3,68000
STR/22094,22-01-2024 08:30,BRG101,Gula 1kg,Pembeli Fiktif 205,5,14500
STR/22094,22-01-2024 08:30,BRG103,Beras 5kg,Pembeli Fiktif 205,7,68000
STR/22095,02-06-2024 14:36,BRG106,Sabun Cuci,Pembeli Fiktif 205,7,4500
STR/22095,02-06-2024 14:36,BRG105,Teh Celup,Pembeli Fiktif 205,5,7000
STR/22095,02-06-2024 14:36,BRG104,Kopi Bubuk,Pembeli Fiktif 205,5,9500
STR/22096,21-06-2024 17:39,BRG103,Beras 5kg,Pembeli Fiktif 205,11,68000
STR/22096,21-06-2024 17:39,BRG105,Teh Celup,Pembeli Fiktif 205,8,7000
STR/22097,26-02-2024 18:51,BRG104,Kopi Bubuk,Pembeli Fiktif 206,1,9500
STR/22097,26-02-2024 18:51,BRG103,Beras 5kg,Pembeli Fiktif 206,4,68000
STR/22098,14-05-2024 20:19,BRG104,Kopi Bubuk,Pembeli Fiktif 207,6,9500
STR/22098,14-05-2024 20:19,BRG105,Teh Celup,Pembeli Fiktif 207,5,7000
STR/22099,21-05-2024 10:22,BRG102,Minyak 2L,Pembeli Fiktif 207,12,32000
STR/22099,21-05-2024 10:22,BRG104,Kopi Bubuk,Pembeli Fiktif 207,5,9500
STR/22100,26-05-2024 20:02,BRG103,Beras 5kg,Pembeli Fiktif 207,10,68000
STR/22101,05-06-2024 11:36,BRG106,Sabun Cuci,Pembeli Fiktif 207,10,4500
STR/22101,05-06-2024 11:36,BRG103,Beras 5kg,Pembeli Fiktif 207,9,68000
STR/22102,08-06-2024 17:17,BRG106,Sabun Cuci,Pembeli Fiktif 207,5,4500
STR/22102,08-06-2024 17:17,BRG104,Kopi Bubuk,Pembeli Fiktif 207,4,9500
STR/22102,08-06-2024 17:17,BRG101,Gula 1kg,Pembeli Fiktif 207,3,14500
STR/22103,06-07-2024 17:41,BRG104,Kopi Bubuk,Pembeli Fiktif 207,7,9500
STR/22104,26-08-2024 16:25,BRG106,Sabun Cuci,Pembeli Fiktif 207,6,4500
STR/22104,26-08-2024 16:25,BRG101,Gula 1kg,Pembeli Fiktif 207,7,14500
STR/22105,28-08-2024 13:27,BRG104,Kopi Bubuk,Pembeli Fiktif 207,8,9500
STR/22106,31-08-2024 09:34,BRG106,Sabun Cuci,Pembeli Fiktif 207,9,4500
STR/22106,31-08-2024 09:34,BRG102,Minyak 2L,Pembeli Fiktif 207,5,32000
STR/22107,03-09-2024 14:30,BRG105,Teh Celup,Pembeli Fiktif 207,5,7000
STR/22107,03-09-2024 14:30,BRG102,Minyak 2L,Pembeli Fiktif 207,6,32000
STR/22108,01-10-2024 09:06,BRG105,Teh Celup,Pembeli Fiktif 207,4,7000
STR/22109,06-10-2024 16:09,BRG104,Kopi Bubuk,Pembeli Fiktif 207,11,9500
STR/22109,06-10-2024 16:09,BRG103,Beras 5kg,Pembeli Fiktif 207,8,68000
STR/22109,06-10-2024 16:09,BRG102,Minyak 2L,Pembeli Fiktif 207,12,32000
STR/22110,05-11-2024 11:26,BRG104,Kopi Bubuk,Pembeli Fiktif 207,5,9500
STR/22110,05-11-2024 11:26,BRG103,Beras 5kg,Pembeli Fiktif 207,9,68000
STR/22110,05-11-2024 11:26,BRG106,Sabun Cuci,Pembeli Fiktif 207,8,4500
STR/22111,31-12-2024 10:31,BRG101,Gula 1kg,Pembeli Fiktif 207,2,14500
STR/22112,18-06-2023 15:19,BRG106,Sabun Cuci,Pembeli Fiktif 208,4,4500
STR/22113,04-09-2023 11:13,BRG102,Minyak 2L,Pembeli Fiktif 208,4,32000
STR/22113,04-09-2023 11:13,BRG106,Sabun Cuci,Pembeli Fiktif 208,10,4500
STR/22113,04-09-2023 11:13,BRG103,Beras 5kg,Pembeli Fiktif 208,9,68000
STR/22114,22-09-2023 19:52,BRG104,Kopi Bubuk,Pembeli Fiktif 208,4,9500
STR/22114,22-09-2023 19:52,BRG102,Minyak 2L,Pembeli Fiktif 208,6,32000
STR/22114,22-09-2023 19:52,BRG103,Beras 5kg,Pembeli Fiktif 208,12,68000
STR/22115,04-12-2023 09:17,BRG105,Teh Celup,Pembeli Fiktif 208,4,7000
STR/22115,04-12-2023 09:17,BRG106,Sabun Cuci,Pembeli Fiktif 208,4,4500
STR/22115,04-12-2023 09:17,BRG102,Minyak 2L,Pembeli Fiktif 208,4,32000
STR/22116,14-12-2023 19:19,BRG101,Gula 1kg,Pembeli Fiktif 208,5,14500
STR/22116,14-12-2023 19:19,BRG103,Beras 5kg,Pembeli Fiktif 208,6,68000
STR/22117,22-12-2023 18:03,BRG101,Gula 1kg,Pembeli Fiktif 208,11,14500
STR/22118,21-01-2024 11:58,BRG101,Gula 1kg,Pembeli Fiktif 208,9,14500
STR/22118,21-01-2024 11:58,BRG104,Kopi Bubuk,Pembeli Fiktif 208,9,9500
STR/22118,21-01-2024 11:58,BRG102,Minyak 2L,Pembeli Fiktif 208,5,32000
STR/22119,03-06-2024 15:23,BRG102,Minyak 2L,Pembeli Fiktif 208,1,32000
STR/22119,03-06-2024 15:23,BRG106,Sabun Cuci,Pembeli Fiktif 208,6,4500
STR/22119,03-06-2024 15:23,BRG103,Beras 5kg,Pembeli Fiktif 208,1,68000
STR/22120,24-07-2024 12:45,BRG104,Kopi Bubuk,Pembeli Fiktif 208,11,9500
STR/22120,24-07-2024 12:45,BRG106,Sabun Cuci,Pembeli Fiktif 208,7,4500
STR/22120,24-07-2024 12:45,BRG105,Teh Celup,Pembeli Fiktif 208,10,7000
STR/22121,08-08-2024 11:06,BRG106,Sabun Cuci,Pembeli Fiktif 208,9,4500
STR/22122,21-09-2023 12:02,BRG102,Minyak 2L,Pembeli Fiktif 209,2,32000
STR/22123,05-05-2023 12:26,BRG105,Teh Celup,Pembeli Fiktif 210,10,7000
STR/22124,14-06-2023 14:53,BRG103,Beras 5kg,Pembeli Fiktif 210,8,68000
STR/22124,14-06-2023 14:53,BRG101,Gula 1kg,Pembeli Fiktif 210,1,14500
STR/22124,14-06-2023 14:53,BRG105,Teh Celup,Pembeli Fiktif 210,2,7000
STR/22125,07-09-2023 15:32,BRG104,Kopi Bubuk,Pembeli Fiktif 210,3,9500
STR/22125,07-09-2023 15:32,BRG101,Gula 1kg,Pembeli Fiktif 210,9,14500
STR/22125,07-09-2023 15:32,BRG106,Sabun Cuci,Pembeli Fiktif 210,7,4500
STR/22126,08-09-2023 18:30,BRG104,Kopi Bubuk,Pembeli Fiktif 210,5,9500
STR/22126,08-09-2023 18:30,BRG105,Teh Celup,Pembeli Fiktif 210,4,7000
STR/22127,14-10-2023 15:25,BRG104,Kopi Bubuk,Pembeli Fiktif 210,1,9500
STR/22127,14-10-2023 15:25,BRG102,Minyak 2L,Pembeli Fiktif 210,1,32000
STR/22128,17-10-2023 18:10,BRG101,Gula 1kg,Pembeli Fiktif 210,1,14500
STR/22129,18-10-2023 19:58,BRG101,Gula 1kg,Pembeli Fiktif 210,4,14500
STR/22129,18-10-2023 19:58,BRG103,Beras 5kg,Pembeli Fiktif 210,7,68000
STR/22130,10-11-2023 19:31,BRG106,Sabun Cuci,Pembeli Fiktif 210,10,4500
STR/22130,10-11-2023 19:31,BRG103,Beras 5kg,Pembeli Fiktif 210,10,68000
STR/22131,26-11-2023 13:18,BRG102,Minyak 2L,Pembeli Fiktif 210,7,32000
STR/22131,26-11-2023 13:18,BRG103,Beras 5kg,Pembeli Fiktif 210,8,68000
STR/22131,26-11-2023 13:18,BRG105,Teh Celup,Pembeli Fiktif 210,12,7000
STR/22132,17-12-2023 14:46,BRG105,Teh Celup,Pembeli Fiktif 210,2,7000
STR/22132,17-12-2023 14:46,BRG106,Sabun Cuci,Pembeli Fiktif 210,7,4500
STR/22133,27-12-2023 18:28,BRG101,Gula 1kg,Pembeli Fiktif 210,11,14500
STR/22133,27-12-2023 18:28,BRG105,Teh Celup,Pembeli Fiktif 210,11,7000
STR/22133,27-12-2023 18:28,BRG106,Sabun Cuci,Pembeli Fiktif 210,1,4500
STR/22134,16-01-2024 16:33,BRG103,Beras 5kg,Pembeli Fiktif 210,7,68000
STR/22134,16-01-2024 16:33,BRG102,Minyak 2L,Pembeli Fiktif 210,9,32000
STR/22134,16-01-2024 16:33,BRG105,Teh Celup,Pembeli Fiktif 210,9,7000
STR/22135,27-03-2024 09:41,BRG103,Beras 5kg,Pembeli Fiktif 210,3,68000
STR/22135,27-03-2024 09:41,BRG105,Teh Celup,Pembeli Fiktif 210,12,7000
STR/22135,27-03-2024 09:41,BRG106,Sabun Cuci,Pembeli Fiktif 210,11,4500
STR/22136,11-04-2024 20:24,BRG106,Sabun Cuci,Pembeli Fiktif 210,7,4500
STR/22137,03-05-2024 17:58,BRG105,Teh Celup,Pembeli Fiktif 210,6,7000
STR/22137,03-05-2024 17:58,BRG103,Beras 5kg,Pembeli Fiktif 210,12,68000
STR/22137,03-05-2024 17:58,BRG102,Minyak 2L,Pembeli Fiktif 210,1,32000
STR/22138,13-05-2024 16:46,BRG102,Minyak 2L,Pembeli Fiktif 210,3,32000
STR/22139,05-07-2024 20:51,BRG102,Minyak 2L,Pembeli Fiktif 210,7,32000
STR/22140,11-07-2024 10:10,BRG106,Sabun Cuci,Pembeli Fiktif 210,4,4500
STR/22140,11-07-2024 10:10,BRG104,Kopi Bubuk,Pembeli Fiktif 210,11,9500
STR/22141,29-07-2024 19:30,BRG101,Gula 1kg,Pembeli Fiktif 210,3,14500
STR/22142,06-09-2024 12:14,BRG104,Kopi Bubuk,Pembeli Fiktif 210,7,9500
STR/22142,06-09-2024 12:14,BRG102,Minyak 2L,Pembeli Fiktif 210,11,32000
STR/22143,21-09-2024 18:33,BRG104,Kopi Bubuk,Pembeli Fiktif 210,9,9500
STR/22144,15-12-2024 08:59,BRG103,Beras 5kg,Pembeli Fiktif 210,8,68000
STR/22145,01-04-2023 15:13,BRG103,Beras 5kg,Pembeli Fiktif 211,6,68000
STR/22146,03-04-2023 09:26,BRG101,Gula 1kg,Pembeli Fiktif 211,5,14500
STR/22146,03-04-2023 09:26,BRG104,Kopi Bubuk,Pembeli Fiktif 211,2,9500
STR/22146,03-04-2023 09:26,BRG106,Sabun Cuci,Pembeli Fiktif 211,4,4500
STR/22147,15-04-2023 20:19,BRG101,Gula 1kg,Pembeli Fiktif 211,12,14500
STR/22147,15-04-2023 20:19,BRG106,Sabun Cuci,Pembeli Fiktif 211,10,4500
STR/22147,15-04-2023 20:19,BRG104,Kopi Bubuk,Pembeli Fiktif 211,7,9500
STR/22148,17-04-2023 14:23,BRG102,Minyak 2L,Pembeli Fiktif 211,7,32000
STR/22148,17-04-2023 14:23,BRG101,Gula 1kg,Pembeli Fiktif 211,12,14500
STR/22149,28-04-2023 19:06,BRG101,Gula 1kg,Pembeli Fiktif 211,8,14500
STR/22149,28-04-2023 19:06,BRG105,Teh Celup,Pembeli Fiktif 211,9,7000
STR/22149,28-04-2023 19:06,BRG102,Minyak 2L,Pembeli Fiktif 211,8,32000
STR/22150,30-07-2023 17:36,BRG101,Gula 1kg,Pembeli Fiktif 212,12,14500
STR/22151,22-03-2023 14:16,BRG101,Gula 1kg,Pembeli Fiktif 213,11,14500
STR/22151,22-03-2023 14:16,BRG106,Sabun Cuci,Pembeli Fiktif 213,11,4500
STR/22152,19-04-2023 10:27,BRG104,Kopi Bubuk,Pembeli Fiktif 213,11,9500
STR/22152,19-04-2023 10:27,BRG101,Gula 1kg,Pembeli Fiktif 213,8,14500
STR/22152,19-04-2023 10:27,BRG105,Teh Celup,Pembeli Fiktif 213,9,7000
STR/22153,12-05-2023 14:04,BRG105,Teh Celup,Pembeli Fiktif 213,7,7000
STR/22153,12-05-2023 14:04,BRG106,Sabun Cuci,Pembeli Fiktif 213,11,4500
STR/22154,13-05-2023 12:09,BRG101,Gula 1kg,Pembeli Fiktif 213,1,14500
STR/22154,13-05-2023 12:09,BRG105,Teh Celup,Pembeli Fiktif 213,5,7000
STR/22155,01-06-2023 11:18,BRG106,Sabun Cuci,Pembeli Fiktif 213,10,4500
STR/22155,01-06-2023 11:18,BRG105,Teh Celup,Pembeli Fiktif 213,3,7000
STR/22156,03-06-2023 12:22,BRG105,Teh Celup,Pembeli Fiktif 213,3,7000
STR/22156,03-06-2023 12:22,BRG106,Sabun Cuci,Pembeli Fiktif 213,1,4500
STR/22157,14-02-2023 10:59,BRG104,Kopi Bubuk,Pembeli Fiktif 214,11,9500
STR/22157,14-02-2023 10:59,BRG102,Minyak 2L,Pembeli Fiktif 214,5,32000
STR/22157,14-02-2023 10:59,BRG101,Gula 1kg,Pembeli Fiktif 214,6,14500
STR/22158,20-02-2023 18:55,BRG101,Gula 1kg,Pembeli Fiktif 214,8,14500
STR/22158,20-02-2023 18:55,BRG105,Teh Celup,Pembeli Fiktif 214,2,7000
STR/22158,20-02-2023 18:55,BRG104,Kopi Bubuk,Pembeli Fiktif 214,3,9500
STR/22159,02-03-2023 19:49,BRG103,Beras 5kg,Pembeli Fiktif 214,6,68000
STR/22159,02-03-2023 19:49,BRG104,Kopi Bubuk,Pembeli Fiktif 214,4,9500
STR/22160,20-04-2023 10:23,BRG106,Sabun Cuci,Pembeli Fiktif 214,3,4500
STR/22161,28-04-2023 10:45,BRG104,Kopi Bubuk,Pembeli Fiktif 214,9,9500
STR/22162,16-05-2023 08:26,BRG104,Kopi Bubuk,Pembeli Fiktif 214,6,9500
STR/22163,23-05-2023 13:26,BRG101,Gula 1kg,Pembeli Fiktif 214,9,14500
STR/22163,23-05-2023 13:26,BRG105,Teh Celup,Pembeli Fiktif 214,2,7000
STR/22163,23-05-2023 13:26,BRG106,Sabun Cuci,Pembeli Fiktif 214,11,4500
STR/22164,27-05-2023 16:06,BRG104,Kopi Bubuk,Pembeli Fiktif 214,4,9500
STR/22164,27-05-2023 16:06,BRG101,Gula 1kg,Pembeli Fiktif 214,12,14500
STR/22164,27-05-2023 16:06,BRG103,Beras 5kg,Pembeli Fiktif 214,5,68000
STR/22165,10-06-2023 11:25,BRG104,Kopi Bubuk,Pembeli Fiktif 214,2,9500
STR/22165,10-06-2023 11:25,BRG106,Sabun Cuci,Pembeli Fiktif 214,3,4500
STR/22165,10-06-2023 11:25,BRG101,Gula 1kg,Pembeli Fiktif 214,11,14500
STR/22166,13-07-2023 14:50,BRG103,Beras 5kg,Pembeli Fiktif 214,2,68000
STR/22166,13-07-2023 14:50,BRG104,Kopi Bubuk,Pembeli Fiktif 214,7,9500
STR/22167,19-07-2023 12:21,BRG101,Gula 1kg,Pembeli Fiktif 214,6,14500
STR/22168,28-07-2023 08:02,BRG106,Sabun Cuci,Pembeli Fiktif 214,11,4500
STR/22168,28-07-2023 08:02,BRG104,Kopi Bubuk,Pembeli Fiktif 214,11,9500
STR/22168,28-07-2023 08:02,BRG102,Minyak 2L,Pembeli Fiktif 214,9,32000
STR/22169,03-08-2023 11:05,BRG101,Gula 1kg,Pembeli Fiktif 214,12,14500
STR/22169,03-08-2023 11:05,BRG103,Beras 5kg,Pembeli Fiktif 214,8,68000
STR/22169,03-08-2023 11:05,BRG106,Sabun Cuci,Pembeli Fiktif 214,6,4500
STR/22170,29-08-2023 17:56,BRG106,Sabun Cuci,Pembeli Fiktif 214,11,4500
STR/22170,29-08-2023 17:56,BRG103,Beras 5kg,Pembeli Fiktif 214,4,68000
STR/22170,29-08-2023 17:56,BRG104,Kopi Bubuk,Pembeli Fiktif 214,2,9500
STR/22171,11-09-2023 19:28,BRG103,Beras 5kg,Pembeli Fiktif 214,6,68000
STR/22172,19-09-2023 13:30,BRG105,Teh Celup,Pembeli Fiktif 214,5,7000
STR/22172,19-09-2023 13:30,BRG101,Gula 1kg,Pembeli Fiktif 214,1,14500
STR/22172,19-09-2023 13:30,BRG103,Beras 5kg,Pembeli Fiktif 214,11,68000
STR/22173,03-02-2024 15:32,BRG106,Sabun Cuci,Pembeli Fiktif 214,10,4500
STR/22173,03-02-2024 15:32,BRG105,Teh Celup,Pembeli Fiktif 214,10,7000
STR/22173,03-02-2024 15:32,BRG102,Minyak 2L,Pembeli Fiktif 214,10,32000
STR/22174,11-03-2024 15:07,BRG105,Teh Celup,Pembeli Fiktif 214,10,7000
STR/22174,11-03-2024 15:07,BRG104,Kopi Bubuk,Pembeli Fiktif 214,3,9500
STR/22174,11-03-2024 15:07,BRG106,Sabun Cuci,Pembeli Fiktif 214,4,4500
STR/22175,22-03-2024 11:56,BRG105,Teh Celup,Pembeli Fiktif 214,7,7000
STR/22175,22-03-2024 11:56,BRG103,Beras 5kg,Pembeli Fiktif 214,1,68000
STR/22175,22-03-2024 11:56,BRG102,Minyak 2L,Pembeli Fiktif 214,7,32000
STR/22176,28-04-2024 16:43,BRG103,Beras 5kg,Pembeli Fiktif 214,4,68000
STR/22177,27-07-2024 13:17,BRG101,Gula 1kg,Pembeli Fiktif 214,6,14500
STR/22177,27-07-2024 13:17,BRG105,Teh Celup,Pembeli Fiktif 214,10,7000
STR/22178,29-07-2024 08:40,BRG105,Teh Celup,Pembeli Fiktif 214,1,7000
STR/22179,13-08-2024 13:00,BRG104,Kopi Bubuk,Pembeli Fiktif 214,8,9500
STR/22180,22-08-2024 10:14,BRG105,Teh Celup,Pembeli Fiktif 214,2,7000
STR/22180,22-08-2024 10:14,BRG103,Beras 5kg,Pembeli Fiktif 214,12,68000
STR/22181,18-09-2024 14:12,BRG103,Beras 5kg,Pembeli Fiktif 214,1,68000
STR/22181,18-09-2024 14:12,BRG102,Minyak 2L,Pembeli Fiktif 214,6,32000
STR/22182,19-11-2024 14:01,BRG103,Beras 5kg,Pembeli Fiktif 214,8,68000
STR/22182,19-11-2024 14:01,BRG104,Kopi Bubuk,Pembeli Fiktif 214,3,9500
STR/22182,19-11-2024 14:01,BRG105,Teh Celup,Pembeli Fiktif 214,4,7000
STR/22183,15-12-2024 14:05,BRG101,Gula 1kg,Pembeli Fiktif 214,5,14500
STR/22183,15-12-2024 14:05,BRG102,Minyak 2L,Pembeli Fiktif 214,8,32000
STR/22183,15-12-2024 14:05,BRG103,Beras 5kg,Pembeli Fiktif 214,3,68000
STR/22184,02-05-2023 10:14,BRG105,Teh Celup,Pembeli Fiktif 215,11,7000
STR/22184,02-05-2023 10:14,BRG106,Sabun Cuci,Pembeli Fiktif 215,2,4500
STR/22184,02-05-2023 10:14,BRG102,Minyak 2L,Pembeli Fiktif 215,8,32000
STR/22185,17-05-2023 20:18,BRG103,Beras 5kg,Pembeli Fiktif 215,5,68000
STR/22185,17-05-2023 20:18,BRG104,Kopi Bubuk,Pembeli Fiktif 215,6,9500
STR/22186,18-05-2023 09:30,BRG106,Sabun Cuci,Pembeli Fiktif 215,1,4500
STR/22186,18-05-2023 09:30,BRG101,Gula 1kg,Pembeli Fiktif 215,3,14500
STR/22186,18-05-2023 09:30,BRG105,Teh Celup,Pembeli Fiktif 215,4,7000
STR/22187,19-05-2023 11:48,BRG105,Teh Celup,Pembeli Fiktif 215,1,7000
STR/22188,20-06-2023 12:13,BRG102,Minyak 2L,Pembeli Fiktif 215,8,32000
STR/22188,20-06-2023 12:13,BRG105,Teh Celup,Pembeli Fiktif 215,7,7000
STR/22188,20-06-2023 12:13,BRG104,Kopi Bubuk,Pembeli Fiktif 215,11,9500
STR/22189,21-06-2023 13:55,BRG103,Beras 5kg,Pembeli Fiktif 215,2,68000
STR/22190,25-06-2023 13:32,BRG103,Beras 5kg,Pembeli Fiktif 215,11,68000
STR/22190,25-06-2023 13:32,BRG101,Gula 1kg,Pembeli Fiktif 215,10,14500
STR/22190,25-06-2023 13:32,BRG105,Teh Celup,Pembeli Fiktif 215,12,7000
STR/22191,26-06-2023 20:50,BRG102,Minyak 2L,Pembeli Fiktif 215,7,32000
STR/22191,26-06-2023 20:50,BRG104,Kopi Bubuk,Pembeli Fiktif 215,5,9500
STR/22192,20-07-2023 19:02,BRG101,Gula 1kg,Pembeli Fiktif 215,6,14500
STR/22192,20-07-2023 19:02,BRG106,Sabun Cuci,Pembeli Fiktif 215,2,4500
STR/22193,24-07-2023 08:42,BRG104,Kopi Bubuk,Pembeli Fiktif 215,12,9500
STR/22194,31-07-2023 15:44,BRG105,Teh Celup,Pembeli Fiktif 215,2,7000
STR/22194,31-07-2023 15:44,BRG104,Kopi Bubuk,Pembeli Fiktif 215,10,9500
STR/22195,09-08-2023 14:42,BRG103,Beras 5kg,Pembeli Fiktif 215,4,68000
STR/22196,15-08-2023 20:04,BRG103,Beras 5kg,Pembeli Fiktif 215,8,68000
STR/22196,15-08-2023 20:04,BRG104,Kopi Bubuk,Pembeli Fiktif 215,6,9500
STR/22197,19-08-2023 12:26,BRG103,Beras 5kg,Pembeli Fiktif 215,10,68000
STR/22197,19-08-2023 12:26,BRG101,Gula 1kg,Pembeli Fiktif 215,5,14500
STR/22197,19-08-2023 12:26,BRG102,Minyak 2L,Pembeli Fiktif 215,3,32000
STR/22198,24-08-2023 13:56,BRG104,Kopi Bubuk,Pembeli Fiktif 215,4,9500
STR/22199,21-09-2023 20:04,BRG105,Teh Celup,Pembeli Fiktif 215,1,7000
STR/22199,21-09-2023 20:04,BRG101,Gula 1kg,Pembeli Fiktif 215,5,14500
STR/22199,21-09-2023 20:04,BRG103,Beras 5kg,Pembeli Fiktif 215,1,68000
STR/22200,14-10-2023 14:08,BRG103,Beras 5kg,Pembeli Fiktif 215,11,68000
STR/22200,14-10-2023 14:08,BRG104,Kopi Bubuk,Pembeli Fiktif 215,5,9500
STR/22201,12-11-2023 15:53,BRG106,Sabun Cuci,Pembeli Fiktif 215,7,4500
STR/22201,12-11-2023 15:53,BRG104,Kopi Bubuk,Pembeli Fiktif 215,11,9500
STR/22202,07-12-2023 12:02,BRG103,Beras 5kg,Pembeli Fiktif 215,6,68000
STR/22203,10-12-2023 18:10,BRG103,Beras 5kg,Pembeli Fiktif 215,7,68000
STR/22203,10-12-2023 18:10,BRG101,Gula 1kg,Pembeli Fiktif 215,6,14500
STR/22203,10-12-2023 18:10,BRG102,Minyak 2L,Pembeli Fiktif 215,12,32000
STR/22204,01-02-2024 09:03,BRG106,Sabun Cuci,Pembeli Fiktif 215,12,4500
STR/22204,01-02-2024 09:03,BRG102,Minyak 2L,Pembeli Fiktif 215,2,32000
STR/22204,01-02-2024 09:03,BRG105,Teh Celup,Pembeli Fiktif 215,9,7000
STR/22205,03-02-2024 20:41,BRG102,Minyak 2L,Pembeli Fiktif 215,5,32000
STR/22205,03-02-2024 20:41,BRG101,Gula 1kg,Pembeli Fiktif 215,12,14500
STR/22205,03-02-2024 20:41,BRG106,Sabun Cuci,Pembeli Fiktif 215,10,4500
STR/22206,24-02-2024 10:14,BRG103,Beras 5kg,Pembeli Fiktif 215,4,68000
STR/22207,26-02-2024 15:29,BRG105,Teh Celup,Pembeli Fiktif 215,8,7000
STR/22207,26-02-2024 15:29,BRG101,Gula 1kg,Pembeli Fiktif 215,8,14500
STR/22208,11-03-2024 08:52,BRG104,Kopi Bubuk,Pembeli Fiktif 215,8,9500
STR/22208,11-03-2024 08:52,BRG106,Sabun Cuci,Pembeli Fiktif 215,8,4500
STR/22209,13-03-2024 09:15,BRG106,Sabun Cuci,Pembeli Fiktif 215,9,4500
STR/22209,13-03-2024 09:15,BRG105,Teh Celup,Pembeli Fiktif 215,4,7000
STR/22209,13-03-2024 09:15,BRG102,Minyak 2L,Pembeli Fiktif 215,7,32000
STR/22210,02-04-2024 17:08,BRG105,Teh Celup,Pembeli Fiktif 215,11,7000
STR/22210,02-04-2024 17:08,BRG106,Sabun Cuci,Pembeli Fiktif 215,11,4500
STR/22211,24-04-2024 18:13,BRG103,Beras 5kg,Pembeli Fiktif 215,4,68000
STR/22211,24-04-2024 18:13,BRG102,Minyak 2L,Pembeli Fiktif 215,5,32000
STR/22212,28-04-2024 12:32,BRG101,Gula 1kg,Pembeli Fiktif 215,6,14500
STR/22212,28-04-2024 12:32,BRG105,Teh Celup,Pembeli Fiktif 215,1,7000
STR/22212,28-04-2024 12:32,BRG106,Sabun Cuci,Pembeli Fiktif 215,4,4500
STR/22213,29-04-2024 08:43,BRG101,Gula 1kg,Pembeli Fiktif 215,1,14500
STR/22213,29-04-2024 08:43,BRG105,Teh Celup,Pembeli Fiktif 215,6,7000
STR/22213,29-04-2024 08:43,BRG103,Beras 5kg,Pembeli Fiktif 215,11,68000
STR/22214,01-05-2024 08:24,BRG101,Gula 1kg,Pembeli Fiktif 215,8,14500
STR/22215,18-02-2023 20:09,BRG102,Minyak 2L,Pembeli Fiktif 216,7,32000
STR/22216,18-03-2023 17:46,BRG105,Teh Celup,Pembeli Fiktif 216,9,7000
STR/22216,18-03-2023 17:46,BRG101,Gula 1kg,Pembeli Fiktif 216,9,14500
STR/22217,25-03-2023 13:01,BRG105,Teh Celup,Pembeli Fiktif 216,2,7000
STR/22218,16-05-2023 11:18,BRG104,Kopi Bubuk,Pembeli Fiktif 216,6,9500
STR/22218,16-05-2023 11:18,BRG103,Beras 5kg,Pembeli Fiktif 216,5,68000
STR/22218,16-05-2023 11:18,BRG101,Gula 1kg,Pembeli Fiktif 216,6,14500
STR/22219,24-05-2023 17:07,BRG103,Beras 5kg,Pembeli Fiktif 216,5,68000
STR/22219,24-05-2023 17:07,BRG101,Gula 1kg,Pembeli Fiktif 216,3,14500
STR/22220,31-05-2023 19:36,BRG101,Gula 1kg,Pembeli Fiktif 216,8,14500
STR/22221,16-05-2024 16:33,BRG102,Minyak 2L,Pembeli Fiktif 217,3,32000
STR/22221,16-05-2024 16:33,BRG105,Teh Celup,Pembeli Fiktif 217,12,7000
STR/22222,24-05-2024 18:42,BRG101,Gula 1kg,Pembeli Fiktif 217,3,14500
STR/22222,24-05-2024 18:42,BRG106,Sabun Cuci,Pembeli Fiktif 217,4,4500
STR/22222,24-05-2024 18:42,BRG105,Teh Celup,Pembeli Fiktif 217,8,7000
STR/22223,01-06-2024 19:03,BRG106,Sabun Cuci,Pembeli Fiktif 217,11,4500
STR/22223,01-06-2024 19:03,BRG104,Kopi Bubuk,Pembeli Fiktif 217,2,9500
STR/22224,08-07-2024 11:56,BRG105,Teh Celup,Pembeli Fiktif 217,10,7000
STR/22224,08-07-2024 11:56,BRG103,Beras 5kg,Pembeli Fiktif 217,2,68000
STR/22225,24-07-2024 17:31,BRG106,Sabun Cuci,Pembeli Fiktif 217,11,4500
STR/22225,24-07-2024 17:31,BRG103,Beras 5kg,Pembeli Fiktif 217,7,68000
STR/22225,24-07-2024 17:31,BRG101,Gula 1kg,Pembeli Fiktif 217,9,14500
STR/22226,25-07-2024 11:03,BRG101,Gula 1kg,Pembeli Fiktif 217,5,14500
STR/22226,25-07-2024 11:03,BRG102,Minyak 2L,Pembeli Fiktif 217,5,32000
STR/22226,25-07-2024 11:03,BRG105,Teh Celup,Pembeli Fiktif 217,10,7000
STR/22227,25-08-2024 10:53,BRG104,Kopi Bubuk,Pembeli Fiktif 217,12,9500
STR/22227,25-08-2024 10:53,BRG102,Minyak 2L,Pembeli Fiktif 217,8,32000
STR/22227,25-08-2024 10:53,BRG103,Beras 5kg,Pembeli Fiktif 217,10,68000
STR/22228,06-09-2024 20:54,BRG102,Minyak 2L,Pembeli Fiktif 217,11,32000
STR/22228,06-09-2024 20:54,BRG106,Sabun Cuci,Pembeli Fiktif 217,9,4500
STR/22228,06-09-2024 20:54,BRG101,Gula 1kg,Pembeli Fiktif 217,7,14500
STR/22229,13-06-2023 12:15,BRG101,Gula 1kg,Pembeli Fiktif 218,11,14500
STR/22230,06-08-2023 18:39,BRG102,Minyak 2L,Pembeli Fiktif 218,7,32000
STR/22230,06-08-2023 18:39,BRG103,Beras 5kg,Pembeli Fiktif 218,11,68000
STR/22230,06-08-2023 18:39,BRG105,Teh Celup,Pembeli Fiktif 218,4,7000
STR/22231,01-09-2023 12:29,BRG103,Beras 5kg,Pembeli Fiktif 218,6,68000
STR/22231,01-09-2023 12:29,BRG106,Sabun Cuci,Pembeli Fiktif 218,4,4500
STR/22232,26-02-2024 20:02,BRG102,Minyak 2L,Pembeli Fiktif 218,4,32000
STR/22233,04-03-2024 11:36,BRG102,Minyak 2L,Pembeli Fiktif 218,5,32000
STR/22233,04-03-2024 11:36,BRG103,Beras 5kg,Pembeli Fiktif 218,9,68000
STR/22233,04-03-2024 11:36,BRG101,Gula 1kg,Pembeli Fiktif 218,1,14500
STR/22234,14-03-2024 08:13,BRG106,Sabun Cuci,Pembeli Fiktif 218,1,4500
STR/22235,15-03-2024 14:01,BRG101,Gula 1kg,Pembeli Fiktif 218,9,14500
STR/22236,28-05-2024 15:46,BRG101,Gula 1kg,Pembeli Fiktif 218,6,14500
STR/22237,08-07-2024 12:59,BRG104,Kopi Bubuk,Pembeli Fiktif 218,12,9500
STR/22237,08-07-2024 12:59,BRG102,Minyak 2L,Pembeli Fiktif 218,1,32000
STR/22237,08-07-2024 12:59,BRG106,Sabun Cuci,Pembeli Fiktif 218,1,4500
STR/22238,22-03-2024 11:27,BRG102,Minyak 2L,Pembeli Fiktif 219,11,32000
STR/22238,22-03-2024 11:27,BRG105,Teh Celup,Pembeli Fiktif 219,5,7000
STR/22238,22-03-2024 11:27,BRG104,Kopi Bubuk,Pembeli Fiktif 219,1,9500
STR/22239,28-04-2024 18:45,BRG104,Kopi Bubuk,Pembeli Fiktif 220,5,9500
STR/22239,28-04-2024 18:45,BRG105,Teh Celup,Pembeli Fiktif 220,10,7000
STR/22239,28-04-2024 18:45,BRG101,Gula 1kg,Pembeli Fiktif 220,7,14500
STR/22240,07-06-2024 12:52,BRG104,Kopi Bubuk,Pembeli Fiktif 220,3,9500
STR/22240,07-06-2024 12:52,BRG106,Sabun Cuci,Pembeli Fiktif 220,4,4500
STR/22241,19-10-2024 17:06,BRG103,Beras 5kg,Pembeli Fiktif 220,5,68000
STR/22241,19-10-2024 17:06,BRG106,Sabun Cuci,Pembeli Fiktif 220,6,4500
STR/22242,27-12-2024 09:11,BRG104,Kopi Bubuk,Pembeli Fiktif 220,7,9500
STR/22243,18-02-2023 19:21,BRG105,Teh Celup,Pembeli Fiktif 221,2,7000
STR/22244,20-02-2023 17:43,BRG101,Gula 1kg,Pembeli Fiktif 221,12,14500
STR/22244,20-02-2023 17:43,BRG103,Beras 5kg,Pembeli Fiktif 221,10,68000
STR/22244,20-02-2023 17:43,BRG102,Minyak 2L,Pembeli Fiktif 221,7,32000
STR/22245,24-08-2023 10:11,BRG106,Sabun Cuci,Pembeli Fiktif 222,4,4500
STR/22246,17-09-2023 14:50,BRG106,Sabun Cuci,Pembeli Fiktif 222,4,4500
STR/22246,17-09-2023 14:50,BRG105,Teh Celup,Pembeli Fiktif 222,12,7000
STR/22247,22-09-2023 17:44,BRG103,Beras 5kg,Pembeli Fiktif 222,11,68000
STR/22247,22-09-2023 17:44,BRG105,Teh Celup,Pembeli Fiktif 222,12,7000
STR/22247,22-09-2023 17:44,BRG106,Sabun Cuci,Pembeli Fiktif 222,11,4500
STR/22248,26-09-2023 18:17,BRG106,Sabun Cuci,Pembeli Fiktif 222,10,4500
STR/22248,26-09-2023 18:17,BRG102,Minyak 2L,Pembeli Fiktif 222,5,32000
STR/22249,02-11-2023 13:28,BRG105,Teh Celup,Pembeli Fiktif 222,7,7000
STR/22250,22-11-2023 09:30,BRG103,Beras 5kg,Pembeli Fiktif 222,6,68000
STR/22251,14-12-2023 08:46,BRG104,Kopi Bubuk,Pembeli Fiktif 222,3,9500
STR/22251,14-12-2023 08:46,BRG101,Gula 1kg,Pembeli Fiktif 222,5,14500
STR/22251,14-12-2023 08:46,BRG106,Sabun Cuci,Pembeli Fiktif 222,12,4500
STR/22252,08-01-2024 20:57,BRG102,Minyak 2L,Pembeli Fiktif 222,7,32000
STR/22252,08-01-2024 20:57,BRG105,Teh Celup,Pembeli Fiktif 222,2,7000
STR/22253,11-02-2024 09:24,BRG103,Beras 5kg,Pembeli Fiktif 222,10,68000
STR/22254,05-03-2024 12:31,BRG105,Teh Celup,Pembeli Fiktif 222,8,7000
STR/22255,08-04-2024 19:07,BRG101,Gula 1kg,Pembeli Fiktif 222,7,14500
STR/22256,20-06-2024 20:22,BRG101,Gula 1kg,Pembeli Fiktif 222,6,14500
STR/22256,20-06-2024 20:22,BRG105,Teh Celup,Pembeli Fiktif 222,6,7000
STR/22257,27-07-2024 14:07,BRG102,Minyak 2L,Pembeli Fiktif 222,11,32000
STR/22257,27-07-2024 14:07,BRG106,Sabun Cuci,Pembeli Fiktif 222,10,4500
STR/22257,27-07-2024 14:07,BRG105,Teh Celup,Pembeli Fiktif 222,5,7000
STR/22258,07-08-2024 16:47,BRG104,Kopi Bubuk,Pembeli Fiktif 222,12,9500
STR/22258,07-08-2024 16:47,BRG102,Minyak 2L,Pembeli Fiktif 222,11,32000
STR/22258,07-08-2024 16:47,BRG106,Sabun Cuci,Pembeli Fiktif 222,3,4500
STR/22259,15-08-2024 14:39,BRG105,Teh Celup,Pembeli Fiktif 222,8,7000
STR/22259,15-08-2024 14:39,BRG102,Minyak 2L,Pembeli Fiktif 222,6,32000
STR/22259,15-08-2024 14:39,BRG106,Sabun Cuci,Pembeli Fiktif 222,12,4500
STR/22260,08-10-2024 09:24,BRG104,Kopi Bubuk,Pembeli Fiktif 222,5,9500
STR/22261,21-10-2024 14:23,BRG106,Sabun Cuci,Pembeli Fiktif 222,10,4500
STR/22261,21-10-2024 14:23,BRG104,Kopi Bubuk,Pembeli Fiktif 222,7,9500
STR/22261,21-10-2024 14:23,BRG102,Minyak 2L,Pembeli Fiktif 222,12,32000
STR/22262,12-12-2024 18:09,BRG106,Sabun Cuci,Pembeli Fiktif 222,9,4500
STR/22262,12-12-2024 18:09,BRG102,Minyak 2L,Pembeli Fiktif 222,12,32000
STR/22263,15-12-2024 16:08,BRG101,Gula 1kg,Pembeli Fiktif 222,6,14500
STR/22263,15-12-2024 16:08,BRG104,Kopi Bubuk,Pembeli Fiktif 222,7,9500
STR/22264,03-01-2023 15:17,BRG105,Teh Celup,Pembeli Fiktif 223,4,7000
STR/22264,03-01-2023 15:17,BRG102,Minyak 2L,Pembeli Fiktif 223,4,32000
STR/22265,18-01-2023 18:49,BRG105,Teh Celup,Pembeli Fiktif 223,4,7000
STR/22266,31-01-2023 10:27,BRG103,Beras 5kg,Pembeli Fiktif 223,10,68000
STR/22266,31-01-2023 10:27,BRG101,Gula 1kg,Pembeli Fiktif 223,10,14500
STR/22267,09-04-2023 15:22,BRG106,Sabun Cuci,Pembeli Fiktif 223,6,4500
STR/22268,15-05-2023 10:26,BRG106,Sabun Cuci,Pembeli Fiktif 223,3,4500
STR/22268,15-05-2023 10:26,BRG101,Gula 1kg,Pembeli Fiktif 223,12,14500
STR/22268,15-05-2023 10:26,BRG105,Teh Celup,Pembeli Fiktif 223,4,7000
STR/22269,16-07-2023 08:48,BRG105,Teh Celup,Pembeli Fiktif 223,4,7000
STR/22269,16-07-2023 08:48,BRG101,Gula 1kg,Pembeli Fiktif 223,12,14500
STR/22270,25-08-2023 20:23,BRG104,Kopi Bubuk,Pembeli Fiktif 223,4,9500
STR/22270,25-08-2023 20:23,BRG101,Gula 1kg,Pembeli Fiktif 223,3,14500
STR/22270,25-08-2023 20:23,BRG105,Teh Celup,Pembeli Fiktif 223,7,7000
STR/22271,30-08-2023 18:07,BRG106,Sabun Cuci,Pembeli Fiktif 223,3,4500
STR/22271,30-08-2023 18:07,BRG101,Gula 1kg,Pembeli Fiktif 223,8,14500
STR/22272,17-09-2023 20:58,BRG105,Teh Celup,Pembeli Fiktif 223,8,7000
STR/22273,20-09-2023 13:57,BRG106,Sabun Cuci,Pembeli Fiktif 223,9,4500
STR/22274,23-09-2023 15:29,BRG103,Beras 5kg,Pembeli Fiktif 223,12,68000
STR/22274,23-09-2023 15:29,BRG106,Sabun Cuci,Pembeli Fiktif 223,8,4500
STR/22274,23-09-2023 15:29,BRG104,Kopi Bubuk,Pembeli Fiktif 223,10,9500
STR/22275,08-03-2023 08:47,BRG103,Beras 5kg,Pembeli Fiktif 224,5,68000
STR/22275,08-03-2023 08:47,BRG104,Kopi Bubuk,Pembeli Fiktif 224,11,9500
STR/22275,08-03-2023 08:47,BRG102,Minyak 2L,Pembeli Fiktif 224,10,32000
STR/22276,17-03-2023 10:25,BRG106,Sabun Cuci,Pembeli Fiktif 224,8,4500
STR/22277,06-04-2023 09:05,BRG101,Gula 1kg,Pembeli Fiktif 224,7,14500
STR/22278,16-04-2023 12:25,BRG104,Kopi Bubuk,Pembeli Fiktif 224,4,9500
STR/22278,16-04-2023 12:25,BRG105,Teh Celup,Pembeli Fiktif 224,7,7000
STR/22279,03-05-2023 13:17,BRG105,Teh Celup,Pembeli Fiktif 224,2,7000
STR/22280,16-05-2023 10:45,BRG101,Gula 1kg,Pembeli Fiktif 224,5,14500
STR/22280,16-05-2023 10:45,BRG106,Sabun Cuci,Pembeli Fiktif 224,12,4500
STR/22280,16-05-2023 10:45,BRG105,Teh Celup,Pembeli Fiktif 224,2,7000
STR/22281,27-05-2023 18:06,BRG101,Gula 1kg,Pembeli Fiktif 224,6,14500
STR/22281,27-05-2023 18:06,BRG104,Kopi Bubuk,Pembeli Fiktif 224,11,9500
STR/22282,06-06-2023 15:53,BRG104,Kopi Bubuk,Pembeli Fiktif 224,8,9500
STR/22282,06-06-2023 15:53,BRG106,Sabun Cuci,Pembeli Fiktif 224,1,4500
STR/22282,06-06-2023 15:53,BRG105,Teh Celup,Pembeli Fiktif 224,1,7000
STR/22283,25-05-2023 13:38,BRG103,Beras 5kg,Pembeli Fiktif 225,9,68000
STR/22283,25-05-2023 13:38,BRG101,Gula 1kg,Pembeli Fiktif 225,9,14500
STR/22284,10-08-2023 13:12,BRG102,Minyak 2L,Pembeli Fiktif 225,7,32000
STR/22284,10-08-2023 13:12,BRG106,Sabun Cuci,Pembeli Fiktif 225,6,4500
STR/22284,10-08-2023 13:12,BRG101,Gula 1kg,Pembeli Fiktif 225,2,14500
STR/22285,29-08-2023 15:21,BRG101,Gula 1kg,Pembeli Fiktif 225,12,14500
STR/22285,29-08-2023 15:21,BRG105,Teh Celup,Pembeli Fiktif 225,6,7000
STR/22286,12-12-2023 12:54,BRG106,Sabun Cuci,Pembeli Fiktif 225,2,4500
STR/22287,29-01-2024 18:02,BRG103,Beras 5kg,Pembeli Fiktif 225,5,68000
STR/22288,23-02-2024 18:25,BRG106,Sabun Cuci,Pembeli Fiktif 225,9,4500
STR/22288,23-02-2024 18:25,BRG104,Kopi Bubuk,Pembeli Fiktif 225,8,9500
STR/22289,01-03-2024 10:23,BRG104,Kopi Bubuk,Pembeli Fiktif 225,5,9500
STR/22289,01-03-2024 10:23,BRG103,Beras 5kg,Pembeli Fiktif 225,2,68000
STR/22290,15-04-2024 20:31,BRG106,Sabun Cuci,Pembeli Fiktif 225,10,4500
STR/22291,19-06-2024 13:56,BRG103,Beras 5kg,Pembeli Fiktif 225,12,68000
STR/22292,23-06-2024 10:33,BRG101,Gula 1kg,Pembeli Fiktif 225,3,14500
STR/22292,23-06-2024 10:33,BRG104,Kopi Bubuk,Pembeli Fiktif 225,12,9500
STR/22293,09-07-2024 19:03,BRG104,Kopi Bubuk,Pembeli Fiktif 225,10,9500
STR/22293,09-07-2024 19:03,BRG105,Teh Celup,Pembeli Fiktif 225,8,7000
STR/22293,09-07-2024 19:03,BRG101,Gula 1kg,Pembeli Fiktif 225,12,14500
STR/22294,22-08-2024 13:23,BRG101,Gula 1kg,Pembeli Fiktif 225,7,14500
STR/22294,22-08-2024 13:23,BRG102,Minyak 2L,Pembeli Fiktif 225,7,32000
STR/22294,22-08-2024 13:23,BRG105,Teh Celup,Pembeli Fiktif 225,5,7000
STR/22295,16-10-2024 09:55,BRG106,Sabun Cuci,Pembeli Fiktif 225,2,4500
STR/22295,16-10-2024 09:55,BRG103,Beras 5kg,Pembeli Fiktif 225,6,68000
STR/22296,04-11-2024 14:58,BRG101,Gula 1kg,Pembeli Fiktif 225,8,14500
STR/22297,16-01-2023 13:19,BRG101,Gula 1kg,Pembeli Fiktif 226,11,14500
STR/22297,16-01-2023 13:19,BRG106,Sabun Cuci,Pembeli Fiktif 226,11,4500
STR/22297,16-01-2023 13:19,BRG102,Minyak 2L,Pembeli Fiktif 226,11,32000
STR/22298,30-05-2023 11:11,BRG102,Minyak 2L,Pembeli Fiktif 226,12,32000
STR/22298,30-05-2023 11:11,BRG104,Kopi Bubuk,Pembeli Fiktif 226,11,9500
STR/22299,03-10-2023 17:26,BRG102,Minyak 2L,Pembeli Fiktif 226,11,32000
STR/22300,31-10-2023 13:13,BRG104,Kopi Bubuk,Pembeli Fiktif 226,2,9500
STR/22300,31-10-2023 13:13,BRG106,Sabun Cuci,Pembeli Fiktif 226,8,4500
STR/22301,12-04-2024 14:51,BRG105,Teh Celup,Pembeli Fiktif 226,7,7000
STR/22302,03-07-2024 08:43,BRG106,Sabun Cuci,Pembeli Fiktif 226,11,4500
STR/22302,03-07-2024 08:43,BRG103,Beras 5kg,Pembeli Fiktif 226,10,68000
STR/22303,10-11-2024 12:47,BRG105,Teh Celup,Pembeli Fiktif 226,2,7000
STR/22303,10-11-2024 12:47,BRG104,Kopi Bubuk,Pembeli Fiktif 226,9,9500
STR/22303,10-11-2024 12:47,BRG106,Sabun Cuci,Pembeli Fiktif 226,7,4500
STR/22304,30-08-2024 08:32,BRG103,Beras 5kg,Pembeli Fiktif 227,1,68000
STR/22304,30-08-2024 08:32,BRG106,Sabun Cuci,Pembeli Fiktif 227,1,4500
STR/22304,30-08-2024 08:32,BRG102,Minyak 2L,Pembeli Fiktif 227,2,32000
STR/22305,01-09-2024 11:39,BRG101,Gula 1kg,Pembeli Fiktif 227,1,14500
STR/22305,01-09-2024 11:39,BRG104,Kopi Bubuk,Pembeli Fiktif 227,1,9500
STR/22305,01-09-2024 11:39,BRG105,Teh Celup,Pembeli Fiktif 227,1,7000
STR/22306,08-09-2024 18:13,BRG101,Gula 1kg,Pembeli Fiktif 227,3,14500
STR/22306,08-09-2024 18:13,BRG103,Beras 5kg,Pembeli Fiktif 227,6,68000
STR/22307,25-09-2024 20:01,BRG104,Kopi Bubuk,Pembeli Fiktif 227,4,9500
STR/22307,25-09-2024 20:01,BRG103,Beras 5kg,Pembeli Fiktif 227,6,68000
STR/22307,25-09-2024 20:01,BRG102,Minyak 2L,Pembeli Fiktif 227,2,32000
STR/22308,13-10-2024 12:24,BRG106,Sabun Cuci,Pembeli Fiktif 227,3,4500
STR/22309,21-10-2024 17:05,BRG102,Minyak 2L,Pembeli Fiktif 227,5,32000
STR/22310,22-10-2024 17:11,BRG105,Teh Celup,Pembeli Fiktif 227,7,7000
STR/22311,29-10-2024 18:09,BRG106,Sabun Cuci,Pembeli Fiktif 227,12,4500
STR/22311,29-10-2024 18:09,BRG105,Teh Celup,Pembeli Fiktif 227,9,7000
STR/22312,03-12-2024 09:04,BRG102,Minyak 2L,Pembeli Fiktif 227,3,32000
STR/22313,19-12-2024 11:51,BRG103,Beras 5kg,Pembeli Fiktif 227,9,68000
STR/22313,19-12-2024 11:51,BRG101,Gula 1kg,Pembeli Fiktif 227,5,14500
STR/22313,19-12-2024 11:51,BRG104,Kopi Bubuk,Pembeli Fiktif 227,1,9500
STR/22314,28-12-2024 16:43,BRG105,Teh Celup,Pembeli Fiktif 227,2,7000
STR/22314,28-12-2024 16:43,BRG103,Beras 5kg,Pembeli Fiktif 227,7,68000
STR/22314,28-12-2024 16:43,BRG102,Minyak 2L,Pembeli Fiktif 227,12,32000
STR/22315,31-12-2024 11:50,BRG101,Gula 1kg,Pembeli Fiktif 227,2,14500
STR/22316,02-05-2023 16:29,BRG103,Beras 5kg,Pembeli Fiktif 228,4,68000
STR/22317,04-06-2023 19:40,BRG101,Gula 1kg,Pembeli Fiktif 228,9,14500
STR/22317,04-06-2023 19:40,BRG102,Minyak 2L,Pembeli Fiktif 228,1,32000
STR/22317,04-06-2023 19:40,BRG105,Teh Celup,Pembeli Fiktif 228,8,7000
STR/22318,19-06-2023 18:40,BRG103,Beras 5kg,Pembeli Fiktif 228,8,68000
STR/22318,19-06-2023 18:40,BRG102,Minyak 2L,Pembeli Fiktif 228,10,32000
STR/22318,19-06-2023 18:40,BRG105,Teh Celup,Pembeli Fiktif 228,6,7000
STR/22319,26-06-2023 14:22,BRG106,Sabun Cuci,Pembeli Fiktif 228,4,4500
STR/22320,01-07-2023 10:39,BRG102,Minyak 2L,Pembeli Fiktif 228,7,32000
STR/22320,01-07-2023 10:39,BRG104,Kopi Bubuk,Pembeli Fiktif 228,9,9500
STR/22321,17-07-2023 12:09,BRG105,Teh Celup,Pembeli Fiktif 228,4,7000
STR/22322,28-08-2023 15:09,BRG105,Teh Celup,Pembeli Fiktif 228,2,7000
STR/22322,28-08-2023 15:09,BRG106,Sabun Cuci,Pembeli Fiktif 228,6,4500
STR/22322,28-08-2023 15:09,BRG104,Kopi Bubuk,Pembeli Fiktif 228,7,9500
STR/22323,12-09-2023 17:41,BRG101,Gula 1kg,Pembeli Fiktif 228,4,14500
STR/22323,12-09-2023 17:41,BRG106,Sabun Cuci,Pembeli Fiktif 228,6,4500
STR/22324,17-09-2023 19:42,BRG101,Gula 1kg,Pembeli Fiktif 228,3,14500
STR/22324,17-09-2023 19:42,BRG102,Minyak 2L,Pembeli Fiktif 228,10,32000
STR/22325,02-11-2023 18:58,BRG105,Teh Celup,Pembeli Fiktif 228,4,7000
STR/22325,02-11-2023 18:58,BRG104,Kopi Bubuk,Pembeli Fiktif 228,9,9500
STR/22326,04-11-2023 10:51,BRG104,Kopi Bubuk,Pembeli Fiktif 228,3,9500
STR/22326,04-11-2023 10:51,BRG103,Beras 5kg,Pembeli Fiktif 228,4,68000
STR/22326,04-11-2023 10:51,BRG105,Teh Celup,Pembeli Fiktif 228,8,7000
STR/22327,28-11-2023 09:26,BRG104,Kopi Bubuk,Pembeli Fiktif 228,7,9500
STR/22327,28-11-2023 09:26,BRG106,Sabun Cuci,Pembeli Fiktif 228,8,4500
STR/22328,01-01-2024 09:37,BRG105,Teh Celup,Pembeli Fiktif 228,10,7000
STR/22328,01-01-2024 09:37,BRG101,Gula 1kg,Pembeli Fiktif 228,11,14500
STR/22329,07-01-2024 10:51,BRG101,Gula 1kg,Pembeli Fiktif 228,11,14500
STR/22329,07-01-2024 10:51,BRG106,Sabun Cuci,Pembeli Fiktif 228,11,4500
STR/22330,10-01-2024 12:28,BRG101,Gula 1kg,Pembeli Fiktif 228,12,14500
STR/22330,10-01-2024 12:28,BRG105,Teh Celup,Pembeli Fiktif 228,9,7000
STR/22330,10-01-2024 12:28,BRG106,Sabun Cuci,Pembeli Fiktif 228,5,4500
STR/22331,24-02-2024 08:32,BRG106,Sabun Cuci,Pembeli Fiktif 228,9,4500
STR/22331,24-02-2024 08:32,BRG105,Teh Celup,Pembeli Fiktif 228,9,7000
STR/22331,24-02-2024 08:32,BRG103,Beras 5kg,Pembeli Fiktif 228,5,68000
STR/22332,07-05-2024 20:32,BRG105,Teh Celup,Pembeli Fiktif 228,12,7000
STR/22332,07-05-2024 20:32,BRG101,Gula 1kg,Pembeli Fiktif 228,10,14500
STR/22333,06-09-2024 12:31,BRG102,Minyak 2L,Pembeli Fiktif 228,7,32000
STR/22334,07-10-2024 10:02,BRG106,Sabun Cuci,Pembeli Fiktif 228,11,4500
STR/22335,11-10-2024 14:55,BRG104,Kopi Bubuk,Pembeli Fiktif 228,11,9500
STR/22335,11-10-2024 14:55,BRG105,Teh Celup,Pembeli Fiktif 228,3,7000
STR/22335,11-10-2024 14:55,BRG102,Minyak 2L,Pembeli Fiktif 228,3,32000
STR/22336,04-11-2024 09:33,BRG105,Teh Celup,Pembeli Fiktif 228,4,7000
STR/22337,10-10-2023 19:04,BRG103,Beras 5kg,Pembeli Fiktif 229,8,68000
STR/22337,10-10-2023 19:04,BRG104,Kopi Bubuk,Pembeli Fiktif 229,12,9500
STR/22337,10-10-2023 19:04,BRG101,Gula 1kg,Pembeli Fiktif 229,11,14500
STR/22338,12-05-2024 20:58,BRG103,Beras 5kg,Pembeli Fiktif 230,11,68000
STR/22338,12-05-2024 20:58,BRG102,Minyak 2L,Pembeli Fiktif 230,10,32000
STR/22338,12-05-2024 20:58,BRG104,Kopi Bubuk,Pembeli Fiktif 230,12,9500
STR/22339,05-01-2023 19:52,BRG106,Sabun Cuci,Pembeli Fiktif 231,3,4500
STR/22340,08-01-2023 13:06,BRG101,Gula 1kg,Pembeli Fiktif 231,10,14500
STR/22340,08-01-2023 13:06,BRG105,Teh Celup,Pembeli Fiktif 231,4,7000
STR/22341,20-01-2023 16:16,BRG103,Beras 5kg,Pembeli Fiktif 231,10,68000
STR/22341,20-01-2023 16:16,BRG104,Kopi Bubuk,Pembeli Fiktif 231,2,9500
STR/22341,20-01-2023 16:16,BRG101,Gula 1kg,Pembeli Fiktif 231,5,14500
STR/22342,06-08-2023 09:56,BRG103,Beras 5kg,Pembeli Fiktif 232,9,68000
STR/22342,06-08-2023 09:56,BRG106,Sabun Cuci,Pembeli Fiktif 232,7,4500
STR/22342,06-08-2023 09:56,BRG101,Gula 1kg,Pembeli Fiktif 232,4,14500
STR/22343,07-10-2023 08:35,BRG105,Teh Celup,Pembeli Fiktif 233,8,7000
STR/22344,07-11-2023 15:15,BRG105,Teh Celup,Pembeli Fiktif 233,9,7000
STR/22344,07-11-2023 15:15,BRG104,Kopi Bubuk,Pembeli Fiktif 233,3,9500
STR/22344,07-11-2023 15:15,BRG101,Gula 1kg,Pembeli Fiktif 233,10,14500
STR/22345,06-12-2023 17:42,BRG106,Sabun Cuci,Pembeli Fiktif 233,2,4500
STR/22345,06-12-2023 17:42,BRG102,Minyak 2L,Pembeli Fiktif 233,11,32000
STR/22345,06-12-2023 17:42,BRG104,Kopi Bubuk,Pembeli Fiktif 233,2,9500
STR/22346,24-12-2023 08:10,BRG105,Teh Celup,Pembeli Fiktif 233,12,7000
STR/22347,13-01-2024 20:55,BRG104,Kopi Bubuk,Pembeli Fiktif 233,8,9500
STR/22347,13-01-2024 20:55,BRG102,Minyak 2L,Pembeli Fiktif 233,6,32000
STR/22347,13-01-2024 20:55,BRG105,Teh Celup,Pembeli Fiktif 233,12,7000
STR/22348,14-01-2024 13:31,BRG105,Teh Celup,Pembeli Fiktif 233,10,7000
STR/22349,20-01-2024 16:02,BRG103,Beras 5kg,Pembeli Fiktif 233,1,68000
STR/22349,20-01-2024 16:02,BRG102,Minyak 2L,Pembeli Fiktif 233,10,32000
STR/22349,20-01-2024 16:02,BRG105,Teh Celup,Pembeli Fiktif 233,9,7000
STR/22350,24-01-2024 08:28,BRG104,Kopi Bubuk,Pembeli Fiktif 233,2,9500
STR/22350,24-01-2024 08:28,BRG101,Gula 1kg,Pembeli Fiktif 233,9,14500
STR/22351,10-02-2024 19:31,BRG103,Beras 5kg,Pembeli Fiktif 233,8,68000
STR/22351,10-02-2024 19:31,BRG106,Sabun Cuci,Pembeli Fiktif 233,3,4500
STR/22351,10-02-2024 19:31,BRG101,Gula 1kg,Pembeli Fiktif 233,10,14500
STR/22352,14-03-2024 15:20,BRG106,Sabun Cuci,Pembeli Fiktif 233,5,4500
STR/22353,29-04-2024 14:14,BRG104,Kopi Bubuk,Pembeli Fiktif 233,5,9500
STR/22353,29-04-2024 14:14,BRG101,Gula 1kg,Pembeli Fiktif 233,11,14500
STR/22353,29-04-2024 14:14,BRG106,Sabun Cuci,Pembeli Fiktif 233,8,4500
STR/22354,25-03-2024 16:07,BRG101,Gula 1kg,Pembeli Fiktif 234,11,14500
STR/22354,25-03-2024 16:07,BRG102,Minyak 2L,Pembeli Fiktif 234,8,32000
STR/22354,25-03-2024 16:07,BRG103,Beras 5kg,Pembeli Fiktif 234,1,68000
STR/22355,27-03-2024 18:49,BRG105,Teh Celup,Pembeli Fiktif 234,7,7000
STR/22355,27-03-2024 18:49,BRG103,Beras 5kg,Pembeli Fiktif 234,10,68000
STR/22356,10-04-2024 08:02,BRG105,Teh Celup,Pembeli Fiktif 234,6,7000
STR/22356,10-04-2024 08:02,BRG102,Minyak 2L,Pembeli Fiktif 234,5,32000
STR/22357,23-04-2024 08:38,BRG103,Beras 5kg,Pembeli Fiktif 234,12,68000
STR/22357,23-04-2024 08:38,BRG104,Kopi Bubuk,Pembeli Fiktif 234,8,9500
STR/22358,07-05-2024 14:39,BRG102,Minyak 2L,Pembeli Fiktif 234,2,32000
STR/22358,07-05-2024 14:39,BRG105,Teh Celup,Pembeli Fiktif 234,3,7000
STR/22359,08-05-2024 18:08,BRG102,Minyak 2L,Pembeli Fiktif 234,8,32000
STR/22360,14-05-2024 20:17,BRG105,Teh Celup,Pembeli Fiktif 234,6,7000
STR/22360,14-05-2024 20:17,BRG106,Sabun Cuci,Pembeli Fiktif 234,12,4500
STR/22360,14-05-2024 20:17,BRG103,Beras 5kg,Pembeli Fiktif 234,12,68000
STR/22361,27-05-2024 09:12,BRG101,Gula 1kg,Pembeli Fiktif 234,9,14500
STR/22362,30-05-2024 13:10,BRG104,Kopi Bubuk,Pembeli Fiktif 234,5,9500
STR/22362,30-05-2024 13:10,BRG105,Teh Celup,Pembeli Fiktif 234,1,7000
STR/22362,30-05-2024 13:10,BRG102,Minyak 2L,Pembeli Fiktif 234,8,32000
STR/22363,01-06-2024 18:08,BRG101,Gula 1kg,Pembeli Fiktif 234,3,14500
STR/22363,01-06-2024 18:08,BRG102,Minyak 2L,Pembeli Fiktif 234,2,32000
STR/22364,02-06-2024 20:24,BRG106,Sabun Cuci,Pembeli Fiktif 234,4,4500
STR/22364,02-06-2024 20:24,BRG102,Minyak 2L,Pembeli Fiktif 234,4,32000
STR/22364,02-06-2024 20:24,BRG101,Gula 1kg,Pembeli Fiktif 234,6,14500
STR/22365,17-06-2024 11:18,BRG106,Sabun Cuci,Pembeli Fiktif 234,3,4500
STR/22365,17-06-2024 11:18,BRG104,Kopi Bubuk,Pembeli Fiktif 234,8,9500
STR/22366,30-06-2024 20:31,BRG101,Gula 1kg,Pembeli Fiktif 234,7,14500
STR/22367,02-07-2024 18:29,BRG106,Sabun Cuci,Pembeli Fiktif 234,11,4500
STR/22368,11-07-2024 11:07,BRG105,Teh Celup,Pembeli Fiktif 234,11,7000
STR/22369,16-07-2024 18:36,BRG103,Beras 5kg,Pembeli Fiktif 234,1,68000
STR/22369,16-07-2024 18:36,BRG104,Kopi Bubuk,Pembeli Fiktif 234,2,9500
STR/22370,24-07-2024 15:30,BRG106,Sabun Cuci,Pembeli Fiktif 234,3,4500
STR/22370,24-07-2024 15:30,BRG103,Beras 5kg,Pembeli Fiktif 234,11,68000
STR/22370,24-07-2024 15:30,BRG101,Gula 1kg,Pembeli Fiktif 234,6,14500
STR/22371,15-08-2024 18:58,BRG101,Gula 1kg,Pembeli Fiktif 234,4,14500
STR/22371,15-08-2024 18:58,BRG106,Sabun Cuci,Pembeli Fiktif 234,4,4500
STR/22372,18-08-2024 18:47,BRG105,Teh Celup,Pembeli Fiktif 234,12,7000
STR/22373,23-08-2024 10:37,BRG102,Minyak 2L,Pembeli Fiktif 234,10,32000
STR/22374,26-08-2024 17:13,BRG104,Kopi Bubuk,Pembeli Fiktif 234,2,9500
STR/22374,26-08-2024 17:13,BRG105,Teh Celup,Pembeli Fiktif 234,7,7000
STR/22375,27-08-2024 13:57,BRG105,Teh Celup,Pembeli Fiktif 234,11,7000
STR/22375,27-08-2024 13:57,BRG104,Kopi Bubuk,Pembeli Fiktif 234,9,9500
STR/22376,04-11-2024 17:52,BRG103,Beras 5kg,Pembeli Fiktif 234,4,68000
STR/22376,04-11-2024 17:52,BRG101,Gula 1kg,Pembeli Fiktif 234,2,14500
STR/22377,14-11-2024 09:47,BRG103,Beras 5kg,Pembeli Fiktif 234,12,68000
STR/22377,14-11-2024 09:47,BRG102,Minyak 2L,Pembeli Fiktif 234,11,32000
STR/22378,18-11-2024 11:23,BRG103,Beras 5kg,Pembeli Fiktif 234,4,68000
STR/22379,21-11-2024 10:59,BRG104,Kopi Bubuk,Pembeli Fiktif 234,11,9500
STR/22379,21-11-2024 10:59,BRG102,Minyak 2L,Pembeli Fiktif 234,2,32000
STR/22379,21-11-2024 10:59,BRG101,Gula 1kg,Pembeli Fiktif 234,4,14500
STR/22380,06-12-2024 19:56,BRG106,Sabun Cuci,Pembeli Fiktif 234,8,4500
STR/22380,06-12-2024 19:56,BRG101,Gula 1kg,Pembeli Fiktif 234,10,14500
STR/22380,06-12-2024 19:56,BRG102,Minyak 2L,Pembeli Fiktif 234,4,32000
STR/22381,14-06-2024 12:46,BRG103,Beras 5kg,Pembeli Fiktif 235,8,68000
STR/22382,05-08-2024 11:03,BRG104,Kopi Bubuk,Pembeli Fiktif 235,6,9500
STR/22382,05-08-2024 11:03,BRG105,Teh Celup,Pembeli Fiktif 235,10,7000
STR/22383,09-12-2024 17:32,BRG101,Gula 1kg,Pembeli Fiktif 235,6,14500
STR/22383,09-12-2024 17:32,BRG104,Kopi Bubuk,Pembeli Fiktif 235,7,9500
STR/22384,06-07-2023 16:22,BRG106,Sabun Cuci,Pembeli Fiktif 236,12,4500
STR/22384,06-07-2023 16:22,BRG104,Kopi Bubuk,Pembeli Fiktif 236,9,9500
STR/22384,06-07-2023 16:22,BRG101,Gula 1kg,Pembeli Fiktif 236,8,14500
STR/22385,16-08-2023 16:16,BRG103,Beras 5kg,Pembeli Fiktif 236,6,68000
STR/22385,16-08-2023 16:16,BRG101,Gula 1kg,Pembeli Fiktif 236,5,14500
STR/22386,16-11-2023 19:30,BRG106,Sabun Cuci,Pembeli Fiktif 236,3,4500
STR/22386,16-11-2023 19:30,BRG103,Beras 5kg,Pembeli Fiktif 236,2,68000
STR/22387,20-11-2023 19:46,BRG101,Gula 1kg,Pembeli Fiktif 236,9,14500
STR/22387,20-11-2023 19:46,BRG105,Teh Celup,Pembeli Fiktif 236,6,7000
STR/22388,01-01-2024 12:40,BRG106,Sabun Cuci,Pembeli Fiktif 236,4,4500
STR/22388,01-01-2024 12:40,BRG105,Teh Celup,Pembeli Fiktif 236,3,7000
STR/22389,05-03-2024 20:29,BRG102,Minyak 2L,Pembeli Fiktif 236,5,32000
STR/22389,05-03-2024 20:29,BRG104,Kopi Bubuk,Pembeli Fiktif 236,7,9500
STR/22390,10-04-2024 15:10,BRG106,Sabun Cuci,Pembeli Fiktif 236,2,4500
STR/22390,10-04-2024 15:10,BRG104,Kopi Bubuk,Pembeli Fiktif 236,7,9500
STR/22390,10-04-2024 15:10,BRG101,Gula 1kg,Pembeli Fiktif 236,1,14500
STR/22391,04-06-2024 19:33,BRG104,Kopi Bubuk,Pembeli Fiktif 236,4,9500
STR/22392,19-06-2024 16:58,BRG104,Kopi Bubuk,Pembeli Fiktif 236,2,9500
STR/22392,19-06-2024 16:58,BRG102,Minyak 2L,Pembeli Fiktif 236,12,32000
STR/22393,14-09-2024 09:02,BRG105,Teh Celup,Pembeli Fiktif 236,1,7000
STR/22394,20-09-2024 20:04,BRG105,Teh Celup,Pembeli Fiktif 236,5,7000
STR/22395,03-01-2023 15:30,BRG102,Minyak 2L,Pembeli Fiktif 237,4,32000
STR/22396,07-02-2023 13:49,BRG105,Teh Celup,Pembeli Fiktif 237,12,7000
STR/22397,18-02-2023 12:25,BRG101,Gula 1kg,Pembeli Fiktif 237,8,14500
STR/22398,24-02-2023 15:50,BRG102,Minyak 2L,Pembeli Fiktif 237,6,32000
STR/22398,24-02-2023 15:50,BRG105,Teh Celup,Pembeli Fiktif 237,8,7000
STR/22398,24-02-2023 15:50,BRG101,Gula 1kg,Pembeli Fiktif 237,4,14500
STR/22399,28-03-2023 19:58,BRG106,Sabun Cuci,Pembeli Fiktif 237,7,4500
STR/22399,28-03-2023 19:58,BRG105,Teh Celup,Pembeli Fiktif 237,1,7000
STR/22399,28-03-2023 19:58,BRG104,Kopi Bubuk,Pembeli Fiktif 237,10,9500
STR/22400,29-03-2023 09:50,BRG103,Beras 5kg,Pembeli Fiktif 237,1,68000
STR/22401,31-03-2023 10:54,BRG104,Kopi Bubuk,Pembeli Fiktif 237,1,9500
STR/22401,31-03-2023 10:54,BRG103,Beras 5kg,Pembeli Fiktif 237,8,68000
STR/22401,31-03-2023 10:54,BRG101,Gula 1kg,Pembeli Fiktif 237,3,14500
STR/22402,11-04-2023 08:50,BRG102,Minyak 2L,Pembeli Fiktif 237,8,32000
STR/22402,11-04-2023 08:50,BRG105,Teh Celup,Pembeli Fiktif 237,12,7000
STR/22403,23-04-2023 10:33,BRG105,Teh Celup,Pembeli Fiktif 237,4,7000
STR/22403,23-04-2023 10:33,BRG104,Kopi Bubuk,Pembeli Fiktif 237,9,9500
STR/22404,19-05-2023 08:16,BRG102,Minyak 2L,Pembeli Fiktif 237,7,32000
STR/22404,19-05-2023 08:16,BRG101,Gula 1kg,Pembeli Fiktif 237,4,14500
STR/22404,19-05-2023 08:16,BRG105,Teh Celup,Pembeli Fiktif 237,6,7000
STR/22405,25-05-2023 10:44,BRG102,Minyak 2L,Pembeli Fiktif 237,2,32000
STR/22405,25-05-2023 10:44,BRG101,Gula 1kg,Pembeli Fiktif 237,5,14500
STR/22405,25-05-2023 10:44,BRG105,Teh Celup,Pembeli Fiktif 237,4,7000
STR/22406,22-06-2023 14:11,BRG106,Sabun Cuci,Pembeli Fiktif 237,7,4500
STR/22406,22-06-2023 14:11,BRG105,Teh Celup,Pembeli Fiktif 237,10,7000
STR/22407,04-07-2023 18:45,BRG106,Sabun Cuci,Pembeli Fiktif 237,3,4500
STR/22407,04-07-2023 18:45,BRG101,Gula 1kg,Pembeli Fiktif 237,1,14500
STR/22407,04-07-2023 18:45,BRG103,Beras 5kg,Pembeli Fiktif 237,11,68000
STR/22408,12-07-2023 15:05,BRG105,Teh Celup,Pembeli Fiktif 237,12,7000
STR/22409,19-07-2023 10:55,BRG103,Beras 5kg,Pembeli Fiktif 237,5,68000
STR/22409,19-07-2023 10:55,BRG105,Teh Celup,Pembeli Fiktif 237,4,7000
STR/22409,19-07-2023 10:55,BRG102,Minyak 2L,Pembeli Fiktif 237,7,32000
STR/22410,21-07-2023 09:07,BRG101,Gula 1kg,Pembeli Fiktif 237,7,14500
STR/22410,21-07-2023 09:07,BRG106,Sabun Cuci,Pembeli Fiktif 237,11,4500
STR/22411,01-08-2023 19:31,BRG102,Minyak 2L,Pembeli Fiktif 237,5,32000
STR/22412,06-09-2023 10:21,BRG106,Sabun Cuci,Pembeli Fiktif 237,4,4500
STR/22412,06-09-2023 10:21,BRG103,Beras 5kg,Pembeli Fiktif 237,1,68000
STR/22412,06-09-2023 10:21,BRG102,Minyak 2L,Pembeli Fiktif 237,7,32000
STR/22413,07-09-2023 17:58,BRG105,Teh Celup,Pembeli Fiktif 237,10,7000
STR/22414,13-09-2023 11:27,BRG102,Minyak 2L,Pembeli Fiktif 237,1,32000
STR/22414,13-09-2023 11:27,BRG104,Kopi Bubuk,Pembeli Fiktif 237,8,9500
STR/22415,27-09-2023 16:11,BRG104,Kopi Bubuk,Pembeli Fiktif 237,3,9500
STR/22415,27-09-2023 16:11,BRG106,Sabun Cuci,Pembeli Fiktif 237,11,4500
STR/22415,27-09-2023 16:11,BRG102,Minyak 2L,Pembeli Fiktif 237,10,32000
STR/22416,09-10-2023 19:35,BRG102,Minyak 2L,Pembeli Fiktif 237,10,32000
STR/22416,09-10-2023 19:35,BRG101,Gula 1kg,Pembeli Fiktif 237,9,14500
STR/22416,09-10-2023 19:35,BRG103,Beras 5kg,Pembeli Fiktif 237,12,68000
STR/22417,31-10-2023 19:50,BRG101,Gula 1kg,Pembeli Fiktif 237,8,14500
STR/22417,31-10-2023 19:50,BRG106,Sabun Cuci,Pembeli Fiktif 237,12,4500
STR/22417,31-10-2023 19:50,BRG105,Teh Celup,Pembeli Fiktif 237,7,7000
STR/22418,14-11-2023 09:17,BRG103,Beras 5kg,Pembeli Fiktif 237,6,68000
STR/22418,14-11-2023 09:17,BRG101,Gula 1kg,Pembeli Fiktif 237,12,14500
STR/22418,14-11-2023 09:17,BRG105,Teh Celup,Pembeli Fiktif 237,7,7000
STR/22419,25-11-2023 14:38,BRG104,Kopi Bubuk,Pembeli Fiktif 237,4,9500
STR/22420,25-08-2024 14:21,BRG106,Sabun Cuci,Pembeli Fiktif 238,10,4500
STR/22420,25-08-2024 14:21,BRG101,Gula 1kg,Pembeli Fiktif 238,6,14500
STR/22421,23-11-2024 19:26,BRG103,Beras 5kg,Pembeli Fiktif 238,12,68000
STR/22421,23-11-2024 19:26,BRG101,Gula 1kg,Pembeli Fiktif 238,3,14500
STR/22421,23-11-2024 19:26,BRG102,Minyak 2L,Pembeli Fiktif 238,1,32000
STR/22422,03-12-2024 18:15,BRG106,Sabun Cuci,Pembeli Fiktif 238,4,4500
STR/22422,03-12-2024 18:15,BRG103,Beras 5kg,Pembeli Fiktif 238,8,68000
STR/22422,03-12-2024 18:15,BRG104,Kopi Bubuk,Pembeli Fiktif 238,12,9500
STR/22423,17-10-2024 09:52,BRG103,Beras 5kg,Pembeli Fiktif 239,8,68000
STR/22424,06-07-2024 19:18,BRG104,Kopi Bubuk,Pembeli Fiktif 240,2,9500
STR/22425,09-07-2024 12:43,BRG101,Gula 1kg,Pembeli Fiktif 240,6,14500
STR/22425,09-07-2024 12:43,BRG104,Kopi Bubuk,Pembeli Fiktif 240,9,9500
STR/22425,09-07-2024 12:43,BRG105,Teh Celup,Pembeli Fiktif 240,12,7000
STR/22426,30-07-2024 17:00,BRG103,Beras 5kg,Pembeli Fiktif 240,5,68000
STR/22426,30-07-2024 17:00,BRG104,Kopi Bubuk,Pembeli Fiktif 240,10,9500
STR/22427,03-09-2024 10:19,BRG101,Gula 1kg,Pembeli Fiktif 240,4,14500
STR/22427,03-09-2024 10:19,BRG103,Beras 5kg,Pembeli Fiktif 240,8,68000
STR/22428,08-09-2024 11:27,BRG103,Beras 5kg,Pembeli Fiktif 240,6,68000
STR/22429,15-10-2024 08:56,BRG104,Kopi Bubuk,Pembeli Fiktif 240,8,9500
STR/22429,15-10-2024 08:56,BRG101,Gula 1kg,Pembeli Fiktif 240,5,14500
STR/22429,15-10-2024 08:56,BRG106,Sabun Cuci,Pembeli Fiktif 240,4,4500
STR/22430,22-10-2024 09:34,BRG103,Beras 5kg,Pembeli Fiktif 240,6,68000
STR/22431,24-10-2024 20:06,BRG105,Teh Celup,Pembeli Fiktif 240,9,7000
STR/22432,28-10-2024 10:03,BRG101,Gula 1kg,Pembeli Fiktif 240,9,14500
STR/22433,13-11-2024 16:06,BRG103,Beras 5kg,Pembeli Fiktif 240,3,68000
STR/22434,16-12-2024 18:00,BRG105,Teh Celup,Pembeli Fiktif 240,4,7000
STR/22435,22-12-2024 08:59,BRG102,Minyak 2L,Pembeli Fiktif 240,2,32000
STR/22436,31-12-2024 11:51,BRG102,Minyak 2L,Pembeli Fiktif 240,9,32000
STR/22436,31-12-2024 11:51,BRG105,Teh Celup,Pembeli Fiktif 240,11,7000
STR/22436,31-12-2024 11:51,BRG106,Sabun Cuci,Pembeli Fiktif 240,5,4500
STR/22437,17-07-2024 14:14,BRG104,Kopi Bubuk,Pembeli Fiktif 241,11,9500
STR/22437,17-07-2024 14:14,BRG105,Teh Celup,Pembeli Fiktif 241,10,7000
STR/22438,29-11-2024 12:23,BRG102,Minyak 2L,Pembeli Fiktif 242,3,32000
STR/22438,29-11-2024 12:23,BRG104,Kopi Bubuk,Pembeli Fiktif 242,1,9500
STR/22439,23-10-2024 19:26,BRG104,Kopi Bubuk,Pembeli Fiktif 243,4,9500
STR/22439,23-10-2024 19:26,BRG105,Teh Celup,Pembeli Fiktif 243,12,7000
STR/22439,23-10-2024 19:26,BRG103,Beras 5kg,Pembeli Fiktif 243,5,68000
STR/22440,31-10-2024 10:16,BRG101,Gula 1kg,Pembeli Fiktif 243,12,14500
STR/22441,10-05-2023 17:25,BRG104,Kopi Bubuk,Pembeli Fiktif 244,6,9500
STR/22442,02-06-2023 13:39,BRG104,Kopi Bubuk,Pembeli Fiktif 244,11,9500
STR/22442,02-06-2023 13:39,BRG103,Beras 5kg,Pembeli Fiktif 244,9,68000
STR/22442,02-06-2023 13:39,BRG106,Sabun Cuci,Pembeli Fiktif 244,5,4500
STR/22443,29-06-2023 13:02,BRG104,Kopi Bubuk,Pembeli Fiktif 244,6,9500
STR/22443,29-06-2023 13:02,BRG102,Minyak 2L,Pembeli Fiktif 244,10,32000
STR/22444,08-08-2023 12:20,BRG105,Teh Celup,Pembeli Fiktif 244,10,7000
STR/22444,08-08-2023 12:20,BRG106,Sabun Cuci,Pembeli Fiktif 244,4,4500
STR/22445,16-08-2023 16:47,BRG105,Teh Celup,Pembeli Fiktif 244,7,7000
STR/22445,16-08-2023 16:47,BRG103,Beras 5kg,Pembeli Fiktif 244,1,68000
STR/22446,06-11-2023 12:38,BRG106,Sabun Cuci,Pembeli Fiktif 244,4,4500
STR/22446,06-11-2023 12:38,BRG101,Gula 1kg,Pembeli Fiktif 244,9,14500
STR/22447,23-12-2023 16:10,BRG105,Teh Celup,Pembeli Fiktif 244,3,7000
STR/22448,18-02-2024 08:26,BRG101,Gula 1kg,Pembeli Fiktif 244,4,14500
STR/22448,18-02-2024 08:26,BRG106,Sabun Cuci,Pembeli Fiktif 244,1,4500
STR/22448,18-02-2024 08:26,BRG103,Beras 5kg,Pembeli Fiktif 244,9,68000
STR/22449,09-05-2024 11:34,BRG106,Sabun Cuci,Pembeli Fiktif 244,2,4500
STR/22449,09-05-2024 11:34,BRG104,Kopi Bubuk,Pembeli Fiktif 244,10,9500
STR/22449,09-05-2024 11:34,BRG101,Gula 1kg,Pembeli Fiktif 244,4,14500
STR/22450,10-07-2024 14:00,BRG103,Beras 5kg,Pembeli Fiktif 244,10,68000
STR/22450,10-07-2024 14:00,BRG106,Sabun Cuci,Pembeli Fiktif 244,6,4500
STR/22451,24-07-2024 10:50,BRG101,Gula 1kg,Pembeli Fiktif 244,4,14500
STR/22451,24-07-2024 10:50,BRG105,Teh Celup,Pembeli Fiktif 244,2,7000
STR/22452,26-07-2024 09:27,BRG105,Teh Celup,Pembeli Fiktif 244,3,7000
STR/22452,26-07-2024 09:27,BRG104,Kopi Bubuk,Pembeli Fiktif 244,7,9500
STR/22452,26-07-2024 09:27,BRG101,Gula 1kg,Pembeli Fiktif 244,11,14500
STR/22453,30-07-2024 10:52,BRG101,Gula 1kg,Pembeli Fiktif 244,7,14500
STR/22453,30-07-2024 10:52,BRG105,Teh Celup,Pembeli Fiktif 244,1,7000
STR/22453,30-07-2024 10:52,BRG106,Sabun Cuci,Pembeli Fiktif 244,1,4500
STR/22454,23-10-2024 14:57,BRG104,Kopi Bubuk,Pembeli Fiktif 244,10,9500
STR/22454,23-10-2024 14:57,BRG101,Gula 1kg,Pembeli Fiktif 244,4,14500
STR/22455,03-11-2024 20:26,BRG103,Beras 5kg,Pembeli Fiktif 244,11,68000
STR/22456,19-11-2024 16:41,BRG105,Teh Celup,Pembeli Fiktif 244,3,7000
STR/22456,19-11-2024 16:41,BRG102,Minyak 2L,Pembeli Fiktif 244,6,32000
STR/22457,22-11-2024 19:45,BRG105,Teh Celup,Pembeli Fiktif 244,9,7000
STR/22457,22-11-2024 19:45,BRG104,Kopi Bubuk,Pembeli Fiktif 244,10,9500
STR/22458,10-11-2023 15:05,BRG103,Beras 5kg,Pembeli Fiktif 245,10,68000
STR/22458,10-11-2023 15:05,BRG101,Gula 1kg,Pembeli Fiktif 245,2,14500
STR/22459,05-02-2024 08:23,BRG105,Teh Celup,Pembeli Fiktif 245,12,7000
STR/22460,04-03-2024 09:54,BRG105,Teh Celup,Pembeli Fiktif 245,1,7000
STR/22460,04-03-2024 09:54,BRG101,Gula 1kg,Pembeli Fiktif 245,9,14500
STR/22461,26-07-2024 17:52,BRG103,Beras 5kg,Pembeli Fiktif 245,8,68000
STR/22461,26-07-2024 17:52,BRG101,Gula 1kg,Pembeli Fiktif 245,12,14500
STR/22462,18-09-2024 16:00,BRG104,Kopi Bubuk,Pembeli Fiktif 245,8,9500
STR/22463,16-10-2024 18:56,BRG101,Gula 1kg,Pembeli Fiktif 245,8,14500
STR/22463,16-10-2024 18:56,BRG106,Sabun Cuci,Pembeli Fiktif 245,2,4500
STR/22463,16-10-2024 18:56,BRG102,Minyak 2L,Pembeli Fiktif 245,4,32000
STR/22464,29-11-2024 13:21,BRG106,Sabun Cuci,Pembeli Fiktif 245,4,4500
STR/22465,04-09-2023 20:07,BRG102,Minyak 2L,Pembeli Fiktif 246,1,32000
STR/22465,04-09-2023 20:07,BRG105,Teh Celup,Pembeli Fiktif 246,9,7000
STR/22466,06-09-2023 12:40,BRG101,Gula 1kg,Pembeli Fiktif 246,6,14500
STR/22466,06-09-2023 12:40,BRG102,Minyak 2L,Pembeli Fiktif 246,2,32000
STR/22467,10-09-2023 18:55,BRG103,Beras 5kg,Pembeli Fiktif 246,2,68000
STR/22467,10-09-2023 18:55,BRG104,Kopi Bubuk,Pembeli Fiktif 246,5,9500
STR/22468,15-09-2023 09:56,BRG105,Teh Celup,Pembeli Fiktif 246,9,7000
STR/22468,15-09-2023 09:56,BRG104,Kopi Bubuk,Pembeli Fiktif 246,2,9500
STR/22469,16-10-2023 13:52,BRG105,Teh Celup,Pembeli Fiktif 246,11,7000
STR/22470,21-10-2023 20:55,BRG102,Minyak 2L,Pembeli Fiktif 246,1,32000
STR/22470,21-10-2023 20:55,BRG103,Beras 5kg,Pembeli Fiktif 246,12,68000
STR/22470,21-10-2023 20:55,BRG105,Teh Celup,Pembeli Fiktif 246,8,7000
STR/22471,12-11-2023 18:20,BRG105,Teh Celup,Pembeli Fiktif 246,5,7000
STR/22472,17-11-2023 13:06,BRG105,Teh Celup,Pembeli Fiktif 246,2,7000
STR/22473,18-11-2023 19:40,BRG104,Kopi Bubuk,Pembeli Fiktif 246,6,9500
STR/22473,18-11-2023 19:40,BRG101,Gula 1kg,Pembeli Fiktif 246,5,14500
STR/22474,20-11-2023 13:55,BRG105,Teh Celup,Pembeli Fiktif 246,2,7000
STR/22475,23-11-2023 20:15,BRG102,Minyak 2L,Pembeli Fiktif 246,6,32000
STR/22476,30-11-2023 09:13,BRG102,Minyak 2L,Pembeli Fiktif 246,6,32000
STR/22476,30-11-2023 09:13,BRG103,Beras 5kg,Pembeli Fiktif 246,8,68000
STR/22476,30-11-2023 09:13,BRG104,Kopi Bubuk,Pembeli Fiktif 246,2,9500
STR/22477,13-12-2023 18:44,BRG102,Minyak 2L,Pembeli Fiktif 246,12,32000
STR/22477,13-12-2023 18:44,BRG106,Sabun Cuci,Pembeli Fiktif 246,7,4500
STR/22478,23-12-2023 16:46,BRG104,Kopi Bubuk,Pembeli Fiktif 246,11,9500
STR/22478,23-12-2023 16:46,BRG105,Teh Celup,Pembeli Fiktif 246,5,7000
STR/22479,29-12-2023 10:18,BRG106,Sabun Cuci,Pembeli Fiktif 246,10,4500
STR/22479,29-12-2023 10:18,BRG104,Kopi Bubuk,Pembeli Fiktif 246,11,9500
STR/22479,29-12-2023 10:18,BRG103,Beras 5kg,Pembeli Fiktif 246,4,68000
STR/22480,19-02-2023 11:40,BRG101,Gula 1kg,Pembeli Fiktif 247,12,14500
STR/22480,19-02-2023 11:40,BRG106,Sabun Cuci,Pembeli Fiktif 247,3,4500
STR/22481,21-02-2023 18:37,BRG105,Teh Celup,Pembeli Fiktif 247,11,7000
STR/22481,21-02-2023 18:37,BRG104,Kopi Bubuk,Pembeli Fiktif 247,11,9500
STR/22481,21-02-2023 18:37,BRG101,Gula 1kg,Pembeli Fiktif 247,1,14500
STR/22482,04-03-2023 17:37,BRG104,Kopi Bubuk,Pembeli Fiktif 247,7,9500
STR/22482,04-03-2023 17:37,BRG105,Teh Celup,Pembeli Fiktif 247,11,7000
STR/22482,04-03-2023 17:37,BRG101,Gula 1kg,Pembeli Fiktif 247,1,14500
STR/22483,10-03-2023 10:28,BRG102,Minyak 2L,Pembeli Fiktif 247,8,32000
STR/22483,10-03-2023 10:28,BRG103,Beras 5kg,Pembeli Fiktif 247,3,68000
STR/22483,10-03-2023 10:28,BRG105,Teh Celup,Pembeli Fiktif 247,6,7000
STR/22484,20-03-2023 08:52,BRG101,Gula 1kg,Pembeli Fiktif 247,4,14500
STR/22484,20-03-2023 08:52,BRG104,Kopi Bubuk,Pembeli Fiktif 247,3,9500
STR/22484,20-03-2023 08:52,BRG102,Minyak 2L,Pembeli Fiktif 247,7,32000
STR/22485,01-05-2023 12:07,BRG106,Sabun Cuci,Pembeli Fiktif 247,1,4500
STR/22486,18-06-2023 11:51,BRG104,Kopi Bubuk,Pembeli Fiktif 247,2,9500
STR/22487,22-06-2023 16:07,BRG101,Gula 1kg,Pembeli Fiktif 247,4,14500
STR/22487,22-06-2023 16:07,BRG106,Sabun Cuci,Pembeli Fiktif 247,8,4500
STR/22488,04-07-2023 17:41,BRG105,Teh Celup,Pembeli Fiktif 247,11,7000
STR/22488,04-07-2023 17:41,BRG106,Sabun Cuci,Pembeli Fiktif 247,2,4500
STR/22489,09-07-2023 11:35,BRG104,Kopi Bubuk,Pembeli Fiktif 247,9,9500
STR/22489,09-07-2023 11:35,BRG105,Teh Celup,Pembeli Fiktif 247,5,7000
STR/22489,09-07-2023 11:35,BRG101,Gula 1kg,Pembeli Fiktif 247,11,14500
STR/22490,04-08-2023 13:08,BRG102,Minyak 2L,Pembeli Fiktif 247,1,32000
STR/22490,04-08-2023 13:08,BRG106,Sabun Cuci,Pembeli Fiktif 247,10,4500
STR/22490,04-08-2023 13:08,BRG104,Kopi Bubuk,Pembeli Fiktif 247,8,9500
STR/22491,05-08-2023 10:25,BRG101,Gula 1kg,Pembeli Fiktif 247,5,14500
STR/22491,05-08-2023 10:25,BRG105,Teh Celup,Pembeli Fiktif 247,2,7000
STR/22491,05-08-2023 10:25,BRG103,Beras 5kg,Pembeli Fiktif 247,2,68000
STR/22492,23-08-2023 08:26,BRG105,Teh Celup,Pembeli Fiktif 247,5,7000
STR/22493,18-09-2023 19:52,BRG106,Sabun Cuci,Pembeli Fiktif 247,5,4500
STR/22493,18-09-2023 19:52,BRG104,Kopi Bubuk,Pembeli Fiktif 247,9,9500
STR/22494,26-09-2023 18:15,BRG105,Teh Celup,Pembeli Fiktif 247,12,7000
STR/22494,26-09-2023 18:15,BRG106,Sabun Cuci,Pembeli Fiktif 247,5,4500
STR/22494,26-09-2023 18:15,BRG102,Minyak 2L,Pembeli Fiktif 247,4,32000
STR/22495,14-10-2023 18:16,BRG103,Beras 5kg,Pembeli Fiktif 247,6,68000
STR/22495,14-10-2023 18:16,BRG101,Gula 1kg,Pembeli Fiktif 247,7,14500
STR/22496,17-10-2023 20:33,BRG106,Sabun Cuci,Pembeli Fiktif 247,9,4500
STR/22496,17-10-2023 20:33,BRG105,Teh Celup,Pembeli Fiktif 247,2,7000
STR/22497,13-11-2023 08:31,BRG104,Kopi Bubuk,Pembeli Fiktif 247,6,9500
STR/22498,08-12-2023 12:53,BRG101,Gula 1kg,Pembeli Fiktif 247,1,14500
STR/22498,08-12-2023 12:53,BRG104,Kopi Bubuk,Pembeli Fiktif 247,5,9500
STR/22499,10-12-2023 17:39,BRG106,Sabun Cuci,Pembeli Fiktif 247,9,4500
STR/22500,13-12-2023 16:04,BRG106,Sabun Cuci,Pembeli Fiktif 247,8,4500
STR/22500,13-12-2023 16:04,BRG101,Gula 1kg,Pembeli Fiktif 247,9,14500
STR/22501,28-12-2023 18:12,BRG102,Minyak 2L,Pembeli Fiktif 247,3,32000
STR/22501,28-12-2023 18:12,BRG105,Teh Celup,Pembeli Fiktif 247,5,7000
STR/22502,30-01-2024 12:50,BRG106,Sabun Cuci,Pembeli Fiktif 247,6,4500
STR/22502,30-01-2024 12:50,BRG105,Teh Celup,Pembeli Fiktif 247,6,7000
STR/22502,30-01-2024 12:50,BRG102,Minyak 2L,Pembeli Fiktif 247,4,32000
STR/22503,01-02-2024 09:11,BRG103,Beras 5kg,Pembeli Fiktif 247,9,68000
STR/22504,07-02-2024 15:12,BRG103,Beras 5kg,Pembeli Fiktif 247,9,68000
STR/22504,07-02-2024 15:12,BRG101,Gula 1kg,Pembeli Fiktif 247,11,14500
STR/22504,07-02-2024 15:12,BRG102,Minyak 2L,Pembeli Fiktif 247,4,32000
STR/22505,24-02-2024 17:37,BRG106,Sabun Cuci,Pembeli Fiktif 247,5,4500
STR/22505,24-02-2024 17:37,BRG101,Gula 1kg,Pembeli Fiktif 247,9,14500
STR/22506,01-03-2024 17:36,BRG106,Sabun Cuci,Pembeli Fiktif 247,10,4500
STR/22507,08-03-2024 10:16,BRG102,Minyak 2L,Pembeli Fiktif 247,7,32000
STR/22507,08-03-2024 10:16,BRG103,Beras 5kg,Pembeli Fiktif 247,12,68000
STR/22507,08-03-2024 10:16,BRG104,Kopi Bubuk,Pembeli Fiktif 247,6,9500
STR/22508,22-03-2024 16:13,BRG102,Minyak 2L,Pembeli Fiktif 247,5,32000
STR/22509,24-03-2024 16:13,BRG102,Minyak 2L,Pembeli Fiktif 247,6,32000
STR/22510,27-03-2024 12:05,BRG106,Sabun Cuci,Pembeli Fiktif 247,4,4500
STR/22511,05-04-2024 11:22,BRG104,Kopi Bubuk,Pembeli Fiktif 247,4,9500
STR/22511,05-04-2024 11:22,BRG106,Sabun Cuci,Pembeli Fiktif 247,7,4500
STR/22512,07-04-2024 10:32,BRG102,Minyak 2L,Pembeli Fiktif 247,12,32000
STR/22513,12-04-2024 09:25,BRG102,Minyak 2L,Pembeli Fiktif 247,1,32000
STR/22514,16-04-2024 15:04,BRG101,Gula 1kg,Pembeli Fiktif 247,11,14500
STR/22514,16-04-2024 15:04,BRG104,Kopi Bubuk,Pembeli Fiktif 247,4,9500
STR/22515,26-04-2024 12:05,BRG101,Gula 1kg,Pembeli Fiktif 247,11,14500
STR/22516,08-05-2024 16:34,BRG101,Gula 1kg,Pembeli Fiktif 247,10,14500
STR/22516,08-05-2024 16:34,BRG106,Sabun Cuci,Pembeli Fiktif 247,5,4500
STR/22516,08-05-2024 16:34,BRG102,Minyak 2L,Pembeli Fiktif 247,9,32000
STR/22517,17-05-2024 15:39,BRG106,Sabun Cuci,Pembeli Fiktif 247,8,4500
STR/22518,21-05-2024 15:28,BRG105,Teh Celup,Pembeli Fiktif 247,3,7000
STR/22518,21-05-2024 15:28,BRG102,Minyak 2L,Pembeli Fiktif 247,7,32000
STR/22518,21-05-2024 15:28,BRG106,Sabun Cuci,Pembeli Fiktif 247,7,4500
STR/22519,04-06-2024 20:31,BRG101,Gula 1kg,Pembeli Fiktif 247,11,14500
STR/22520,21-06-2024 09:39,BRG105,Teh Celup,Pembeli Fiktif 247,3,7000
STR/22521,26-06-2024 08:29,BRG101,Gula 1kg,Pembeli Fiktif 247,7,14500
STR/22522,30-06-2024 12:36,BRG103,Beras 5kg,Pembeli Fiktif 247,3,68000
STR/22522,30-06-2024 12:36,BRG105,Teh Celup,Pembeli Fiktif 247,6,7000
STR/22523,20-07-2024 08:19,BRG104,Kopi Bubuk,Pembeli Fiktif 247,5,9500
STR/22524,21-07-2024 17:40,BRG106,Sabun Cuci,Pembeli Fiktif 247,6,4500
STR/22525,23-07-2024 12:49,BRG101,Gula 1kg,Pembeli Fiktif 247,4,14500
STR/22526,01-08-2024 09:54,BRG101,Gula 1kg,Pembeli Fiktif 247,6,14500
STR/22526,01-08-2024 09:54,BRG106,Sabun Cuci,Pembeli Fiktif 247,10,4500
STR/22526,01-08-2024 09:54,BRG103,Beras 5kg,Pembeli Fiktif 247,1,68000
STR/22527,30-08-2024 09:04,BRG102,Minyak 2L,Pembeli Fiktif 247,11,32000
STR/22527,30-08-2024 09:04,BRG101,Gula 1kg,Pembeli Fiktif 247,9,14500
STR/22528,18-09-2024 19:29,BRG104,Kopi Bubuk,Pembeli Fiktif 247,10,9500
STR/22529,07-10-2024 12:53,BRG104,Kopi Bubuk,Pembeli Fiktif 247,6,9500
STR/22530,16-10-2024 14:03,BRG104,Kopi Bubuk,Pembeli Fiktif 247,11,9500
STR/22530,16-10-2024 14:03,BRG106,Sabun Cuci,Pembeli Fiktif 247,11,4500
STR/22530,16-10-2024 14:03,BRG102,Minyak 2L,Pembeli Fiktif 247,4,32000
STR/22531,30-10-2024 10:11,BRG101,Gula 1kg,Pembeli Fiktif 247,9,14500
STR/22531,30-10-2024 10:11,BRG103,Beras 5kg,Pembeli Fiktif 247,6,68000
STR/22532,11-11-2024 18:17,BRG101,Gula 1kg,Pembeli Fiktif 247,2,14500
STR/22532,11-11-2024 18:17,BRG105,Teh Celup,Pembeli Fiktif 247,1,7000
STR/22532,11-11-2024 18:17,BRG103,Beras 5kg,Pembeli Fiktif 247,4,68000
STR/22533,22-11-2024 17:35,BRG104,Kopi Bubuk,Pembeli Fiktif 247,12,9500
STR/22533,22-11-2024 17:35,BRG106,Sabun Cuci,Pembeli Fiktif 247,4,4500
STR/22534,02-09-2024 12:25,BRG101,Gula 1kg,Pembeli Fiktif 248,4,14500
STR/22534,02-09-2024 12:25,BRG106,Sabun Cuci,Pembeli Fiktif 248,7,4500
STR/22535,02-10-2024 19:03,BRG102,Minyak 2L,Pembeli Fiktif 248,7,32000
STR/22535,02-10-2024 19:03,BRG104,Kopi Bubuk,Pembeli Fiktif 248,9,9500
STR/22535,02-10-2024 19:03,BRG105,Teh Celup,Pembeli Fiktif 248,8,7000
STR/22536,16-04-2024 12:40,BRG104,Kopi Bubuk,Pembeli Fiktif 249,5,9500
STR/22536,16-04-2024 12:40,BRG103,Beras 5kg,Pembeli Fiktif 249,11,68000
STR/22537,03-08-2023 19:44,BRG101,Gula 1kg,Pembeli Fiktif 250,3,14500
STR/22537,03-08-2023 19:44,BRG104,Kopi Bubuk,Pembeli Fiktif 250,2,9500
STR/22537,03-08-2023 19:44,BRG103,Beras 5kg,Pembeli Fiktif 250,10,68000
STR/22538,12-01-2024 20:34,BRG106,Sabun Cuci,Pembeli Fiktif 251,3,4500
STR/22538,12-01-2024 20:34,BRG104,Kopi Bubuk,Pembeli Fiktif 251,2,9500
STR/22539,28-11-2023 14:00,BRG101,Gula 1kg,Pembeli Fiktif 252,8,14500
STR/22540,20-12-2023 15:22,BRG102,Minyak 2L,Pembeli Fiktif 252,9,32000
STR/22540,20-12-2023 15:22,BRG103,Beras 5kg,Pembeli Fiktif 252,7,68000
STR/22540,20-12-2023 15:22,BRG106,Sabun Cuci,Pembeli Fiktif 252,11,4500
STR/22541,31-01-2024 18:53,BRG103,Beras 5kg,Pembeli Fiktif 252,1,68000
STR/22542,09-02-2024 09:19,BRG103,Beras 5kg,Pembeli Fiktif 252,7,68000
STR/22542,09-02-2024 09:19,BRG101,Gula 1kg,Pembeli Fiktif 252,12,14500
STR/22542,09-02-2024 09:19,BRG102,Minyak 2L,Pembeli Fiktif 252,12,32000
STR/22543,18-03-2024 14:12,BRG102,Minyak 2L,Pembeli Fiktif 252,12,32000
STR/22543,18-03-2024 14:12,BRG106,Sabun Cuci,Pembeli Fiktif 252,8,4500
STR/22544,28-03-2024 20:26,BRG102,Minyak 2L,Pembeli Fiktif 252,2,32000
STR/22544,28-03-2024 20:26,BRG105,Teh Celup,Pembeli Fiktif 252,8,7000
STR/22545,11-04-2024 10:36,BRG101,Gula 1kg,Pembeli Fiktif 252,5,14500
STR/22545,11-04-2024 10:36,BRG104,Kopi Bubuk,Pembeli Fiktif 252,8,9500
STR/22545,11-04-2024 10:36,BRG106,Sabun Cuci,Pembeli Fiktif 252,7,4500
STR/22546,05-08-2024 12:52,BRG104,Kopi Bubuk,Pembeli Fiktif 252,7,9500
STR/22546,05-08-2024 12:52,BRG105,Teh Celup,Pembeli Fiktif 252,8,7000
STR/22547,21-08-2024 19:04,BRG103,Beras 5kg,Pembeli Fiktif 252,10,68000
STR/22548,27-09-2024 17:13,BRG103,Beras 5kg,Pembeli Fiktif 252,2,68000
STR/22548,27-09-2024 17:13,BRG102,Minyak 2L,Pembeli Fiktif 252,1,32000
STR/22548,27-09-2024 17:13,BRG105,Teh Celup,Pembeli Fiktif 252,8,7000
STR/22549,06-10-2024 14:21,BRG101,Gula 1kg,Pembeli Fiktif 252,2,14500
STR/22549,06-10-2024 14:21,BRG104,Kopi Bubuk,Pembeli Fiktif 252,8,9500
STR/22549,06-10-2024 14:21,BRG103,Beras 5kg,Pembeli Fiktif 252,9,68000
STR/22550,16-10-2024 09:40,BRG105,Teh Celup,Pembeli Fiktif 252,7,7000
STR/22551,10-11-2024 10:21,BRG106,Sabun Cuci,Pembeli Fiktif 252,7,4500
STR/22551,10-11-2024 10:21,BRG103,Beras 5kg,Pembeli Fiktif 252,10,68000
STR/22551,10-11-2024 10:21,BRG105,Teh Celup,Pembeli Fiktif 252,3,7000
STR/22552,20-11-2024 19:07,BRG101,Gula 1kg,Pembeli Fiktif 252,7,14500
STR/22553,23-11-2024 14:37,BRG104,Kopi Bubuk,Pembeli Fiktif 252,4,9500
STR/22553,23-11-2024 14:37,BRG105,Teh Celup,Pembeli Fiktif 252,2,7000
STR/22554,30-11-2024 20:28,BRG102,Minyak 2L,Pembeli Fiktif 252,1,32000
STR/22554,30-11-2024 20:28,BRG101,Gula 1kg,Pembeli Fiktif 252,3,14500
STR/22554,30-11-2024 20:28,BRG104,Kopi Bubuk,Pembeli Fiktif 252,6,9500
STR/22555,24-10-2023 09:19,BRG103,Beras 5kg,Pembeli Fiktif 253,2,68000
STR/22556,18-11-2023 12:58,BRG105,Teh Celup,Pembeli Fiktif 253,10,7000
STR/22557,29-03-2024 09:13,BRG105,Teh Celup,Pembeli Fiktif 253,10,7000
STR/22557,29-03-2024 09:13,BRG104,Kopi Bubuk,Pembeli Fiktif 253,8,9500
STR/22557,29-03-2024 09:13,BRG101,Gula 1kg,Pembeli Fiktif 253,11,14500
STR/22558,23-04-2024 09:52,BRG105,Teh Celup,Pembeli Fiktif 253,6,7000
STR/22558,23-04-2024 09:52,BRG103,Beras 5kg,Pembeli Fiktif 253,10,68000
STR/22558,23-04-2024 09:52,BRG104,Kopi Bubuk,Pembeli Fiktif 253,12,9500
STR/22559,04-07-2024 08:08,BRG101,Gula 1kg,Pembeli Fiktif 253,4,14500
STR/22559,04-07-2024 08:08,BRG104,Kopi Bubuk,Pembeli Fiktif 253,7,9500
STR/22559,04-07-2024 08:08,BRG102,Minyak 2L,Pembeli Fiktif 253,3,32000
STR/22560,31-07-2024 15:14,BRG104,Kopi Bubuk,Pembeli Fiktif 253,5,9500
STR/22560,31-07-2024 15:14,BRG101,Gula 1kg,Pembeli Fiktif 253,7,14500
STR/22560,31-07-2024 15:14,BRG105,Teh Celup,Pembeli Fiktif 253,4,7000
STR/22561,24-09-2024 11:04,BRG103,Beras 5kg,Pembeli Fiktif 253,3,68000
STR/22561,24-09-2024 11:04,BRG104,Kopi Bubuk,Pembeli Fiktif 253,5,9500
STR/22561,24-09-2024 11:04,BRG105,Teh Celup,Pembeli Fiktif 253,3,7000
STR/22562,28-10-2024 10:06,BRG105,Teh Celup,Pembeli Fiktif 253,9,7000
STR/22562,28-10-2024 10:06,BRG102,Minyak 2L,Pembeli Fiktif 253,6,32000
STR/22562,28-10-2024 10:06,BRG103,Beras 5kg,Pembeli Fiktif 253,10,68000
STR/22563,26-12-2024 19:26,BRG102,Minyak 2L,Pembeli Fiktif 253,11,32000
STR/22564,30-01-2023 13:44,BRG104,Kopi Bubuk,Pembeli Fiktif 254,12,9500
STR/22564,30-01-2023 13:44,BRG103,Beras 5kg,Pembeli Fiktif 254,7,68000
STR/22565,01-07-2023 15:01,BRG102,Minyak 2L,Pembeli Fiktif 254,12,32000
STR/22566,25-07-2023 16:05,BRG101,Gula 1kg,Pembeli Fiktif 254,3,14500
STR/22566,25-07-2023 16:05,BRG104,Kopi Bubuk,Pembeli Fiktif 254,7,9500
STR/22567,26-07-2023 13:38,BRG101,Gula 1kg,Pembeli Fiktif 254,5,14500
STR/22567,26-07-2023 13:38,BRG106,Sabun Cuci,Pembeli Fiktif 254,6,4500
STR/22568,27-07-2023 09:48,BRG104,Kopi Bubuk,Pembeli Fiktif 254,7,9500
STR/22568,27-07-2023 09:48,BRG101,Gula 1kg,Pembeli Fiktif 254,10,14500
STR/22569,27-08-2023 14:21,BRG102,Minyak 2L,Pembeli Fiktif 254,10,32000
STR/22569,27-08-2023 14:21,BRG105,Teh Celup,Pembeli Fiktif 254,11,7000
STR/22570,01-09-2023 20:19,BRG104,Kopi Bubuk,Pembeli Fiktif 254,9,9500
STR/22571,16-09-2023 16:55,BRG103,Beras 5kg,Pembeli Fiktif 254,12,68000
STR/22572,02-11-2023 17:10,BRG105,Teh Celup,Pembeli Fiktif 254,4,7000
STR/22573,20-11-2023 15:23,BRG103,Beras 5kg,Pembeli Fiktif 254,3,68000
STR/22573,20-11-2023 15:23,BRG101,Gula 1kg,Pembeli Fiktif 254,8,14500
STR/22573,20-11-2023 15:23,BRG106,Sabun Cuci,Pembeli Fiktif 254,7,4500
STR/22574,10-01-2024 12:41,BRG105,Teh Celup,Pembeli Fiktif 254,2,7000
STR/22575,21-03-2024 14:04,BRG101,Gula 1kg,Pembeli Fiktif 254,7,14500
STR/22575,21-03-2024 14:04,BRG102,Minyak 2L,Pembeli Fiktif 254,9,32000
STR/22576,24-03-2024 13:24,BRG101,Gula 1kg,Pembeli Fiktif 254,8,14500
STR/22577,19-04-2024 15:34,BRG101,Gula 1kg,Pembeli Fiktif 254,6,14500
STR/22578,04-05-2024 19:01,BRG104,Kopi Bubuk,Pembeli Fiktif 254,12,9500
STR/22578,04-05-2024 19:01,BRG101,Gula 1kg,Pembeli Fiktif 254,2,14500
STR/22579,20-05-2024 08:11,BRG103,Beras 5kg,Pembeli Fiktif 254,12,68000
STR/22579,20-05-2024 08:11,BRG104,Kopi Bubuk,Pembeli Fiktif 254,4,9500
STR/22580,31-05-2024 14:11,BRG104,Kopi Bubuk,Pembeli Fiktif 254,4,9500
STR/22580,31-05-2024 14:11,BRG106,Sabun Cuci,Pembeli Fiktif 254,1,4500
STR/22580,31-05-2024 14:11,BRG105,Teh Celup,Pembeli Fiktif 254,8,7000
STR/22581,29-06-2024 11:27,BRG106,Sabun Cuci,Pembeli Fiktif 254,3,4500
STR/22581,29-06-2024 11:27,BRG104,Kopi Bubuk,Pembeli Fiktif 254,4,9500
STR/22581,29-06-2024 11:27,BRG105,Teh Celup,Pembeli Fiktif 254,12,7000
STR/22582,08-08-2024 20:49,BRG105,Teh Celup,Pembeli Fiktif 254,2,7000
STR/22582,08-08-2024 20:49,BRG103,Beras 5kg,Pembeli Fiktif 254,8,68000
STR/22582,08-08-2024 20:49,BRG106,Sabun Cuci,Pembeli Fiktif 254,9,4500
STR/22583,11-08-2024 09:53,BRG104,Kopi Bubuk,Pembeli Fiktif 254,4,9500
STR/22583,11-08-2024 09:53,BRG103,Beras 5kg,Pembeli Fiktif 254,4,68000
STR/22584,19-09-2024 08:48,BRG102,Minyak 2L,Pembeli Fiktif 254,5,32000
STR/22584,19-09-2024 08:48,BRG101,Gula 1kg,Pembeli Fiktif 254,2,14500
STR/22585,20-09-2024 17:08,BRG101,Gula 1kg,Pembeli Fiktif 254,3,14500
STR/22585,20-09-2024 17:08,BRG106,Sabun Cuci,Pembeli Fiktif 254,12,4500
STR/22585,20-09-2024 17:08,BRG103,Beras 5kg,Pembeli Fiktif 254,6,68000
STR/22586,28-09-2024 11:31,BRG101,Gula 1kg,Pembeli Fiktif 254,3,14500
STR/22586,28-09-2024 11:31,BRG105,Teh Celup,Pembeli Fiktif 254,4,7000
STR/22586,28-09-2024 11:31,BRG103,Beras 5kg,Pembeli Fiktif 254,6,68000
STR/22587,29-10-2024 10:50,BRG102,Minyak 2L,Pembeli Fiktif 254,5,32000
STR/22587,29-10-2024 10:50,BRG106,Sabun Cuci,Pembeli Fiktif 254,1,4500
STR/22588,09-11-2024 14:44,BRG105,Teh Celup,Pembeli Fiktif 254,9,7000
STR/22588,09-11-2024 14:44,BRG106,Sabun Cuci,Pembeli Fiktif 254,5,4500
STR/22589,10-12-2024 20:04,BRG102,Minyak 2L,Pembeli Fiktif 254,11,32000
STR/22589,10-12-2024 20:04,BRG105,Teh Celup,Pembeli Fiktif 254,9,7000
STR/22590,23-09-2023 09:45,BRG105,Teh Celup,Pembeli Fiktif 255,1,7000
STR/22591,07-10-2023 15:00,BRG106,Sabun Cuci,Pembeli Fiktif 255,1,4500
STR/22592,22-10-2023 12:37,BRG106,Sabun Cuci,Pembeli Fiktif 255,9,4500
STR/22593,24-10-2023 10:25,BRG103,Beras 5kg,Pembeli Fiktif 255,12,68000
STR/22594,01-11-2023 14:45,BRG101,Gula 1kg,Pembeli Fiktif 255,4,14500
STR/22594,01-11-2023 14:45,BRG102,Minyak 2L,Pembeli Fiktif 255,6,32000
STR/22595,05-11-2023 20:30,BRG103,Beras 5kg,Pembeli Fiktif 255,3,68000
STR/22596,09-11-2023 11:23,BRG102,Minyak 2L,Pembeli Fiktif 255,4,32000
STR/22596,09-11-2023 11:23,BRG106,Sabun Cuci,Pembeli Fiktif 255,9,4500
STR/22596,09-11-2023 11:23,BRG105,Teh Celup,Pembeli Fiktif 255,2,7000
STR/22597,11-12-2023 10:50,BRG102,Minyak 2L,Pembeli Fiktif 255,9,32000
STR/22598,21-12-2023 10:08,BRG104,Kopi Bubuk,Pembeli Fiktif 255,4,9500
STR/22598,21-12-2023 10:08,BRG103,Beras 5kg,Pembeli Fiktif 255,9,68000
STR/22599,12-01-2024 16:02,BRG102,Minyak 2L,Pembeli Fiktif 255,1,32000
STR/22599,12-01-2024 16:02,BRG101,Gula 1kg,Pembeli Fiktif 255,7,14500
STR/22599,12-01-2024 16:02,BRG106,Sabun Cuci,Pembeli Fiktif 255,9,4500
STR/22600,18-01-2024 11:29,BRG102,Minyak 2L,Pembeli Fiktif 255,9,32000
STR/22601,16-02-2024 15:41,BRG102,Minyak 2L,Pembeli Fiktif 255,9,32000
STR/22601,16-02-2024 15:41,BRG106,Sabun Cuci,Pembeli Fiktif 255,12,4500
STR/22602,22-02-2024 09:04,BRG101,Gula 1kg,Pembeli Fiktif 255,5,14500
STR/22602,22-02-2024 09:04,BRG105,Teh Celup,Pembeli Fiktif 255,4,7000
STR/22603,04-03-2024 17:08,BRG102,Minyak 2L,Pembeli Fiktif 255,8,32000
STR/22604,18-03-2024 10:32,BRG106,Sabun Cuci,Pembeli Fiktif 255,6,4500
STR/22605,14-05-2024 09:08,BRG104,Kopi Bubuk,Pembeli Fiktif 255,9,9500
STR/22606,18-05-2024 08:47,BRG106,Sabun Cuci,Pembeli Fiktif 255,9,4500
STR/22607,14-06-2024 18:18,BRG101,Gula 1kg,Pembeli Fiktif 255,3,14500
STR/22607,14-06-2024 18:18,BRG103,Beras 5kg,Pembeli Fiktif 255,12,68000
STR/22608,07-07-2024 20:22,BRG104,Kopi Bubuk,Pembeli Fiktif 255,5,9500
STR/22609,09-07-2024 13:25,BRG104,Kopi Bubuk,Pembeli Fiktif 255,6,9500
STR/22610,22-07-2024 10:05,BRG102,Minyak 2L,Pembeli Fiktif 255,6,32000
STR/22611,29-07-2024 18:43,BRG104,Kopi Bubuk,Pembeli Fiktif 255,2,9500
STR/22612,30-07-2024 08:00,BRG104,Kopi Bubuk,Pembeli Fiktif 255,9,9500
STR/22613,24-08-2024 12:08,BRG104,Kopi Bubuk,Pembeli Fiktif 255,10,9500
STR/22613,24-08-2024 12:08,BRG106,Sabun Cuci,Pembeli Fiktif 255,6,4500
STR/22614,24-09-2024 20:26,BRG103,Beras 5kg,Pembeli Fiktif 255,5,68000
STR/22615,26-09-2024 13:05,BRG105,Teh Celup,Pembeli Fiktif 255,9,7000
STR/22615,26-09-2024 13:05,BRG101,Gula 1kg,Pembeli Fiktif 255,6,14500
STR/22616,03-10-2024 17:51,BRG102,Minyak 2L,Pembeli Fiktif 255,5,32000
STR/22616,03-10-2024 17:51,BRG101,Gula 1kg,Pembeli Fiktif 255,2,14500
STR/22616,03-10-2024 17:51,BRG106,Sabun Cuci,Pembeli Fiktif 255,3,4500
STR/22617,05-10-2024 12:41,BRG101,Gula 1kg,Pembeli Fiktif 255,9,14500
STR/22617,05-10-2024 12:41,BRG105,Teh Celup,Pembeli Fiktif 255,11,7000
STR/22617,05-10-2024 12:41,BRG106,Sabun Cuci,Pembeli Fiktif 255,9,4500
STR/22618,17-10-2024 11:28,BRG106,Sabun Cuci,Pembeli Fiktif 255,7,4500
STR/22618,17-10-2024 11:28,BRG103,Beras 5kg,Pembeli Fiktif 255,1,68000
STR/22619,23-10-2024 12:08,BRG106,Sabun Cuci,Pembeli Fiktif 255,9,4500
STR/22619,23-10-2024 12:08,BRG101,Gula 1kg,Pembeli Fiktif 255,10,14500
STR/22620,25-10-2024 19:25,BRG102,Minyak 2L,Pembeli Fiktif 255,2,32000
STR/22620,25-10-2024 19:25,BRG104,Kopi Bubuk,Pembeli Fiktif 255,1,9500
STR/22621,07-11-2024 13:49,BRG101,Gula 1kg,Pembeli Fiktif 255,8,14500
STR/22621,07-11-2024 13:49,BRG104,Kopi Bubuk,Pembeli Fiktif 255,1,9500
STR/22622,26-11-2024 19:19,BRG106,Sabun Cuci,Pembeli Fiktif 255,7,4500
STR/22622,26-11-2024 19:19,BRG102,Minyak 2L,Pembeli Fiktif 255,11,32000
STR/22623,05-12-2024 20:53,BRG104,Kopi Bubuk,Pembeli Fiktif 255,4,9500
STR/22623,05-12-2024 20:53,BRG103,Beras 5kg,Pembeli Fiktif 255,10,68000
STR/22623,05-12-2024 20:53,BRG106,Sabun Cuci,Pembeli Fiktif 255,5,4500
STR/22624,25-05-2023 17:37,BRG101,Gula 1kg,Pembeli Fiktif 256,7,14500
STR/22624,25-05-2023 17:37,BRG103,Beras 5kg,Pembeli Fiktif 256,4,68000
STR/22625,27-02-2023 11:51,BRG104,Kopi Bubuk,Pembeli Fiktif 257,5,9500
STR/22626,07-10-2024 15:41,BRG103,Beras 5kg,Pembeli Fiktif 258,7,68000
STR/22626,07-10-2024 15:41,BRG104,Kopi Bubuk,Pembeli Fiktif 258,1,9500
STR/22626,07-10-2024 15:41,BRG101,Gula 1kg,Pembeli Fiktif 258,8,14500
STR/22627,13-10-2024 12:49,BRG106,Sabun Cuci,Pembeli Fiktif 258,3,4500
STR/22628,14-10-2024 15:36,BRG102,Minyak 2L,Pembeli Fiktif 258,2,32000
STR/22628,14-10-2024 15:36,BRG105,Teh Celup,Pembeli Fiktif 258,1,7000
STR/22628,14-10-2024 15:36,BRG101,Gula 1kg,Pembeli Fiktif 258,4,14500
STR/22629,05-05-2024 17:10,BRG103,Beras 5kg,Pembeli Fiktif 259,11,68000
STR/22629,05-05-2024 17:10,BRG101,Gula 1kg,Pembeli Fiktif 259,5,14500
STR/22630,23-06-2024 20:35,BRG102,Minyak 2L,Pembeli Fiktif 260,10,32000
STR/22631,15-07-2024 18:10,BRG101,Gula 1kg,Pembeli Fiktif 260,1,14500
STR/22632,28-07-2024 14:02,BRG106,Sabun Cuci,Pembeli Fiktif 260,12,4500
STR/22633,01-10-2024 19:17,BRG101,Gula 1kg,Pembeli Fiktif 260,9,14500
STR/22633,01-10-2024 19:17,BRG104,Kopi Bubuk,Pembeli Fiktif 260,6,9500
STR/22633,01-10-2024 19:17,BRG105,Teh Celup,Pembeli Fiktif 260,1,7000
STR/22634,01-11-2024 18:30,BRG103,Beras 5kg,Pembeli Fiktif 260,5,68000
STR/22634,01-11-2024 18:30,BRG104,Kopi Bubuk,Pembeli Fiktif 260,11,9500
STR/22634,01-11-2024 18:30,BRG106,Sabun Cuci,Pembeli Fiktif 260,12,4500
STR/22635,24-05-2024 11:46,BRG102,Minyak 2L,Pembeli Fiktif 261,4,32000
STR/22636,28-05-2024 09:27,BRG106,Sabun Cuci,Pembeli Fiktif 261,12,4500
STR/22637,04-07-2024 13:26,BRG104,Kopi Bubuk,Pembeli Fiktif 261,12,9500
STR/22637,04-07-2024 13:26,BRG103,Beras 5kg,Pembeli Fiktif 261,9,68000
STR/22638,14-08-2024 17:06,BRG103,Beras 5kg,Pembeli Fiktif 261,11,68000
STR/22638,14-08-2024 17:06,BRG105,Teh Celup,Pembeli Fiktif 261,2,7000
STR/22638,14-08-2024 17:06,BRG101,Gula 1kg,Pembeli Fiktif 261,8,14500
STR/22639,21-08-2024 11:10,BRG103,Beras 5kg,Pembeli Fiktif 261,11,68000
STR/22639,21-08-2024 11:10,BRG101,Gula 1kg,Pembeli Fiktif 261,3,14500
STR/22639,21-08-2024 11:10,BRG105,Teh Celup,Pembeli Fiktif 261,3,7000
STR/22640,22-08-2024 20:51,BRG106,Sabun Cuci,Pembeli Fiktif 261,3,4500
STR/22640,22-08-2024 20:51,BRG104,Kopi Bubuk,Pembeli Fiktif 261,7,9500
STR/22640,22-08-2024 20:51,BRG103,Beras 5kg,Pembeli Fiktif 261,6,68000
STR/22641,25-08-2024 20:37,BRG104,Kopi Bubuk,Pembeli Fiktif 261,8,9500
STR/22642,09-09-2024 08:07,BRG104,Kopi Bubuk,Pembeli Fiktif 261,6,9500
STR/22642,09-09-2024 08:07,BRG106,Sabun Cuci,Pembeli Fiktif 261,7,4500
STR/22642,09-09-2024 08:07,BRG103,Beras 5kg,Pembeli Fiktif 261,4,68000
STR/22643,11-04-2024 13:11,BRG102,Minyak 2L,Pembeli Fiktif 262,5,32000
STR/22643,11-04-2024 13:11,BRG103,Beras 5kg,Pembeli Fiktif 262,3,68000
STR/22643,11-04-2024 13:11,BRG106,Sabun Cuci,Pembeli Fiktif 262,4,4500
STR/22644,22-05-2024 11:21,BRG104,Kopi Bubuk,Pembeli Fiktif 262,1,9500
STR/22644,22-05-2024 11:21,BRG102,Minyak 2L,Pembeli Fiktif 262,11,32000
STR/22645,28-12-2023 19:18,BRG102,Minyak 2L,Pembeli Fiktif 263,2,32000
STR/22645,28-12-2023 19:18,BRG104,Kopi Bubuk,Pembeli Fiktif 263,11,9500
STR/22646,09-01-2024 18:12,BRG106,Sabun Cuci,Pembeli Fiktif 263,5,4500
STR/22647,15-01-2024 16:43,BRG105,Teh Celup,Pembeli Fiktif 263,2,7000
STR/22648,22-01-2024 17:32,BRG103,Beras 5kg,Pembeli Fiktif 263,12,68000
STR/22649,25-01-2024 18:22,BRG104,Kopi Bubuk,Pembeli Fiktif 263,5,9500
STR/22650,28-01-2024 17:32,BRG102,Minyak 2L,Pembeli Fiktif 263,7,32000
STR/22650,28-01-2024 17:32,BRG105,Teh Celup,Pembeli Fiktif 263,4,7000
STR/22650,28-01-2024 17:32,BRG104,Kopi Bubuk,Pembeli Fiktif 263,5,9500
STR/22651,02-02-2024 16:41,BRG101,Gula 1kg,Pembeli Fiktif 263,5,14500
STR/22652,17-02-2024 20:46,BRG103,Beras 5kg,Pembeli Fiktif 263,10,68000
STR/22652,17-02-2024 20:46,BRG101,Gula 1kg,Pembeli Fiktif 263,11,14500
STR/22652,17-02-2024 20:46,BRG106,Sabun Cuci,Pembeli Fiktif 263,8,4500
STR/22653,23-02-2024 15:08,BRG103,Beras 5kg,Pembeli Fiktif 263,7,68000
STR/22653,23-02-2024 15:08,BRG104,Kopi Bubuk,Pembeli Fiktif 263,1,9500
STR/22654,15-03-2024 09:14,BRG106,Sabun Cuci,Pembeli Fiktif 263,11,4500
STR/22654,15-03-2024 09:14,BRG104,Kopi Bubuk,Pembeli Fiktif 263,1,9500
STR/22655,17-03-2024 13:31,BRG106,Sabun Cuci,Pembeli Fiktif 263,7,4500
STR/22655,17-03-2024 13:31,BRG102,Minyak 2L,Pembeli Fiktif 263,9,32000
STR/22655,17-03-2024 13:31,BRG101,Gula 1kg,Pembeli Fiktif 263,11,14500
STR/22656,19-03-2024 16:46,BRG106,Sabun Cuci,Pembeli Fiktif 263,10,4500
STR/22656,19-03-2024 16:46,BRG104,Kopi Bubuk,Pembeli Fiktif 263,12,9500
STR/22657,07-04-2024 19:22,BRG105,Teh Celup,Pembeli Fiktif 263,2,7000
STR/22657,07-04-2024 19:22,BRG104,Kopi Bubuk,Pembeli Fiktif 263,2,9500
STR/22657,07-04-2024 19:22,BRG106,Sabun Cuci,Pembeli Fiktif 263,3,4500
STR/22658,11-04-2024 16:20,BRG102,Minyak 2L,Pembeli Fiktif 263,4,32000
STR/22658,11-04-2024 16:20,BRG105,Teh Celup,Pembeli Fiktif 263,7,7000
STR/22658,11-04-2024 16:20,BRG106,Sabun Cuci,Pembeli Fiktif 263,7,4500
STR/22659,13-04-2024 11:38,BRG105,Teh Celup,Pembeli Fiktif 263,1,7000
STR/22659,13-04-2024 11:38,BRG102,Minyak 2L,Pembeli Fiktif 263,12,32000
STR/22659,13-04-2024 11:38,BRG106,Sabun Cuci,Pembeli Fiktif 263,6,4500
STR/22660,15-04-2024 10:40,BRG103,Beras 5kg,Pembeli Fiktif 263,11,68000
STR/22660,15-04-2024 10:40,BRG105,Teh Celup,Pembeli Fiktif 263,9,7000
STR/22661,25-04-2024 18:54,BRG102,Minyak 2L,Pembeli Fiktif 263,11,32000
STR/22661,25-04-2024 18:54,BRG104,Kopi Bubuk,Pembeli Fiktif 263,10,9500
STR/22661,25-04-2024 18:54,BRG105,Teh Celup,Pembeli Fiktif 263,9,7000
STR/22662,26-04-2024 10:46,BRG103,Beras 5kg,Pembeli Fiktif 263,7,68000
STR/22662,26-04-2024 10:46,BRG104,Kopi Bubuk,Pembeli Fiktif 263,9,9500
STR/22663,01-05-2024 08:21,BRG105,Teh Celup,Pembeli Fiktif 263,2,7000
STR/22663,01-05-2024 08:21,BRG104,Kopi Bubuk,Pembeli Fiktif 263,1,9500
STR/22664,06-05-2024 16:27,BRG102,Minyak 2L,Pembeli Fiktif 263,8,32000
STR/22664,06-05-2024 16:27,BRG101,Gula 1kg,Pembeli Fiktif 263,4,14500
STR/22664,06-05-2024 16:27,BRG104,Kopi Bubuk,Pembeli Fiktif 263,8,9500
STR/22665,07-05-2024 14:46,BRG105,Teh Celup,Pembeli Fiktif 263,4,7000
STR/22666,08-05-2024 16:30,BRG103,Beras 5kg,Pembeli Fiktif 263,7,68000
STR/22666,08-05-2024 16:30,BRG104,Kopi Bubuk,Pembeli Fiktif 263,8,9500
STR/22666,08-05-2024 16:30,BRG106,Sabun Cuci,Pembeli Fiktif 263,5,4500
STR/22667,09-05-2024 13:59,BRG103,Beras 5kg,Pembeli Fiktif 263,11,68000
STR/22667,09-05-2024 13:59,BRG104,Kopi Bubuk,Pembeli Fiktif 263,6,9500
STR/22667,09-05-2024 13:59,BRG102,Minyak 2L,Pembeli Fiktif 263,12,32000
STR/22668,15-05-2024 15:48,BRG102,Minyak 2L,Pembeli Fiktif 263,8,32000
STR/22669,24-05-2024 12:33,BRG102,Minyak 2L,Pembeli Fiktif 263,12,32000
STR/22669,24-05-2024 12:33,BRG106,Sabun Cuci,Pembeli Fiktif 263,11,4500
STR/22669,24-05-2024 12:33,BRG101,Gula 1kg,Pembeli Fiktif 263,8,14500
STR/22670,31-05-2024 14:00,BRG105,Teh Celup,Pembeli Fiktif 263,7,7000
STR/22671,19-07-2024 10:11,BRG102,Minyak 2L,Pembeli Fiktif 263,8,32000
STR/22671,19-07-2024 10:11,BRG101,Gula 1kg,Pembeli Fiktif 263,12,14500
STR/22671,19-07-2024 10:11,BRG106,Sabun Cuci,Pembeli Fiktif 263,1,4500
STR/22672,26-07-2024 16:56,BRG103,Beras 5kg,Pembeli Fiktif 263,10,68000
STR/22672,26-07-2024 16:56,BRG102,Minyak 2L,Pembeli Fiktif 263,4,32000
STR/22673,03-08-2024 15:42,BRG102,Minyak 2L,Pembeli Fiktif 263,2,32000
STR/22674,31-08-2024 12:11,BRG101,Gula 1kg,Pembeli Fiktif 263,2,14500
STR/22674,31-08-2024 12:11,BRG104,Kopi Bubuk,Pembeli Fiktif 263,3,9500
STR/22674,31-08-2024 12:11,BRG106,Sabun Cuci,Pembeli Fiktif 263,9,4500
STR/22675,23-09-2024 15:25,BRG103,Beras 5kg,Pembeli Fiktif 263,12,68000
STR/22676,03-10-2024 11:03,BRG105,Teh Celup,Pembeli Fiktif 263,5,7000
STR/22676,03-10-2024 11:03,BRG101,Gula 1kg,Pembeli Fiktif 263,4,14500
STR/22677,06-10-2024 17:32,BRG102,Minyak 2L,Pembeli Fiktif 263,3,32000
STR/22677,06-10-2024 17:32,BRG105,Teh Celup,Pembeli Fiktif 263,7,7000
STR/22677,06-10-2024 17:32,BRG103,Beras 5kg,Pembeli Fiktif 263,6,68000
STR/22678,13-10-2024 15:44,BRG102,Minyak 2L,Pembeli Fiktif 263,5,32000
STR/22678,13-10-2024 15:44,BRG101,Gula 1kg,Pembeli Fiktif 263,9,14500
STR/22679,24-10-2024 16:29,BRG103,Beras 5kg,Pembeli Fiktif 263,11,68000
STR/22679,24-10-2024 16:29,BRG105,Teh Celup,Pembeli Fiktif 263,7,7000
STR/22679,24-10-2024 16:29,BRG102,Minyak 2L,Pembeli Fiktif 263,10,32000
STR/22680,07-11-2024 16:01,BRG105,Teh Celup,Pembeli Fiktif 263,12,7000
STR/22680,07-11-2024 16:01,BRG101,Gula 1kg,Pembeli Fiktif 263,1,14500
STR/22680,07-11-2024 16:01,BRG104,Kopi Bubuk,Pembeli Fiktif 263,8,9500
STR/22681,13-11-2024 18:55,BRG106,Sabun Cuci,Pembeli Fiktif 263,7,4500
STR/22681,13-11-2024 18:55,BRG102,Minyak 2L,Pembeli Fiktif 263,4,32000
STR/22682,17-11-2024 18:33,BRG106,Sabun Cuci,Pembeli Fiktif 263,12,4500
STR/22682,17-11-2024 18:33,BRG105,Teh Celup,Pembeli Fiktif 263,9,7000
STR/22682,17-11-2024 18:33,BRG102,Minyak 2L,Pembeli Fiktif 263,5,32000
STR/22683,18-12-2024 11:33,BRG104,Kopi Bubuk,Pembeli Fiktif 263,6,9500
STR/22684,28-12-2024 13:24,BRG103,Beras 5kg,Pembeli Fiktif 263,12,68000
STR/22685,05-02-2023 15:05,BRG102,Minyak 2L,Pembeli Fiktif 264,5,32000
STR/22686,24-02-2023 17:56,BRG105,Teh Celup,Pembeli Fiktif 264,5,7000
STR/22686,24-02-2023 17:56,BRG102,Minyak 2L,Pembeli Fiktif 264,5,32000
STR/22686,24-02-2023 17:56,BRG106,Sabun Cuci,Pembeli Fiktif 264,11,4500
STR/22687,26-02-2023 08:31,BRG102,Minyak 2L,Pembeli Fiktif 264,10,32000
STR/22687,26-02-2023 08:31,BRG101,Gula 1kg,Pembeli Fiktif 264,10,14500
STR/22687,26-02-2023 08:31,BRG103,Beras 5kg,Pembeli Fiktif 264,10,68000
STR/22688,09-03-2023 19:55,BRG102,Minyak 2L,Pembeli Fiktif 264,10,32000
STR/22688,09-03-2023 19:55,BRG105,Teh Celup,Pembeli Fiktif 264,6,7000
STR/22688,09-03-2023 19:55,BRG103,Beras 5kg,Pembeli Fiktif 264,8,68000
STR/22689,23-07-2023 12:06,BRG104,Kopi Bubuk,Pembeli Fiktif 264,11,9500
STR/22689,23-07-2023 12:06,BRG106,Sabun Cuci,Pembeli Fiktif 264,5,4500
STR/22689,23-07-2023 12:06,BRG103,Beras 5kg,Pembeli Fiktif 264,12,68000
STR/22690,17-08-2023 13:32,BRG102,Minyak 2L,Pembeli Fiktif 264,12,32000
STR/22691,28-08-2023 11:25,BRG106,Sabun Cuci,Pembeli Fiktif 264,12,4500
STR/22691,28-08-2023 11:25,BRG102,Minyak 2L,Pembeli Fiktif 264,5,32000
STR/22692,13-09-2023 15:03,BRG102,Minyak 2L,Pembeli Fiktif 264,8,32000
STR/22692,13-09-2023 15:03,BRG106,Sabun Cuci,Pembeli Fiktif 264,9,4500
STR/22693,19-09-2023 11:32,BRG104,Kopi Bubuk,Pembeli Fiktif 264,5,9500
STR/22693,19-09-2023 11:32,BRG105,Teh Celup,Pembeli Fiktif 264,11,7000
STR/22694,18-10-2023 19:50,BRG106,Sabun Cuci,Pembeli Fiktif 264,10,4500
STR/22695,28-10-2023 12:08,BRG102,Minyak 2L,Pembeli Fiktif 264,12,32000
STR/22695,28-10-2023 12:08,BRG104,Kopi Bubuk,Pembeli Fiktif 264,11,9500
STR/22695,28-10-2023 12:08,BRG101,Gula 1kg,Pembeli Fiktif 264,10,14500
STR/22696,03-01-2024 11:54,BRG101,Gula 1kg,Pembeli Fiktif 264,10,14500
STR/22696,03-01-2024 11:54,BRG104,Kopi Bubuk,Pembeli Fiktif 264,10,9500
STR/22696,03-01-2024 11:54,BRG106,Sabun Cuci,Pembeli Fiktif 264,2,4500
STR/22697,14-02-2024 08:15,BRG104,Kopi Bubuk,Pembeli Fiktif 264,9,9500
STR/22697,14-02-2024 08:15,BRG105,Teh Celup,Pembeli Fiktif 264,1,7000
STR/22698,19-02-2024 17:23,BRG104,Kopi Bubuk,Pembeli Fiktif 264,4,9500
STR/22698,19-02-2024 17:23,BRG105,Teh Celup,Pembeli Fiktif 264,6,7000
STR/22699,29-04-2024 19:54,BRG106,Sabun Cuci,Pembeli Fiktif 264,11,4500
STR/22700,30-04-2024 15:30,BRG102,Minyak 2L,Pembeli Fiktif 264,5,32000
STR/22700,30-04-2024 15:30,BRG106,Sabun Cuci,Pembeli Fiktif 264,10,4500
STR/22700,30-04-2024 15:30,BRG101,Gula 1kg,Pembeli Fiktif 264,3,14500
STR/22701,17-08-2024 19:48,BRG106,Sabun Cuci,Pembeli Fiktif 264,1,4500
STR/22701,17-08-2024 19:48,BRG101,Gula 1kg,Pembeli Fiktif 264,4,14500
STR/22701,17-08-2024 19:48,BRG102,Minyak 2L,Pembeli Fiktif 264,1,32000
STR/22702,23-09-2024 13:22,BRG102,Minyak 2L,Pembeli Fiktif 264,6,32000
STR/22702,23-09-2024 13:22,BRG106,Sabun Cuci,Pembeli Fiktif 264,8,4500
STR/22703,30-09-2024 17:00,BRG101,Gula 1kg,Pembeli Fiktif 264,2,14500
STR/22704,01-04-2023 19:14,BRG105,Teh Celup,Pembeli Fiktif 265,10,7000
STR/22704,01-04-2023 19:14,BRG106,Sabun Cuci,Pembeli Fiktif 265,7,4500
STR/22704,01-04-2023 19:14,BRG103,Beras 5kg,Pembeli Fiktif 265,8,68000
STR/22705,25-08-2023 17:37,BRG104,Kopi Bubuk,Pembeli Fiktif 266,11,9500
STR/22706,03-09-2023 10:02,BRG104,Kopi Bubuk,Pembeli Fiktif 266,3,9500
STR/22706,03-09-2023 10:02,BRG105,Teh Celup,Pembeli Fiktif 266,11,7000
STR/22707,08-10-2023 20:37,BRG102,Minyak 2L,Pembeli Fiktif 266,2,32000
STR/22707,08-10-2023 20:37,BRG105,Teh Celup,Pembeli Fiktif 266,5,7000
STR/22708,02-11-2023 08:27,BRG102,Minyak 2L,Pembeli Fiktif 266,9,32000
STR/22708,02-11-2023 08:27,BRG106,Sabun Cuci,Pembeli Fiktif 266,8,4500
STR/22709,21-11-2023 09:31,BRG105,Teh Celup,Pembeli Fiktif 266,11,7000
STR/22709,21-11-2023 09:31,BRG102,Minyak 2L,Pembeli Fiktif 266,5,32000
STR/22710,07-01-2024 10:41,BRG105,Teh Celup,Pembeli Fiktif 266,4,7000
STR/22710,07-01-2024 10:41,BRG101,Gula 1kg,Pembeli Fiktif 266,9,14500
STR/22711,30-05-2023 17:21,BRG101,Gula 1kg,Pembeli Fiktif 267,11,14500
STR/22712,06-07-2023 19:23,BRG106,Sabun Cuci,Pembeli Fiktif 267,9,4500
STR/22713,21-09-2023 15:00,BRG102,Minyak 2L,Pembeli Fiktif 267,9,32000
STR/22713,21-09-2023 15:00,BRG103,Beras 5kg,Pembeli Fiktif 267,11,68000
STR/22714,06-10-2023 12:28,BRG104,Kopi Bubuk,Pembeli Fiktif 267,11,9500
STR/22715,06-12-2023 13:58,BRG101,Gula 1kg,Pembeli Fiktif 267,8,14500
STR/22716,08-02-2024 16:53,BRG106,Sabun Cuci,Pembeli Fiktif 267,2,4500
STR/22717,03-03-2024 10:49,BRG102,Minyak 2L,Pembeli Fiktif 267,3,32000
STR/22717,03-03-2024 10:49,BRG105,Teh Celup,Pembeli Fiktif 267,2,7000
STR/22717,03-03-2024 10:49,BRG106,Sabun Cuci,Pembeli Fiktif 267,4,4500
STR/22718,17-03-2024 11:00,BRG105,Teh Celup,Pembeli Fiktif 267,4,7000
STR/22719,28-05-2024 11:48,BRG104,Kopi Bubuk,Pembeli Fiktif 267,9,9500
STR/22719,28-05-2024 11:48,BRG105,Teh Celup,Pembeli Fiktif 267,2,7000
STR/22720,29-05-2024 14:22,BRG105,Teh Celup,Pembeli Fiktif 267,9,7000
STR/22721,15-10-2024 17:33,BRG106,Sabun Cuci,Pembeli Fiktif 267,7,4500
STR/22721,15-10-2024 17:33,BRG105,Teh Celup,Pembeli Fiktif 267,11,7000
STR/22722,16-10-2024 14:47,BRG101,Gula 1kg,Pembeli Fiktif 267,2,14500
STR/22723,01-11-2024 09:14,BRG101,Gula 1kg,Pembeli Fiktif 267,11,14500
STR/22723,01-11-2024 09:14,BRG104,Kopi Bubuk,Pembeli Fiktif 267,7,9500
STR/22723,01-11-2024 09:14,BRG105,Teh Celup,Pembeli Fiktif 267,3,7000
STR/22724,10-12-2024 11:11,BRG106,Sabun Cuci,Pembeli Fiktif 267,9,4500
STR/22724,10-12-2024 11:11,BRG104,Kopi Bubuk,Pembeli Fiktif 267,4,9500
STR/22725,26-12-2024 08:34,BRG106,Sabun Cuci,Pembeli Fiktif 267,9,4500
STR/22726,12-09-2024 13:02,BRG105,Teh Celup,Pembeli Fiktif 268,9,7000
STR/22726,12-09-2024 13:02,BRG104,Kopi Bubuk,Pembeli Fiktif 268,12,9500
STR/22726,12-09-2024 13:02,BRG101,Gula 1kg,Pembeli Fiktif 268,5,14500
STR/22727,04-11-2023 14:34,BRG106,Sabun Cuci,Pembeli Fiktif 269,6,4500
STR/22728,08-11-2023 11:24,BRG102,Minyak 2L,Pembeli Fiktif 269,4,32000
STR/22728,08-11-2023 11:24,BRG104,Kopi Bubuk,Pembeli Fiktif 269,10,9500
STR/22728,08-11-2023 11:24,BRG101,Gula 1kg,Pembeli Fiktif 269,5,14500
STR/22729,24-11-2023 08:34,BRG102,Minyak 2L,Pembeli Fiktif 269,7,32000
STR/22729,24-11-2023 08:34,BRG104,Kopi Bubuk,Pembeli Fiktif 269,4,9500
STR/22730,27-12-2023 09:18,BRG104,Kopi Bubuk,Pembeli Fiktif 269,8,9500
STR/22730,27-12-2023 09:18,BRG102,Minyak 2L,Pembeli Fiktif 269,3,32000
STR/22731,05-01-2024 16:58,BRG101,Gula 1kg,Pembeli Fiktif 269,10,14500
STR/22731,05-01-2024 16:58,BRG106,Sabun Cuci,Pembeli Fiktif 269,3,4500
STR/22731,05-01-2024 16:58,BRG104,Kopi Bubuk,Pembeli Fiktif 269,8,9500
STR/22732,16-01-2024 13:36,BRG101,Gula 1kg,Pembeli Fiktif 269,2,14500
STR/22733,12-03-2024 20:36,BRG103,Beras 5kg,Pembeli Fiktif 269,10,68000
STR/22733,12-03-2024 20:36,BRG102,Minyak 2L,Pembeli Fiktif 269,8,32000
STR/22733,12-03-2024 20:36,BRG104,Kopi Bubuk,Pembeli Fiktif 269,8,9500
STR/22734,15-03-2024 15:19,BRG105,Teh Celup,Pembeli Fiktif 269,9,7000
STR/22734,15-03-2024 15:19,BRG102,Minyak 2L,Pembeli Fiktif 269,6,32000
STR/22735,08-05-2024 11:57,BRG103,Beras 5kg,Pembeli Fiktif 269,4,68000
STR/22735,08-05-2024 11:57,BRG104,Kopi Bubuk,Pembeli Fiktif 269,6,9500
STR/22736,26-06-2024 09:10,BRG101,Gula 1kg,Pembeli Fiktif 269,1,14500
STR/22736,26-06-2024 09:10,BRG106,Sabun Cuci,Pembeli Fiktif 269,1,4500
STR/22737,16-08-2024 17:34,BRG104,Kopi Bubuk,Pembeli Fiktif 269,1,9500
STR/22737,16-08-2024 17:34,BRG105,Teh Celup,Pembeli Fiktif 269,6,7000
STR/22737,16-08-2024 17:34,BRG106,Sabun Cuci,Pembeli Fiktif 269,4,4500
STR/22738,20-08-2024 12:39,BRG106,Sabun Cuci,Pembeli Fiktif 269,8,4500
STR/22739,15-09-2024 15:45,BRG104,Kopi Bubuk,Pembeli Fiktif 269,8,9500
STR/22739,15-09-2024 15:45,BRG101,Gula 1kg,Pembeli Fiktif 269,8,14500
STR/22739,15-09-2024 15:45,BRG105,Teh Celup,Pembeli Fiktif 269,9,7000
STR/22740,21-10-2024 14:00,BRG104,Kopi Bubuk,Pembeli Fiktif 269,2,9500
STR/22741,05-12-2024 09:03,BRG103,Beras 5kg,Pembeli Fiktif 269,2,68000
STR/22742,03-01-2023 20:07,BRG102,Minyak 2L,Pembeli Fiktif 270,10,32000
STR/22742,03-01-2023 20:07,BRG106,Sabun Cuci,Pembeli Fiktif 270,7,4500
STR/22742,03-01-2023 20:07,BRG105,Teh Celup,Pembeli Fiktif 270,7,7000
STR/22743,03-02-2023 09:32,BRG106,Sabun Cuci,Pembeli Fiktif 270,7,4500
STR/22743,03-02-2023 09:32,BRG103,Beras 5kg,Pembeli Fiktif 270,2,68000
STR/22744,04-03-2023 15:56,BRG101,Gula 1kg,Pembeli Fiktif 270,6,14500
STR/22745,23-03-2023 09:52,BRG105,Teh Celup,Pembeli Fiktif 270,3,7000
STR/22745,23-03-2023 09:52,BRG101,Gula 1kg,Pembeli Fiktif 270,2,14500
STR/22745,23-03-2023 09:52,BRG104,Kopi Bubuk,Pembeli Fiktif 270,10,9500
STR/22746,24-05-2023 20:14,BRG103,Beras 5kg,Pembeli Fiktif 270,10,68000
STR/22746,24-05-2023 20:14,BRG102,Minyak 2L,Pembeli Fiktif 270,10,32000
STR/22746,24-05-2023 20:14,BRG105,Teh Celup,Pembeli Fiktif 270,10,7000
STR/22747,22-06-2023 11:41,BRG103,Beras 5kg,Pembeli Fiktif 270,12,68000
STR/22747,22-06-2023 11:41,BRG104,Kopi Bubuk,Pembeli Fiktif 270,12,9500
STR/22747,22-06-2023 11:41,BRG102,Minyak 2L,Pembeli Fiktif 270,1,32000
STR/22748,08-07-2023 14:49,BRG104,Kopi Bubuk,Pembeli Fiktif 270,2,9500
STR/22749,25-07-2023 09:01,BRG106,Sabun Cuci,Pembeli Fiktif 270,9,4500
STR/22749,25-07-2023 09:01,BRG101,Gula 1kg,Pembeli Fiktif 270,6,14500
STR/22750,19-11-2023 18:26,BRG102,Minyak 2L,Pembeli Fiktif 270,1,32000
STR/22750,19-11-2023 18:26,BRG103,Beras 5kg,Pembeli Fiktif 270,6,68000
STR/22750,19-11-2023 18:26,BRG105,Teh Celup,Pembeli Fiktif 270,8,7000
STR/22751,22-01-2023 10:55,BRG101,Gula 1kg,Pembeli Fiktif 271,9,14500
STR/22751,22-01-2023 10:55,BRG105,Teh Celup,Pembeli Fiktif 271,3,7000
STR/22751,22-01-2023 10:55,BRG103,Beras 5kg,Pembeli Fiktif 271,3,68000
STR/22752,21-02-2023 09:15,BRG105,Teh Celup,Pembeli Fiktif 271,6,7000
STR/22752,21-02-2023 09:15,BRG102,Minyak 2L,Pembeli Fiktif 271,2,32000
STR/22752,21-02-2023 09:15,BRG103,Beras 5kg,Pembeli Fiktif 271,3,68000
STR/22753,27-02-2023 11:40,BRG101,Gula 1kg,Pembeli Fiktif 271,5,14500
STR/22754,01-05-2023 15:20,BRG104,Kopi Bubuk,Pembeli Fiktif 271,1,9500
STR/22754,01-05-2023 15:20,BRG102,Minyak 2L,Pembeli Fiktif 271,4,32000
STR/22754,01-05-2023 15:20,BRG105,Teh Celup,Pembeli Fiktif 271,1,7000
STR/22755,17-07-2023 12:15,BRG104,Kopi Bubuk,Pembeli Fiktif 271,3,9500
STR/22756,06-08-2023 12:35,BRG106,Sabun Cuci,Pembeli Fiktif 271,1,4500
STR/22756,06-08-2023 12:35,BRG102,Minyak 2L,Pembeli Fiktif 271,7,32000
STR/22757,21-12-2023 08:58,BRG103,Beras 5kg,Pembeli Fiktif 271,8,68000
STR/22757,21-12-2023 08:58,BRG105,Teh Celup,Pembeli Fiktif 271,7,7000
STR/22758,11-03-2024 17:28,BRG101,Gula 1kg,Pembeli Fiktif 271,7,14500
STR/22758,11-03-2024 17:28,BRG102,Minyak 2L,Pembeli Fiktif 271,8,32000
STR/22758,11-03-2024 17:28,BRG103,Beras 5kg,Pembeli Fiktif 271,10,68000
STR/22759,11-04-2024 12:27,BRG101,Gula 1kg,Pembeli Fiktif 271,9,14500
STR/22760,25-04-2024 19:24,BRG101,Gula 1kg,Pembeli Fiktif 271,5,14500
STR/22761,28-06-2024 13:13,BRG101,Gula 1kg,Pembeli Fiktif 271,4,14500
STR/22761,28-06-2024 13:13,BRG106,Sabun Cuci,Pembeli Fiktif 271,1,4500
STR/22761,28-06-2024 13:13,BRG102,Minyak 2L,Pembeli Fiktif 271,11,32000
STR/22762,25-08-2024 17:15,BRG102,Minyak 2L,Pembeli Fiktif 271,1,32000
STR/22763,22-03-2023 12:05,BRG105,Teh Celup,Pembeli Fiktif 272,7,7000
STR/22764,09-01-2023 09:08,BRG105,Teh Celup,Pembeli Fiktif 273,4,7000
STR/22764,09-01-2023 09:08,BRG106,Sabun Cuci,Pembeli Fiktif 273,12,4500
STR/22764,09-01-2023 09:08,BRG103,Beras 5kg,Pembeli Fiktif 273,10,68000
STR/22765,11-07-2023 16:18,BRG104,Kopi Bubuk,Pembeli Fiktif 274,1,9500
STR/22765,11-07-2023 16:18,BRG105,Teh Celup,Pembeli Fiktif 274,1,7000
STR/22766,16-07-2023 16:04,BRG103,Beras 5kg,Pembeli Fiktif 274,9,68000
STR/22766,16-07-2023 16:04,BRG106,Sabun Cuci,Pembeli Fiktif 274,9,4500
STR/22766,16-07-2023 16:04,BRG102,Minyak 2L,Pembeli Fiktif 274,3,32000
STR/22767,29-09-2023 20:42,BRG104,Kopi Bubuk,Pembeli Fiktif 274,1,9500
STR/22768,11-07-2023 17:40,BRG105,Teh Celup,Pembeli Fiktif 275,3,7000
STR/22769,14-07-2023 16:11,BRG104,Kopi Bubuk,Pembeli Fiktif 275,4,9500
STR/22769,14-07-2023 16:11,BRG101,Gula 1kg,Pembeli Fiktif 275,12,14500
STR/22769,14-07-2023 16:11,BRG106,Sabun Cuci,Pembeli Fiktif 275,4,4500
STR/22770,27-07-2023 08:23,BRG101,Gula 1kg,Pembeli Fiktif 275,11,14500
STR/22771,18-08-2023 18:44,BRG101,Gula 1kg,Pembeli Fiktif 275,1,14500
STR/22772,20-09-2023 10:12,BRG105,Teh Celup,Pembeli Fiktif 275,9,7000
STR/22773,25-09-2023 17:30,BRG106,Sabun Cuci,Pembeli Fiktif 275,5,4500
STR/22773,25-09-2023 17:30,BRG101,Gula 1kg,Pembeli Fiktif 275,1,14500
STR/22773,25-09-2023 17:30,BRG103,Beras 5kg,Pembeli Fiktif 275,5,68000
STR/22774,04-10-2023 16:50,BRG104,Kopi Bubuk,Pembeli Fiktif 275,1,9500
STR/22774,04-10-2023 16:50,BRG105,Teh Celup,Pembeli Fiktif 275,8,7000
STR/22775,06-10-2023 18:27,BRG104,Kopi Bubuk,Pembeli Fiktif 275,11,9500
STR/22776,08-10-2023 12:05,BRG104,Kopi Bubuk,Pembeli Fiktif 275,2,9500
STR/22776,08-10-2023 12:05,BRG102,Minyak 2L,Pembeli Fiktif 275,1,32000
STR/22776,08-10-2023 12:05,BRG103,Beras 5kg,Pembeli Fiktif 275,8,68000
STR/22777,12-10-2023 14:27,BRG103,Beras 5kg,Pembeli Fiktif 275,6,68000
STR/22777,12-10-2023 14:27,BRG106,Sabun Cuci,Pembeli Fiktif 275,2,4500
STR/22778,14-10-2023 08:48,BRG101,Gula 1kg,Pembeli Fiktif 275,9,14500
STR/22778,14-10-2023 08:48,BRG106,Sabun Cuci,Pembeli Fiktif 275,1,4500
STR/22779,10-11-2023 12:38,BRG105,Teh Celup,Pembeli Fiktif 275,8,7000
STR/22779,10-11-2023 12:38,BRG106,Sabun Cuci,Pembeli Fiktif 275,3,4500
STR/22780,14-11-2023 19:33,BRG104,Kopi Bubuk,Pembeli Fiktif 275,12,9500
STR/22780,14-11-2023 19:33,BRG103,Beras 5kg,Pembeli Fiktif 275,12,68000
STR/22781,03-12-2023 10:37,BRG104,Kopi Bubuk,Pembeli Fiktif 275,2,9500
STR/22782,08-01-2024 20:22,BRG106,Sabun Cuci,Pembeli Fiktif 275,9,4500
STR/22783,09-01-2024 08:39,BRG106,Sabun Cuci,Pembeli Fiktif 275,8,4500
STR/22783,09-01-2024 08:39,BRG101,Gula 1kg,Pembeli Fiktif 275,3,14500
STR/22784,01-02-2024 12:51,BRG102,Minyak 2L,Pembeli Fiktif 275,6,32000
STR/22784,01-02-2024 12:51,BRG101,Gula 1kg,Pembeli Fiktif 275,6,14500
STR/22784,01-02-2024 12:51,BRG104,Kopi Bubuk,Pembeli Fiktif 275,9,9500
STR/22785,12-02-2024 12:54,BRG104,Kopi Bubuk,Pembeli Fiktif 275,8,9500
STR/22785,12-02-2024 12:54,BRG101,Gula 1kg,Pembeli Fiktif 275,1,14500
STR/22785,12-02-2024 12:54,BRG102,Minyak 2L,Pembeli Fiktif 275,9,32000
STR/22786,20-02-2024 20:54,BRG104,Kopi Bubuk,Pembeli Fiktif 275,7,9500
STR/22786,20-02-2024 20:54,BRG105,Teh Celup,Pembeli Fiktif 275,11,7000
STR/22786,20-02-2024 20:54,BRG106,Sabun Cuci,Pembeli Fiktif 275,1,4500
STR/22787,03-03-2024 15:03,BRG106,Sabun Cuci,Pembeli Fiktif 275,1,4500
STR/22788,19-03-2024 19:08,BRG104,Kopi Bubuk,Pembeli Fiktif 275,12,9500
STR/22788,19-03-2024 19:08,BRG106,Sabun Cuci,Pembeli Fiktif 275,10,4500
STR/22788,19-03-2024 19:08,BRG102,Minyak 2L,Pembeli Fiktif 275,11,32000
STR/22789,11-04-2024 19:02,BRG105,Teh Celup,Pembeli Fiktif 275,6,7000
STR/22789,11-04-2024 19:02,BRG102,Minyak 2L,Pembeli Fiktif 275,2,32000
STR/22789,11-04-2024 19:02,BRG103,Beras 5kg,Pembeli Fiktif 275,5,68000
STR/22790,15-04-2024 15:13,BRG106,Sabun Cuci,Pembeli Fiktif 275,8,4500
STR/22790,15-04-2024 15:13,BRG102,Minyak 2L,Pembeli Fiktif 275,10,32000
STR/22790,15-04-2024 15:13,BRG101,Gula 1kg,Pembeli Fiktif 275,9,14500
STR/22791,20-05-2024 17:23,BRG102,Minyak 2L,Pembeli Fiktif 275,8,32000
STR/22791,20-05-2024 17:23,BRG105,Teh Celup,Pembeli Fiktif 275,9,7000
STR/22792,12-06-2024 17:42,BRG103,Beras 5kg,Pembeli Fiktif 275,10,68000
STR/22792,12-06-2024 17:42,BRG105,Teh Celup,Pembeli Fiktif 275,6,7000
STR/22792,12-06-2024 17:42,BRG104,Kopi Bubuk,Pembeli Fiktif 275,4,9500
STR/22793,23-06-2024 14:32,BRG104,Kopi Bubuk,Pembeli Fiktif 275,4,9500
STR/22793,23-06-2024 14:32,BRG101,Gula 1kg,Pembeli Fiktif 275,4,14500
STR/22793,23-06-2024 14:32,BRG102,Minyak 2L,Pembeli Fiktif 275,11,32000
STR/22794,24-06-2024 20:10,BRG105,Teh Celup,Pembeli Fiktif 275,12,7000
STR/22795,11-07-2024 13:35,BRG106,Sabun Cuci,Pembeli Fiktif 275,8,4500
STR/22796,01-08-2024 17:27,BRG106,Sabun Cuci,Pembeli Fiktif 275,10,4500
STR/22797,17-08-2024 12:34,BRG104,Kopi Bubuk,Pembeli Fiktif 275,10,9500
STR/22797,17-08-2024 12:34,BRG105,Teh Celup,Pembeli Fiktif 275,3,7000
STR/22797,17-08-2024 12:34,BRG101,Gula 1kg,Pembeli Fiktif 275,9,14500
STR/22798,20-08-2024 12:23,BRG105,Teh Celup,Pembeli Fiktif 275,10,7000
STR/22798,20-08-2024 12:23,BRG101,Gula 1kg,Pembeli Fiktif 275,12,14500
STR/22798,20-08-2024 12:23,BRG106,Sabun Cuci,Pembeli Fiktif 275,1,4500
STR/22799,23-05-2024 12:41,BRG101,Gula 1kg,Pembeli Fiktif 276,3,14500
STR/22799,23-05-2024 12:41,BRG104,Kopi Bubuk,Pembeli Fiktif 276,12,9500
STR/22799,23-05-2024 12:41,BRG106,Sabun Cuci,Pembeli Fiktif 276,9,4500
STR/22800,13-07-2024 10:30,BRG104,Kopi Bubuk,Pembeli Fiktif 276,1,9500
STR/22800,13-07-2024 10:30,BRG102,Minyak 2L,Pembeli Fiktif 276,5,32000
STR/22800,13-07-2024 10:30,BRG106,Sabun Cuci,Pembeli Fiktif 276,7,4500
STR/22801,22-08-2024 18:31,BRG105,Teh Celup,Pembeli Fiktif 276,9,7000
STR/22801,22-08-2024 18:31,BRG106,Sabun Cuci,Pembeli Fiktif 276,5,4500
STR/22802,07-02-2024 13:36,BRG105,Teh Celup,Pembeli Fiktif 277,11,7000
STR/22802,07-02-2024 13:36,BRG106,Sabun Cuci,Pembeli Fiktif 277,10,4500
STR/22802,07-02-2024 13:36,BRG102,Minyak 2L,Pembeli Fiktif 277,1,32000
STR/22803,09-02-2024 16:43,BRG103,Beras 5kg,Pembeli Fiktif 277,7,68000
STR/22804,15-02-2024 10:25,BRG101,Gula 1kg,Pembeli Fiktif 277,8,14500
STR/22804,15-02-2024 10:25,BRG105,Teh Celup,Pembeli Fiktif 277,12,7000
STR/22805,04-03-2024 16:54,BRG103,Beras 5kg,Pembeli Fiktif 277,6,68000
STR/22805,04-03-2024 16:54,BRG102,Minyak 2L,Pembeli Fiktif 277,5,32000
STR/22806,06-03-2024 08:16,BRG105,Teh Celup,Pembeli Fiktif 277,11,7000
STR/22806,06-03-2024 08:16,BRG106,Sabun Cuci,Pembeli Fiktif 277,4,4500
STR/22806,06-03-2024 08:16,BRG102,Minyak 2L,Pembeli Fiktif 277,10,32000
STR/22807,15-03-2024 16:25,BRG105,Teh Celup,Pembeli Fiktif 277,6,7000
STR/22807,15-03-2024 16:25,BRG101,Gula 1kg,Pembeli Fiktif 277,11,14500
STR/22807,15-03-2024 16:25,BRG106,Sabun Cuci,Pembeli Fiktif 277,3,4500
STR/22808,28-03-2024 13:55,BRG106,Sabun Cuci,Pembeli Fiktif 277,6,4500
STR/22808,28-03-2024 13:55,BRG102,Minyak 2L,Pembeli Fiktif 277,9,32000
STR/22809,08-04-2024 09:34,BRG105,Teh Celup,Pembeli Fiktif 277,8,7000
STR/22809,08-04-2024 09:34,BRG101,Gula 1kg,Pembeli Fiktif 277,4,14500
STR/22809,08-04-2024 09:34,BRG106,Sabun Cuci,Pembeli Fiktif 277,5,4500
STR/22810,20-05-2024 12:16,BRG104,Kopi Bubuk,Pembeli Fiktif 277,7,9500
STR/22810,20-05-2024 12:16,BRG103,Beras 5kg,Pembeli Fiktif 277,10,68000
STR/22811,25-05-2024 08:31,BRG106,Sabun Cuci,Pembeli Fiktif 277,7,4500
STR/22811,25-05-2024 08:31,BRG102,Minyak 2L,Pembeli Fiktif 277,7,32000
STR/22812,30-05-2024 09:14,BRG106,Sabun Cuci,Pembeli Fiktif 277,4,4500
STR/22812,30-05-2024 09:14,BRG102,Minyak 2L,Pembeli Fiktif 277,12,32000
STR/22812,30-05-2024 09:14,BRG101,Gula 1kg,Pembeli Fiktif 277,11,14500
STR/22813,12-06-2024 18:34,BRG104,Kopi Bubuk,Pembeli Fiktif 277,5,9500
STR/22813,12-06-2024 18:34,BRG101,Gula 1kg,Pembeli Fiktif 277,5,14500
STR/22814,15-06-2024 19:19,BRG101,Gula 1kg,Pembeli Fiktif 277,8,14500
STR/22814,15-06-2024 19:19,BRG105,Teh Celup,Pembeli Fiktif 277,5,7000
STR/22814,15-06-2024 19:19,BRG103,Beras 5kg,Pembeli Fiktif 277,10,68000
STR/22815,23-06-2024 18:44,BRG101,Gula 1kg,Pembeli Fiktif 277,9,14500
STR/22815,23-06-2024 18:44,BRG105,Teh Celup,Pembeli Fiktif 277,2,7000
STR/22815,23-06-2024 18:44,BRG102,Minyak 2L,Pembeli Fiktif 277,8,32000
STR/22816,26-06-2024 09:35,BRG102,Minyak 2L,Pembeli Fiktif 277,5,32000
STR/22816,26-06-2024 09:35,BRG105,Teh Celup,Pembeli Fiktif 277,7,7000
STR/22816,26-06-2024 09:35,BRG104,Kopi Bubuk,Pembeli Fiktif 277,3,9500
STR/22817,12-07-2024 15:36,BRG106,Sabun Cuci,Pembeli Fiktif 277,5,4500
STR/22817,12-07-2024 15:36,BRG102,Minyak 2L,Pembeli Fiktif 277,8,32000
STR/22817,12-07-2024 15:36,BRG103,Beras 5kg,Pembeli Fiktif 277,6,68000
STR/22818,19-07-2024 16:11,BRG103,Beras 5kg,Pembeli Fiktif 277,4,68000
STR/22819,01-08-2024 12:29,BRG103,Beras 5kg,Pembeli Fiktif 277,10,68000
STR/22819,01-08-2024 12:29,BRG102,Minyak 2L,Pembeli Fiktif 277,9,32000
STR/22819,01-08-2024 12:29,BRG101,Gula 1kg,Pembeli Fiktif 277,11,14500
STR/22820,02-08-2024 15:24,BRG106,Sabun Cuci,Pembeli Fiktif 277,3,4500
STR/22820,02-08-2024 15:24,BRG105,Teh Celup,Pembeli Fiktif 277,11,7000
STR/22821,12-09-2024 11:31,BRG105,Teh Celup,Pembeli Fiktif 277,2,7000
STR/22821,12-09-2024 11:31,BRG102,Minyak 2L,Pembeli Fiktif 277,1,32000
STR/22821,12-09-2024 11:31,BRG101,Gula 1kg,Pembeli Fiktif 277,1,14500
STR/22822,19-09-2024 20:43,BRG103,Beras 5kg,Pembeli Fiktif 277,5,68000
STR/22823,24-09-2024 11:12,BRG104,Kopi Bubuk,Pembeli Fiktif 277,2,9500
STR/22823,24-09-2024 11:12,BRG105,Teh Celup,Pembeli Fiktif 277,11,7000
STR/22824,25-10-2024 11:17,BRG105,Teh Celup,Pembeli Fiktif 277,10,7000
STR/22825,28-10-2024 17:58,BRG101,Gula 1kg,Pembeli Fiktif 277,2,14500
STR/22825,28-10-2024 17:58,BRG104,Kopi Bubuk,Pembeli Fiktif 277,6,9500
STR/22825,28-10-2024 17:58,BRG105,Teh Celup,Pembeli Fiktif 277,6,7000
STR/22826,02-11-2024 11:03,BRG105,Teh Celup,Pembeli Fiktif 277,6,7000
STR/22826,02-11-2024 11:03,BRG102,Minyak 2L,Pembeli Fiktif 277,6,32000
STR/22827,07-11-2024 19:42,BRG103,Beras 5kg,Pembeli Fiktif 277,6,68000
STR/22827,07-11-2024 19:42,BRG106,Sabun Cuci,Pembeli Fiktif 277,4,4500
STR/22828,14-11-2024 16:09,BRG102,Minyak 2L,Pembeli Fiktif 277,4,32000
STR/22828,14-11-2024 16:09,BRG105,Teh Celup,Pembeli Fiktif 277,4,7000
STR/22828,14-11-2024 16:09,BRG104,Kopi Bubuk,Pembeli Fiktif 277,1,9500
STR/22829,27-11-2024 19:45,BRG106,Sabun Cuci,Pembeli Fiktif 277,12,4500
STR/22829,27-11-2024 19:45,BRG104,Kopi Bubuk,Pembeli Fiktif 277,5,9500
STR/22829,27-11-2024 19:45,BRG101,Gula 1kg,Pembeli Fiktif 277,4,14500
STR/22830,05-12-2024 15:15,BRG103,Beras 5kg,Pembeli Fiktif 277,12,68000
STR/22830,05-12-2024 15:15,BRG104,Kopi Bubuk,Pembeli Fiktif 277,4,9500
STR/22830,05-12-2024 15:15,BRG101,Gula 1kg,Pembeli Fiktif 277,8,14500
STR/22831,10-12-2024 20:31,BRG102,Minyak 2L,Pembeli Fiktif 277,1,32000
STR/22831,10-12-2024 20:31,BRG106,Sabun Cuci,Pembeli Fiktif 277,3,4500
STR/22831,10-12-2024 20:31,BRG104,Kopi Bubuk,Pembeli Fiktif 277,6,9500
STR/22832,13-12-2024 18:33,BRG103,Beras 5kg,Pembeli Fiktif 277,1,68000
STR/22833,28-06-2023 18:28,BRG103,Beras 5kg,Pembeli Fiktif 278,6,68000
STR/22833,28-06-2023 18:28,BRG101,Gula 1kg,Pembeli Fiktif 278,12,14500
STR/22834,18-07-2023 10:14,BRG101,Gula 1kg,Pembeli Fiktif 278,3,14500
STR/22834,18-07-2023 10:14,BRG104,Kopi Bubuk,Pembeli Fiktif 278,1,9500
STR/22835,08-07-2023 18:25,BRG101,Gula 1kg,Pembeli Fiktif 279,10,14500
STR/22835,08-07-2023 18:25,BRG105,Teh Celup,Pembeli Fiktif 279,10,7000
STR/22835,08-07-2023 18:25,BRG103,Beras 5kg,Pembeli Fiktif 279,7,68000
STR/22836,22-02-2024 11:54,BRG106,Sabun Cuci,Pembeli Fiktif 279,3,4500
STR/22837,25-05-2024 18:49,BRG103,Beras 5kg,Pembeli Fiktif 279,10,68000
STR/22837,25-05-2024 18:49,BRG102,Minyak 2L,Pembeli Fiktif 279,6,32000
STR/22838,17-07-2024 08:03,BRG101,Gula 1kg,Pembeli Fiktif 279,8,14500
STR/22838,17-07-2024 08:03,BRG103,Beras 5kg,Pembeli Fiktif 279,11,68000
STR/22838,17-07-2024 08:03,BRG104,Kopi Bubuk,Pembeli Fiktif 279,5,9500
STR/22839,25-07-2024 08:46,BRG106,Sabun Cuci,Pembeli Fiktif 279,5,4500
STR/22839,25-07-2024 08:46,BRG105,Teh Celup,Pembeli Fiktif 279,10,7000
STR/22839,25-07-2024 08:46,BRG104,Kopi Bubuk,Pembeli Fiktif 279,1,9500
STR/22840,01-09-2024 17:22,BRG103,Beras 5kg,Pembeli Fiktif 279,11,68000
STR/22841,03-09-2024 08:50,BRG101,Gula 1kg,Pembeli Fiktif 279,6,14500
STR/22842,16-09-2024 12:13,BRG101,Gula 1kg,Pembeli Fiktif 279,12,14500
STR/22842,16-09-2024 12:13,BRG104,Kopi Bubuk,Pembeli Fiktif 279,1,9500
STR/22842,16-09-2024 12:13,BRG103,Beras 5kg,Pembeli Fiktif 279,8,68000
STR/22843,30-09-2024 14:01,BRG102,Minyak 2L,Pembeli Fiktif 279,6,32000
STR/22843,30-09-2024 14:01,BRG105,Teh Celup,Pembeli Fiktif 279,9,7000
STR/22844,16-11-2024 11:04,BRG103,Beras 5kg,Pembeli Fiktif 279,4,68000
STR/22844,16-11-2024 11:04,BRG102,Minyak 2L,Pembeli Fiktif 279,6,32000
STR/22845,23-11-2024 17:36,BRG106,Sabun Cuci,Pembeli Fiktif 279,7,4500
STR/22846,13-08-2024 15:51,BRG103,Beras 5kg,Pembeli Fiktif 280,6,68000
STR/22846,13-08-2024 15:51,BRG106,Sabun Cuci,Pembeli Fiktif 280,5,4500
STR/22847,16-04-2024 16:30,BRG101,Gula 1kg,Pembeli Fiktif 281,6,14500
STR/22847,16-04-2024 16:30,BRG103,Beras 5kg,Pembeli Fiktif 281,7,68000
STR/22847,16-04-2024 16:30,BRG104,Kopi Bubuk,Pembeli Fiktif 281,12,9500
STR/22848,07-07-2024 11:16,BRG106,Sabun Cuci,Pembeli Fiktif 281,10,4500
STR/22849,13-07-2024 08:17,BRG106,Sabun Cuci,Pembeli Fiktif 281,11,4500
STR/22849,13-07-2024 08:17,BRG102,Minyak 2L,Pembeli Fiktif 281,12,32000
STR/22850,01-09-2024 08:44,BRG104,Kopi Bubuk,Pembeli Fiktif 281,7,9500
STR/22851,04-03-2024 11:15,BRG104,Kopi Bubuk,Pembeli Fiktif 282,9,9500
STR/22851,04-03-2024 11:15,BRG105,Teh Celup,Pembeli Fiktif 282,3,7000
STR/22851,04-03-2024 11:15,BRG101,Gula 1kg,Pembeli Fiktif 282,9,14500
STR/22852,18-06-2024 11:04,BRG103,Beras 5kg,Pembeli Fiktif 282,9,68000
STR/22852,18-06-2024 11:04,BRG102,Minyak 2L,Pembeli Fiktif 282,3,32000
STR/22853,15-03-2023 15:58,BRG103,Beras 5kg,Pembeli Fiktif 283,6,68000
STR/22854,20-03-2023 19:02,BRG102,Minyak 2L,Pembeli Fiktif 283,4,32000
STR/22854,20-03-2023 19:02,BRG101,Gula 1kg,Pembeli Fiktif 283,3,14500
STR/22854,20-03-2023 19:02,BRG105,Teh Celup,Pembeli Fiktif 283,8,7000
STR/22855,29-07-2023 11:40,BRG101,Gula 1kg,Pembeli Fiktif 283,1,14500
STR/22856,06-08-2023 15:44,BRG101,Gula 1kg,Pembeli Fiktif 283,10,14500
STR/22856,06-08-2023 15:44,BRG103,Beras 5kg,Pembeli Fiktif 283,7,68000
STR/22857,09-08-2023 19:56,BRG106,Sabun Cuci,Pembeli Fiktif 283,6,4500
STR/22857,09-08-2023 19:56,BRG104,Kopi Bubuk,Pembeli Fiktif 283,3,9500
STR/22858,30-08-2023 14:07,BRG106,Sabun Cuci,Pembeli Fiktif 283,3,4500
STR/22858,30-08-2023 14:07,BRG102,Minyak 2L,Pembeli Fiktif 283,9,32000
STR/22858,30-08-2023 14:07,BRG101,Gula 1kg,Pembeli Fiktif 283,6,14500
STR/22859,24-09-2023 10:40,BRG106,Sabun Cuci,Pembeli Fiktif 283,10,4500
STR/22859,24-09-2023 10:40,BRG105,Teh Celup,Pembeli Fiktif 283,1,7000
STR/22859,24-09-2023 10:40,BRG101,Gula 1kg,Pembeli Fiktif 283,12,14500
STR/22860,13-10-2023 14:23,BRG106,Sabun Cuci,Pembeli Fiktif 283,12,4500
STR/22860,13-10-2023 14:23,BRG104,Kopi Bubuk,Pembeli Fiktif 283,5,9500
STR/22860,13-10-2023 14:23,BRG101,Gula 1kg,Pembeli Fiktif 283,12,14500
STR/22861,17-10-2023 08:49,BRG103,Beras 5kg,Pembeli Fiktif 283,7,68000
STR/22861,17-10-2023 08:49,BRG105,Teh Celup,Pembeli Fiktif 283,3,7000
STR/22861,17-10-2023 08:49,BRG106,Sabun Cuci,Pembeli Fiktif 283,7,4500
STR/22862,21-11-2023 20:57,BRG103,Beras 5kg,Pembeli Fiktif 283,6,68000
STR/22862,21-11-2023 20:57,BRG104,Kopi Bubuk,Pembeli Fiktif 283,1,9500
STR/22862,21-11-2023 20:57,BRG101,Gula 1kg,Pembeli Fiktif 283,11,14500
STR/22863,28-11-2023 19:52,BRG102,Minyak 2L,Pembeli Fiktif 283,11,32000
STR/22863,28-11-2023 19:52,BRG104,Kopi Bubuk,Pembeli Fiktif 283,4,9500
STR/22864,04-12-2023 08:24,BRG104,Kopi Bubuk,Pembeli Fiktif 283,4,9500
STR/22864,04-12-2023 08:24,BRG101,Gula 1kg,Pembeli Fiktif 283,4,14500
STR/22864,04-12-2023 08:24,BRG103,Beras 5kg,Pembeli Fiktif 283,5,68000
STR/22865,10-01-2024 11:27,BRG101,Gula 1kg,Pembeli Fiktif 283,11,14500
STR/22865,10-01-2024 11:27,BRG106,Sabun Cuci,Pembeli Fiktif 283,12,4500
STR/22865,10-01-2024 11:27,BRG104,Kopi Bubuk,Pembeli Fiktif 283,6,9500
STR/22866,08-02-2024 10:05,BRG105,Teh Celup,Pembeli Fiktif 283,2,7000
STR/22866,08-02-2024 10:05,BRG101,Gula 1kg,Pembeli Fiktif 283,2,14500
STR/22867,18-02-2024 19:22,BRG102,Minyak 2L,Pembeli Fiktif 283,11,32000
STR/22868,27-02-2024 19:15,BRG103,Beras 5kg,Pembeli Fiktif 283,10,68000
STR/22869,09-03-2024 12:27,BRG103,Beras 5kg,Pembeli Fiktif 283,9,68000
STR/22869,09-03-2024 12:27,BRG102,Minyak 2L,Pembeli Fiktif 283,10,32000
STR/22869,09-03-2024 12:27,BRG105,Teh Celup,Pembeli Fiktif 283,1,7000
STR/22870,29-03-2024 14:57,BRG105,Teh Celup,Pembeli Fiktif 283,1,7000
STR/22870,29-03-2024 14:57,BRG103,Beras 5kg,Pembeli Fiktif 283,1,68000
STR/22870,29-03-2024 14:57,BRG101,Gula 1kg,Pembeli Fiktif 283,5,14500
STR/22871,09-04-2024 16:25,BRG106,Sabun Cuci,Pembeli Fiktif 283,12,4500
STR/22871,09-04-2024 16:25,BRG102,Minyak 2L,Pembeli Fiktif 283,2,32000
STR/22872,22-04-2024 20:56,BRG103,Beras 5kg,Pembeli Fiktif 283,10,68000
STR/22873,29-04-2024 18:40,BRG104,Kopi Bubuk,Pembeli Fiktif 283,10,9500
STR/22873,29-04-2024 18:40,BRG103,Beras 5kg,Pembeli Fiktif 283,1,68000
STR/22874,25-05-2024 16:53,BRG105,Teh Celup,Pembeli Fiktif 283,9,7000
STR/22874,25-05-2024 16:53,BRG106,Sabun Cuci,Pembeli Fiktif 283,8,4500
STR/22875,27-05-2024 13:54,BRG102,Minyak 2L,Pembeli Fiktif 283,9,32000
STR/22875,27-05-2024 13:54,BRG101,Gula 1kg,Pembeli Fiktif 283,5,14500
STR/22876,28-05-2024 17:24,BRG105,Teh Celup,Pembeli Fiktif 283,5,7000
STR/22876,28-05-2024 17:24,BRG102,Minyak 2L,Pembeli Fiktif 283,12,32000
STR/22877,31-05-2024 16:22,BRG102,Minyak 2L,Pembeli Fiktif 283,9,32000
STR/22877,31-05-2024 16:22,BRG106,Sabun Cuci,Pembeli Fiktif 283,1,4500
STR/22877,31-05-2024 16:22,BRG104,Kopi Bubuk,Pembeli Fiktif 283,8,9500
STR/22878,10-06-2024 15:32,BRG104,Kopi Bubuk,Pembeli Fiktif 283,10,9500
STR/22879,05-07-2024 10:45,BRG104,Kopi Bubuk,Pembeli Fiktif 283,7,9500
STR/22880,11-07-2024 08:13,BRG105,Teh Celup,Pembeli Fiktif 283,10,7000
STR/22881,06-09-2024 14:44,BRG102,Minyak 2L,Pembeli Fiktif 283,1,32000
STR/22882,23-09-2024 19:48,BRG106,Sabun Cuci,Pembeli Fiktif 283,3,4500
STR/22882,23-09-2024 19:48,BRG105,Teh Celup,Pembeli Fiktif 283,4,7000
STR/22883,27-09-2024 20:55,BRG103,Beras 5kg,Pembeli Fiktif 283,8,68000
STR/22884,07-10-2024 14:47,BRG105,Teh Celup,Pembeli Fiktif 283,11,7000
STR/22885,05-11-2024 20:34,BRG105,Teh Celup,Pembeli Fiktif 283,6,7000
STR/22886,12-11-2024 08:07,BRG106,Sabun Cuci,Pembeli Fiktif 283,11,4500
STR/22886,12-11-2024 08:07,BRG105,Teh Celup,Pembeli Fiktif 283,4,7000
STR/22886,12-11-2024 08:07,BRG103,Beras 5kg,Pembeli Fiktif 283,10,68000
STR/22887,13-11-2024 18:40,BRG104,Kopi Bubuk,Pembeli Fiktif 283,4,9500
STR/22888,15-11-2024 10:43,BRG105,Teh Celup,Pembeli Fiktif 283,5,7000
STR/22888,15-11-2024 10:43,BRG101,Gula 1kg,Pembeli Fiktif 283,10,14500
STR/22889,16-12-2024 12:38,BRG105,Teh Celup,Pembeli Fiktif 283,5,7000
STR/22890,20-12-2024 12:33,BRG105,Teh Celup,Pembeli Fiktif 283,11,7000
STR/22891,07-01-2024 10:55,BRG103,Beras 5kg,Pembeli Fiktif 284,9,68000
STR/22891,07-01-2024 10:55,BRG101,Gula 1kg,Pembeli Fiktif 284,4,14500
STR/22891,07-01-2024 10:55,BRG105,Teh Celup,Pembeli Fiktif 284,6,7000
STR/22892,25-02-2024 11:43,BRG102,Minyak 2L,Pembeli Fiktif 284,11,32000
STR/22892,25-02-2024 11:43,BRG104,Kopi Bubuk,Pembeli Fiktif 284,12,9500
STR/22893,01-06-2023 15:05,BRG101,Gula 1kg,Pembeli Fiktif 285,8,14500
STR/22894,02-07-2023 08:21,BRG102,Minyak 2L,Pembeli Fiktif 285,7,32000
STR/22895,14-07-2023 10:48,BRG101,Gula 1kg,Pembeli Fiktif 285,10,14500
STR/22895,14-07-2023 10:48,BRG103,Beras 5kg,Pembeli Fiktif 285,10,68000
STR/22896,28-08-2023 11:38,BRG104,Kopi Bubuk,Pembeli Fiktif 285,4,9500
STR/22897,18-09-2023 09:07,BRG103,Beras 5kg,Pembeli Fiktif 285,9,68000
STR/22897,18-09-2023 09:07,BRG101,Gula 1kg,Pembeli Fiktif 285,4,14500
STR/22898,02-10-2023 19:39,BRG104,Kopi Bubuk,Pembeli Fiktif 285,8,9500
STR/22899,28-10-2023 13:41,BRG105,Teh Celup,Pembeli Fiktif 285,7,7000
STR/22899,28-10-2023 13:41,BRG106,Sabun Cuci,Pembeli Fiktif 285,7,4500
STR/22900,23-11-2023 15:39,BRG103,Beras 5kg,Pembeli Fiktif 285,10,68000
STR/22901,25-11-2023 15:34,BRG105,Teh Celup,Pembeli Fiktif 285,12,7000
STR/22901,25-11-2023 15:34,BRG101,Gula 1kg,Pembeli Fiktif 285,1,14500
STR/22901,25-11-2023 15:34,BRG106,Sabun Cuci,Pembeli Fiktif 285,10,4500
STR/22902,05-12-2023 12:15,BRG102,Minyak 2L,Pembeli Fiktif 285,6,32000
STR/22902,05-12-2023 12:15,BRG103,Beras 5kg,Pembeli Fiktif 285,3,68000
STR/22902,05-12-2023 12:15,BRG106,Sabun Cuci,Pembeli Fiktif 285,6,4500
STR/22903,09-12-2023 11:30,BRG106,Sabun Cuci,Pembeli Fiktif 285,2,4500
STR/22903,09-12-2023 11:30,BRG102,Minyak 2L,Pembeli Fiktif 285,10,32000
STR/22904,30-12-2023 09:08,BRG104,Kopi Bubuk,Pembeli Fiktif 285,3,9500
STR/22904,30-12-2023 09:08,BRG101,Gula 1kg,Pembeli Fiktif 285,7,14500
STR/22904,30-12-2023 09:08,BRG103,Beras 5kg,Pembeli Fiktif 285,1,68000
STR/22905,02-01-2024 18:40,BRG101,Gula 1kg,Pembeli Fiktif 285,5,14500
STR/22906,10-01-2024 17:46,BRG105,Teh Celup,Pembeli Fiktif 285,2,7000
STR/22906,10-01-2024 17:46,BRG104,Kopi Bubuk,Pembeli Fiktif 285,3,9500
STR/22906,10-01-2024 17:46,BRG103,Beras 5kg,Pembeli Fiktif 285,8,68000
STR/22907,05-02-2024 16:30,BRG103,Beras 5kg,Pembeli Fiktif 285,8,68000
STR/22907,05-02-2024 16:30,BRG102,Minyak 2L,Pembeli Fiktif 285,10,32000
STR/22908,11-02-2024 17:20,BRG102,Minyak 2L,Pembeli Fiktif 285,8,32000
STR/22908,11-02-2024 17:20,BRG101,Gula 1kg,Pembeli Fiktif 285,4,14500
STR/22909,18-03-2024 18:29,BRG106,Sabun Cuci,Pembeli Fiktif 285,1,4500
STR/22910,30-03-2024 08:01,BRG106,Sabun Cuci,Pembeli Fiktif 285,5,4500
STR/22911,05-04-2024 16:43,BRG105,Teh Celup,Pembeli Fiktif 285,5,7000
STR/22911,05-04-2024 16:43,BRG106,Sabun Cuci,Pembeli Fiktif 285,9,4500
STR/22911,05-04-2024 16:43,BRG103,Beras 5kg,Pembeli Fiktif 285,5,68000
STR/22912,12-04-2024 20:54,BRG105,Teh Celup,Pembeli Fiktif 285,9,7000
STR/22912,12-04-2024 20:54,BRG103,Beras 5kg,Pembeli Fiktif 285,6,68000
STR/22912,12-04-2024 20:54,BRG106,Sabun Cuci,Pembeli Fiktif 285,5,4500
STR/22913,05-05-2024 18:46,BRG106,Sabun Cuci,Pembeli Fiktif 285,9,4500
STR/22914,14-05-2024 11:27,BRG103,Beras 5kg,Pembeli Fiktif 285,7,68000
STR/22915,15-08-2024 15:39,BRG104,Kopi Bubuk,Pembeli Fiktif 285,11,9500
STR/22915,15-08-2024 15:39,BRG106,Sabun Cuci,Pembeli Fiktif 285,8,4500
STR/22915,15-08-2024 15:39,BRG102,Minyak 2L,Pembeli Fiktif 285,10,32000
STR/22916,21-08-2024 11:24,BRG102,Minyak 2L,Pembeli Fiktif 285,9,32000
STR/22916,21-08-2024 11:24,BRG103,Beras 5kg,Pembeli Fiktif 285,3,68000
STR/22917,25-08-2024 09:41,BRG105,Teh Celup,Pembeli Fiktif 285,9,7000
STR/22917,25-08-2024 09:41,BRG103,Beras 5kg,Pembeli Fiktif 285,10,68000
STR/22917,25-08-2024 09:41,BRG101,Gula 1kg,Pembeli Fiktif 285,6,14500
STR/22918,18-09-2024 11:54,BRG103,Beras 5kg,Pembeli Fiktif 285,12,68000
STR/22918,18-09-2024 11:54,BRG105,Teh Celup,Pembeli Fiktif 285,10,7000
STR/22919,22-10-2024 12:29,BRG101,Gula 1kg,Pembeli Fiktif 285,12,14500
STR/22919,22-10-2024 12:29,BRG103,Beras 5kg,Pembeli Fiktif 285,9,68000
STR/22920,02-11-2024 20:30,BRG104,Kopi Bubuk,Pembeli Fiktif 285,5,9500
STR/22920,02-11-2024 20:30,BRG105,Teh Celup,Pembeli Fiktif 285,4,7000
STR/22921,05-11-2024 14:05,BRG102,Minyak 2L,Pembeli Fiktif 285,3,32000
STR/22921,05-11-2024 14:05,BRG101,Gula 1kg,Pembeli Fiktif 285,9,14500
STR/22921,05-11-2024 14:05,BRG104,Kopi Bubuk,Pembeli Fiktif 285,12,9500
STR/22922,16-11-2024 18:56,BRG105,Teh Celup,Pembeli Fiktif 285,10,7000
STR/22922,16-11-2024 18:56,BRG103,Beras 5kg,Pembeli Fiktif 285,7,68000
STR/22922,16-11-2024 18:56,BRG106,Sabun Cuci,Pembeli Fiktif 285,9,4500
STR/22923,17-11-2024 20:24,BRG106,Sabun Cuci,Pembeli Fiktif 285,9,4500
STR/22923,17-11-2024 20:24,BRG104,Kopi Bubuk,Pembeli Fiktif 285,3,9500
STR/22923,17-11-2024 20:24,BRG103,Beras 5kg,Pembeli Fiktif 285,1,68000
STR/22924,10-12-2024 16:17,BRG106,Sabun Cuci,Pembeli Fiktif 285,7,4500
STR/22924,10-12-2024 16:17,BRG102,Minyak 2L,Pembeli Fiktif 285,4,32000
STR/22925,08-04-2023 14:23,BRG101,Gula 1kg,Pembeli Fiktif 286,4,14500
STR/22926,06-06-2023 14:25,BRG103,Beras 5kg,Pembeli Fiktif 286,4,68000
STR/22926,06-06-2023 14:25,BRG105,Teh Celup,Pembeli Fiktif 286,12,7000
STR/22927,08-08-2023 18:12,BRG103,Beras 5kg,Pembeli Fiktif 286,12,68000
STR/22927,08-08-2023 18:12,BRG104,Kopi Bubuk,Pembeli Fiktif 286,5,9500
STR/22928,10-08-2023 12:15,BRG105,Teh Celup,Pembeli Fiktif 286,8,7000
STR/22928,10-08-2023 12:15,BRG101,Gula 1kg,Pembeli Fiktif 286,10,14500
STR/22928,10-08-2023 12:15,BRG106,Sabun Cuci,Pembeli Fiktif 286,1,4500
STR/22929,15-08-2023 13:54,BRG105,Teh Celup,Pembeli Fiktif 286,11,7000
STR/22929,15-08-2023 13:54,BRG106,Sabun Cuci,Pembeli Fiktif 286,4,4500
STR/22930,17-02-2024 12:21,BRG105,Teh Celup,Pembeli Fiktif 286,4,7000
STR/22930,17-02-2024 12:21,BRG102,Minyak 2L,Pembeli Fiktif 286,12,32000
STR/22930,17-02-2024 12:21,BRG104,Kopi Bubuk,Pembeli Fiktif 286,11,9500
STR/22931,09-04-2024 11:21,BRG103,Beras 5kg,Pembeli Fiktif 286,2,68000
STR/22932,18-05-2024 12:14,BRG101,Gula 1kg,Pembeli Fiktif 286,11,14500
STR/22932,18-05-2024 12:14,BRG106,Sabun Cuci,Pembeli Fiktif 286,9,4500
STR/22933,04-06-2024 09:17,BRG103,Beras 5kg,Pembeli Fiktif 286,1,68000
STR/22933,04-06-2024 09:17,BRG102,Minyak 2L,Pembeli Fiktif 286,5,32000
STR/22933,04-06-2024 09:17,BRG101,Gula 1kg,Pembeli Fiktif 286,3,14500
STR/22934,02-08-2024 19:12,BRG103,Beras 5kg,Pembeli Fiktif 286,3,68000
STR/22935,14-08-2024 19:18,BRG103,Beras 5kg,Pembeli Fiktif 286,9,68000
STR/22936,10-09-2024 16:51,BRG104,Kopi Bubuk,Pembeli Fiktif 286,1,9500
STR/22936,10-09-2024 16:51,BRG103,Beras 5kg,Pembeli Fiktif 286,1,68000
STR/22937,23-09-2024 17:47,BRG102,Minyak 2L,Pembeli Fiktif 286,9,32000
STR/22937,23-09-2024 17:47,BRG105,Teh Celup,Pembeli Fiktif 286,12,7000
STR/22937,23-09-2024 17:47,BRG104,Kopi Bubuk,Pembeli Fiktif 286,8,9500
STR/22938,26-09-2024 13:17,BRG103,Beras 5kg,Pembeli Fiktif 286,3,68000
STR/22938,26-09-2024 13:17,BRG104,Kopi Bubuk,Pembeli Fiktif 286,12,9500
STR/22938,26-09-2024 13:17,BRG101,Gula 1kg,Pembeli Fiktif 286,3,14500
STR/22939,29-09-2024 14:51,BRG103,Beras 5kg,Pembeli Fiktif 286,1,68000
STR/22939,29-09-2024 14:51,BRG104,Kopi Bubuk,Pembeli Fiktif 286,6,9500
STR/22940,18-10-2024 20:54,BRG101,Gula 1kg,Pembeli Fiktif 286,12,14500
STR/22940,18-10-2024 20:54,BRG106,Sabun Cuci,Pembeli Fiktif 286,11,4500
STR/22941,10-11-2024 08:43,BRG101,Gula 1kg,Pembeli Fiktif 286,7,14500
STR/22941,10-11-2024 08:43,BRG106,Sabun Cuci,Pembeli Fiktif 286,3,4500
STR/22941,10-11-2024 08:43,BRG105,Teh Celup,Pembeli Fiktif 286,1,7000
STR/22942,11-02-2024 10:18,BRG104,Kopi Bubuk,Pembeli Fiktif 287,6,9500
STR/22942,11-02-2024 10:18,BRG106,Sabun Cuci,Pembeli Fiktif 287,9,4500
STR/22943,25-02-2024 18:43,BRG102,Minyak 2L,Pembeli Fiktif 287,3,32000
STR/22943,25-02-2024 18:43,BRG105,Teh Celup,Pembeli Fiktif 287,12,7000
STR/22943,25-02-2024 18:43,BRG106,Sabun Cuci,Pembeli Fiktif 287,1,4500
STR/22944,09-03-2024 08:59,BRG103,Beras 5kg,Pembeli Fiktif 287,11,68000
STR/22944,09-03-2024 08:59,BRG101,Gula 1kg,Pembeli Fiktif 287,3,14500
STR/22945,10-03-2024 18:05,BRG105,Teh Celup,Pembeli Fiktif 287,9,7000
STR/22945,10-03-2024 18:05,BRG104,Kopi Bubuk,Pembeli Fiktif 287,10,9500
STR/22945,10-03-2024 18:05,BRG103,Beras 5kg,Pembeli Fiktif 287,8,68000
STR/22946,14-03-2024 12:47,BRG105,Teh Celup,Pembeli Fiktif 287,4,7000
STR/22947,19-03-2024 17:11,BRG103,Beras 5kg,Pembeli Fiktif 287,4,68000
STR/22947,19-03-2024 17:11,BRG102,Minyak 2L,Pembeli Fiktif 287,2,32000
STR/22948,22-03-2024 20:45,BRG102,Minyak 2L,Pembeli Fiktif 287,5,32000
STR/22948,22-03-2024 20:45,BRG104,Kopi Bubuk,Pembeli Fiktif 287,9,9500
STR/22948,22-03-2024 20:45,BRG106,Sabun Cuci,Pembeli Fiktif 287,8,4500
STR/22949,24-03-2024 15:27,BRG101,Gula 1kg,Pembeli Fiktif 287,5,14500
STR/22950,06-04-2024 08:18,BRG103,Beras 5kg,Pembeli Fiktif 287,10,68000
STR/22950,06-04-2024 08:18,BRG104,Kopi Bubuk,Pembeli Fiktif 287,6,9500
STR/22951,07-04-2024 14:50,BRG104,Kopi Bubuk,Pembeli Fiktif 287,5,9500
STR/22952,10-04-2024 09:03,BRG105,Teh Celup,Pembeli Fiktif 287,2,7000
STR/22952,10-04-2024 09:03,BRG102,Minyak 2L,Pembeli Fiktif 287,10,32000
STR/22953,11-04-2024 20:14,BRG104,Kopi Bubuk,Pembeli Fiktif 287,4,9500
STR/22953,11-04-2024 20:14,BRG101,Gula 1kg,Pembeli Fiktif 287,5,14500
STR/22954,12-04-2024 12:26,BRG103,Beras 5kg,Pembeli Fiktif 287,10,68000
STR/22955,14-04-2024 20:25,BRG104,Kopi Bubuk,Pembeli Fiktif 287,3,9500
STR/22956,24-04-2024 20:50,BRG103,Beras 5kg,Pembeli Fiktif 287,9,68000
STR/22956,24-04-2024 20:50,BRG101,Gula 1kg,Pembeli Fiktif 287,8,14500
STR/22957,05-05-2024 12:09,BRG105,Teh Celup,Pembeli Fiktif 287,2,7000
STR/22957,05-05-2024 12:09,BRG102,Minyak 2L,Pembeli Fiktif 287,4,32000
STR/22957,05-05-2024 12:09,BRG101,Gula 1kg,Pembeli Fiktif 287,7,14500
STR/22958,09-05-2024 12:27,BRG104,Kopi Bubuk,Pembeli Fiktif 287,10,9500
STR/22959,28-05-2024 19:18,BRG104,Kopi Bubuk,Pembeli Fiktif 287,3,9500
STR/22959,28-05-2024 19:18,BRG102,Minyak 2L,Pembeli Fiktif 287,9,32000
STR/22960,03-06-2024 16:48,BRG102,Minyak 2L,Pembeli Fiktif 287,8,32000
STR/22960,03-06-2024 16:48,BRG104,Kopi Bubuk,Pembeli Fiktif 287,8,9500
STR/22961,10-06-2024 14:32,BRG101,Gula 1kg,Pembeli Fiktif 287,7,14500
STR/22961,10-06-2024 14:32,BRG102,Minyak 2L,Pembeli Fiktif 287,1,32000
STR/22961,10-06-2024 14:32,BRG105,Teh Celup,Pembeli Fiktif 287,1,7000
STR/22962,12-06-2024 19:13,BRG103,Beras 5kg,Pembeli Fiktif 287,6,68000
STR/22962,12-06-2024 19:13,BRG106,Sabun Cuci,Pembeli Fiktif 287,3,4500
STR/22962,12-06-2024 19:13,BRG101,Gula 1kg,Pembeli Fiktif 287,9,14500
STR/22963,04-07-2024 11:20,BRG101,Gula 1kg,Pembeli Fiktif 287,7,14500
STR/22963,04-07-2024 11:20,BRG102,Minyak 2L,Pembeli Fiktif 287,6,32000
STR/22964,14-07-2024 16:43,BRG106,Sabun Cuci,Pembeli Fiktif 287,11,4500
STR/22964,14-07-2024 16:43,BRG101,Gula 1kg,Pembeli Fiktif 287,5,14500
STR/22964,14-07-2024 16:43,BRG102,Minyak 2L,Pembeli Fiktif 287,6,32000
STR/22965,16-08-2024 12:30,BRG103,Beras 5kg,Pembeli Fiktif 287,7,68000
STR/22965,16-08-2024 12:30,BRG102,Minyak 2L,Pembeli Fiktif 287,11,32000
STR/22966,17-08-2024 09:10,BRG105,Teh Celup,Pembeli Fiktif 287,2,7000
STR/22967,24-09-2024 12:36,BRG105,Teh Celup,Pembeli Fiktif 287,11,7000
STR/22968,26-09-2024 09:55,BRG102,Minyak 2L,Pembeli Fiktif 287,5,32000
STR/22968,26-09-2024 09:55,BRG103,Beras 5kg,Pembeli Fiktif 287,1,68000
STR/22968,26-09-2024 09:55,BRG101,Gula 1kg,Pembeli Fiktif 287,12,14500
STR/22969,03-10-2024 20:55,BRG104,Kopi Bubuk,Pembeli Fiktif 287,10,9500
STR/22970,22-10-2024 11:21,BRG102,Minyak 2L,Pembeli Fiktif 287,8,32000
STR/22971,04-11-2024 20:07,BRG102,Minyak 2L,Pembeli Fiktif 287,9,32000
STR/22971,04-11-2024 20:07,BRG105,Teh Celup,Pembeli Fiktif 287,2,7000
STR/22971,04-11-2024 20:07,BRG101,Gula 1kg,Pembeli Fiktif 287,1,14500
STR/22972,28-11-2024 18:20,BRG103,Beras 5kg,Pembeli Fiktif 287,8,68000
STR/22972,28-11-2024 18:20,BRG104,Kopi Bubuk,Pembeli Fiktif 287,4,9500
STR/22973,16-12-2024 12:47,BRG106,Sabun Cuci,Pembeli Fiktif 287,8,4500
STR/22974,26-12-2024 18:25,BRG105,Teh Celup,Pembeli Fiktif 287,4,7000
STR/22974,26-12-2024 18:25,BRG103,Beras 5kg,Pembeli Fiktif 287,1,68000
STR/22974,26-12-2024 18:25,BRG106,Sabun Cuci,Pembeli Fiktif 287,2,4500
STR/22975,28-12-2024 08:39,BRG106,Sabun Cuci,Pembeli Fiktif 287,9,4500
STR/22975,28-12-2024 08:39,BRG102,Minyak 2L,Pembeli Fiktif 287,10,32000
STR/22975,28-12-2024 08:39,BRG104,Kopi Bubuk,Pembeli Fiktif 287,2,9500
STR/22976,29-03-2024 10:12,BRG106,Sabun Cuci,Pembeli Fiktif 288,11,4500
STR/22977,01-03-2023 18:24,BRG105,Teh Celup,Pembeli Fiktif 289,7,7000
STR/22977,01-03-2023 18:24,BRG106,Sabun Cuci,Pembeli Fiktif 289,8,4500
STR/22978,24-03-2023 12:55,BRG102,Minyak 2L,Pembeli Fiktif 289,5,32000
STR/22978,24-03-2023 12:55,BRG106,Sabun Cuci,Pembeli Fiktif 289,3,4500
STR/22978,24-03-2023 12:55,BRG104,Kopi Bubuk,Pembeli Fiktif 289,11,9500
STR/22979,27-04-2023 09:59,BRG102,Minyak 2L,Pembeli Fiktif 289,10,32000
STR/22979,27-04-2023 09:59,BRG104,Kopi Bubuk,Pembeli Fiktif 289,3,9500
STR/22980,27-05-2023 09:49,BRG103,Beras 5kg,Pembeli Fiktif 289,8,68000
STR/22980,27-05-2023 09:49,BRG102,Minyak 2L,Pembeli Fiktif 289,7,32000
STR/22981,01-11-2023 18:27,BRG105,Teh Celup,Pembeli Fiktif 289,11,7000
STR/22982,31-01-2024 14:09,BRG101,Gula 1kg,Pembeli Fiktif 289,7,14500
STR/22983,05-05-2024 13:44,BRG102,Minyak 2L,Pembeli Fiktif 289,8,32000
STR/22984,17-06-2024 12:44,BRG103,Beras 5kg,Pembeli Fiktif 289,4,68000
STR/22985,16-04-2023 09:13,BRG105,Teh Celup,Pembeli Fiktif 290,11,7000
STR/22985,16-04-2023 09:13,BRG104,Kopi Bubuk,Pembeli Fiktif 290,7,9500
STR/22985,16-04-2023 09:13,BRG101,Gula 1kg,Pembeli Fiktif 290,12,14500
STR/22986,10-05-2023 20:53,BRG105,Teh Celup,Pembeli Fiktif 290,10,7000
STR/22986,10-05-2023 20:53,BRG102,Minyak 2L,Pembeli Fiktif 290,1,32000
STR/22987,13-10-2023 10:49,BRG102,Minyak 2L,Pembeli Fiktif 290,4,32000
STR/22987,13-10-2023 10:49,BRG106,Sabun Cuci,Pembeli Fiktif 290,4,4500
STR/22987,13-10-2023 10:49,BRG104,Kopi Bubuk,Pembeli Fiktif 290,8,9500
STR/22988,17-12-2023 13:03,BRG101,Gula 1kg,Pembeli Fiktif 290,2,14500
STR/22988,17-12-2023 13:03,BRG105,Teh Celup,Pembeli Fiktif 290,9,7000
STR/22988,17-12-2023 13:03,BRG104,Kopi Bubuk,Pembeli Fiktif 290,6,9500
STR/22989,01-01-2024 18:43,BRG105,Teh Celup,Pembeli Fiktif 290,4,7000
STR/22989,01-01-2024 18:43,BRG104,Kopi Bubuk,Pembeli Fiktif 290,4,9500
STR/22990,21-02-2024 08:39,BRG105,Teh Celup,Pembeli Fiktif 290,1,7000
STR/22990,21-02-2024 08:39,BRG102,Minyak 2L,Pembeli Fiktif 290,7,32000
STR/22990,21-02-2024 08:39,BRG104,Kopi Bubuk,Pembeli Fiktif 290,8,9500
STR/22991,02-03-2024 15:38,BRG105,Teh Celup,Pembeli Fiktif 290,8,7000
STR/22991,02-03-2024 15:38,BRG102,Minyak 2L,Pembeli Fiktif 290,6,32000
STR/22992,28-03-2024 14:45,BRG105,Teh Celup,Pembeli Fiktif 290,7,7000
STR/22992,28-03-2024 14:45,BRG101,Gula 1kg,Pembeli Fiktif 290,11,14500
STR/22993,02-05-2024 17:22,BRG105,Teh Celup,Pembeli Fiktif 290,11,7000
STR/22993,02-05-2024 17:22,BRG101,Gula 1kg,Pembeli Fiktif 290,9,14500
STR/22993,02-05-2024 17:22,BRG104,Kopi Bubuk,Pembeli Fiktif 290,11,9500
STR/22994,19-06-2024 19:47,BRG104,Kopi Bubuk,Pembeli Fiktif 290,8,9500
STR/22994,19-06-2024 19:47,BRG103,Beras 5kg,Pembeli Fiktif 290,12,68000
STR/22994,19-06-2024 19:47,BRG106,Sabun Cuci,Pembeli Fiktif 290,8,4500
STR/22995,24-01-2023 09:16,BRG101,Gula 1kg,Pembeli Fiktif 291,2,14500
STR/22995,24-01-2023 09:16,BRG103,Beras 5kg,Pembeli Fiktif 291,11,68000
STR/22996,03-03-2023 12:48,BRG102,Minyak 2L,Pembeli Fiktif 291,9,32000
STR/22996,03-03-2023 12:48,BRG101,Gula 1kg,Pembeli Fiktif 291,5,14500
STR/22997,21-03-2023 12:43,BRG101,Gula 1kg,Pembeli Fiktif 291,7,14500
STR/22998,02-04-2023 18:38,BRG106,Sabun Cuci,Pembeli Fiktif 291,11,4500
STR/22998,02-04-2023 18:38,BRG105,Teh Celup,Pembeli Fiktif 291,1,7000
STR/22999,03-06-2023 13:53,BRG103,Beras 5kg,Pembeli Fiktif 291,7,68000
STR/22999,03-06-2023 13:53,BRG102,Minyak 2L,Pembeli Fiktif 291,12,32000
STR/23000,26-06-2023 13:25,BRG105,Teh Celup,Pembeli Fiktif 291,10,7000
STR/23000,26-06-2023 13:25,BRG104,Kopi Bubuk,Pembeli Fiktif 291,6,9500
STR/23000,26-06-2023 13:25,BRG103,Beras 5kg,Pembeli Fiktif 291,7,68000
STR/23001,28-06-2023 11:31,BRG101,Gula 1kg,Pembeli Fiktif 291,4,14500
STR/23001,28-06-2023 11:31,BRG106,Sabun Cuci,Pembeli Fiktif 291,10,4500
STR/23001,28-06-2023 11:31,BRG105,Teh Celup,Pembeli Fiktif 291,2,7000
STR/23002,19-08-2023 15:23,BRG105,Teh Celup,Pembeli Fiktif 291,11,7000
STR/23002,19-08-2023 15:23,BRG102,Minyak 2L,Pembeli Fiktif 291,1,32000
STR/23002,19-08-2023 15:23,BRG103,Beras 5kg,Pembeli Fiktif 291,5,68000
STR/23003,25-08-2023 16:04,BRG101,Gula 1kg,Pembeli Fiktif 291,11,14500
STR/23003,25-08-2023 16:04,BRG104,Kopi Bubuk,Pembeli Fiktif 291,4,9500
STR/23004,15-09-2023 14:31,BRG103,Beras 5kg,Pembeli Fiktif 291,6,68000
STR/23004,15-09-2023 14:31,BRG105,Teh Celup,Pembeli Fiktif 291,12,7000
STR/23004,15-09-2023 14:31,BRG104,Kopi Bubuk,Pembeli Fiktif 291,9,9500
STR/23005,27-09-2023 15:59,BRG104,Kopi Bubuk,Pembeli Fiktif 291,12,9500
STR/23006,14-10-2023 19:21,BRG106,Sabun Cuci,Pembeli Fiktif 291,11,4500
STR/23006,14-10-2023 19:21,BRG105,Teh Celup,Pembeli Fiktif 291,1,7000
STR/23006,14-10-2023 19:21,BRG104,Kopi Bubuk,Pembeli Fiktif 291,10,9500
STR/23007,04-11-2023 19:12,BRG101,Gula 1kg,Pembeli Fiktif 291,9,14500
STR/23007,04-11-2023 19:12,BRG102,Minyak 2L,Pembeli Fiktif 291,7,32000
STR/23008,12-12-2023 15:23,BRG102,Minyak 2L,Pembeli Fiktif 291,1,32000
STR/23009,17-01-2024 20:19,BRG105,Teh Celup,Pembeli Fiktif 291,2,7000
STR/23009,17-01-2024 20:19,BRG106,Sabun Cuci,Pembeli Fiktif 291,8,4500
STR/23010,23-01-2024 12:55,BRG103,Beras 5kg,Pembeli Fiktif 291,12,68000
STR/23011,06-02-2024 08:16,BRG106,Sabun Cuci,Pembeli Fiktif 291,2,4500
STR/23011,06-02-2024 08:16,BRG105,Teh Celup,Pembeli Fiktif 291,4,7000
STR/23011,06-02-2024 08:16,BRG103,Beras 5kg,Pembeli Fiktif 291,11,68000
STR/23012,15-03-2024 17:58,BRG106,Sabun Cuci,Pembeli Fiktif 291,4,4500
STR/23012,15-03-2024 17:58,BRG105,Teh Celup,Pembeli Fiktif 291,7,7000
STR/23012,15-03-2024 17:58,BRG101,Gula 1kg,Pembeli Fiktif 291,3,14500
STR/23013,31-03-2024 17:59,BRG104,Kopi Bubuk,Pembeli Fiktif 291,9,9500
STR/23014,03-05-2024 08:39,BRG104,Kopi Bubuk,Pembeli Fiktif 291,6,9500
STR/23015,09-05-2024 12:17,BRG103,Beras 5kg,Pembeli Fiktif 291,3,68000
STR/23015,09-05-2024 12:17,BRG105,Teh Celup,Pembeli Fiktif 291,1,7000
STR/23015,09-05-2024 12:17,BRG101,Gula 1kg,Pembeli Fiktif 291,3,14500
STR/23016,30-07-2024 11:32,BRG104,Kopi Bubuk,Pembeli Fiktif 291,3,9500
STR/23016,30-07-2024 11:32,BRG105,Teh Celup,Pembeli Fiktif 291,3,7000
STR/23017,18-08-2024 14:50,BRG101,Gula 1kg,Pembeli Fiktif 291,2,14500
STR/23018,22-08-2024 11:43,BRG104,Kopi Bubuk,Pembeli Fiktif 291,2,9500
STR/23018,22-08-2024 11:43,BRG103,Beras 5kg,Pembeli Fiktif 291,2,68000
STR/23018,22-08-2024 11:43,BRG102,Minyak 2L,Pembeli Fiktif 291,4,32000
STR/23019,30-08-2024 17:40,BRG102,Minyak 2L,Pembeli Fiktif 291,8,32000
STR/23020,15-10-2024 15:23,BRG101,Gula 1kg,Pembeli Fiktif 291,4,14500
STR/23020,15-10-2024 15:23,BRG102,Minyak 2L,Pembeli Fiktif 291,6,32000
STR/23020,15-10-2024 15:23,BRG103,Beras 5kg,Pembeli Fiktif 291,4,68000
STR/23021,23-10-2024 19:16,BRG104,Kopi Bubuk,Pembeli Fiktif 291,10,9500
STR/23021,23-10-2024 19:16,BRG102,Minyak 2L,Pembeli Fiktif 291,8,32000
STR/23022,07-11-2024 18:50,BRG102,Minyak 2L,Pembeli Fiktif 291,7,32000
STR/23022,07-11-2024 18:50,BRG103,Beras 5kg,Pembeli Fiktif 291,9,68000
STR/23022,07-11-2024 18:50,BRG101,Gula 1kg,Pembeli Fiktif 291,8,14500
STR/23023,29-11-2024 11:53,BRG102,Minyak 2L,Pembeli Fiktif 291,8,32000
STR/23024,03-12-2024 15:11,BRG106,Sabun Cuci,Pembeli Fiktif 291,5,4500
STR/23025,07-12-2024 16:01,BRG105,Teh Celup,Pembeli Fiktif 291,9,7000
STR/23025,07-12-2024 16:01,BRG103,Beras 5kg,Pembeli Fiktif 291,3,68000
STR/23026,26-12-2023 13:57,BRG101,Gula 1kg,Pembeli Fiktif 292,2,14500
STR/23027,31-12-2023 20:31,BRG103,Beras 5kg,Pembeli Fiktif 292,1,68000
STR/23028,05-01-2024 08:50,BRG103,Beras 5kg,Pembeli Fiktif 292,9,68000
STR/23029,25-01-2024 19:54,BRG105,Teh Celup,Pembeli Fiktif 292,7,7000
STR/23030,17-02-2024 20:36,BRG101,Gula 1kg,Pembeli Fiktif 292,12,14500
STR/23031,21-02-2024 12:45,BRG104,Kopi Bubuk,Pembeli Fiktif 292,9,9500
STR/23031,21-02-2024 12:45,BRG105,Teh Celup,Pembeli Fiktif 292,6,7000
STR/23032,14-03-2024 11:50,BRG102,Minyak 2L,Pembeli Fiktif 292,3,32000
STR/23032,14-03-2024 11:50,BRG103,Beras 5kg,Pembeli Fiktif 292,7,68000
STR/23033,31-03-2024 08:31,BRG105,Teh Celup,Pembeli Fiktif 292,11,7000
STR/23034,15-04-2024 09:41,BRG105,Teh Celup,Pembeli Fiktif 292,3,7000
STR/23034,15-04-2024 09:41,BRG104,Kopi Bubuk,Pembeli Fiktif 292,1,9500
STR/23034,15-04-2024 09:41,BRG106,Sabun Cuci,Pembeli Fiktif 292,3,4500
STR/23035,07-06-2023 11:02,BRG103,Beras 5kg,Pembeli Fiktif 293,9,68000
STR/23036,26-06-2023 18:49,BRG103,Beras 5kg,Pembeli Fiktif 293,10,68000
STR/23036,26-06-2023 18:49,BRG106,Sabun Cuci,Pembeli Fiktif 293,5,4500
STR/23036,26-06-2023 18:49,BRG101,Gula 1kg,Pembeli Fiktif 293,3,14500
STR/23037,08-09-2023 18:02,BRG104,Kopi Bubuk,Pembeli Fiktif 293,12,9500
STR/23038,14-09-2023 19:34,BRG101,Gula 1kg,Pembeli Fiktif 293,1,14500
STR/23039,07-10-2023 12:07,BRG102,Minyak 2L,Pembeli Fiktif 293,7,32000
STR/23039,07-10-2023 12:07,BRG105,Teh Celup,Pembeli Fiktif 293,1,7000
STR/23040,16-10-2023 11:52,BRG102,Minyak 2L,Pembeli Fiktif 293,12,32000
STR/23040,16-10-2023 11:52,BRG106,Sabun Cuci,Pembeli Fiktif 293,5,4500
STR/23041,31-12-2023 18:39,BRG103,Beras 5kg,Pembeli Fiktif 293,10,68000
STR/23042,19-01-2024 15:07,BRG106,Sabun Cuci,Pembeli Fiktif 293,11,4500
STR/23042,19-01-2024 15:07,BRG102,Minyak 2L,Pembeli Fiktif 293,8,32000
STR/23043,01-02-2024 08:45,BRG103,Beras 5kg,Pembeli Fiktif 293,9,68000
STR/23044,08-02-2024 18:11,BRG101,Gula 1kg,Pembeli Fiktif 293,5,14500
STR/23044,08-02-2024 18:11,BRG103,Beras 5kg,Pembeli Fiktif 293,11,68000
STR/23044,08-02-2024 18:11,BRG106,Sabun Cuci,Pembeli Fiktif 293,6,4500
STR/23045,10-02-2024 09:14,BRG106,Sabun Cuci,Pembeli Fiktif 293,8,4500
STR/23045,10-02-2024 09:14,BRG103,Beras 5kg,Pembeli Fiktif 293,2,68000
STR/23045,10-02-2024 09:14,BRG101,Gula 1kg,Pembeli Fiktif 293,6,14500
STR/23046,17-02-2024 08:16,BRG103,Beras 5kg,Pembeli Fiktif 293,1,68000
STR/23046,17-02-2024 08:16,BRG105,Teh Celup,Pembeli Fiktif 293,12,7000
STR/23047,03-03-2024 20:01,BRG106,Sabun Cuci,Pembeli Fiktif 293,8,4500
STR/23048,26-04-2024 20:49,BRG104,Kopi Bubuk,Pembeli Fiktif 293,12,9500
STR/23048,26-04-2024 20:49,BRG103,Beras 5kg,Pembeli Fiktif 293,2,68000
STR/23048,26-04-2024 20:49,BRG101,Gula 1kg,Pembeli Fiktif 293,6,14500
STR/23049,27-04-2024 17:12,BRG103,Beras 5kg,Pembeli Fiktif 293,2,68000
STR/23049,27-04-2024 17:12,BRG102,Minyak 2L,Pembeli Fiktif 293,11,32000
STR/23050,08-07-2024 12:12,BRG102,Minyak 2L,Pembeli Fiktif 293,8,32000
STR/23051,13-07-2024 10:08,BRG102,Minyak 2L,Pembeli Fiktif 293,11,32000
STR/23051,13-07-2024 10:08,BRG105,Teh Celup,Pembeli Fiktif 293,12,7000
STR/23051,13-07-2024 10:08,BRG104,Kopi Bubuk,Pembeli Fiktif 293,11,9500
STR/23052,16-08-2024 14:14,BRG103,Beras 5kg,Pembeli Fiktif 293,6,68000
STR/23052,16-08-2024 14:14,BRG101,Gula 1kg,Pembeli Fiktif 293,8,14500
STR/23053,01-09-2024 14:44,BRG101,Gula 1kg,Pembeli Fiktif 293,4,14500
STR/23053,01-09-2024 14:44,BRG104,Kopi Bubuk,Pembeli Fiktif 293,3,9500
STR/23053,01-09-2024 14:44,BRG102,Minyak 2L,Pembeli Fiktif 293,12,32000
STR/23054,05-11-2024 08:39,BRG106,Sabun Cuci,Pembeli Fiktif 293,5,4500
STR/23054,05-11-2024 08:39,BRG102,Minyak 2L,Pembeli Fiktif 293,11,32000
STR/23055,22-11-2024 16:36,BRG103,Beras 5kg,Pembeli Fiktif 293,10,68000
STR/23055,22-11-2024 16:36,BRG102,Minyak 2L,Pembeli Fiktif 293,7,32000
STR/23056,02-12-2024 08:36,BRG103,Beras 5kg,Pembeli Fiktif 293,2,68000
STR/23056,02-12-2024 08:36,BRG102,Minyak 2L,Pembeli Fiktif 293,10,32000
STR/23056,02-12-2024 08:36,BRG105,Teh Celup,Pembeli Fiktif 293,7,7000
STR/23057,11-12-2024 14:23,BRG105,Teh Celup,Pembeli Fiktif 293,6,7000
STR/23058,16-06-2024 09:27,BRG106,Sabun Cuci,Pembeli Fiktif 294,8,4500
STR/23058,16-06-2024 09:27,BRG102,Minyak 2L,Pembeli Fiktif 294,7,32000
STR/23059,29-08-2024 08:37,BRG106,Sabun Cuci,Pembeli Fiktif 294,5,4500
STR/23059,29-08-2024 08:37,BRG101,Gula 1kg,Pembeli Fiktif 294,6,14500
STR/23059,29-08-2024 08:37,BRG103,Beras 5kg,Pembeli Fiktif 294,11,68000
STR/23060,20-09-2024 12:10,BRG101,Gula 1kg,Pembeli Fiktif 294,11,14500
STR/23061,01-08-2023 15:38,BRG103,Beras 5kg,Pembeli Fiktif 295,12,68000
STR/23062,15-11-2023 19:58,BRG106,Sabun Cuci,Pembeli Fiktif 295,8,4500
STR/23062,15-11-2023 19:58,BRG103,Beras 5kg,Pembeli Fiktif 295,10,68000
STR/23062,15-11-2023 19:58,BRG101,Gula 1kg,Pembeli Fiktif 295,5,14500
STR/23063,22-02-2024 08:43,BRG102,Minyak 2L,Pembeli Fiktif 295,7,32000
STR/23063,22-02-2024 08:43,BRG105,Teh Celup,Pembeli Fiktif 295,9,7000
STR/23063,22-02-2024 08:43,BRG104,Kopi Bubuk,Pembeli Fiktif 295,5,9500
STR/23064,07-03-2024 14:42,BRG106,Sabun Cuci,Pembeli Fiktif 295,12,4500
STR/23065,27-05-2024 17:55,BRG101,Gula 1kg,Pembeli Fiktif 295,1,14500
STR/23065,27-05-2024 17:55,BRG106,Sabun Cuci,Pembeli Fiktif 295,8,4500
STR/23065,27-05-2024 17:55,BRG105,Teh Celup,Pembeli Fiktif 295,10,7000
STR/23066,07-07-2024 12:14,BRG104,Kopi Bubuk,Pembeli Fiktif 295,4,9500
STR/23067,02-07-2023 18:28,BRG101,Gula 1kg,Pembeli Fiktif 296,10,14500
STR/23068,13-02-2024 13:51,BRG101,Gula 1kg,Pembeli Fiktif 296,12,14500
STR/23069,17-07-2023 08:05,BRG104,Kopi Bubuk,Pembeli Fiktif 297,10,9500
STR/23069,17-07-2023 08:05,BRG103,Beras 5kg,Pembeli Fiktif 297,9,68000
STR/23069,17-07-2023 08:05,BRG102,Minyak 2L,Pembeli Fiktif 297,5,32000
STR/23070,08-08-2023 11:26,BRG106,Sabun Cuci,Pembeli Fiktif 297,1,4500
STR/23070,08-08-2023 11:26,BRG101,Gula 1kg,Pembeli Fiktif 297,5,14500
STR/23070,08-08-2023 11:26,BRG103,Beras 5kg,Pembeli Fiktif 297,1,68000
STR/23071,16-09-2023 13:25,BRG103,Beras 5kg,Pembeli Fiktif 297,4,68000
STR/23071,16-09-2023 13:25,BRG102,Minyak 2L,Pembeli Fiktif 297,1,32000
STR/23071,16-09-2023 13:25,BRG106,Sabun Cuci,Pembeli Fiktif 297,6,4500
STR/23072,26-10-2023 16:06,BRG101,Gula 1kg,Pembeli Fiktif 297,11,14500
STR/23072,26-10-2023 16:06,BRG103,Beras 5kg,Pembeli Fiktif 297,4,68000
STR/23072,26-10-2023 16:06,BRG106,Sabun Cuci,Pembeli Fiktif 297,2,4500
STR/23073,29-11-2023 09:57,BRG103,Beras 5kg,Pembeli Fiktif 297,2,68000
STR/23073,29-11-2023 09:57,BRG104,Kopi Bubuk,Pembeli Fiktif 297,7,9500
STR/23074,14-12-2023 14:35,BRG105,Teh Celup,Pembeli Fiktif 297,10,7000
STR/23075,26-12-2023 18:14,BRG102,Minyak 2L,Pembeli Fiktif 297,2,32000
STR/23075,26-12-2023 18:14,BRG101,Gula 1kg,Pembeli Fiktif 297,1,14500
STR/23075,26-12-2023 18:14,BRG104,Kopi Bubuk,Pembeli Fiktif 297,2,9500
STR/23076,30-12-2023 12:55,BRG106,Sabun Cuci,Pembeli Fiktif 297,10,4500
STR/23076,30-12-2023 12:55,BRG101,Gula 1kg,Pembeli Fiktif 297,4,14500
STR/23077,06-01-2024 10:33,BRG101,Gula 1kg,Pembeli Fiktif 297,3,14500
STR/23078,03-02-2024 16:55,BRG101,Gula 1kg,Pembeli Fiktif 297,12,14500
STR/23078,03-02-2024 16:55,BRG105,Teh Celup,Pembeli Fiktif 297,3,7000
STR/23078,03-02-2024 16:55,BRG104,Kopi Bubuk,Pembeli Fiktif 297,3,9500
STR/23079,24-02-2024 16:15,BRG103,Beras 5kg,Pembeli Fiktif 297,10,68000
STR/23079,24-02-2024 16:15,BRG102,Minyak 2L,Pembeli Fiktif 297,9,32000
STR/23079,24-02-2024 16:15,BRG105,Teh Celup,Pembeli Fiktif 297,2,7000
STR/23080,04-03-2024 13:05,BRG104,Kopi Bubuk,Pembeli Fiktif 297,11,9500
STR/23081,23-03-2024 18:44,BRG102,Minyak 2L,Pembeli Fiktif 297,11,32000
STR/23081,23-03-2024 18:44,BRG105,Teh Celup,Pembeli Fiktif 297,5,7000
STR/23081,23-03-2024 18:44,BRG104,Kopi Bubuk,Pembeli Fiktif 297,2,9500
STR/23082,27-04-2024 18:29,BRG102,Minyak 2L,Pembeli Fiktif 297,11,32000
STR/23082,27-04-2024 18:29,BRG106,Sabun Cuci,Pembeli Fiktif 297,4,4500
STR/23082,27-04-2024 18:29,BRG104,Kopi Bubuk,Pembeli Fiktif 297,10,9500
STR/23083,11-05-2024 09:20,BRG105,Teh Celup,Pembeli Fiktif 297,5,7000
STR/23084,22-05-2024 15:46,BRG105,Teh Celup,Pembeli Fiktif 297,1,7000
STR/23084,22-05-2024 15:46,BRG101,Gula 1kg,Pembeli Fiktif 297,7,14500
STR/23084,22-05-2024 15:46,BRG102,Minyak 2L,Pembeli Fiktif 297,2,32000
STR/23085,04-08-2024 16:11,BRG106,Sabun Cuci,Pembeli Fiktif 297,11,4500
STR/23086,10-08-2024 10:37,BRG105,Teh Celup,Pembeli Fiktif 297,2,7000
STR/23086,10-08-2024 10:37,BRG102,Minyak 2L,Pembeli Fiktif 297,3,32000
STR/23087,15-08-2024 10:22,BRG105,Teh Celup,Pembeli Fiktif 297,10,7000
STR/23087,15-08-2024 10:22,BRG104,Kopi Bubuk,Pembeli Fiktif 297,1,9500
STR/23088,30-08-2024 10:07,BRG103,Beras 5kg,Pembeli Fiktif 297,9,68000
STR/23088,30-08-2024 10:07,BRG101,Gula 1kg,Pembeli Fiktif 297,3,14500
STR/23089,07-09-2024 12:15,BRG102,Minyak 2L,Pembeli Fiktif 297,2,32000
STR/23089,07-09-2024 12:15,BRG106,Sabun Cuci,Pembeli Fiktif 297,10,4500
STR/23089,07-09-2024 12:15,BRG103,Beras 5kg,Pembeli Fiktif 297,10,68000
STR/23090,19-09-2024 11:19,BRG105,Teh Celup,Pembeli Fiktif 297,5,7000
STR/23090,19-09-2024 11:19,BRG101,Gula 1kg,Pembeli Fiktif 297,10,14500
STR/23091,26-10-2024 17:09,BRG105,Teh Celup,Pembeli Fiktif 297,11,7000
STR/23091,26-10-2024 17:09,BRG101,Gula 1kg,Pembeli Fiktif 297,4,14500
STR/23091,26-10-2024 17:09,BRG106,Sabun Cuci,Pembeli Fiktif 297,2,4500
STR/23092,31-01-2023 19:56,BRG104,Kopi Bubuk,Pembeli Fiktif 298,9,9500
STR/23092,31-01-2023 19:56,BRG101,Gula 1kg,Pembeli Fiktif 298,2,14500
STR/23093,24-02-2023 13:58,BRG101,Gula 1kg,Pembeli Fiktif 298,7,14500
STR/23093,24-02-2023 13:58,BRG104,Kopi Bubuk,Pembeli Fiktif 298,3,9500
STR/23093,24-02-2023 13:58,BRG106,Sabun Cuci,Pembeli Fiktif 298,6,4500
STR/23094,26-02-2023 18:42,BRG105,Teh Celup,Pembeli Fiktif 298,5,7000
STR/23094,26-02-2023 18:42,BRG104,Kopi Bubuk,Pembeli Fiktif 298,4,9500
STR/23094,26-02-2023 18:42,BRG102,Minyak 2L,Pembeli Fiktif 298,12,32000
STR/23095,02-04-2023 14:36,BRG106,Sabun Cuci,Pembeli Fiktif 298,11,4500
STR/23096,02-03-2024 20:38,BRG104,Kopi Bubuk,Pembeli Fiktif 299,5,9500
STR/23096,02-03-2024 20:38,BRG101,Gula 1kg,Pembeli Fiktif 299,1,14500
STR/23097,28-05-2024 13:01,BRG106,Sabun Cuci,Pembeli Fiktif 300,4,4500
STR/23097,28-05-2024 13:01,BRG105,Teh Celup,Pembeli Fiktif 300,4,7000
STR/23097,28-05-2024 13:01,BRG102,Minyak 2L,Pembeli Fiktif 300,4,32000
